OBJECTID,Trap Type,Trap Number,Trap Set Date,Trap Pull Date,Active,Location Notes,Week,Site Name,EGC Captured?,Prospecting Trap?,MMP Trap?,TrapIDJoin,Latitude,Longitude,created_date,created_user,last_edited_date,last_edited_user,GlobalID,x,y
51,Fukui,102,20200408,20200409,No,,1,Base Lagoon,No,No,Yes,Fukui-102_4/8/2020 8:47:17 PM,48.14646956,-123.183508,12/16/2020 4:27,KSO,12/16/2020 4:27,KSO,4c46fc82-ac00-4fb1-8b09-46e0082a1806,-123.183508,48.14646956
52,Minnow,102,20200408,20200409,No,,1,Base Lagoon,No,No,Yes,Minnow-102_4/8/2020 8:47:55 PM,48.14642267,-123.1835652,12/16/2020 4:27,KSO,12/16/2020 4:27,KSO,6e4f2714-cd2d-4419-94f5-9c84bb468c20,-123.1835652,48.14642267
53,Fukui,103,20200408,20200409,No,,1,Base Lagoon,No,No,Yes,Fukui-103_4/8/2020 8:47:55 PM,48.14644356,-123.1836537,12/16/2020 4:27,KSO,12/16/2020 4:27,KSO,16683280-f9ef-4042-98d6-476f70676e42,-123.1836537,48.14644356
54,Minnow,103,20200408,20200409,No,,1,Base Lagoon,No,No,Yes,Minnow-103_4/8/2020 8:53:31 PM,48.14645289,-123.1837126,12/16/2020 4:27,KSO,12/16/2020 4:27,KSO,00c6514f-7e08-4a48-83db-aa51987e81c1,-123.1837126,48.14645289
49,Fukui,101,20200408,20200409,No,,1,Base Lagoon,No,Yes,Yes,Fukui-101_4/8/2020 8:44:57 PM,48.14663744,-123.1835138,12/16/2020 4:27,KSO,12/16/2020 4:27,KSO,6e410b33-ee12-48b1-abd2-ae0c757f1005,-123.1835138,48.14663744
50,Minnow,101,20200408,20200409,No,,1,Base Lagoon,No,Yes,Yes,Minnow-101_4/8/2020 8:45:37 PM,48.14654967,-123.1834889,12/16/2020 4:27,KSO,12/16/2020 4:27,KSO,ee3e9971-d0ed-4a9f-8366-17cdc308f4af,-123.1834889,48.14654967
97,Fukui,102,20200413,20200415,No,,2,Base Lagoon,No,No,No,Fukui-102_4/13/2020,48.14646956,-123.183508,12/16/2020 4:27,KSO,12/16/2020 4:27,KSO,315439b4-7606-429f-8337-13ab5d075ed2,-123.183508,48.14646956
98,Minnow,102,20200413,20200415,No,,2,Base Lagoon,No,No,No,Minnow-102_4/13/2020,48.14642267,-123.1835652,12/16/2020 4:27,KSO,12/16/2020 4:27,KSO,5d635acd-bc1d-4445-9d6d-f8820e3ab777,-123.1835652,48.14642267
99,Fukui,103,20200413,20200415,No,,2,Base Lagoon,No,No,No,Fukui-103_4/13/2020,48.14644356,-123.1836537,12/16/2020 4:27,KSO,12/16/2020 4:27,KSO,d3f45d4b-fd7f-461c-bac4-3f9d9a997a47,-123.1836537,48.14644356
100,Minnow,103,20200413,20200415,No,,2,Base Lagoon,No,No,No,Minnow-103_4/13/2020,48.14645289,-123.1837126,12/16/2020 4:27,KSO,12/16/2020 4:27,KSO,2c7ad281-9e86-45f4-9a7d-08d0899165d4,-123.1837126,48.14645289
101,Fukui,102,20200421,20200424,No,,3,Base Lagoon,No,No,No,Fukui-102_4/21/2020,48.14646956,-123.183508,12/16/2020 4:27,KSO,12/16/2020 4:27,KSO,781d386c-55a6-487b-891e-d083e04926bd,-123.183508,48.14646956
102,Minnow,102,20200421,20200424,No,,3,Base Lagoon,No,No,No,Minnow-102_4/21/2020,48.14642267,-123.1835652,12/16/2020 4:27,KSO,12/16/2020 4:27,KSO,d257893c-c8ab-485c-857b-7ffbb3a8226c,-123.1835652,48.14642267
103,Fukui,103,20200421,20200424,No,,3,Base Lagoon,No,No,No,Fukui-103_4/21/2020,48.14644356,-123.1836537,12/16/2020 4:27,KSO,12/16/2020 4:27,KSO,634b9c13-57e0-4253-9231-5bdbc2442df2,-123.1836537,48.14644356
104,Minnow,103,20200421,20200424,No,,3,Base Lagoon,No,No,No,Minnow-103_4/21/2020,48.14645289,-123.1837126,12/16/2020 4:27,KSO,12/16/2020 4:27,KSO,884f5452-6991-4c25-9328-4dda0ac2606c,-123.1837126,48.14645289
244,Fukui,102,20200427,20200430,No,,4,Base Lagoon,No,No,No,Fukui-102_4/27/2020,48.14646956,-123.183508,12/16/2020 4:27,KSO,12/16/2020 4:27,KSO,5934d524-d575-4b53-a073-c9d8d33c9b80,-123.183508,48.14646956
245,Minnow,102,20200427,20200430,No,,4,Base Lagoon,No,No,No,Minnow-102_4/27/2020,48.14642267,-123.1835652,12/16/2020 4:27,KSO,12/16/2020 4:27,KSO,f13f153a-73be-4dd2-8c20-f684df7be7c2,-123.1835652,48.14642267
246,Fukui,103,20200427,20200430,No,,4,Base Lagoon,No,No,No,Fukui-103_4/27/2020,48.14644356,-123.1836537,12/16/2020 4:27,KSO,12/16/2020 4:27,KSO,69f2b3c5-de8a-4a13-b01d-1ab439bff4c9,-123.1836537,48.14644356
247,Minnow,103,20200427,20200430,No,,4,Base Lagoon,No,No,No,Minnow-103_4/27/2020,48.14645289,-123.1837126,12/16/2020 4:27,KSO,12/16/2020 4:27,KSO,1fac8659-31d8-4c87-bd84-75908a1505fe,-123.1837126,48.14645289
334,Fukui,102,20200505,20200508,No,,5,Base Lagoon,No,No,No,Fukui-102_5/5/2020,48.14646956,-123.183508,12/16/2020 4:27,KSO,12/16/2020 4:27,KSO,3c753958-4d0a-4f48-a527-3f0d8480fc4b,-123.183508,48.14646956
335,Minnow,102,20200505,20200508,No,,5,Base Lagoon,No,No,No,Minnow-102_5/5/2020,48.14642267,-123.1835652,12/16/2020 4:27,KSO,12/16/2020 4:27,KSO,d8bf34f2-a550-482c-94f0-48b111010768,-123.1835652,48.14642267
336,Fukui,103,20200505,20200508,No,,5,Base Lagoon,No,No,No,Fukui-103_5/5/2020,48.14644356,-123.1836537,12/16/2020 4:27,KSO,12/16/2020 4:27,KSO,1d3026c1-e7b6-437a-91e8-fe9dfbbc37b8,-123.1836537,48.14644356
337,Minnow,103,20200505,20200508,No,,5,Base Lagoon,No,No,No,Minnow-103_5/5/2020,48.14645289,-123.1837126,12/16/2020 4:27,KSO,12/16/2020 4:27,KSO,c467aed0-47a9-4054-99a9-61a9ba3b7d1f,-123.1837126,48.14645289
379,Fukui,102,20200512,20200514,No,,6,Base Lagoon,No,No,No,Fukui-102_5/12/2020,48.14646956,-123.183508,12/16/2020 4:27,KSO,12/16/2020 4:27,KSO,1bbeb699-2e76-4c97-9d9d-c43ec8987df7,-123.183508,48.14646956
380,Minnow,102,20200512,20200514,No,,6,Base Lagoon,No,No,No,Minnow-102_5/12/2020,48.14642267,-123.1835652,12/16/2020 4:27,KSO,12/16/2020 4:27,KSO,4fd3289d-f0d8-464f-bda8-2e08479565a7,-123.1835652,48.14642267
381,Fukui,103,20200512,20200514,No,,6,Base Lagoon,No,No,No,Fukui-103_5/12/2020,48.14644356,-123.1836537,12/16/2020 4:27,KSO,12/16/2020 4:27,KSO,f47798e6-721d-4ac0-af81-87442c2a638a,-123.1836537,48.14644356
382,Minnow,103,20200512,20200514,No,,6,Base Lagoon,No,No,No,Minnow-103_5/12/2020,48.14645289,-123.1837126,12/16/2020 4:27,KSO,12/16/2020 4:27,KSO,ba655c96-f560-44f5-ac86-cf938e6ee9d0,-123.1837126,48.14645289
160,Fukui,301,20200512,20200514,No,,6,Base Lagoon,No,Yes,No,Fukui-301_5/12/2020,48.14675667,-123.1840583,12/16/2020 4:27,KSO,12/16/2020 4:27,KSO,9c87dc82-c25a-4d83-8b97-0fdae4ea17d8,-123.1840583,48.14675667
161,Minnow,301,20200512,20200514,No,,6,Base Lagoon,No,Yes,No,Minnow-301_5/12/2020 10:07:40 PM,48.14672167,-123.183935,12/16/2020 4:27,KSO,12/16/2020 4:27,KSO,e4118a22-3a71-4a3d-85e1-959fb5c0f686,-123.183935,48.14672167
162,Minnow,302,20200512,20200514,No,,6,Base Lagoon,No,Yes,No,Minnow-302_5/12/2020 7:17:55 PM,48.14653589,-123.1841732,12/16/2020 4:27,KSO,12/16/2020 4:27,KSO,5ea5b8bb-2c5e-4b2e-ad04-661e0b01078f,-123.1841732,48.14653589
163,Fukui,302,20200512,20200514,No,,6,Base Lagoon,No,Yes,No,Fukui-302_5/12/2020 7:17:55 PM,48.14652033,-123.1843083,12/16/2020 4:27,KSO,12/16/2020 4:27,KSO,d955e5bc-51bc-4cfb-9cfc-ad1fd0a6f4bf,-123.1843083,48.14652033
424,Fukui,102,20200519,20200522,No,,7,Base Lagoon,No,No,No,Fukui-102_5/19/2020,48.14646956,-123.183508,12/16/2020 4:27,KSO,12/16/2020 4:27,KSO,8b947162-6980-4b16-af9b-734919b68975,-123.183508,48.14646956
425,Minnow,102,20200519,20200522,No,,7,Base Lagoon,No,No,No,Minnow-102_5/19/2020,48.14642267,-123.1835652,12/16/2020 4:27,KSO,12/16/2020 4:27,KSO,64707e1e-1729-43a9-838d-bdbfe1d43f8b,-123.1835652,48.14642267
426,Fukui,103,20200519,20200522,No,,7,Base Lagoon,No,No,No,Fukui-103_5/19/2020,48.14644356,-123.1836537,12/16/2020 4:27,KSO,12/16/2020 4:27,KSO,0f5a5a17-d6b0-4d8f-814a-cb2f3fe582e0,-123.1836537,48.14644356
427,Minnow,103,20200519,20200522,No,,7,Base Lagoon,No,No,No,Minnow-103_5/19/2020,48.14645289,-123.1837126,12/16/2020 4:27,KSO,12/16/2020 4:27,KSO,c94cc59d-0176-406e-86c9-4c667cf06e20,-123.1837126,48.14645289
165,Fukui,301,20200519,20200522,No,,7,Base Lagoon,No,Yes,No,Fukui-301_5/19/2020 5:20:22 PM,48.14654667,-123.1845264,12/16/2020 4:27,KSO,12/16/2020 4:27,KSO,abbfab5a-4bdc-4066-b5bf-b61169eb9c47,-123.1845264,48.14654667
166,Minnow,301,20200519,20200522,No,,7,Base Lagoon,No,Yes,No,Minnow-301_5/19/2020 5:22:59 PM,48.14647556,-123.1846523,12/16/2020 4:27,KSO,12/16/2020 4:27,KSO,e1ffdd55-bbb4-484c-8ea6-d6c5b0c6b43a,-123.1846523,48.14647556
167,Fukui,302,20200519,20200522,No,,7,Base Lagoon,No,Yes,No,Fukui-302_5/19/2020 5:24:38 PM,48.14653,-123.1848242,12/16/2020 4:27,KSO,12/16/2020 4:27,KSO,230a5fb5-b1f5-449c-bfdc-ab8dcaab6a13,-123.1848242,48.14653
168,Minnow,302,20200519,20200522,No,,7,Base Lagoon,No,Yes,No,Minnow-302_5/20/2020 5:58:00 PM,48.146493,-123.1849481,12/16/2020 4:27,KSO,12/16/2020 4:27,KSO,8630518c-1f4f-4d34-a631-250c05c59cde,-123.1849481,48.146493
459,Fukui,102,20200527,20200528,No,,8,Base Lagoon,No,No,Yes,Fukui-102_5/27/2020,48.14646956,-123.183508,12/16/2020 4:27,KSO,12/16/2020 4:27,KSO,e019f9b3-30c1-4e5e-b963-0ab554f68f26,-123.183508,48.14646956
460,Minnow,102,20200527,20200528,No,,8,Base Lagoon,No,No,Yes,Minnow-102_5/27/2020,48.14642267,-123.1835652,12/16/2020 4:27,KSO,12/16/2020 4:27,KSO,2bb2d592-7f84-447d-b580-5b9eb3049614,-123.1835652,48.14642267
461,Fukui,103,20200527,20200528,No,,8,Base Lagoon,No,No,Yes,Fukui-103_5/27/2020,48.14644356,-123.1836537,12/16/2020 4:27,KSO,12/16/2020 4:27,KSO,e505d8e1-0068-49c2-9ba8-3ed0f4aa49fb,-123.1836537,48.14644356
462,Minnow,103,20200527,20200528,No,,8,Base Lagoon,No,No,Yes,Minnow-103_5/27/2020,48.14645289,-123.1837126,12/16/2020 4:27,KSO,12/16/2020 4:27,KSO,dfcbcf47-9e1b-4c0d-b22a-b91bfb546c62,-123.1837126,48.14645289
457,Fukui,101,20200527,20200528,No,,8,Base Lagoon,No,Yes,Yes,Fukui-101_5/27/2020,48.14663744,-123.1835138,12/16/2020 4:27,KSO,12/16/2020 4:27,KSO,1b6f99a4-2b32-48ab-912d-b8a57679cd65,-123.1835138,48.14663744
458,Minnow,101,20200527,20200528,No,,8,Base Lagoon,No,Yes,Yes,Minnow-101_5/27/2020,48.14654967,-123.1834889,12/16/2020 4:27,KSO,12/16/2020 4:27,KSO,954db06e-af9c-4655-845f-4e5900aa46cb,-123.1834889,48.14654967
510,Fukui,102,20200603,20200605,No,,9,Base Lagoon,No,No,No,Fukui-102_6/3/2020,48.14646956,-123.183508,12/16/2020 4:27,KSO,12/16/2020 4:27,KSO,b54e8f27-f115-4cab-a597-66bf71bee3ba,-123.183508,48.14646956
511,Minnow,102,20200603,20200605,No,,9,Base Lagoon,No,No,No,Minnow-102_6/3/2020,48.14642267,-123.1835652,12/16/2020 4:27,KSO,12/16/2020 4:27,KSO,2265790f-7a54-4699-9cfb-fbca1fb75f29,-123.1835652,48.14642267
512,Fukui,103,20200603,20200605,No,,9,Base Lagoon,No,No,No,Fukui-103_6/3/2020,48.14644356,-123.1836537,12/16/2020 4:27,KSO,12/16/2020 4:27,KSO,6acc0691-4bdc-4318-8ea8-4591965c51e0,-123.1836537,48.14644356
513,Minnow,103,20200603,20200605,No,,9,Base Lagoon,No,No,No,Minnow-103_6/3/2020,48.14645289,-123.1837126,12/16/2020 4:27,KSO,12/16/2020 4:27,KSO,501c87a1-8b21-4680-b357-154a212717de,-123.1837126,48.14645289
557,Fukui,102,20200608,20200611,No,,10,Base Lagoon,No,No,Yes,Fukui-102_6/8/2020,48.14646956,-123.183508,12/16/2020 4:27,KSO,12/16/2020 4:27,KSO,485fecaa-0145-4649-acc0-c67fdc94e25c,-123.183508,48.14646956
558,Minnow,102,20200608,20200611,No,,10,Base Lagoon,No,No,Yes,Minnow-102_6/8/2020,48.14642267,-123.1835652,12/16/2020 4:27,KSO,12/16/2020 4:27,KSO,5cdc6c73-f2ee-4b5e-89c0-1a796ba91007,-123.1835652,48.14642267
559,Fukui,103,20200608,20200611,No,,10,Base Lagoon,No,No,Yes,Fukui-103_6/8/2020,48.14644356,-123.1836537,12/16/2020 4:27,KSO,12/16/2020 4:27,KSO,5428329f-4e80-4257-a58f-5f35bfc38891,-123.1836537,48.14644356
560,Minnow,103,20200608,20200611,No,,10,Base Lagoon,No,No,Yes,Minnow-103_6/8/2020,48.14645289,-123.1837126,12/16/2020 4:27,KSO,12/16/2020 4:27,KSO,3e6827ac-d311-44ce-b8cb-b00180b5b1e0,-123.1837126,48.14645289
555,Fukui,101,20200608,20200611,No,,10,Base Lagoon,No,Yes,Yes,Fukui-101_6/8/2020,48.14663744,-123.1835138,12/16/2020 4:27,KSO,12/16/2020 4:27,KSO,329c0647-4a57-4952-a5e9-08032cbee258,-123.1835138,48.14663744
556,Minnow,101,20200608,20200611,No,,10,Base Lagoon,No,Yes,Yes,Minnow-101_6/8/2020,48.14654967,-123.1834889,12/16/2020 4:27,KSO,12/16/2020 4:27,KSO,27ac1a8f-e815-446c-b5ff-4841a25e1cd2,-123.1834889,48.14654967
602,Fukui,102,20200618,20200619,No,,11,Base Lagoon,No,No,No,Fukui-102_6/18/2020,48.14646956,-123.183508,12/16/2020 4:27,KSO,12/16/2020 4:27,KSO,aeb46821-fff5-4aad-a34d-2343ffe408a0,-123.183508,48.14646956
603,Minnow,102,20200618,20200619,No,,11,Base Lagoon,No,No,No,Minnow-102_6/18/2020,48.14642267,-123.1835652,12/16/2020 4:27,KSO,12/16/2020 4:27,KSO,8176c079-85f9-4177-a0f3-d6dde697d6e4,-123.1835652,48.14642267
604,Fukui,103,20200618,20200619,No,,11,Base Lagoon,No,No,No,Fukui-103_6/18/2020,48.14644356,-123.1836537,12/16/2020 4:27,KSO,12/16/2020 4:27,KSO,c3737a3d-68c7-433e-b5a8-19b88aac1341,-123.1836537,48.14644356
605,Minnow,103,20200618,20200619,No,,11,Base Lagoon,No,No,No,Minnow-103_6/18/2020,48.14645289,-123.1837126,12/16/2020 4:27,KSO,12/16/2020 4:27,KSO,8d8abe94-bd90-4f74-81a6-8248907102ca,-123.1837126,48.14645289
647,Fukui,102,20200623,20200625,No,,12,Base Lagoon,No,No,No,Fukui-102_6/23/2020,48.14646956,-123.183508,12/16/2020 4:27,KSO,12/16/2020 4:27,KSO,0c6302a5-d3a4-4462-b642-55e5875c29b7,-123.183508,48.14646956
648,Minnow,102,20200623,20200625,No,,12,Base Lagoon,No,No,No,Minnow-102_6/23/2020,48.14642267,-123.1835652,12/16/2020 4:27,KSO,12/16/2020 4:27,KSO,35519597-a70c-4113-97e1-20a5ad648db0,-123.1835652,48.14642267
649,Fukui,103,20200623,20200625,No,,12,Base Lagoon,No,No,No,Fukui-103_6/23/2020,48.14644356,-123.1836537,12/16/2020 4:27,KSO,12/16/2020 4:27,KSO,82ea80a9-8596-4bbf-95d1-82e577df010e,-123.1836537,48.14644356
650,Minnow,103,20200623,20200625,No,,12,Base Lagoon,No,No,No,Minnow-103_6/23/2020,48.14645289,-123.1837126,12/16/2020 4:27,KSO,12/16/2020 4:27,KSO,9c952a9b-ed93-410b-9dc7-dc6e879d5fa9,-123.1837126,48.14645289
659,Fukui,102,20200706,20200709,No,,14,Base Lagoon,No,No,Yes,Fukui-102_7/6/2020,48.14646956,-123.183508,12/16/2020 4:27,KSO,12/16/2020 4:27,KSO,b10dd0f1-c780-4e48-8caa-5a93e5891d70,-123.183508,48.14646956
660,Minnow,102,20200706,20200709,No,,14,Base Lagoon,No,No,Yes,Minnow-102_7/6/2020,48.14642267,-123.1835652,12/16/2020 4:27,KSO,12/16/2020 4:27,KSO,ea740916-bc48-4b80-8086-cc71a1bf5bac,-123.1835652,48.14642267
661,Fukui,103,20200706,20200709,No,,14,Base Lagoon,No,No,Yes,Fukui-103_7/6/2020,48.14644356,-123.1836537,12/16/2020 4:27,KSO,12/16/2020 4:27,KSO,d8f4fb87-90cc-4629-9f9d-4d9ca7dc62e2,-123.1836537,48.14644356
662,Minnow,103,20200706,20200709,No,,14,Base Lagoon,No,No,Yes,Minnow-103_7/6/2020,48.14645289,-123.1837126,12/16/2020 4:27,KSO,12/16/2020 4:27,KSO,d950a908-4847-4d81-9bfe-de160c9e7279,-123.1837126,48.14645289
657,Fukui,101,20200706,20200709,No,,14,Base Lagoon,No,Yes,Yes,Fukui-101_7/6/2020,48.14663744,-123.1835138,12/16/2020 4:27,KSO,12/16/2020 4:27,KSO,8e1b62d9-c3db-4621-9f14-7fc21bb0ae72,-123.1835138,48.14663744
658,Minnow,101,20200706,20200709,No,,14,Base Lagoon,No,Yes,Yes,Minnow-101_7/6/2020,48.14654967,-123.1834889,12/16/2020 4:27,KSO,12/16/2020 4:27,KSO,d4dc59f0-6e04-4a88-ab56-0e7bc2adddb2,-123.1834889,48.14654967
663,Fukui,102,20200721,20200723,No,,16,Base Lagoon,No,No,No,Fukui-102_7/21/2020,48.14646956,-123.183508,12/16/2020 4:27,KSO,12/16/2020 4:27,KSO,74d0a563-abaa-4a70-b3dc-0eebf74cd18a,-123.183508,48.14646956
664,Minnow,102,20200721,20200723,No,,16,Base Lagoon,No,No,No,Minnow-102_7/21/2020,48.14642267,-123.1835652,12/16/2020 4:27,KSO,12/16/2020 4:27,KSO,f8b49090-c689-4ae2-a109-e2f9b60a0a76,-123.1835652,48.14642267
665,Fukui,103,20200721,20200723,No,,16,Base Lagoon,No,No,No,Fukui-103_7/21/2020,48.14644356,-123.1836537,12/16/2020 4:27,KSO,12/16/2020 4:27,KSO,e12e2b90-977b-4bca-b510-f6e0caa3e54e,-123.1836537,48.14644356
666,Minnow,103,20200721,20200723,No,,16,Base Lagoon,No,No,No,Minnow-103_7/21/2020,48.14645289,-123.1837126,12/16/2020 4:27,KSO,12/16/2020 4:27,KSO,464f1159-ae14-4041-b489-b0a40d5f20f2,-123.1837126,48.14645289
805,Fukui,101,20200803,20200804,No,,18,Base Lagoon,No,Yes,Yes,Fukui-101_8/3/2020,48.14663744,-123.1835138,12/16/2020 4:27,KSO,12/16/2020 4:27,KSO,c5a4c7e5-952b-4053-bd36-35a6fac12c3a,-123.1835138,48.14663744
806,Minnow,101,20200803,20200804,No,,18,Base Lagoon,No,Yes,Yes,Minnow-101_8/3/2020,48.14654967,-123.1834889,12/16/2020 4:27,KSO,12/16/2020 4:27,KSO,118cccf3-a8d3-4d91-afa2-3b3c4ad94ac0,-123.1834889,48.14654967
807,Fukui,102,20200803,20200806,No,,18,Base Lagoon,No,No,Yes,Fukui-102_8/3/2020,48.14646956,-123.183508,12/16/2020 4:27,KSO,12/16/2020 4:27,KSO,0a1d5e6b-7a92-4053-8741-1726a658ab60,-123.183508,48.14646956
808,Minnow,102,20200803,20200806,No,,18,Base Lagoon,No,No,Yes,Minnow-102_8/3/2020,48.14642267,-123.1835652,12/16/2020 4:27,KSO,12/16/2020 4:27,KSO,c0bf10d5-50ed-415e-acd3-7254f91d4341,-123.1835652,48.14642267
809,Fukui,103,20200803,20200806,No,,18,Base Lagoon,No,No,Yes,Fukui-103_8/3/2020,48.14644356,-123.1836537,12/16/2020 4:27,KSO,12/16/2020 4:27,KSO,5c7b1248-dc9f-43e1-b90c-8cca10cb92b0,-123.1836537,48.14644356
810,Minnow,103,20200803,20200806,No,,18,Base Lagoon,No,No,Yes,Minnow-103_8/3/2020,48.14645289,-123.1837126,12/16/2020 4:27,KSO,12/16/2020 4:27,KSO,c14658a0-a53e-4d83-bf02-e954b630bc30,-123.1837126,48.14645289
819,Fukui,102,20200901,20200903,No,,22,Base Lagoon,No,No,Yes,Fukui-102_9/1/2020,48.14646956,-123.183508,12/16/2020 4:27,KSO,12/16/2020 4:27,KSO,17c85e83-1ee3-4507-808f-59d6d60b2a9f,-123.183508,48.14646956
820,Minnow,102,20200901,20200903,No,,22,Base Lagoon,No,No,Yes,Minnow-102_9/1/2020,48.14642267,-123.1835652,12/16/2020 4:27,KSO,12/16/2020 4:27,KSO,4ad9ad19-627c-4aeb-b722-753636bcc6b3,-123.1835652,48.14642267
821,Fukui,103,20200901,20200903,No,,22,Base Lagoon,No,No,Yes,Fukui-103_9/1/2020,48.14644356,-123.1836537,12/16/2020 4:27,KSO,12/16/2020 4:27,KSO,34a7af44-f491-402d-8200-7c65712149dc,-123.1836537,48.14644356
822,Minnow,103,20200901,20200903,No,,22,Base Lagoon,No,No,Yes,Minnow-103_9/1/2020,48.14645289,-123.1837126,12/16/2020 4:27,KSO,12/16/2020 4:27,KSO,38a20c78-0885-439e-8808-553985ea396a,-123.1837126,48.14645289
817,Fukui,101,20200901,20200903,No,,22,Base Lagoon,No,Yes,Yes,Fukui-101_9/1/2020,48.14663744,-123.1835138,12/16/2020 4:27,KSO,12/16/2020 4:27,KSO,79d2fb91-09e5-4548-ab39-dee59a1f22c2,-123.1835138,48.14663744
818,Minnow,101,20200901,20200903,No,,22,Base Lagoon,No,Yes,Yes,Minnow-101_9/1/2020,48.14654967,-123.1834889,12/16/2020 4:27,KSO,12/16/2020 4:27,KSO,955d69fd-4279-4ab2-83dc-0d017326eb2c,-123.1834889,48.14654967
846,Fukui,102,20200916,20200917,No,,24,Base Lagoon,No,No,No,Fukui-102_9/16/2020,48.14646956,-123.183508,12/16/2020 4:27,KSO,12/16/2020 4:27,KSO,ce43ef73-1026-4f62-92e8-629ccd923b85,-123.183508,48.14646956
847,Minnow,102,20200916,20200917,No,,24,Base Lagoon,No,No,No,Minnow-102_9/16/2020,48.14642267,-123.1835652,12/16/2020 4:27,KSO,12/16/2020 4:27,KSO,9e461b58-1bfc-4df9-95b7-5b6c4ac99ed4,-123.1835652,48.14642267
848,Fukui,103,20200916,20200917,No,,24,Base Lagoon,No,No,No,Fukui-103_9/16/2020,48.14644356,-123.1836537,12/16/2020 4:27,KSO,12/16/2020 4:27,KSO,e658257f-577f-42e1-89c7-cae3168eedf5,-123.1836537,48.14644356
849,Minnow,103,20200916,20200917,No,,24,Base Lagoon,No,No,No,Minnow-103_9/16/2020,48.14645289,-123.1837126,12/16/2020 4:27,KSO,12/16/2020 4:27,KSO,90b0e642-4b6e-4967-afcf-ba7e35e44e6f,-123.1837126,48.14645289
289,Fukui,102,20200928,20200930,No,,26,Base Lagoon,No,No,No,Fukui-102_9/28/2020,48.14646956,-123.183508,12/16/2020 4:27,KSO,12/16/2020 4:27,KSO,82879a88-b0f3-47c9-9967-f7d92d6da354,-123.183508,48.14646956
290,Minnow,102,20200928,20200930,No,,26,Base Lagoon,No,No,No,Minnow-102_9/28/2020,48.14642267,-123.1835652,12/16/2020 4:27,KSO,12/16/2020 4:27,KSO,4fd71141-e742-429a-8dea-1c724449a109,-123.1835652,48.14642267
291,Fukui,103,20200928,20200930,No,,26,Base Lagoon,No,No,No,Fukui-103_9/28/2020,48.14644356,-123.1836537,12/16/2020 4:27,KSO,12/16/2020 4:27,KSO,85089f00-3631-45d4-8de1-aa831ae0c0a3,-123.1836537,48.14644356
292,Minnow,103,20200928,20200930,No,,26,Base Lagoon,No,No,No,Minnow-103_9/28/2020,48.14645289,-123.1837126,12/16/2020 4:27,KSO,12/16/2020 4:27,KSO,a0fea598-f51d-4abc-b459-7da6763e0053,-123.1837126,48.14645289
22,Minnow,9,20200407,20200408,No,M9 was eventually moved on 4/8/20 to further SE,1,Channel (DS-1),No,No,No,Minnow-9_4/7/2020,48.17383876,-123.1360709,12/16/2020 4:27,KSO,12/16/2020 4:27,KSO,a3e008cc-5057-4445-ad9d-609765aabe7b,-123.1360709,48.17383876
1,Minnow,1,20200407,20200409,No,,1,Channel (DS-1),No,No,No,Minnow-1_4/7/2020,48.173235,-123.1373878,12/16/2020 4:27,KSO,12/16/2020 4:27,KSO,3528f27e-e93d-4d73-a01a-51a61f62b62d,-123.1373878,48.173235
2,Fukui,1,20200407,20200409,No,,1,Channel (DS-1),No,No,No,Fukui-1_4/7/2020,48.17331167,-123.1374167,12/16/2020 4:27,KSO,12/16/2020 4:27,KSO,2b2ed245-45bc-42c0-996d-97544163ef81,-123.1374167,48.17331167
3,Minnow,2,20200407,20200409,No,,1,Channel (DS-1),No,No,No,Minnow-2_4/7/2020,48.17341933,-123.1374863,12/16/2020 4:27,KSO,12/16/2020 4:27,KSO,8c6f171e-9b35-4a89-9efe-eb3ad5bdc51a,-123.1374863,48.17341933
4,Fukui,2,20200407,20200409,No,,1,Channel (DS-1),No,No,No,Fukui-2_4/7/2020,48.17354078,-123.1374861,12/16/2020 4:27,KSO,12/16/2020 4:27,KSO,5a14ce2c-15ec-4f3c-b407-d9aa669d0ac0,-123.1374861,48.17354078
5,Minnow,3,20200407,20200409,No,,1,Channel (DS-1),No,No,No,Minnow-3_4/7/2020,48.17362878,-123.1374577,12/16/2020 4:27,KSO,12/16/2020 4:27,KSO,7eea736d-e70c-4720-a390-eccb8a1f1fa0,-123.1374577,48.17362878
6,Fukui,3,20200407,20200409,No,,1,Channel (DS-1),No,No,No,Fukui-3_4/7/2020,48.17371689,-123.137365,12/16/2020 4:27,KSO,12/16/2020 4:27,KSO,3088031a-9ab8-4a50-afde-102b2159a2af,-123.137365,48.17371689
7,Minnow,4,20200407,20200409,No,,1,Channel (DS-1),No,No,No,Minnow-4_4/7/2020,48.173635,-123.1371881,12/16/2020 4:27,KSO,12/16/2020 4:27,KSO,bf24d2b5-2a08-4452-b713-be0e911fe026,-123.1371881,48.173635
8,Fukui,4,20200407,20200409,No,,1,Channel (DS-1),No,No,No,Fukui-4_4/7/2020,48.17358756,-123.1371308,12/16/2020 4:27,KSO,12/16/2020 4:27,KSO,b6e4967a-1554-451f-a943-65dbd92bf495,-123.1371308,48.17358756
9,Minnow,5,20200407,20200409,No,,1,Channel (DS-1),No,No,No,Minnow-5_4/7/2020,48.17352,-123.1370607,12/16/2020 4:27,KSO,12/16/2020 4:27,KSO,50b37844-130a-453d-8875-ef336e38aa96,-123.1370607,48.17352
10,Fukui,5,20200407,20200409,No,,1,Channel (DS-1),No,No,No,Fukui-5_4/7/2020,48.17346056,-123.1369946,12/16/2020 4:27,KSO,12/16/2020 4:27,KSO,020b8622-7378-462d-8db0-c904bf1bd56f,-123.1369946,48.17346056
23,Fukui,9,20200407,20200409,No,F9 was eventually moved on 4/8/20 to further SE,1,Channel (DS-1),No,No,No,Fukui-9_4/7/2020,48.17387156,-123.1361323,12/16/2020 4:27,KSO,12/16/2020 4:27,KSO,d49d30f6-c148-4713-9f40-d3272ef95813,-123.1361323,48.17387156
24,Minnow,9,20200408,20200409,No,"New location for M9, set on 4/8/20",1,Channel (DS-1),No,No,No,Minnow-9_4/8/2020,48.17382867,-123.1360574,12/16/2020 4:27,KSO,12/16/2020 4:27,KSO,0e2c9ca3-765d-490b-a2fa-b9875400fe63,-123.1360574,48.17382867
25,Minnow,10,20200407,20200409,No,,1,Channel (DS-1),No,No,No,Minnow-10_4/7/2020,48.17394244,-123.1363789,12/16/2020 4:27,KSO,12/16/2020 4:27,KSO,254d8e64-d3e1-4d87-872f-39b2df097ab0,-123.1363789,48.17394244
26,Fukui,10,20200407,20200409,No,,1,Channel (DS-1),No,No,No,Fukui-10_4/7/2020,48.173947,-123.1364937,12/16/2020 4:27,KSO,12/16/2020 4:27,KSO,ebacaee4-b168-4357-95bf-91fcda00a950,-123.1364937,48.173947
27,Minnow,11,20200407,20200409,No,,1,Channel (DS-1),No,No,No,Minnow-11_4/7/2020,48.17394722,-123.1366178,12/16/2020 4:27,KSO,12/16/2020 4:27,KSO,3d6d7a54-0f23-4427-804f-b9c1f7314db2,-123.1366178,48.17394722
28,Fukui,11,20200407,20200409,No,,1,Channel (DS-1),No,No,No,Fukui-11_4/7/2020,48.17389433,-123.1368202,12/16/2020 4:27,KSO,12/16/2020 4:27,KSO,86ce7be4-e961-431e-8b28-7183303c8967,-123.1368202,48.17389433
29,Minnow,12,20200407,20200409,No,,1,Channel (DS-1),No,No,No,Minnow-12_4/7/2020,48.173894,-123.1369583,12/16/2020 4:27,KSO,12/16/2020 4:27,KSO,992973b4-2d87-4c08-ba47-29c6c9518a92,-123.1369583,48.173894
30,Fukui,12,20200407,20200409,No,,1,Channel (DS-1),No,No,No,Fukui-12_4/7/2020,48.17389533,-123.1370116,12/16/2020 4:27,KSO,12/16/2020 4:27,KSO,fd401a63-c0fb-4967-b107-f1276e05ca51,-123.1370116,48.17389533
31,Minnow,13,20200407,20200409,No,,1,Channel (DS-1),No,No,No,Minnow-13_4/7/2020,48.17422333,-123.1372433,12/16/2020 4:27,KSO,12/16/2020 4:27,KSO,8eca9397-f8ae-4b39-8ef1-1960a9fc30ac,-123.1372433,48.17422333
32,Fukui,13,20200407,20200409,No,,1,Channel (DS-1),No,No,No,Fukui-13_4/7/2020,48.17429656,-123.1372933,12/16/2020 4:27,KSO,12/16/2020 4:27,KSO,b734c1e4-ad97-4e76-a0b7-ec04a070b6a9,-123.1372933,48.17429656
33,Minnow,14,20200407,20200409,No,,1,Channel (DS-1),No,No,No,Minnow-14_4/7/2020,48.17439478,-123.1374314,12/16/2020 4:27,KSO,12/16/2020 4:27,KSO,51641518-fa7d-498c-9bf3-8a47ea8f1f09,-123.1374314,48.17439478
35,Minnow,15,20200407,20200409,No,,1,Channel (DS-1),No,No,No,Minnow-15_4/7/2020,48.17450433,-123.1376613,12/16/2020 4:27,KSO,12/16/2020 4:27,KSO,adcae089-fd7f-46fa-a1d8-bdf1d5023425,-123.1376613,48.17450433
36,Fukui,15,20200407,20200409,No,,1,Channel (DS-1),No,No,No,Fukui-15_4/7/2020,48.17450167,-123.1378383,12/16/2020 4:27,KSO,12/16/2020 4:27,KSO,4e774e4f-75ed-43c1-9593-b41bbb42bcf4,-123.1378383,48.17450167
37,Minnow,16,20200407,20200409,No,,1,Channel (DS-1),No,No,No,Minnow-16_4/7/2020,48.17455944,-123.1379587,12/16/2020 4:27,KSO,12/16/2020 4:27,KSO,2c7c7769-7739-4fa5-ad94-eb8bcbc0c109,-123.1379587,48.17455944
38,Fukui,16,20200407,20200409,No,,1,Channel (DS-1),No,No,No,Fukui-16_4/7/2020,48.174655,-123.1380012,12/16/2020 4:27,KSO,12/16/2020 4:27,KSO,b20f8121-d2be-4e5f-abeb-12083cba5f17,-123.1380012,48.174655
39,Minnow,17,20200407,20200409,No,,1,Channel (DS-1),No,No,No,Minnow-17_4/7/2020,48.17475833,-123.1379583,12/16/2020 4:27,KSO,12/16/2020 4:27,KSO,b0aa246b-4b1f-4c83-94ca-b92ff196ab68,-123.1379583,48.17475833
40,Fukui,17,20200407,20200409,No,,1,Channel (DS-1),No,No,No,Fukui-17_4/7/2020,48.17485333,-123.1379717,12/16/2020 4:27,KSO,12/16/2020 4:27,KSO,ea7b8654-b66c-48e6-8c41-3912012fc1c0,-123.1379717,48.17485333
41,Minnow,18,20200407,20200409,No,,1,Channel (DS-1),No,No,No,Minnow-18_4/7/2020,48.17495711,-123.138069,12/16/2020 4:27,KSO,12/16/2020 4:27,KSO,7ca03616-83af-4efa-be06-c7a06776a8f1,-123.138069,48.17495711
42,Fukui,18,20200407,20200409,No,,1,Channel (DS-1),No,No,No,Fukui-18_4/7/2020,48.17494311,-123.1382259,12/16/2020 4:27,KSO,12/16/2020 4:27,KSO,6271ea71-e1b9-4048-b571-cac6591fafff,-123.1382259,48.17494311
43,Minnow,19,20200407,20200409,No,,1,Channel (DS-1),No,No,No,Minnow-19_4/7/2020,48.17500344,-123.1383383,12/16/2020 4:27,KSO,12/16/2020 4:27,KSO,ad1e9049-91ed-4176-bc4d-ed65483d7088,-123.1383383,48.17500344
44,Fukui,19,20200407,20200409,No,,1,Channel (DS-1),No,No,No,Fukui-19_4/7/2020,48.175052,-123.1384219,12/16/2020 4:27,KSO,12/16/2020 4:27,KSO,c932662e-fa2e-4fc9-af9e-9fb4a83fbe6c,-123.1384219,48.175052
45,Minnow,20,20200407,20200409,No,,1,Channel (DS-1),No,No,No,Minnow-20_4/7/2020,48.17503167,-123.1385517,12/16/2020 4:27,KSO,12/16/2020 4:27,KSO,22ba719a-8937-4263-8505-07e83bd9fd9d,-123.1385517,48.17503167
46,Fukui,20,20200407,20200409,No,,1,Channel (DS-1),No,No,No,Fukui-20_4/7/2020,48.17493567,-123.1385969,12/16/2020 4:27,KSO,12/16/2020 4:27,KSO,04d4716a-2752-4ab8-9855-7e8670d09c11,-123.1385969,48.17493567
47,Minnow,21,20200407,20200409,No,,1,Channel (DS-1),No,No,No,Minnow-21_4/7/2020,48.17477444,-123.1385917,12/16/2020 4:27,KSO,12/16/2020 4:27,KSO,bb28e1ac-6ae7-49c8-8fb2-48af9ce408c0,-123.1385917,48.17477444
151,Fukui,9,20200408,20200409,No,"New location for M8, set on 4/8/20",1,Channel (DS-1),No,No,No,Fukui-9_4/8/2020,48.17385667,-123.1360667,12/16/2020 4:27,KSO,12/16/2020 4:27,KSO,cd696124-c9ba-4dde-9593-5907a8903461,-123.1360667,48.17385667
34,Fukui,14,20200407,20200409,No,"EGC cpatured on 4/8, 58mm male",1,Channel (DS-1),Yes,No,No,Fukui-14_4/7/2020,48.17449167,-123.1375098,12/16/2020 4:27,KSO,12/16/2020 4:27,KSO,3d68d08f-288d-459d-98bf-2caec889250f,-123.1375098,48.17449167
11,Minnow,6,20200407,20200409,No,,1,Channel (DS-1),No,No,Yes,Minnow-6_4/7/2020,48.17345488,-123.1366236,12/16/2020 4:27,KSO,12/16/2020 4:27,KSO,7a8b5eb9-6c43-4364-8353-25fce21ffd6b,-123.1366236,48.17345488
12,Fukui,6,20200407,20200409,No,,1,Channel (DS-1),No,No,Yes,Fukui-6_4/7/2020,48.17355833,-123.1366276,12/16/2020 4:27,KSO,12/16/2020 4:27,KSO,ae2e2fca-63e8-46f4-bb61-9cb3ec02a49b,-123.1366276,48.17355833
13,Minnow,7,20200407,20200409,No,,1,Channel (DS-1),No,No,Yes,Minnow-7_4/7/2020,48.173625,-123.13657,12/16/2020 4:27,KSO,12/16/2020 4:27,KSO,943a9c10-6d33-47db-8705-469011645c28,-123.13657,48.173625
14,Fukui,7,20200407,20200409,No,,1,Channel (DS-1),No,No,Yes,Fukui-7_4/7/2020,48.17369,-123.1365467,12/16/2020 4:27,KSO,12/16/2020 4:27,KSO,af96c0d7-f572-4c90-b070-d75ff23ed6f6,-123.1365467,48.17369
15,Fukui,8,20200407,20200409,No,,1,Channel (DS-1),No,No,Yes,Fukui-8_4/7/2020,48.17372833,-123.1363202,12/16/2020 4:27,KSO,12/16/2020 4:27,KSO,9fb89962-a69c-4d9d-b2d4-69401a6228b1,-123.1363202,48.17372833
21,Minnow,8,20200407,20200409,No,,1,Channel (DS-1),No,No,Yes,Minnow-8_4/7/2020,48.17373433,-123.136437,12/16/2020 4:27,KSO,12/16/2020 4:27,KSO,660a59e1-2740-4ad2-bb30-5eb7ad54a942,-123.136437,48.17373433
55,Fukui,13,20200413,20200415,No,Moved from original location set in week 1 due to set location drying out,2,Channel (DS-1),No,No,No,Fukui-13_4/13/2020,48.174663,-123.1386298,12/16/2020 4:27,KSO,12/16/2020 4:27,KSO,a3432add-fbdb-416d-bb10-f5ba8e5b6798,-123.1386298,48.174663
56,Minnow,1,20200413,20200415,No,,2,Channel (DS-1),No,No,No,Minnow-1_4/13/2020,48.173235,-123.1373878,12/16/2020 4:27,KSO,12/16/2020 4:27,KSO,1c099f6d-e415-4409-bf3d-58d2ddacf47c,-123.1373878,48.173235
57,Fukui,1,20200413,20200415,No,,2,Channel (DS-1),No,No,No,Fukui-1_4/13/2020,48.17331167,-123.1374167,12/16/2020 4:27,KSO,12/16/2020 4:27,KSO,fc4f7cae-7232-4986-90aa-1e2be611e20c,-123.1374167,48.17331167
58,Minnow,2,20200413,20200415,No,,2,Channel (DS-1),No,No,No,Minnow-2_4/13/2020,48.17341933,-123.1374863,12/16/2020 4:27,KSO,12/16/2020 4:27,KSO,b91ca88e-5313-4995-9b81-5c597afd6587,-123.1374863,48.17341933
59,Fukui,2,20200413,20200415,No,,2,Channel (DS-1),No,No,No,Fukui-2_4/13/2020,48.17354078,-123.1374861,12/16/2020 4:27,KSO,12/16/2020 4:27,KSO,55d05f43-d840-4928-a5a0-1e9880d8cf0d,-123.1374861,48.17354078
60,Minnow,3,20200413,20200415,No,,2,Channel (DS-1),No,No,No,Minnow-3_4/13/2020,48.17362878,-123.1374577,12/16/2020 4:27,KSO,12/16/2020 4:27,KSO,37c9e3bb-b131-44d9-8790-574154bc4246,-123.1374577,48.17362878
61,Fukui,3,20200413,20200415,No,,2,Channel (DS-1),No,No,No,Fukui-3_4/13/2020,48.17371689,-123.137365,12/16/2020 4:27,KSO,12/16/2020 4:27,KSO,d5e65036-fed6-4768-acff-df8b0059d78e,-123.137365,48.17371689
62,Minnow,4,20200413,20200415,No,,2,Channel (DS-1),No,No,No,Minnow-4_4/13/2020,48.173635,-123.1371881,12/16/2020 4:27,KSO,12/16/2020 4:27,KSO,ad092a37-05d7-4643-9b81-b4132b4106f2,-123.1371881,48.173635
63,Fukui,4,20200413,20200415,No,,2,Channel (DS-1),No,No,No,Fukui-4_4/13/2020,48.17358756,-123.1371308,12/16/2020 4:27,KSO,12/16/2020 4:27,KSO,4c8a6b2c-f697-4eb1-88bf-09976eaf109b,-123.1371308,48.17358756
64,Minnow,5,20200413,20200415,No,,2,Channel (DS-1),No,No,No,Minnow-5_4/13/2020,48.17352,-123.1370607,12/16/2020 4:27,KSO,12/16/2020 4:27,KSO,ec723b22-bbfb-4b90-b1bf-9ca7ce93a5f4,-123.1370607,48.17352
65,Fukui,5,20200413,20200415,No,,2,Channel (DS-1),No,No,No,Fukui-5_4/13/2020,48.17346056,-123.1369946,12/16/2020 4:27,KSO,12/16/2020 4:27,KSO,15d1068d-f083-4919-88c3-d8b1f1c1540b,-123.1369946,48.17346056
66,Minnow,6,20200413,20200415,No,,2,Channel (DS-1),No,No,No,Minnow-6_4/13/2020,48.17345488,-123.1366236,12/16/2020 4:27,KSO,12/16/2020 4:27,KSO,3840558a-6684-4c62-b35c-986e93ea8144,-123.1366236,48.17345488
67,Fukui,6,20200413,20200415,No,,2,Channel (DS-1),No,No,No,Fukui-6_4/13/2020,48.17355833,-123.1366276,12/16/2020 4:27,KSO,12/16/2020 4:27,KSO,2dc8f270-965f-41ae-9ce0-61a6041aa529,-123.1366276,48.17355833
68,Minnow,7,20200413,20200415,No,,2,Channel (DS-1),No,No,No,Minnow-7_4/13/2020,48.173625,-123.13657,12/16/2020 4:27,KSO,12/16/2020 4:27,KSO,94824d48-845f-4092-bf68-dd4908ee3318,-123.13657,48.173625
69,Fukui,7,20200413,20200415,No,,2,Channel (DS-1),No,No,No,Fukui-7_4/13/2020,48.17369,-123.1365467,12/16/2020 4:27,KSO,12/16/2020 4:27,KSO,61555074-5d80-4f89-b2d5-9ef4c54fbc1a,-123.1365467,48.17369
70,Fukui,8,20200413,20200415,No,,2,Channel (DS-1),No,No,No,Fukui-8_4/13/2020,48.17372833,-123.1363202,12/16/2020 4:27,KSO,12/16/2020 4:27,KSO,e1b91fe6-24eb-4483-b591-1285deee626d,-123.1363202,48.17372833
71,Minnow,8,20200413,20200415,No,,2,Channel (DS-1),No,No,No,Minnow-8_4/13/2020,48.17373433,-123.136437,12/16/2020 4:27,KSO,12/16/2020 4:27,KSO,0e33a3dc-71ec-4347-8f6e-e8839aa5a183,-123.136437,48.17373433
72,Fukui,9,20200413,20200415,No,,2,Channel (DS-1),No,No,No,Fukui-9_4/13/2020,48.17385667,-123.1360667,12/16/2020 4:27,KSO,12/16/2020 4:27,KSO,c8c21258-5a44-465a-994e-a1afd851b386,-123.1360667,48.17385667
73,Minnow,9,20200413,20200415,No,,2,Channel (DS-1),No,No,No,Minnow-9_4/13/2020,48.17382867,-123.1360574,12/16/2020 4:27,KSO,12/16/2020 4:27,KSO,42b8f780-a289-4b52-b141-592d7117a4b1,-123.1360574,48.17382867
74,Minnow,10,20200413,20200415,No,,2,Channel (DS-1),No,No,No,Minnow-10_4/13/2020,48.17394244,-123.1363789,12/16/2020 4:27,KSO,12/16/2020 4:27,KSO,3872e0b1-7210-4e86-b48d-1745b2128805,-123.1363789,48.17394244
75,Fukui,10,20200413,20200415,No,,2,Channel (DS-1),No,No,No,Fukui-10_4/13/2020,48.173947,-123.1364937,12/16/2020 4:27,KSO,12/16/2020 4:27,KSO,2df6c696-602c-4994-a054-8436e9949199,-123.1364937,48.173947
76,Minnow,11,20200413,20200415,No,,2,Channel (DS-1),No,No,No,Minnow-11_4/13/2020,48.17394722,-123.1366178,12/16/2020 4:27,KSO,12/16/2020 4:27,KSO,21e86b03-92a0-437c-9f3a-86660a723f24,-123.1366178,48.17394722
77,Fukui,11,20200413,20200415,No,,2,Channel (DS-1),No,No,No,Fukui-11_4/13/2020,48.17389433,-123.1368202,12/16/2020 4:27,KSO,12/16/2020 4:27,KSO,19873f69-ac21-40f0-b855-c288b3894a54,-123.1368202,48.17389433
78,Minnow,12,20200413,20200415,No,,2,Channel (DS-1),No,No,No,Minnow-12_4/13/2020,48.173894,-123.1369583,12/16/2020 4:27,KSO,12/16/2020 4:27,KSO,76fb0763-3b0a-4ff7-a6f5-b523e2f7f6ee,-123.1369583,48.173894
79,Fukui,12,20200413,20200415,No,,2,Channel (DS-1),No,No,No,Fukui-12_4/13/2020,48.17389533,-123.1370116,12/16/2020 4:27,KSO,12/16/2020 4:27,KSO,27492820-e3ec-4d99-81af-8caa33aea469,-123.1370116,48.17389533
80,Minnow,13,20200413,20200415,No,,2,Channel (DS-1),No,No,No,Minnow-13_4/13/2020,48.17422333,-123.1372433,12/16/2020 4:27,KSO,12/16/2020 4:27,KSO,a41aeed9-9073-4945-bc64-36662d803309,-123.1372433,48.17422333
81,Fukui,13,20200413,20200415,No,,2,Channel (DS-1),No,No,No,Fukui-13_4/13/2020,48.17429656,-123.1372933,12/16/2020 4:27,KSO,12/16/2020 4:27,KSO,0d67804e-fe94-40a6-aa91-30e45f270a4e,-123.1372933,48.17429656
82,Minnow,14,20200413,20200415,No,,2,Channel (DS-1),No,No,No,Minnow-14_4/13/2020,48.17439478,-123.1374314,12/16/2020 4:27,KSO,12/16/2020 4:27,KSO,51631a46-4676-4528-969e-2876f25d232e,-123.1374314,48.17439478
83,Fukui,14,20200413,20200415,No,,2,Channel (DS-1),No,No,No,Fukui-14_4/13/2020,48.17449167,-123.1375098,12/16/2020 4:27,KSO,12/16/2020 4:27,KSO,df9e7bfd-6a36-4528-8b26-40adf03ed413,-123.1375098,48.17449167
84,Minnow,15,20200413,20200415,No,,2,Channel (DS-1),No,No,No,Minnow-15_4/13/2020,48.17450433,-123.1376613,12/16/2020 4:27,KSO,12/16/2020 4:27,KSO,74d95968-f07f-457f-9c7a-76b7c80f0e8c,-123.1376613,48.17450433
85,Fukui,15,20200413,20200415,No,,2,Channel (DS-1),No,No,No,Fukui-15_4/13/2020,48.17450167,-123.1378383,12/16/2020 4:27,KSO,12/16/2020 4:27,KSO,1540f7f2-5a89-4aec-821d-9c433ceb5b4a,-123.1378383,48.17450167
86,Minnow,16,20200413,20200415,No,,2,Channel (DS-1),No,No,No,Minnow-16_4/13/2020,48.17455944,-123.1379587,12/16/2020 4:27,KSO,12/16/2020 4:27,KSO,0b8dbd89-559a-4824-a73f-88a080257e53,-123.1379587,48.17455944
87,Fukui,16,20200413,20200415,No,,2,Channel (DS-1),No,No,No,Fukui-16_4/13/2020,48.174655,-123.1380012,12/16/2020 4:27,KSO,12/16/2020 4:27,KSO,62be3f87-0558-4915-a8e6-282db9619c90,-123.1380012,48.174655
88,Minnow,17,20200413,20200415,No,,2,Channel (DS-1),No,No,No,Minnow-17_4/13/2020,48.17475833,-123.1379583,12/16/2020 4:27,KSO,12/16/2020 4:27,KSO,81fec66d-bc93-4e18-82e0-376a45a95ac4,-123.1379583,48.17475833
89,Fukui,17,20200413,20200415,No,,2,Channel (DS-1),No,No,No,Fukui-17_4/13/2020,48.17485333,-123.1379717,12/16/2020 4:27,KSO,12/16/2020 4:27,KSO,074bf986-7aed-4e6a-8475-338fafef39d9,-123.1379717,48.17485333
90,Minnow,18,20200413,20200415,No,,2,Channel (DS-1),No,No,No,Minnow-18_4/13/2020,48.17495711,-123.138069,12/16/2020 4:27,KSO,12/16/2020 4:27,KSO,7ed10125-0f1e-4e10-8e96-966445f3d4bd,-123.138069,48.17495711
91,Fukui,18,20200413,20200415,No,,2,Channel (DS-1),No,No,No,Fukui-18_4/13/2020,48.17494311,-123.1382259,12/16/2020 4:27,KSO,12/16/2020 4:27,KSO,b30e08c0-fa36-46cc-9018-5f30f6991b34,-123.1382259,48.17494311
92,Minnow,19,20200413,20200415,No,,2,Channel (DS-1),No,No,No,Minnow-19_4/13/2020,48.17500344,-123.1383383,12/16/2020 4:27,KSO,12/16/2020 4:27,KSO,52e90950-8d59-41cb-8bc1-359585ffc6f0,-123.1383383,48.17500344
93,Fukui,19,20200413,20200415,No,,2,Channel (DS-1),No,No,No,Fukui-19_4/13/2020,48.175052,-123.1384219,12/16/2020 4:27,KSO,12/16/2020 4:27,KSO,9aa5d67a-28d7-41f3-b2d6-09c0a90bd3b4,-123.1384219,48.175052
94,Minnow,20,20200413,20200415,No,,2,Channel (DS-1),No,No,No,Minnow-20_4/13/2020,48.17503167,-123.1385517,12/16/2020 4:27,KSO,12/16/2020 4:27,KSO,4c0c5c4c-bfa3-4e8e-afa7-350e315aec40,-123.1385517,48.17503167
95,Fukui,20,20200413,20200415,No,,2,Channel (DS-1),No,No,No,Fukui-20_4/13/2020,48.17493567,-123.1385969,12/16/2020 4:27,KSO,12/16/2020 4:27,KSO,2d6cbab8-c448-4070-9f51-34235437b9ce,-123.1385969,48.17493567
96,Minnow,21,20200413,20200415,No,,2,Channel (DS-1),No,No,No,Minnow-21_4/13/2020,48.17477444,-123.1385917,12/16/2020 4:27,KSO,12/16/2020 4:27,KSO,5b19bef5-5dd4-4ec2-b560-36adaf7f652a,-123.1385917,48.17477444
105,Fukui,13,20200421,20200424,No,,3,Channel (DS-1),No,No,No,Fukui-13_4/21/2020,48.174663,-123.1386298,12/16/2020 4:27,KSO,12/16/2020 4:27,KSO,19587e8d-2419-4842-aef1-bdca862e034e,-123.1386298,48.174663
106,Minnow,1,20200421,20200424,No,,3,Channel (DS-1),No,No,No,Minnow-1_4/21/2020,48.173235,-123.1373878,12/16/2020 4:27,KSO,12/16/2020 4:27,KSO,ae8a78c1-1122-4109-aeed-2900ab2e2803,-123.1373878,48.173235
107,Fukui,1,20200421,20200424,No,,3,Channel (DS-1),No,No,No,Fukui-1_4/21/2020,48.17331167,-123.1374167,12/16/2020 4:27,KSO,12/16/2020 4:27,KSO,8d7ddf48-a413-4527-8f6e-a464f9189203,-123.1374167,48.17331167
108,Minnow,2,20200421,20200424,No,,3,Channel (DS-1),No,No,No,Minnow-2_4/21/2020,48.17341933,-123.1374863,12/16/2020 4:27,KSO,12/16/2020 4:27,KSO,57b37d69-0b8d-4570-8a69-9306b4b281db,-123.1374863,48.17341933
109,Fukui,2,20200421,20200424,No,,3,Channel (DS-1),No,No,No,Fukui-2_4/21/2020,48.17354078,-123.1374861,12/16/2020 4:27,KSO,12/16/2020 4:27,KSO,6515cb3b-439c-4058-8d23-4f49819a3d9f,-123.1374861,48.17354078
110,Minnow,3,20200421,20200424,No,,3,Channel (DS-1),No,No,No,Minnow-3_4/21/2020,48.17362878,-123.1374577,12/16/2020 4:27,KSO,12/16/2020 4:27,KSO,5aed17a4-9d5a-4b46-9e17-2ef6587a53af,-123.1374577,48.17362878
111,Fukui,3,20200421,20200424,No,,3,Channel (DS-1),No,No,No,Fukui-3_4/21/2020,48.17371689,-123.137365,12/16/2020 4:27,KSO,12/16/2020 4:27,KSO,4c7b68ea-5548-43c3-893a-49690a2d9057,-123.137365,48.17371689
112,Minnow,4,20200421,20200424,No,,3,Channel (DS-1),No,No,No,Minnow-4_4/21/2020,48.173635,-123.1371881,12/16/2020 4:27,KSO,12/16/2020 4:27,KSO,1fef842d-0816-4a9f-a36f-dba9bb91dac9,-123.1371881,48.173635
113,Fukui,4,20200421,20200424,No,,3,Channel (DS-1),No,No,No,Fukui-4_4/21/2020,48.17358756,-123.1371308,12/16/2020 4:27,KSO,12/16/2020 4:27,KSO,6d3f2f32-4763-4fcb-986e-e3e3c70892d6,-123.1371308,48.17358756
114,Minnow,5,20200421,20200424,No,,3,Channel (DS-1),No,No,No,Minnow-5_4/21/2020,48.17352,-123.1370607,12/16/2020 4:27,KSO,12/16/2020 4:27,KSO,e31ba930-4fdb-4f50-9de7-c8c7c6dd86ce,-123.1370607,48.17352
115,Fukui,5,20200421,20200424,No,,3,Channel (DS-1),No,No,No,Fukui-5_4/21/2020,48.17346056,-123.1369946,12/16/2020 4:27,KSO,12/16/2020 4:27,KSO,8c8893fa-2d01-4c6b-8359-399c2a8d84d8,-123.1369946,48.17346056
116,Minnow,6,20200421,20200424,No,,3,Channel (DS-1),No,No,No,Minnow-6_4/21/2020,48.17345488,-123.1366236,12/16/2020 4:27,KSO,12/16/2020 4:27,KSO,f87a65eb-19f5-44f6-ad22-60475129e42a,-123.1366236,48.17345488
117,Fukui,6,20200421,20200424,No,,3,Channel (DS-1),No,No,No,Fukui-6_4/21/2020,48.17355833,-123.1366276,12/16/2020 4:27,KSO,12/16/2020 4:27,KSO,868d6960-870f-4518-8a55-fe310ef788c1,-123.1366276,48.17355833
118,Minnow,7,20200421,20200424,No,,3,Channel (DS-1),No,No,No,Minnow-7_4/21/2020,48.173625,-123.13657,12/16/2020 4:27,KSO,12/16/2020 4:27,KSO,1d10c8a2-0625-496e-99eb-ec4e5b2edeea,-123.13657,48.173625
119,Fukui,7,20200421,20200424,No,,3,Channel (DS-1),No,No,No,Fukui-7_4/21/2020,48.17369,-123.1365467,12/16/2020 4:27,KSO,12/16/2020 4:27,KSO,a02eb4d8-09e4-42ae-a256-d454bb10ce27,-123.1365467,48.17369
120,Fukui,8,20200421,20200424,No,,3,Channel (DS-1),No,No,No,Fukui-8_4/21/2020,48.17372833,-123.1363202,12/16/2020 4:27,KSO,12/16/2020 4:27,KSO,89c436a1-8364-4715-aee7-0b58a4780f7f,-123.1363202,48.17372833
121,Minnow,8,20200421,20200424,No,,3,Channel (DS-1),No,No,No,Minnow-8_4/21/2020,48.17373433,-123.136437,12/16/2020 4:27,KSO,12/16/2020 4:27,KSO,160bf1d8-6614-4c5a-88a0-3facda6843fb,-123.136437,48.17373433
122,Fukui,9,20200421,20200424,No,,3,Channel (DS-1),No,No,No,Fukui-9_4/21/2020,48.17385667,-123.1360667,12/16/2020 4:27,KSO,12/16/2020 4:27,KSO,68dcd745-9c23-4d50-992d-31c3f81a1376,-123.1360667,48.17385667
123,Minnow,9,20200421,20200424,No,,3,Channel (DS-1),No,No,No,Minnow-9_4/21/2020,48.17382867,-123.1360574,12/16/2020 4:27,KSO,12/16/2020 4:27,KSO,e6a32cc7-3679-4540-a49d-f0e60ab1a094,-123.1360574,48.17382867
124,Minnow,10,20200421,20200424,No,,3,Channel (DS-1),No,No,No,Minnow-10_4/21/2020,48.17394244,-123.1363789,12/16/2020 4:27,KSO,12/16/2020 4:27,KSO,7f79e897-6604-4661-a4b9-9c8eb1c52419,-123.1363789,48.17394244
125,Fukui,10,20200421,20200424,No,,3,Channel (DS-1),No,No,No,Fukui-10_4/21/2020,48.173947,-123.1364937,12/16/2020 4:27,KSO,12/16/2020 4:27,KSO,6607818b-ddcf-44b3-883c-a28d192e4396,-123.1364937,48.173947
126,Minnow,11,20200421,20200424,No,,3,Channel (DS-1),No,No,No,Minnow-11_4/21/2020,48.17394722,-123.1366178,12/16/2020 4:27,KSO,12/16/2020 4:27,KSO,1671f5ff-4cf6-4e4e-86ab-c44c75f67a27,-123.1366178,48.17394722
127,Fukui,11,20200421,20200424,No,,3,Channel (DS-1),No,No,No,Fukui-11_4/21/2020,48.17389433,-123.1368202,12/16/2020 4:27,KSO,12/16/2020 4:27,KSO,7c07d2cc-c22a-4629-a08f-484d358949d8,-123.1368202,48.17389433
128,Minnow,12,20200421,20200424,No,,3,Channel (DS-1),No,No,No,Minnow-12_4/21/2020,48.173894,-123.1369583,12/16/2020 4:27,KSO,12/16/2020 4:27,KSO,c5d6a07f-57e9-497a-ad6d-7dccecca0aac,-123.1369583,48.173894
129,Fukui,12,20200421,20200424,No,,3,Channel (DS-1),No,No,No,Fukui-12_4/21/2020,48.17389533,-123.1370116,12/16/2020 4:27,KSO,12/16/2020 4:27,KSO,098e999b-028c-4bd1-b6a6-23911f9c505a,-123.1370116,48.17389533
130,Minnow,13,20200421,20200424,No,,3,Channel (DS-1),No,No,No,Minnow-13_4/21/2020,48.17422333,-123.1372433,12/16/2020 4:27,KSO,12/16/2020 4:27,KSO,e08e587b-49f7-404e-8b2e-b5bf130f58bd,-123.1372433,48.17422333
131,Minnow,14,20200421,20200424,No,,3,Channel (DS-1),No,No,No,Minnow-14_4/21/2020,48.17439478,-123.1374314,12/16/2020 4:27,KSO,12/16/2020 4:27,KSO,5ff02c85-6485-4f85-b467-0f1b40200b29,-123.1374314,48.17439478
133,Minnow,15,20200421,20200424,No,,3,Channel (DS-1),No,No,No,Minnow-15_4/21/2020,48.17450433,-123.1376613,12/16/2020 4:27,KSO,12/16/2020 4:27,KSO,28b3abb5-8ea4-4c32-a12d-3c9d91204d1f,-123.1376613,48.17450433
134,Fukui,15,20200421,20200424,No,,3,Channel (DS-1),No,No,No,Fukui-15_4/21/2020,48.17450167,-123.1378383,12/16/2020 4:27,KSO,12/16/2020 4:27,KSO,96201ead-62c7-402a-a8a8-f72874a133f4,-123.1378383,48.17450167
135,Minnow,16,20200421,20200424,No,,3,Channel (DS-1),No,No,No,Minnow-16_4/21/2020,48.17455944,-123.1379587,12/16/2020 4:27,KSO,12/16/2020 4:27,KSO,21bb0c4b-55ab-4c0c-9dc4-c7c5f85e7e8e,-123.1379587,48.17455944
136,Fukui,16,20200421,20200424,No,,3,Channel (DS-1),No,No,No,Fukui-16_4/21/2020,48.174655,-123.1380012,12/16/2020 4:27,KSO,12/16/2020 4:27,KSO,e2c25770-f7a0-4d4c-915d-dbf1f659053d,-123.1380012,48.174655
137,Minnow,17,20200421,20200424,No,,3,Channel (DS-1),No,No,No,Minnow-17_4/21/2020,48.17475833,-123.1379583,12/16/2020 4:27,KSO,12/16/2020 4:27,KSO,a90184f7-c75f-4fda-a19b-dd97287fe942,-123.1379583,48.17475833
138,Fukui,17,20200421,20200424,No,,3,Channel (DS-1),No,No,No,Fukui-17_4/21/2020,48.17485333,-123.1379717,12/16/2020 4:27,KSO,12/16/2020 4:27,KSO,3cb36c2e-1317-4034-9250-42e5e0ada851,-123.1379717,48.17485333
139,Minnow,18,20200421,20200424,No,,3,Channel (DS-1),No,No,No,Minnow-18_4/21/2020,48.17495711,-123.138069,12/16/2020 4:27,KSO,12/16/2020 4:27,KSO,c8efdfe3-9b6a-4121-9ccc-44c960d0166c,-123.138069,48.17495711
140,Fukui,18,20200421,20200424,No,,3,Channel (DS-1),No,No,No,Fukui-18_4/21/2020,48.17494311,-123.1382259,12/16/2020 4:27,KSO,12/16/2020 4:27,KSO,0871cd44-6a1b-42bb-9697-d9049a41391c,-123.1382259,48.17494311
141,Minnow,19,20200421,20200424,No,,3,Channel (DS-1),No,No,No,Minnow-19_4/21/2020,48.17500344,-123.1383383,12/16/2020 4:27,KSO,12/16/2020 4:27,KSO,ddca2259-c773-4e26-953a-e76ef61acf88,-123.1383383,48.17500344
142,Fukui,19,20200421,20200424,No,,3,Channel (DS-1),No,No,No,Fukui-19_4/21/2020,48.175052,-123.1384219,12/16/2020 4:27,KSO,12/16/2020 4:27,KSO,c49b7584-e0cb-4194-9ef7-88f47e3a6d8d,-123.1384219,48.175052
143,Minnow,20,20200421,20200424,No,,3,Channel (DS-1),No,No,No,Minnow-20_4/21/2020,48.17503167,-123.1385517,12/16/2020 4:27,KSO,12/16/2020 4:27,KSO,92ea8340-b68d-4955-9dd2-cfe5875b69f9,-123.1385517,48.17503167
144,Fukui,20,20200421,20200424,No,,3,Channel (DS-1),No,No,No,Fukui-20_4/21/2020,48.17493567,-123.1385969,12/16/2020 4:27,KSO,12/16/2020 4:27,KSO,8ab6ab70-9e3b-4393-bbe2-2c93ba3eba2c,-123.1385969,48.17493567
145,Minnow,21,20200421,20200424,No,,3,Channel (DS-1),No,No,No,Minnow-21_4/21/2020,48.17477444,-123.1385917,12/16/2020 4:27,KSO,12/16/2020 4:27,KSO,a99794ba-6439-4d2e-b98e-1c9a5dc3f01b,-123.1385917,48.17477444
132,Fukui,14,20200421,20200424,No,One 77mm male EGC captured 4/24,3,Channel (DS-1),Yes,No,No,Fukui-14_4/21/2020,48.17449167,-123.1375098,12/16/2020 4:27,KSO,12/16/2020 4:27,KSO,e51bb94a-5101-475a-9ece-9d7f1c05ba47,-123.1375098,48.17449167
203,Fukui,13,20200427,20200430,No,,4,Channel (DS-1),No,No,No,Fukui-13_4/27/2020,48.174663,-123.1386298,12/16/2020 4:27,KSO,12/16/2020 4:27,KSO,340a6896-0e84-4f48-9956-f185aaec4af7,-123.1386298,48.174663
204,Minnow,1,20200427,20200430,No,,4,Channel (DS-1),No,No,No,Minnow-1_4/27/2020,48.173235,-123.1373878,12/16/2020 4:27,KSO,12/16/2020 4:27,KSO,dbedeaf7-9460-4524-b245-ee73a70a7118,-123.1373878,48.173235
205,Fukui,1,20200427,20200430,No,,4,Channel (DS-1),No,No,No,Fukui-1_4/27/2020,48.17331167,-123.1374167,12/16/2020 4:27,KSO,12/16/2020 4:27,KSO,8faff20a-30f4-4c6d-825f-57ee39f32e83,-123.1374167,48.17331167
206,Minnow,2,20200427,20200430,No,,4,Channel (DS-1),No,No,No,Minnow-2_4/27/2020,48.17341933,-123.1374863,12/16/2020 4:27,KSO,12/16/2020 4:27,KSO,3f10a60c-296c-4b8d-887c-85afad94d23e,-123.1374863,48.17341933
207,Fukui,2,20200427,20200430,No,,4,Channel (DS-1),No,No,No,Fukui-2_4/27/2020,48.17354078,-123.1374861,12/16/2020 4:27,KSO,12/16/2020 4:27,KSO,45710c52-5b5b-44c5-9a62-8a1ef3b3e50e,-123.1374861,48.17354078
208,Minnow,3,20200427,20200430,No,,4,Channel (DS-1),No,No,No,Minnow-3_4/27/2020,48.17362878,-123.1374577,12/16/2020 4:27,KSO,12/16/2020 4:27,KSO,85e82207-c914-48cb-9d2f-5100ef599917,-123.1374577,48.17362878
209,Fukui,3,20200427,20200430,No,,4,Channel (DS-1),No,No,No,Fukui-3_4/27/2020,48.17371689,-123.137365,12/16/2020 4:27,KSO,12/16/2020 4:27,KSO,53f36ab4-6202-460f-ae74-460d0d48fde9,-123.137365,48.17371689
210,Minnow,4,20200427,20200430,No,,4,Channel (DS-1),No,No,No,Minnow-4_4/27/2020,48.173635,-123.1371881,12/16/2020 4:27,KSO,12/16/2020 4:27,KSO,de3f6de6-8dc5-4310-870d-9af10416c344,-123.1371881,48.173635
211,Fukui,4,20200427,20200430,No,,4,Channel (DS-1),No,No,No,Fukui-4_4/27/2020,48.17358756,-123.1371308,12/16/2020 4:27,KSO,12/16/2020 4:27,KSO,618e88a1-2230-4ced-8d4c-bfd8a2f7fcc9,-123.1371308,48.17358756
212,Minnow,5,20200427,20200430,No,,4,Channel (DS-1),No,No,No,Minnow-5_4/27/2020,48.17352,-123.1370607,12/16/2020 4:27,KSO,12/16/2020 4:27,KSO,009fd66d-5c90-42cc-8a43-7f2ef70ee490,-123.1370607,48.17352
213,Fukui,5,20200427,20200430,No,,4,Channel (DS-1),No,No,No,Fukui-5_4/27/2020,48.17346056,-123.1369946,12/16/2020 4:27,KSO,12/16/2020 4:27,KSO,6dff245b-aecb-4bd8-a2a6-3d67cf840638,-123.1369946,48.17346056
214,Minnow,6,20200427,20200430,No,,4,Channel (DS-1),No,No,No,Minnow-6_4/27/2020,48.17345488,-123.1366236,12/16/2020 4:27,KSO,12/16/2020 4:27,KSO,ad47e88d-3ac6-4da2-9a0d-3fef58c0ec39,-123.1366236,48.17345488
215,Fukui,6,20200427,20200430,No,,4,Channel (DS-1),No,No,No,Fukui-6_4/27/2020,48.17355833,-123.1366276,12/16/2020 4:27,KSO,12/16/2020 4:27,KSO,487cda65-4624-412b-a100-f10d6e4b92ac,-123.1366276,48.17355833
216,Minnow,7,20200427,20200430,No,,4,Channel (DS-1),No,No,No,Minnow-7_4/27/2020,48.173625,-123.13657,12/16/2020 4:27,KSO,12/16/2020 4:27,KSO,56d3e7b2-1f7c-4eb7-b1b4-161c1f88fd53,-123.13657,48.173625
217,Fukui,7,20200427,20200430,No,,4,Channel (DS-1),No,No,No,Fukui-7_4/27/2020,48.17369,-123.1365467,12/16/2020 4:27,KSO,12/16/2020 4:27,KSO,948b097f-74fd-477d-be54-1bf81d3f56b3,-123.1365467,48.17369
218,Fukui,8,20200427,20200430,No,,4,Channel (DS-1),No,No,No,Fukui-8_4/27/2020,48.17372833,-123.1363202,12/16/2020 4:27,KSO,12/16/2020 4:27,KSO,88aa0fe2-2bbd-4c9f-8ce0-26d90e80d0ba,-123.1363202,48.17372833
219,Minnow,8,20200427,20200430,No,,4,Channel (DS-1),No,No,No,Minnow-8_4/27/2020,48.17373433,-123.136437,12/16/2020 4:27,KSO,12/16/2020 4:27,KSO,8f8d45ad-9851-44d9-a30e-01db6d0bf5e5,-123.136437,48.17373433
220,Fukui,9,20200427,20200430,No,,4,Channel (DS-1),No,No,No,Fukui-9_4/27/2020,48.17385667,-123.1360667,12/16/2020 4:27,KSO,12/16/2020 4:27,KSO,e660358a-1d23-4dc3-9ebe-3312dfdb93de,-123.1360667,48.17385667
221,Minnow,9,20200427,20200430,No,,4,Channel (DS-1),No,No,No,Minnow-9_4/27/2020,48.17382867,-123.1360574,12/16/2020 4:27,KSO,12/16/2020 4:27,KSO,a3a3e03a-afbd-48e4-88ae-45ac82e30241,-123.1360574,48.17382867
222,Minnow,10,20200427,20200430,No,,4,Channel (DS-1),No,No,No,Minnow-10_4/27/2020,48.17394244,-123.1363789,12/16/2020 4:27,KSO,12/16/2020 4:27,KSO,228113d8-32e9-4343-8139-d57eaaaccec8,-123.1363789,48.17394244
223,Fukui,10,20200427,20200430,No,,4,Channel (DS-1),No,No,No,Fukui-10_4/27/2020,48.173947,-123.1364937,12/16/2020 4:27,KSO,12/16/2020 4:27,KSO,d7a6a7ec-63a0-47bb-812d-8eda087cc63c,-123.1364937,48.173947
224,Minnow,11,20200427,20200430,No,,4,Channel (DS-1),No,No,No,Minnow-11_4/27/2020,48.17394722,-123.1366178,12/16/2020 4:27,KSO,12/16/2020 4:27,KSO,c7653018-30f9-4d23-8bc5-4962d611503f,-123.1366178,48.17394722
225,Fukui,11,20200427,20200430,No,,4,Channel (DS-1),No,No,No,Fukui-11_4/27/2020,48.17389433,-123.1368202,12/16/2020 4:27,KSO,12/16/2020 4:27,KSO,e4d38e6c-57e8-4167-8e02-f8b5bf47b202,-123.1368202,48.17389433
226,Minnow,12,20200427,20200430,No,,4,Channel (DS-1),No,No,No,Minnow-12_4/27/2020,48.173894,-123.1369583,12/16/2020 4:27,KSO,12/16/2020 4:27,KSO,39e5aadb-ae8b-4b62-af12-d07f90bdfdb6,-123.1369583,48.173894
227,Fukui,12,20200427,20200430,No,,4,Channel (DS-1),No,No,No,Fukui-12_4/27/2020,48.17389533,-123.1370116,12/16/2020 4:27,KSO,12/16/2020 4:27,KSO,96092bc5-ae76-4130-8ec9-b139f7813fec,-123.1370116,48.17389533
228,Minnow,13,20200427,20200430,No,,4,Channel (DS-1),No,No,No,Minnow-13_4/27/2020,48.17422333,-123.1372433,12/16/2020 4:27,KSO,12/16/2020 4:27,KSO,01c1f140-b51e-4c33-9a10-009fb870fd00,-123.1372433,48.17422333
229,Minnow,14,20200427,20200430,No,,4,Channel (DS-1),No,No,No,Minnow-14_4/27/2020,48.17439478,-123.1374314,12/16/2020 4:27,KSO,12/16/2020 4:27,KSO,fb625a3c-46fb-4fef-bc79-a79dcb693a14,-123.1374314,48.17439478
230,Fukui,14,20200427,20200430,No,,4,Channel (DS-1),No,No,No,Fukui-14_4/27/2020,48.17449167,-123.1375098,12/16/2020 4:27,KSO,12/16/2020 4:27,KSO,134c4425-858f-46b1-8e3d-9502fb292287,-123.1375098,48.17449167
231,Minnow,15,20200427,20200430,No,,4,Channel (DS-1),No,No,No,Minnow-15_4/27/2020,48.17450433,-123.1376613,12/16/2020 4:27,KSO,12/16/2020 4:27,KSO,7f454013-f942-47f0-8b48-5dfb082c051d,-123.1376613,48.17450433
232,Fukui,15,20200427,20200430,No,,4,Channel (DS-1),No,No,No,Fukui-15_4/27/2020,48.17450167,-123.1378383,12/16/2020 4:27,KSO,12/16/2020 4:27,KSO,925e1e90-a440-4c10-a749-53cbe23e9e46,-123.1378383,48.17450167
233,Minnow,16,20200427,20200430,No,,4,Channel (DS-1),No,No,No,Minnow-16_4/27/2020,48.17455944,-123.1379587,12/16/2020 4:27,KSO,12/16/2020 4:27,KSO,663adc30-9648-4b4e-87f1-c25be36bcb1d,-123.1379587,48.17455944
234,Fukui,16,20200427,20200430,No,,4,Channel (DS-1),No,No,No,Fukui-16_4/27/2020,48.174655,-123.1380012,12/16/2020 4:27,KSO,12/16/2020 4:27,KSO,81be77cc-70ef-4d03-b833-8a491bce397d,-123.1380012,48.174655
235,Minnow,17,20200427,20200430,No,,4,Channel (DS-1),No,No,No,Minnow-17_4/27/2020,48.17475833,-123.1379583,12/16/2020 4:27,KSO,12/16/2020 4:27,KSO,f4f60de6-40be-4f15-a261-2b8db54bdcf5,-123.1379583,48.17475833
236,Fukui,17,20200427,20200430,No,,4,Channel (DS-1),No,No,No,Fukui-17_4/27/2020,48.17485333,-123.1379717,12/16/2020 4:27,KSO,12/16/2020 4:27,KSO,d6031d61-d6c0-426c-966f-bde6d2bcde2c,-123.1379717,48.17485333
237,Minnow,18,20200427,20200430,No,,4,Channel (DS-1),No,No,No,Minnow-18_4/27/2020,48.17495711,-123.138069,12/16/2020 4:27,KSO,12/16/2020 4:27,KSO,70de6b51-82e1-4f15-9ce0-380fd192abe4,-123.138069,48.17495711
238,Fukui,18,20200427,20200430,No,,4,Channel (DS-1),No,No,No,Fukui-18_4/27/2020,48.17494311,-123.1382259,12/16/2020 4:27,KSO,12/16/2020 4:27,KSO,1650a73a-1029-4072-8b1e-9229eecba0cc,-123.1382259,48.17494311
239,Minnow,19,20200427,20200430,No,,4,Channel (DS-1),No,No,No,Minnow-19_4/27/2020,48.17500344,-123.1383383,12/16/2020 4:27,KSO,12/16/2020 4:27,KSO,325e1771-266c-492c-907b-1edde465164a,-123.1383383,48.17500344
240,Fukui,19,20200427,20200430,No,,4,Channel (DS-1),No,No,No,Fukui-19_4/27/2020,48.175052,-123.1384219,12/16/2020 4:27,KSO,12/16/2020 4:27,KSO,8ec40254-b531-449e-8350-4c866db6eb97,-123.1384219,48.175052
241,Minnow,20,20200427,20200430,No,,4,Channel (DS-1),No,No,No,Minnow-20_4/27/2020,48.17503167,-123.1385517,12/16/2020 4:27,KSO,12/16/2020 4:27,KSO,b44f1f34-bfe4-4347-b074-04b7765b945a,-123.1385517,48.17503167
242,Fukui,20,20200427,20200430,No,,4,Channel (DS-1),No,No,No,Fukui-20_4/27/2020,48.17493567,-123.1385969,12/16/2020 4:27,KSO,12/16/2020 4:27,KSO,7353a0c8-ee1f-4c05-85ef-1444109f23b3,-123.1385969,48.17493567
243,Minnow,21,20200427,20200430,No,,4,Channel (DS-1),No,No,No,Minnow-21_4/27/2020,48.17477444,-123.1385917,12/16/2020 4:27,KSO,12/16/2020 4:27,KSO,68532bc4-9f1e-48cb-bedb-dccdef4cb25c,-123.1385917,48.17477444
293,Fukui,13,20200505,20200508,No,,5,Channel (DS-1),No,No,No,Fukui-13_5/5/2020,48.174663,-123.1386298,12/16/2020 4:27,KSO,12/16/2020 4:27,KSO,dffc78c5-2776-42b0-a118-47117f19193a,-123.1386298,48.174663
294,Minnow,1,20200505,20200508,No,,5,Channel (DS-1),No,No,No,Minnow-1_5/5/2020,48.173235,-123.1373878,12/16/2020 4:27,KSO,12/16/2020 4:27,KSO,0cfd6ef8-156f-4b5f-87f7-a69256037fa3,-123.1373878,48.173235
295,Fukui,1,20200505,20200508,No,,5,Channel (DS-1),No,No,No,Fukui-1_5/5/2020,48.17331167,-123.1374167,12/16/2020 4:27,KSO,12/16/2020 4:27,KSO,f73d6cad-5d34-4a18-a649-ab9b9914cfb8,-123.1374167,48.17331167
296,Minnow,2,20200505,20200508,No,,5,Channel (DS-1),No,No,No,Minnow-2_5/5/2020,48.17341933,-123.1374863,12/16/2020 4:27,KSO,12/16/2020 4:27,KSO,6fd45c16-ad1c-4440-89bc-4277cc4462b9,-123.1374863,48.17341933
297,Fukui,2,20200505,20200508,No,,5,Channel (DS-1),No,No,No,Fukui-2_5/5/2020,48.17354078,-123.1374861,12/16/2020 4:27,KSO,12/16/2020 4:27,KSO,611d74c6-05c9-4f6b-8867-72c64364831c,-123.1374861,48.17354078
298,Minnow,3,20200505,20200508,No,,5,Channel (DS-1),No,No,No,Minnow-3_5/5/2020,48.17362878,-123.1374577,12/16/2020 4:27,KSO,12/16/2020 4:27,KSO,094f0ed9-6439-4b2e-af75-aba6682bc8b5,-123.1374577,48.17362878
299,Fukui,3,20200505,20200508,No,,5,Channel (DS-1),No,No,No,Fukui-3_5/5/2020,48.17371689,-123.137365,12/16/2020 4:27,KSO,12/16/2020 4:27,KSO,458bb0d3-52d9-43bd-82a7-5ee5f1a563fc,-123.137365,48.17371689
300,Minnow,4,20200505,20200508,No,,5,Channel (DS-1),No,No,No,Minnow-4_5/5/2020,48.173635,-123.1371881,12/16/2020 4:27,KSO,12/16/2020 4:27,KSO,bd883e5c-fadb-4895-adfa-318e854fe72f,-123.1371881,48.173635
301,Fukui,4,20200505,20200508,No,,5,Channel (DS-1),No,No,No,Fukui-4_5/5/2020,48.17358756,-123.1371308,12/16/2020 4:27,KSO,12/16/2020 4:27,KSO,8772a089-4d5b-45f8-bfb9-27138f600a46,-123.1371308,48.17358756
302,Minnow,5,20200505,20200508,No,,5,Channel (DS-1),No,No,No,Minnow-5_5/5/2020,48.17352,-123.1370607,12/16/2020 4:27,KSO,12/16/2020 4:27,KSO,bb972927-8c85-44dc-8c2d-835866b38c6b,-123.1370607,48.17352
303,Fukui,5,20200505,20200508,No,,5,Channel (DS-1),No,No,No,Fukui-5_5/5/2020,48.17346056,-123.1369946,12/16/2020 4:27,KSO,12/16/2020 4:27,KSO,76136094-9efa-441f-957b-1be7caf84938,-123.1369946,48.17346056
304,Minnow,6,20200505,20200508,No,,5,Channel (DS-1),No,No,No,Minnow-6_5/5/2020,48.17345488,-123.1366236,12/16/2020 4:27,KSO,12/16/2020 4:27,KSO,bafea3ac-ee34-47eb-ae29-aa084b7b49e7,-123.1366236,48.17345488
305,Fukui,6,20200505,20200508,No,,5,Channel (DS-1),No,No,No,Fukui-6_5/5/2020,48.17355833,-123.1366276,12/16/2020 4:27,KSO,12/16/2020 4:27,KSO,45971202-e996-438f-8850-7321422c3b66,-123.1366276,48.17355833
306,Minnow,7,20200505,20200508,No,,5,Channel (DS-1),No,No,No,Minnow-7_5/5/2020,48.173625,-123.13657,12/16/2020 4:27,KSO,12/16/2020 4:27,KSO,a4d6aa00-a9da-4503-9169-ff4758a867dd,-123.13657,48.173625
307,Fukui,7,20200505,20200508,No,,5,Channel (DS-1),No,No,No,Fukui-7_5/5/2020,48.17369,-123.1365467,12/16/2020 4:27,KSO,12/16/2020 4:27,KSO,34824d1c-acb7-4337-badc-2eba82c492a4,-123.1365467,48.17369
308,Fukui,8,20200505,20200508,No,,5,Channel (DS-1),No,No,No,Fukui-8_5/5/2020,48.17372833,-123.1363202,12/16/2020 4:27,KSO,12/16/2020 4:27,KSO,e053cd77-16d8-4d99-812b-a39c3246424f,-123.1363202,48.17372833
309,Minnow,8,20200505,20200508,No,,5,Channel (DS-1),No,No,No,Minnow-8_5/5/2020,48.17373433,-123.136437,12/16/2020 4:27,KSO,12/16/2020 4:27,KSO,893f3632-ffd5-4798-9070-153bae09a695,-123.136437,48.17373433
310,Fukui,9,20200505,20200508,No,,5,Channel (DS-1),No,No,No,Fukui-9_5/5/2020,48.17385667,-123.1360667,12/16/2020 4:27,KSO,12/16/2020 4:27,KSO,2245e12d-a159-4f1a-9406-d7aaec269754,-123.1360667,48.17385667
311,Minnow,9,20200505,20200508,No,,5,Channel (DS-1),No,No,No,Minnow-9_5/5/2020,48.17382867,-123.1360574,12/16/2020 4:27,KSO,12/16/2020 4:27,KSO,172003d4-8416-42a4-90f7-8baa22a06a81,-123.1360574,48.17382867
312,Minnow,10,20200505,20200508,No,,5,Channel (DS-1),No,No,No,Minnow-10_5/5/2020,48.17394244,-123.1363789,12/16/2020 4:27,KSO,12/16/2020 4:27,KSO,9791ea75-5bf5-4bad-a68e-9dc6c2420ad8,-123.1363789,48.17394244
313,Fukui,10,20200505,20200508,No,,5,Channel (DS-1),No,No,No,Fukui-10_5/5/2020,48.173947,-123.1364937,12/16/2020 4:27,KSO,12/16/2020 4:27,KSO,1a6bb9ec-a2c9-4637-b149-cfee3a1bcb91,-123.1364937,48.173947
314,Minnow,11,20200505,20200508,No,,5,Channel (DS-1),No,No,No,Minnow-11_5/5/2020,48.17394722,-123.1366178,12/16/2020 4:27,KSO,12/16/2020 4:27,KSO,e897859d-68f6-4e77-bddc-a5b92cfd52d2,-123.1366178,48.17394722
315,Fukui,11,20200505,20200508,No,,5,Channel (DS-1),No,No,No,Fukui-11_5/5/2020,48.17389433,-123.1368202,12/16/2020 4:27,KSO,12/16/2020 4:27,KSO,10fea9e6-e99c-42a8-81db-c9afddee901e,-123.1368202,48.17389433
316,Minnow,12,20200505,20200508,No,,5,Channel (DS-1),No,No,No,Minnow-12_5/5/2020,48.173894,-123.1369583,12/16/2020 4:27,KSO,12/16/2020 4:27,KSO,aefa4807-1f2b-4429-8ea6-aac4fe669eda,-123.1369583,48.173894
317,Fukui,12,20200505,20200508,No,,5,Channel (DS-1),No,No,No,Fukui-12_5/5/2020,48.17389533,-123.1370116,12/16/2020 4:27,KSO,12/16/2020 4:27,KSO,54431d8c-ff86-430d-a469-e9c348ad7fc4,-123.1370116,48.17389533
318,Minnow,13,20200505,20200508,No,,5,Channel (DS-1),No,No,No,Minnow-13_5/5/2020,48.17422333,-123.1372433,12/16/2020 4:27,KSO,12/16/2020 4:27,KSO,6df2552b-29e4-472f-867d-201ea0d78afb,-123.1372433,48.17422333
319,Minnow,14,20200505,20200508,No,,5,Channel (DS-1),No,No,No,Minnow-14_5/5/2020,48.17439478,-123.1374314,12/16/2020 4:27,KSO,12/16/2020 4:27,KSO,e41c14d6-dee6-4d65-adf6-a2760a6468dd,-123.1374314,48.17439478
320,Fukui,14,20200505,20200508,No,,5,Channel (DS-1),No,No,No,Fukui-14_5/5/2020,48.17449167,-123.1375098,12/16/2020 4:27,KSO,12/16/2020 4:27,KSO,b13e98a4-9edc-4f53-88a3-5c8d7a7d68e2,-123.1375098,48.17449167
321,Minnow,15,20200505,20200508,No,,5,Channel (DS-1),No,No,No,Minnow-15_5/5/2020,48.17450433,-123.1376613,12/16/2020 4:27,KSO,12/16/2020 4:27,KSO,f934776e-eaa1-4339-baf3-1966dc726feb,-123.1376613,48.17450433
322,Fukui,15,20200505,20200508,No,,5,Channel (DS-1),No,No,No,Fukui-15_5/5/2020,48.17450167,-123.1378383,12/16/2020 4:27,KSO,12/16/2020 4:27,KSO,93227fd8-f486-422d-9d7b-79e56892186c,-123.1378383,48.17450167
323,Minnow,16,20200505,20200508,No,,5,Channel (DS-1),No,No,No,Minnow-16_5/5/2020,48.17455944,-123.1379587,12/16/2020 4:27,KSO,12/16/2020 4:27,KSO,5d02e6bd-3c61-49f6-a761-aeeee76ef032,-123.1379587,48.17455944
324,Fukui,16,20200505,20200508,No,,5,Channel (DS-1),No,No,No,Fukui-16_5/5/2020,48.174655,-123.1380012,12/16/2020 4:27,KSO,12/16/2020 4:27,KSO,18d7375a-767f-47b5-aac9-d50793eeb07a,-123.1380012,48.174655
325,Minnow,17,20200505,20200508,No,,5,Channel (DS-1),No,No,No,Minnow-17_5/5/2020,48.17475833,-123.1379583,12/16/2020 4:27,KSO,12/16/2020 4:27,KSO,e7c59a6f-9987-43fd-bf08-0eb5b06f4466,-123.1379583,48.17475833
326,Fukui,17,20200505,20200508,No,,5,Channel (DS-1),No,No,No,Fukui-17_5/5/2020,48.17485333,-123.1379717,12/16/2020 4:27,KSO,12/16/2020 4:27,KSO,2730a8a5-38fc-441d-870b-6322b326385a,-123.1379717,48.17485333
327,Minnow,18,20200505,20200508,No,,5,Channel (DS-1),No,No,No,Minnow-18_5/5/2020,48.17495711,-123.138069,12/16/2020 4:27,KSO,12/16/2020 4:27,KSO,9a667d04-7a88-48fd-9b2d-29431971079a,-123.138069,48.17495711
328,Fukui,18,20200505,20200508,No,,5,Channel (DS-1),No,No,No,Fukui-18_5/5/2020,48.17494311,-123.1382259,12/16/2020 4:27,KSO,12/16/2020 4:27,KSO,14daf54a-905e-43dd-bfdc-70f755f35264,-123.1382259,48.17494311
329,Minnow,19,20200505,20200508,No,,5,Channel (DS-1),No,No,No,Minnow-19_5/5/2020,48.17500344,-123.1383383,12/16/2020 4:27,KSO,12/16/2020 4:27,KSO,b413665a-026f-4f05-9cd0-b565bcfa417d,-123.1383383,48.17500344
330,Fukui,19,20200505,20200508,No,,5,Channel (DS-1),No,No,No,Fukui-19_5/5/2020,48.175052,-123.1384219,12/16/2020 4:27,KSO,12/16/2020 4:27,KSO,f4332c1a-6af0-4af3-9c7b-3143c069418f,-123.1384219,48.175052
331,Minnow,20,20200505,20200508,No,,5,Channel (DS-1),No,No,No,Minnow-20_5/5/2020,48.17503167,-123.1385517,12/16/2020 4:27,KSO,12/16/2020 4:27,KSO,3a323388-e268-470d-9409-d95adc8c0291,-123.1385517,48.17503167
332,Fukui,20,20200505,20200508,No,,5,Channel (DS-1),No,No,No,Fukui-20_5/5/2020,48.17493567,-123.1385969,12/16/2020 4:27,KSO,12/16/2020 4:27,KSO,428e2f10-9a9d-40f8-a849-6d47ef116c2f,-123.1385969,48.17493567
333,Minnow,21,20200505,20200508,No,,5,Channel (DS-1),No,No,No,Minnow-21_5/5/2020,48.17477444,-123.1385917,12/16/2020 4:27,KSO,12/16/2020 4:27,KSO,00483557-3801-4472-a40a-28d13948f20a,-123.1385917,48.17477444
156,Minnow,301,20200505,20200508,No,,5,Channel (DS-1),No,Yes,No,Minnow-301_5/5/2020 3:21:33 PM,48.17506456,-123.139398,12/16/2020 4:27,KSO,12/16/2020 4:27,KSO,853284ba-4ae9-4c16-b5fe-903384be8891,-123.139398,48.17506456
157,Fukui,301,20200505,20200508,No,,5,Channel (DS-1),No,Yes,No,Fukui-301_5/5/2020 3:24:28 PM,48.17511456,-123.1394141,12/16/2020 4:27,KSO,12/16/2020 4:27,KSO,7e7e261f-acde-4f71-bce9-7e15f4df1c45,-123.1394141,48.17511456
158,Minnow,302,20200505,20200508,No,,5,Channel (DS-1),No,Yes,No,Minnow-302_5/5/2020 3:25:44 PM,48.17527844,-123.1392659,12/16/2020 4:27,KSO,12/16/2020 4:27,KSO,e0048ce6-3c63-43d1-a631-32a4feed5801,-123.1392659,48.17527844
159,Fukui,302,20200505,20200508,No,,5,Channel (DS-1),No,Yes,No,Fukui-302_5/5/2020 3:26:47 PM,48.17526933,-123.139183,12/16/2020 4:27,KSO,12/16/2020 4:27,KSO,8ab77fae-7ed1-46e5-8c45-afe65605e101,-123.139183,48.17526933
150,Burrow,1,20200422,20200514,No,,3,Channel (DS-1),No,No,No,Burrow-1_4/22/2020 6:14:17 PM,48.17393667,-123.1363533,12/16/2020 4:27,KSO,12/16/2020 4:27,KSO,c52155a4-8c48-484b-a8c8-66f466394174,-123.1363533,48.17393667
338,Fukui,13,20200512,20200514,No,,6,Channel (DS-1),No,No,No,Fukui-13_5/12/2020,48.174663,-123.1386298,12/16/2020 4:27,KSO,12/16/2020 4:27,KSO,98157ee8-c94d-475f-85a1-a0cb49bbfa0d,-123.1386298,48.174663
339,Minnow,1,20200512,20200514,No,,6,Channel (DS-1),No,No,No,Minnow-1_5/12/2020,48.173235,-123.1373878,12/16/2020 4:27,KSO,12/16/2020 4:27,KSO,a5c7c6ac-a535-41b0-a8ad-8ee42f9dc3f0,-123.1373878,48.173235
340,Fukui,1,20200512,20200514,No,,6,Channel (DS-1),No,No,No,Fukui-1_5/12/2020,48.17331167,-123.1374167,12/16/2020 4:27,KSO,12/16/2020 4:27,KSO,ddee55e2-033d-4e87-bb1b-75ea1a163071,-123.1374167,48.17331167
341,Minnow,2,20200512,20200514,No,,6,Channel (DS-1),No,No,No,Minnow-2_5/12/2020,48.17341933,-123.1374863,12/16/2020 4:27,KSO,12/16/2020 4:27,KSO,8f8499fd-04fc-4f73-9ae7-95626829b758,-123.1374863,48.17341933
342,Fukui,2,20200512,20200514,No,,6,Channel (DS-1),No,No,No,Fukui-2_5/12/2020,48.17354078,-123.1374861,12/16/2020 4:27,KSO,12/16/2020 4:27,KSO,bb741911-5d6c-4425-b7ba-37175042fd29,-123.1374861,48.17354078
343,Minnow,3,20200512,20200514,No,,6,Channel (DS-1),No,No,No,Minnow-3_5/12/2020,48.17362878,-123.1374577,12/16/2020 4:27,KSO,12/16/2020 4:27,KSO,d11466bd-1169-49b9-9046-a7e59eb54bc5,-123.1374577,48.17362878
344,Fukui,3,20200512,20200514,No,,6,Channel (DS-1),No,No,No,Fukui-3_5/12/2020,48.17371689,-123.137365,12/16/2020 4:27,KSO,12/16/2020 4:27,KSO,15e21f4d-cb85-4005-826f-9b3675e8903c,-123.137365,48.17371689
345,Minnow,4,20200512,20200514,No,,6,Channel (DS-1),No,No,No,Minnow-4_5/12/2020,48.173635,-123.1371881,12/16/2020 4:27,KSO,12/16/2020 4:27,KSO,1b9e1f41-0846-4fcf-8d63-2ec6888adacf,-123.1371881,48.173635
346,Fukui,4,20200512,20200514,No,,6,Channel (DS-1),No,No,No,Fukui-4_5/12/2020,48.17358756,-123.1371308,12/16/2020 4:27,KSO,12/16/2020 4:27,KSO,1bab8e49-7ed5-4636-a97b-20b7a7b7b7b7,-123.1371308,48.17358756
347,Minnow,5,20200512,20200514,No,,6,Channel (DS-1),No,No,No,Minnow-5_5/12/2020,48.17352,-123.1370607,12/16/2020 4:27,KSO,12/16/2020 4:27,KSO,900a0701-8c99-414b-abb2-56399598588d,-123.1370607,48.17352
348,Fukui,5,20200512,20200514,No,,6,Channel (DS-1),No,No,No,Fukui-5_5/12/2020,48.17346056,-123.1369946,12/16/2020 4:27,KSO,12/16/2020 4:27,KSO,7221052f-02a7-410d-ad11-00aab8b32e68,-123.1369946,48.17346056
349,Minnow,6,20200512,20200514,No,,6,Channel (DS-1),No,No,No,Minnow-6_5/12/2020,48.17345488,-123.1366236,12/16/2020 4:27,KSO,12/16/2020 4:27,KSO,ac69073a-e98b-482c-8c82-f5d2162760da,-123.1366236,48.17345488
350,Fukui,6,20200512,20200514,No,,6,Channel (DS-1),No,No,No,Fukui-6_5/12/2020,48.17355833,-123.1366276,12/16/2020 4:27,KSO,12/16/2020 4:27,KSO,cb131717-63ca-4246-8576-443506cac261,-123.1366276,48.17355833
351,Minnow,7,20200512,20200514,No,,6,Channel (DS-1),No,No,No,Minnow-7_5/12/2020,48.173625,-123.13657,12/16/2020 4:27,KSO,12/16/2020 4:27,KSO,e02b9f30-2b62-4b0c-b932-c93ce3dfb4db,-123.13657,48.173625
352,Fukui,7,20200512,20200514,No,,6,Channel (DS-1),No,No,No,Fukui-7_5/12/2020,48.17369,-123.1365467,12/16/2020 4:27,KSO,12/16/2020 4:27,KSO,31e0734f-4b3f-473c-8b52-c8eeabdf3b71,-123.1365467,48.17369
353,Fukui,8,20200512,20200514,No,,6,Channel (DS-1),No,No,No,Fukui-8_5/12/2020,48.17372833,-123.1363202,12/16/2020 4:27,KSO,12/16/2020 4:27,KSO,feccc736-9006-47c3-9a32-af513dd55c4a,-123.1363202,48.17372833
354,Minnow,8,20200512,20200514,No,,6,Channel (DS-1),No,No,No,Minnow-8_5/12/2020,48.17373433,-123.136437,12/16/2020 4:27,KSO,12/16/2020 4:27,KSO,13aa56f4-7e4d-4bcf-bc94-c6e3105cb616,-123.136437,48.17373433
355,Fukui,9,20200512,20200514,No,,6,Channel (DS-1),No,No,No,Fukui-9_5/12/2020,48.17385667,-123.1360667,12/16/2020 4:27,KSO,12/16/2020 4:27,KSO,f23407f8-f022-40ca-af0f-c3289729ff09,-123.1360667,48.17385667
356,Minnow,9,20200512,20200514,No,,6,Channel (DS-1),No,No,No,Minnow-9_5/12/2020,48.17382867,-123.1360574,12/16/2020 4:27,KSO,12/16/2020 4:27,KSO,36cb1125-19c0-40d1-8887-ffb622b0637c,-123.1360574,48.17382867
357,Minnow,10,20200512,20200514,No,,6,Channel (DS-1),No,No,No,Minnow-10_5/12/2020,48.17394244,-123.1363789,12/16/2020 4:27,KSO,12/16/2020 4:27,KSO,745d5b14-0a0c-403c-934f-74a9deca1fce,-123.1363789,48.17394244
358,Fukui,10,20200512,20200514,No,,6,Channel (DS-1),No,No,No,Fukui-10_5/12/2020,48.173947,-123.1364937,12/16/2020 4:27,KSO,12/16/2020 4:27,KSO,fa396678-990b-4970-9a50-123b4378c0f2,-123.1364937,48.173947
359,Minnow,11,20200512,20200514,No,,6,Channel (DS-1),No,No,No,Minnow-11_5/12/2020,48.17394722,-123.1366178,12/16/2020 4:27,KSO,12/16/2020 4:27,KSO,40b52df9-028a-4995-b2b1-d82bc15f79a4,-123.1366178,48.17394722
360,Fukui,11,20200512,20200514,No,,6,Channel (DS-1),No,No,No,Fukui-11_5/12/2020,48.17389433,-123.1368202,12/16/2020 4:27,KSO,12/16/2020 4:27,KSO,8bdf50a7-52be-4b94-9649-c7f29cc6f88d,-123.1368202,48.17389433
361,Minnow,12,20200512,20200514,No,,6,Channel (DS-1),No,No,No,Minnow-12_5/12/2020,48.173894,-123.1369583,12/16/2020 4:27,KSO,12/16/2020 4:27,KSO,8f4452fe-3404-4cc1-8b8a-aba041929ff0,-123.1369583,48.173894
362,Fukui,12,20200512,20200514,No,,6,Channel (DS-1),No,No,No,Fukui-12_5/12/2020,48.17389533,-123.1370116,12/16/2020 4:27,KSO,12/16/2020 4:27,KSO,edb95a8a-fc50-41a5-9bcf-cafa9364f13d,-123.1370116,48.17389533
363,Minnow,13,20200512,20200514,No,,6,Channel (DS-1),No,No,No,Minnow-13_5/12/2020,48.17422333,-123.1372433,12/16/2020 4:27,KSO,12/16/2020 4:27,KSO,d20262cc-a2cc-4212-9d48-bd438bfec1b2,-123.1372433,48.17422333
364,Minnow,14,20200512,20200514,No,,6,Channel (DS-1),No,No,No,Minnow-14_5/12/2020,48.17439478,-123.1374314,12/16/2020 4:27,KSO,12/16/2020 4:27,KSO,64bd71ce-6289-4537-ab7f-59f7a0d36289,-123.1374314,48.17439478
365,Fukui,14,20200512,20200514,No,,6,Channel (DS-1),No,No,No,Fukui-14_5/12/2020,48.17449167,-123.1375098,12/16/2020 4:27,KSO,12/16/2020 4:27,KSO,2c089c27-4b51-4d97-a352-d035c2f301bc,-123.1375098,48.17449167
366,Minnow,15,20200512,20200514,No,,6,Channel (DS-1),No,No,No,Minnow-15_5/12/2020,48.17450433,-123.1376613,12/16/2020 4:27,KSO,12/16/2020 4:27,KSO,51f9a8fa-7f33-49c9-8ffa-37b0203422bb,-123.1376613,48.17450433
367,Fukui,15,20200512,20200514,No,,6,Channel (DS-1),No,No,No,Fukui-15_5/12/2020,48.17450167,-123.1378383,12/16/2020 4:27,KSO,12/16/2020 4:27,KSO,789877d5-a709-4241-87ea-72fbd811acdc,-123.1378383,48.17450167
368,Minnow,16,20200512,20200514,No,,6,Channel (DS-1),No,No,No,Minnow-16_5/12/2020,48.17455944,-123.1379587,12/16/2020 4:27,KSO,12/16/2020 4:27,KSO,3124aaa0-7115-4dc0-927b-ffe7dcd7874a,-123.1379587,48.17455944
369,Fukui,16,20200512,20200514,No,,6,Channel (DS-1),No,No,No,Fukui-16_5/12/2020,48.174655,-123.1380012,12/16/2020 4:27,KSO,12/16/2020 4:27,KSO,e27be620-85cc-43ba-a062-908351b78fe8,-123.1380012,48.174655
370,Minnow,17,20200512,20200514,No,,6,Channel (DS-1),No,No,No,Minnow-17_5/12/2020,48.17475833,-123.1379583,12/16/2020 4:27,KSO,12/16/2020 4:27,KSO,7a8bbeef-34dd-4a06-99ac-428a88ad9eda,-123.1379583,48.17475833
371,Fukui,17,20200512,20200514,No,,6,Channel (DS-1),No,No,No,Fukui-17_5/12/2020,48.17485333,-123.1379717,12/16/2020 4:27,KSO,12/16/2020 4:27,KSO,397b4bf0-fea7-4c67-8f0c-9ffabe89f6bc,-123.1379717,48.17485333
372,Minnow,18,20200512,20200514,No,,6,Channel (DS-1),No,No,No,Minnow-18_5/12/2020,48.17495711,-123.138069,12/16/2020 4:27,KSO,12/16/2020 4:27,KSO,f465bf48-b23e-4adf-85e9-ccd5701b2a64,-123.138069,48.17495711
373,Fukui,18,20200512,20200514,No,,6,Channel (DS-1),No,No,No,Fukui-18_5/12/2020,48.17494311,-123.1382259,12/16/2020 4:27,KSO,12/16/2020 4:27,KSO,d8fe2a8c-86fd-4ccf-92c1-2a9917f80a7e,-123.1382259,48.17494311
374,Minnow,19,20200512,20200514,No,,6,Channel (DS-1),No,No,No,Minnow-19_5/12/2020,48.17500344,-123.1383383,12/16/2020 4:27,KSO,12/16/2020 4:27,KSO,a79b71cc-0e89-487a-aff5-39f3b0d51cd8,-123.1383383,48.17500344
375,Fukui,19,20200512,20200514,No,,6,Channel (DS-1),No,No,No,Fukui-19_5/12/2020,48.175052,-123.1384219,12/16/2020 4:27,KSO,12/16/2020 4:27,KSO,4dd01d6b-1fd6-4ad5-a4ad-cb3215aac291,-123.1384219,48.175052
376,Minnow,20,20200512,20200514,No,,6,Channel (DS-1),No,No,No,Minnow-20_5/12/2020,48.17503167,-123.1385517,12/16/2020 4:27,KSO,12/16/2020 4:27,KSO,48707588-e84e-43c8-b30a-776bb71e0b29,-123.1385517,48.17503167
377,Fukui,20,20200512,20200514,No,,6,Channel (DS-1),No,No,No,Fukui-20_5/12/2020,48.17493567,-123.1385969,12/16/2020 4:27,KSO,12/16/2020 4:27,KSO,f1c4a4e4-092c-4356-8792-c7ad796a1eb6,-123.1385969,48.17493567
378,Minnow,21,20200512,20200514,No,,6,Channel (DS-1),No,No,No,Minnow-21_5/12/2020,48.17477444,-123.1385917,12/16/2020 4:27,KSO,12/16/2020 4:27,KSO,ed604ea5-61b9-4e60-bd70-b7e04812ffab,-123.1385917,48.17477444
383,Fukui,13,20200519,20200522,No,,7,Channel (DS-1),No,No,No,Fukui-13_5/19/2020,48.174663,-123.1386298,12/16/2020 4:27,KSO,12/16/2020 4:27,KSO,0115b0b1-39ea-408b-be34-4a9f1141675b,-123.1386298,48.174663
384,Minnow,1,20200519,20200522,No,,7,Channel (DS-1),No,No,No,Minnow-1_5/19/2020,48.173235,-123.1373878,12/16/2020 4:27,KSO,12/16/2020 4:27,KSO,27ce2cc5-4367-4536-88e1-3d6c4e087844,-123.1373878,48.173235
385,Fukui,1,20200519,20200522,No,,7,Channel (DS-1),No,No,No,Fukui-1_5/19/2020,48.17331167,-123.1374167,12/16/2020 4:27,KSO,12/16/2020 4:27,KSO,54a44a50-ee72-4f57-a86d-58fc1f17f8cb,-123.1374167,48.17331167
386,Minnow,2,20200519,20200522,No,,7,Channel (DS-1),No,No,No,Minnow-2_5/19/2020,48.17341933,-123.1374863,12/16/2020 4:27,KSO,12/16/2020 4:27,KSO,51bd4504-dec9-4ab9-98a9-35f7f878b972,-123.1374863,48.17341933
387,Fukui,2,20200519,20200522,No,,7,Channel (DS-1),No,No,No,Fukui-2_5/19/2020,48.17354078,-123.1374861,12/16/2020 4:27,KSO,12/16/2020 4:27,KSO,1b64a151-5ae9-478e-b16a-556e6ac960d8,-123.1374861,48.17354078
388,Minnow,3,20200519,20200522,No,,7,Channel (DS-1),No,No,No,Minnow-3_5/19/2020,48.17362878,-123.1374577,12/16/2020 4:27,KSO,12/16/2020 4:27,KSO,3fb93094-d25c-4518-bb50-b12885074ded,-123.1374577,48.17362878
389,Fukui,3,20200519,20200522,No,,7,Channel (DS-1),No,No,No,Fukui-3_5/19/2020,48.17371689,-123.137365,12/16/2020 4:27,KSO,12/16/2020 4:27,KSO,9b43d166-eacd-4375-a664-1ac04f1ce259,-123.137365,48.17371689
390,Minnow,4,20200519,20200522,No,,7,Channel (DS-1),No,No,No,Minnow-4_5/19/2020,48.173635,-123.1371881,12/16/2020 4:27,KSO,12/16/2020 4:27,KSO,4da8de6c-0f90-4206-8bfb-45d86b041116,-123.1371881,48.173635
391,Fukui,4,20200519,20200522,No,,7,Channel (DS-1),No,No,No,Fukui-4_5/19/2020,48.17358756,-123.1371308,12/16/2020 4:27,KSO,12/16/2020 4:27,KSO,1e11f8a5-0d82-4c4f-b8b0-7720977794c7,-123.1371308,48.17358756
392,Minnow,5,20200519,20200522,No,,7,Channel (DS-1),No,No,No,Minnow-5_5/19/2020,48.17352,-123.1370607,12/16/2020 4:27,KSO,12/16/2020 4:27,KSO,ea973bd4-a4cd-4130-b648-f65ff9b242e1,-123.1370607,48.17352
393,Fukui,5,20200519,20200522,No,,7,Channel (DS-1),No,No,No,Fukui-5_5/19/2020,48.17346056,-123.1369946,12/16/2020 4:27,KSO,12/16/2020 4:27,KSO,a4bfbaf4-005e-4e82-8313-d6598b505462,-123.1369946,48.17346056
394,Minnow,6,20200519,20200522,No,,7,Channel (DS-1),No,No,No,Minnow-6_5/19/2020,48.17345488,-123.1366236,12/16/2020 4:27,KSO,12/16/2020 4:27,KSO,b5189204-b8a4-46fe-b241-74e4b9b82014,-123.1366236,48.17345488
395,Fukui,6,20200519,20200522,No,,7,Channel (DS-1),No,No,No,Fukui-6_5/19/2020,48.17355833,-123.1366276,12/16/2020 4:27,KSO,12/16/2020 4:27,KSO,829afbcd-be5e-400d-ae44-59381855f0cd,-123.1366276,48.17355833
396,Minnow,7,20200519,20200522,No,,7,Channel (DS-1),No,No,No,Minnow-7_5/19/2020,48.173625,-123.13657,12/16/2020 4:27,KSO,12/16/2020 4:27,KSO,0a236e1b-1e69-409f-9571-23d9ae7e6ffa,-123.13657,48.173625
397,Fukui,7,20200519,20200522,No,,7,Channel (DS-1),No,No,No,Fukui-7_5/19/2020,48.17369,-123.1365467,12/16/2020 4:27,KSO,12/16/2020 4:27,KSO,df063aeb-b30a-4e9b-88bb-b547155c0c3f,-123.1365467,48.17369
398,Fukui,8,20200519,20200522,No,,7,Channel (DS-1),No,No,No,Fukui-8_5/19/2020,48.17372833,-123.1363202,12/16/2020 4:27,KSO,12/16/2020 4:27,KSO,2dca805a-bca5-451f-b8ba-4bdf7afab637,-123.1363202,48.17372833
399,Minnow,8,20200519,20200522,No,,7,Channel (DS-1),No,No,No,Minnow-8_5/19/2020,48.17373433,-123.136437,12/16/2020 4:27,KSO,12/16/2020 4:27,KSO,66127b7b-1eda-43e6-bca3-7cb6400f5a65,-123.136437,48.17373433
400,Fukui,9,20200519,20200522,No,,7,Channel (DS-1),No,No,No,Fukui-9_5/19/2020,48.17385667,-123.1360667,12/16/2020 4:27,KSO,12/16/2020 4:27,KSO,7e0ef895-3e9a-4e8f-856b-2b42e1e7d7a2,-123.1360667,48.17385667
401,Minnow,9,20200519,20200522,No,,7,Channel (DS-1),No,No,No,Minnow-9_5/19/2020,48.17382867,-123.1360574,12/16/2020 4:27,KSO,12/16/2020 4:27,KSO,44beb9f9-6db7-496f-88e2-a0403cdc69af,-123.1360574,48.17382867
402,Minnow,10,20200519,20200522,No,,7,Channel (DS-1),No,No,No,Minnow-10_5/19/2020,48.17394244,-123.1363789,12/16/2020 4:27,KSO,12/16/2020 4:27,KSO,62d854c9-6fb4-4632-8534-12a4e0e449ac,-123.1363789,48.17394244
403,Fukui,10,20200519,20200522,No,,7,Channel (DS-1),No,No,No,Fukui-10_5/19/2020,48.173947,-123.1364937,12/16/2020 4:27,KSO,12/16/2020 4:27,KSO,caac9e1e-68b6-4cd6-a218-5dae9afec173,-123.1364937,48.173947
404,Minnow,11,20200519,20200522,No,,7,Channel (DS-1),No,No,No,Minnow-11_5/19/2020,48.17394722,-123.1366178,12/16/2020 4:27,KSO,12/16/2020 4:27,KSO,338054ad-e17a-4c50-b98e-d79a1c27f98a,-123.1366178,48.17394722
405,Fukui,11,20200519,20200522,No,,7,Channel (DS-1),No,No,No,Fukui-11_5/19/2020,48.17389433,-123.1368202,12/16/2020 4:27,KSO,12/16/2020 4:27,KSO,c80c3413-3b0a-4aa8-adae-3fcd0f0a5abe,-123.1368202,48.17389433
406,Minnow,12,20200519,20200522,No,,7,Channel (DS-1),No,No,No,Minnow-12_5/19/2020,48.173894,-123.1369583,12/16/2020 4:27,KSO,12/16/2020 4:27,KSO,2d87830e-7939-4c87-99c5-df943ebccb68,-123.1369583,48.173894
407,Fukui,12,20200519,20200522,No,,7,Channel (DS-1),No,No,No,Fukui-12_5/19/2020,48.17389533,-123.1370116,12/16/2020 4:27,KSO,12/16/2020 4:27,KSO,7e0b5308-e334-4e69-a8d4-b5aa68282b00,-123.1370116,48.17389533
408,Minnow,13,20200519,20200522,No,,7,Channel (DS-1),No,No,No,Minnow-13_5/19/2020,48.17422333,-123.1372433,12/16/2020 4:27,KSO,12/16/2020 4:27,KSO,0cd0f6b4-89a8-47a7-ba21-46afc183ae22,-123.1372433,48.17422333
409,Minnow,14,20200519,20200522,No,,7,Channel (DS-1),No,No,No,Minnow-14_5/19/2020,48.17439478,-123.1374314,12/16/2020 4:27,KSO,12/16/2020 4:27,KSO,1961960a-9b30-4963-b3ff-1a22925eab56,-123.1374314,48.17439478
410,Fukui,14,20200519,20200522,No,,7,Channel (DS-1),No,No,No,Fukui-14_5/19/2020,48.17449167,-123.1375098,12/16/2020 4:27,KSO,12/16/2020 4:27,KSO,9ed82d2a-c974-4602-ac2f-367e157b3247,-123.1375098,48.17449167
411,Minnow,15,20200519,20200522,No,,7,Channel (DS-1),No,No,No,Minnow-15_5/19/2020,48.17450433,-123.1376613,12/16/2020 4:27,KSO,12/16/2020 4:27,KSO,81f0d938-e075-423d-85b9-2f2614d8ca71,-123.1376613,48.17450433
412,Fukui,15,20200519,20200522,No,,7,Channel (DS-1),No,No,No,Fukui-15_5/19/2020,48.17450167,-123.1378383,12/16/2020 4:27,KSO,12/16/2020 4:27,KSO,cdc6d798-6653-4497-a476-8a86d68f96da,-123.1378383,48.17450167
413,Minnow,16,20200519,20200522,No,,7,Channel (DS-1),No,No,No,Minnow-16_5/19/2020,48.17455944,-123.1379587,12/16/2020 4:27,KSO,12/16/2020 4:27,KSO,0ed6ad84-4b2c-432b-84f4-eecddb1a3fc7,-123.1379587,48.17455944
414,Fukui,16,20200519,20200522,No,,7,Channel (DS-1),No,No,No,Fukui-16_5/19/2020,48.174655,-123.1380012,12/16/2020 4:27,KSO,12/16/2020 4:27,KSO,02c545e0-5f22-411e-9abf-a21b6677241a,-123.1380012,48.174655
415,Minnow,17,20200519,20200522,No,,7,Channel (DS-1),No,No,No,Minnow-17_5/19/2020,48.17475833,-123.1379583,12/16/2020 4:27,KSO,12/16/2020 4:27,KSO,78f57730-29be-4d69-a77b-45232ebe37f7,-123.1379583,48.17475833
416,Fukui,17,20200519,20200522,No,,7,Channel (DS-1),No,No,No,Fukui-17_5/19/2020,48.17485333,-123.1379717,12/16/2020 4:27,KSO,12/16/2020 4:27,KSO,8a3ccd08-24c9-406a-90e2-e63be468e977,-123.1379717,48.17485333
417,Minnow,18,20200519,20200522,No,,7,Channel (DS-1),No,No,No,Minnow-18_5/19/2020,48.17495711,-123.138069,12/16/2020 4:27,KSO,12/16/2020 4:27,KSO,58c651bc-a6ee-4ec4-a030-d275547d0d11,-123.138069,48.17495711
418,Fukui,18,20200519,20200522,No,,7,Channel (DS-1),No,No,No,Fukui-18_5/19/2020,48.17494311,-123.1382259,12/16/2020 4:27,KSO,12/16/2020 4:27,KSO,13ff84b3-7a23-4354-9d6a-7d0b51b6f5df,-123.1382259,48.17494311
419,Minnow,19,20200519,20200522,No,,7,Channel (DS-1),No,No,No,Minnow-19_5/19/2020,48.17500344,-123.1383383,12/16/2020 4:27,KSO,12/16/2020 4:27,KSO,beb7d5aa-aba3-4edd-aec5-2a7417f1e1ad,-123.1383383,48.17500344
420,Fukui,19,20200519,20200522,No,,7,Channel (DS-1),No,No,No,Fukui-19_5/19/2020,48.175052,-123.1384219,12/16/2020 4:27,KSO,12/16/2020 4:27,KSO,6f793e5f-f5d1-435a-a84a-9ec29d1ee34b,-123.1384219,48.175052
421,Minnow,20,20200519,20200522,No,,7,Channel (DS-1),No,No,No,Minnow-20_5/19/2020,48.17503167,-123.1385517,12/16/2020 4:27,KSO,12/16/2020 4:27,KSO,1d47bf17-2862-48ff-bd49-fa98c404695e,-123.1385517,48.17503167
422,Fukui,20,20200519,20200522,No,,7,Channel (DS-1),No,No,No,Fukui-20_5/19/2020,48.17493567,-123.1385969,12/16/2020 4:27,KSO,12/16/2020 4:27,KSO,ab7287c7-6340-4a2d-b271-ec5cacb9383f,-123.1385969,48.17493567
423,Minnow,21,20200519,20200522,No,,7,Channel (DS-1),No,No,No,Minnow-21_5/19/2020,48.17477444,-123.1385917,12/16/2020 4:27,KSO,12/16/2020 4:27,KSO,942ed977-338b-4635-9956-cba207c65dda,-123.1385917,48.17477444
428,Fukui,13,20200527,20200528,No,,8,Channel (DS-1),No,No,No,Fukui-13_5/27/2020,48.174663,-123.1386298,12/16/2020 4:27,KSO,12/16/2020 4:27,KSO,bd3953c4-a2f3-4088-a7e1-e6ad3912f23e,-123.1386298,48.174663
435,Minnow,10,20200527,20200528,No,,8,Channel (DS-1),No,No,No,Minnow-10_5/27/2020,48.17394244,-123.1363789,12/16/2020 4:27,KSO,12/16/2020 4:27,KSO,ae5b1849-963b-417a-9999-4c7e84a072dc,-123.1363789,48.17394244
436,Fukui,10,20200527,20200528,No,,8,Channel (DS-1),No,No,No,Fukui-10_5/27/2020,48.173947,-123.1364937,12/16/2020 4:27,KSO,12/16/2020 4:27,KSO,148db84c-98fa-4ce6-999d-4cdf06fe179e,-123.1364937,48.173947
437,Minnow,11,20200527,20200528,No,,8,Channel (DS-1),No,No,No,Minnow-11_5/27/2020,48.17394722,-123.1366178,12/16/2020 4:27,KSO,12/16/2020 4:27,KSO,24cf978d-5fc2-4e0b-9185-a641bda88151,-123.1366178,48.17394722
438,Fukui,11,20200527,20200528,No,,8,Channel (DS-1),No,No,No,Fukui-11_5/27/2020,48.17389433,-123.1368202,12/16/2020 4:27,KSO,12/16/2020 4:27,KSO,2bc0410d-548f-4212-8f2b-7b920e191688,-123.1368202,48.17389433
439,Minnow,12,20200527,20200528,No,,8,Channel (DS-1),No,No,No,Minnow-12_5/27/2020,48.173894,-123.1369583,12/16/2020 4:27,KSO,12/16/2020 4:27,KSO,ade41103-ef28-4c32-963e-47c9f5488584,-123.1369583,48.173894
440,Fukui,12,20200527,20200528,No,,8,Channel (DS-1),No,No,No,Fukui-12_5/27/2020,48.17389533,-123.1370116,12/16/2020 4:27,KSO,12/16/2020 4:27,KSO,1a705ef2-eec1-44f2-9ff2-913ad75afef5,-123.1370116,48.17389533
441,Minnow,13,20200527,20200528,No,,8,Channel (DS-1),No,No,No,Minnow-13_5/27/2020,48.17422333,-123.1372433,12/16/2020 4:27,KSO,12/16/2020 4:27,KSO,2987cd57-3bda-4234-bac1-be6987ae7945,-123.1372433,48.17422333
442,Minnow,14,20200527,20200528,No,,8,Channel (DS-1),No,No,No,Minnow-14_5/27/2020,48.17439478,-123.1374314,12/16/2020 4:27,KSO,12/16/2020 4:27,KSO,7e40fb2d-5562-4ae1-9acd-33bad59d9234,-123.1374314,48.17439478
443,Fukui,14,20200527,20200528,No,,8,Channel (DS-1),No,No,No,Fukui-14_5/27/2020,48.17449167,-123.1375098,12/16/2020 4:27,KSO,12/16/2020 4:27,KSO,671235b5-e1df-4848-ba0b-92c784c797bf,-123.1375098,48.17449167
444,Minnow,15,20200527,20200528,No,,8,Channel (DS-1),No,No,No,Minnow-15_5/27/2020,48.17450433,-123.1376613,12/16/2020 4:27,KSO,12/16/2020 4:27,KSO,2dd83f2b-ad70-4246-8f35-a10ecd76b163,-123.1376613,48.17450433
445,Fukui,15,20200527,20200528,No,,8,Channel (DS-1),No,No,No,Fukui-15_5/27/2020,48.17450167,-123.1378383,12/16/2020 4:27,KSO,12/16/2020 4:27,KSO,3f2e652f-b270-4ed0-acc6-7dcd90b302be,-123.1378383,48.17450167
446,Minnow,16,20200527,20200528,No,,8,Channel (DS-1),No,No,No,Minnow-16_5/27/2020,48.17455944,-123.1379587,12/16/2020 4:27,KSO,12/16/2020 4:27,KSO,25d7bc21-5294-46ef-a37f-e30b1fc2405b,-123.1379587,48.17455944
447,Fukui,16,20200527,20200528,No,,8,Channel (DS-1),No,No,No,Fukui-16_5/27/2020,48.174655,-123.1380012,12/16/2020 4:27,KSO,12/16/2020 4:27,KSO,08a15208-1d02-44cc-a55a-40275ec8d897,-123.1380012,48.174655
448,Minnow,17,20200527,20200528,No,,8,Channel (DS-1),No,No,No,Minnow-17_5/27/2020,48.17475833,-123.1379583,12/16/2020 4:27,KSO,12/16/2020 4:27,KSO,adcc8120-efee-455f-b82b-fe5174011e92,-123.1379583,48.17475833
449,Fukui,17,20200527,20200528,No,,8,Channel (DS-1),No,No,No,Fukui-17_5/27/2020,48.17485333,-123.1379717,12/16/2020 4:27,KSO,12/16/2020 4:27,KSO,1a5238f5-9eff-4842-a886-9581e2dd0ac5,-123.1379717,48.17485333
450,Minnow,18,20200527,20200528,No,,8,Channel (DS-1),No,No,No,Minnow-18_5/27/2020,48.17495711,-123.138069,12/16/2020 4:27,KSO,12/16/2020 4:27,KSO,c407cc01-bd3a-431d-b3f7-0a926536ccf7,-123.138069,48.17495711
451,Fukui,18,20200527,20200528,No,,8,Channel (DS-1),No,No,No,Fukui-18_5/27/2020,48.17494311,-123.1382259,12/16/2020 4:27,KSO,12/16/2020 4:27,KSO,c36d0ea4-0d23-41d0-95ff-31bfa741d000,-123.1382259,48.17494311
452,Minnow,19,20200527,20200528,No,,8,Channel (DS-1),No,No,No,Minnow-19_5/27/2020,48.17500344,-123.1383383,12/16/2020 4:27,KSO,12/16/2020 4:27,KSO,7b6879ec-fa61-4164-a663-f5198dede4de,-123.1383383,48.17500344
453,Fukui,19,20200527,20200528,No,,8,Channel (DS-1),No,No,No,Fukui-19_5/27/2020,48.175052,-123.1384219,12/16/2020 4:27,KSO,12/16/2020 4:27,KSO,204aedc2-d78f-43cd-9c96-46e9845e399d,-123.1384219,48.175052
454,Minnow,20,20200527,20200528,No,,8,Channel (DS-1),No,No,No,Minnow-20_5/27/2020,48.17503167,-123.1385517,12/16/2020 4:27,KSO,12/16/2020 4:27,KSO,c389fa37-65f7-4210-b564-bef87327047f,-123.1385517,48.17503167
455,Fukui,20,20200527,20200528,No,,8,Channel (DS-1),No,No,No,Fukui-20_5/27/2020,48.17493567,-123.1385969,12/16/2020 4:27,KSO,12/16/2020 4:27,KSO,0f65e4ea-591d-4233-ba64-b29e468678bd,-123.1385969,48.17493567
456,Minnow,21,20200527,20200528,No,,8,Channel (DS-1),No,No,No,Minnow-21_5/27/2020,48.17477444,-123.1385917,12/16/2020 4:27,KSO,12/16/2020 4:27,KSO,4c31aeaf-5a3f-4ae2-8c68-819f3522c435,-123.1385917,48.17477444
429,Minnow,6,20200527,20200528,No,,8,Channel (DS-1),No,No,Yes,Minnow-6_5/27/2020,48.17345488,-123.1366236,12/16/2020 4:27,KSO,12/16/2020 4:27,KSO,a63fb5ab-f250-4f55-8fa3-31c6f7bfd6f8,-123.1366236,48.17345488
430,Fukui,6,20200527,20200528,No,,8,Channel (DS-1),No,No,Yes,Fukui-6_5/27/2020,48.17355833,-123.1366276,12/16/2020 4:27,KSO,12/16/2020 4:27,KSO,b7a203eb-c9a1-4755-9a9a-5473f23f5717,-123.1366276,48.17355833
431,Minnow,7,20200527,20200528,No,,8,Channel (DS-1),No,No,Yes,Minnow-7_5/27/2020,48.173625,-123.13657,12/16/2020 4:27,KSO,12/16/2020 4:27,KSO,f5faca7a-8710-416c-b9e2-8d73d29c1c7b,-123.13657,48.173625
432,Fukui,7,20200527,20200528,No,,8,Channel (DS-1),No,No,Yes,Fukui-7_5/27/2020,48.17369,-123.1365467,12/16/2020 4:27,KSO,12/16/2020 4:27,KSO,c54da4f1-4110-4eee-8368-09633b20350a,-123.1365467,48.17369
433,Fukui,8,20200527,20200528,No,,8,Channel (DS-1),No,No,Yes,Fukui-8_5/27/2020,48.17372833,-123.1363202,12/16/2020 4:27,KSO,12/16/2020 4:27,KSO,9285c79d-9f33-4d79-b4fc-150475a9afe9,-123.1363202,48.17372833
434,Minnow,8,20200527,20200528,No,,8,Channel (DS-1),No,No,Yes,Minnow-8_5/27/2020,48.17373433,-123.136437,12/16/2020 4:27,KSO,12/16/2020 4:27,KSO,284620ea-b1f6-4927-9e73-8c6299988f15,-123.136437,48.17373433
164,Burrow,1,20200514,20200603,No,,6,Channel (DS-1),No,No,No,Burrow-1_5/14/2020 10:59:46 PM,48.174295,-123.137328,12/16/2020 4:27,KSO,12/16/2020 4:27,KSO,f120ef76-e634-4d14-ae48-ec439c864ea2,-123.137328,48.174295
469,Fukui,13,20200603,20200605,No,,9,Channel (DS-1),No,No,No,Fukui-13_6/3/2020,48.174663,-123.1386298,12/16/2020 4:27,KSO,12/16/2020 4:27,KSO,48e0027a-1577-4d9b-987a-7fe182c0eca4,-123.1386298,48.174663
470,Minnow,1,20200603,20200605,No,,9,Channel (DS-1),No,No,No,Minnow-1_6/3/2020,48.173235,-123.1373878,12/16/2020 4:27,KSO,12/16/2020 4:27,KSO,8b1addb0-7d5c-4a64-b0c7-0b7202fab7ee,-123.1373878,48.173235
471,Fukui,1,20200603,20200605,No,,9,Channel (DS-1),No,No,No,Fukui-1_6/3/2020,48.17331167,-123.1374167,12/16/2020 4:27,KSO,12/16/2020 4:27,KSO,9b8dd0d6-f018-4f65-add6-f15496bc93e0,-123.1374167,48.17331167
472,Minnow,2,20200603,20200605,No,,9,Channel (DS-1),No,No,No,Minnow-2_6/3/2020,48.17341933,-123.1374863,12/16/2020 4:27,KSO,12/16/2020 4:27,KSO,e62d34d5-88e1-4e9f-b53b-aeceda651d2c,-123.1374863,48.17341933
473,Fukui,2,20200603,20200605,No,,9,Channel (DS-1),No,No,No,Fukui-2_6/3/2020,48.17354078,-123.1374861,12/16/2020 4:27,KSO,12/16/2020 4:27,KSO,3ebe8f05-c332-4ad1-9281-ff8380f35302,-123.1374861,48.17354078
474,Minnow,3,20200603,20200605,No,,9,Channel (DS-1),No,No,No,Minnow-3_6/3/2020,48.17362878,-123.1374577,12/16/2020 4:27,KSO,12/16/2020 4:27,KSO,c6c11430-e07c-4025-9849-c01a8b2cc5fd,-123.1374577,48.17362878
475,Fukui,3,20200603,20200605,No,,9,Channel (DS-1),No,No,No,Fukui-3_6/3/2020,48.17371689,-123.137365,12/16/2020 4:27,KSO,12/16/2020 4:27,KSO,753362c3-3ccc-486f-ab92-7f44efe15de5,-123.137365,48.17371689
476,Minnow,4,20200603,20200605,No,,9,Channel (DS-1),No,No,No,Minnow-4_6/3/2020,48.173635,-123.1371881,12/16/2020 4:27,KSO,12/16/2020 4:27,KSO,950c03ae-c44c-460a-8273-3c39f2114c34,-123.1371881,48.173635
477,Fukui,4,20200603,20200605,No,,9,Channel (DS-1),No,No,No,Fukui-4_6/3/2020,48.17358756,-123.1371308,12/16/2020 4:27,KSO,12/16/2020 4:27,KSO,59b5e400-c13b-4c0c-8e5e-3ef0246bf943,-123.1371308,48.17358756
478,Minnow,5,20200603,20200605,No,,9,Channel (DS-1),No,No,No,Minnow-5_6/3/2020,48.17352,-123.1370607,12/16/2020 4:27,KSO,12/16/2020 4:27,KSO,86621581-1b0c-4ca5-a4f1-5afc3bba9ba4,-123.1370607,48.17352
479,Fukui,5,20200603,20200605,No,,9,Channel (DS-1),No,No,No,Fukui-5_6/3/2020,48.17346056,-123.1369946,12/16/2020 4:27,KSO,12/16/2020 4:27,KSO,e1447c25-6561-4ff7-95ec-8e78a94b24b5,-123.1369946,48.17346056
480,Minnow,6,20200603,20200605,No,,9,Channel (DS-1),No,No,No,Minnow-6_6/3/2020,48.17345488,-123.1366236,12/16/2020 4:27,KSO,12/16/2020 4:27,KSO,f9522458-a86f-4e18-9998-ee7e704d70a5,-123.1366236,48.17345488
481,Fukui,6,20200603,20200605,No,,9,Channel (DS-1),No,No,No,Fukui-6_6/3/2020,48.17355833,-123.1366276,12/16/2020 4:27,KSO,12/16/2020 4:27,KSO,e2230a91-67f2-4ca6-a8bb-77a1c2013189,-123.1366276,48.17355833
482,Minnow,7,20200603,20200605,No,,9,Channel (DS-1),No,No,No,Minnow-7_6/3/2020,48.173625,-123.13657,12/16/2020 4:27,KSO,12/16/2020 4:27,KSO,3fc8c98a-6351-4bca-b976-bc5f06aacc75,-123.13657,48.173625
483,Fukui,7,20200603,20200605,No,,9,Channel (DS-1),No,No,No,Fukui-7_6/3/2020,48.17369,-123.1365467,12/16/2020 4:27,KSO,12/16/2020 4:27,KSO,11eb1d9a-402d-4c8b-b30a-39a3a7073f46,-123.1365467,48.17369
484,Fukui,8,20200603,20200605,No,,9,Channel (DS-1),No,No,No,Fukui-8_6/3/2020,48.17372833,-123.1363202,12/16/2020 4:27,KSO,12/16/2020 4:27,KSO,991284ae-f088-45e3-9c5b-ed2d19ba668a,-123.1363202,48.17372833
485,Minnow,8,20200603,20200605,No,,9,Channel (DS-1),No,No,No,Minnow-8_6/3/2020,48.17373433,-123.136437,12/16/2020 4:27,KSO,12/16/2020 4:27,KSO,1799a886-e2ea-490f-b01e-f681f2210e5a,-123.136437,48.17373433
486,Fukui,9,20200603,20200605,No,,9,Channel (DS-1),No,No,No,Fukui-9_6/3/2020,48.17385667,-123.1360667,12/16/2020 4:27,KSO,12/16/2020 4:27,KSO,ef9b3a95-4ca2-4a2d-81af-3e5dc3a3d63c,-123.1360667,48.17385667
487,Minnow,9,20200603,20200605,No,,9,Channel (DS-1),No,No,No,Minnow-9_6/3/2020,48.17382867,-123.1360574,12/16/2020 4:27,KSO,12/16/2020 4:27,KSO,d667cbf2-4ae0-4482-aded-5d2a5a6124e7,-123.1360574,48.17382867
488,Minnow,10,20200603,20200605,No,,9,Channel (DS-1),No,No,No,Minnow-10_6/3/2020,48.17394244,-123.1363789,12/16/2020 4:27,KSO,12/16/2020 4:27,KSO,9ff747e1-ceae-4206-920e-2b5b9d6e3134,-123.1363789,48.17394244
489,Fukui,10,20200603,20200605,No,,9,Channel (DS-1),No,No,No,Fukui-10_6/3/2020,48.173947,-123.1364937,12/16/2020 4:27,KSO,12/16/2020 4:27,KSO,b6591555-158f-4e0b-90ec-f3a255ef3c15,-123.1364937,48.173947
490,Minnow,11,20200603,20200605,No,,9,Channel (DS-1),No,No,No,Minnow-11_6/3/2020,48.17394722,-123.1366178,12/16/2020 4:27,KSO,12/16/2020 4:27,KSO,32224bc3-4c83-4802-a509-0081e2d3d580,-123.1366178,48.17394722
491,Fukui,11,20200603,20200605,No,,9,Channel (DS-1),No,No,No,Fukui-11_6/3/2020,48.17389433,-123.1368202,12/16/2020 4:27,KSO,12/16/2020 4:27,KSO,321dc9d5-ed40-45c4-92f9-095a521ad04e,-123.1368202,48.17389433
492,Minnow,12,20200603,20200605,No,,9,Channel (DS-1),No,No,No,Minnow-12_6/3/2020,48.173894,-123.1369583,12/16/2020 4:27,KSO,12/16/2020 4:27,KSO,e353e73b-af36-49df-a25c-eab2b4b1db75,-123.1369583,48.173894
493,Fukui,12,20200603,20200605,No,,9,Channel (DS-1),No,No,No,Fukui-12_6/3/2020,48.17389533,-123.1370116,12/16/2020 4:27,KSO,12/16/2020 4:27,KSO,a33c973a-480b-4e2f-a91c-fda6ac908bce,-123.1370116,48.17389533
494,Minnow,13,20200603,20200605,No,,9,Channel (DS-1),No,No,No,Minnow-13_6/3/2020,48.17422333,-123.1372433,12/16/2020 4:27,KSO,12/16/2020 4:27,KSO,7729f583-c524-45d1-92f6-f391c2321c6e,-123.1372433,48.17422333
495,Minnow,14,20200603,20200605,No,,9,Channel (DS-1),No,No,No,Minnow-14_6/3/2020,48.17439478,-123.1374314,12/16/2020 4:27,KSO,12/16/2020 4:27,KSO,334146cd-03ea-4506-9bac-792e145af21e,-123.1374314,48.17439478
496,Fukui,14,20200603,20200605,No,,9,Channel (DS-1),No,No,No,Fukui-14_6/3/2020,48.17449167,-123.1375098,12/16/2020 4:27,KSO,12/16/2020 4:27,KSO,6378832e-9cc2-43ef-a2f2-801bdf016f9b,-123.1375098,48.17449167
497,Minnow,15,20200603,20200605,No,,9,Channel (DS-1),No,No,No,Minnow-15_6/3/2020,48.17450433,-123.1376613,12/16/2020 4:27,KSO,12/16/2020 4:27,KSO,9eb35cb7-ba8d-4a42-b047-ffc3cb056d72,-123.1376613,48.17450433
498,Fukui,15,20200603,20200605,No,,9,Channel (DS-1),No,No,No,Fukui-15_6/3/2020,48.17450167,-123.1378383,12/16/2020 4:27,KSO,12/16/2020 4:27,KSO,d22a7ba0-1d72-4c1c-a079-c15338f4842b,-123.1378383,48.17450167
499,Minnow,16,20200603,20200605,No,,9,Channel (DS-1),No,No,No,Minnow-16_6/3/2020,48.17455944,-123.1379587,12/16/2020 4:27,KSO,12/16/2020 4:27,KSO,c384a477-1b9d-4a17-bfe4-aed9756a4672,-123.1379587,48.17455944
500,Fukui,16,20200603,20200605,No,,9,Channel (DS-1),No,No,No,Fukui-16_6/3/2020,48.174655,-123.1380012,12/16/2020 4:27,KSO,12/16/2020 4:27,KSO,7cb11398-5632-4d15-89db-271ffb874789,-123.1380012,48.174655
501,Minnow,17,20200603,20200605,No,,9,Channel (DS-1),No,No,No,Minnow-17_6/3/2020,48.17475833,-123.1379583,12/16/2020 4:27,KSO,12/16/2020 4:27,KSO,ced6e9e4-1c9d-4d46-908e-751a4116f80d,-123.1379583,48.17475833
502,Fukui,17,20200603,20200605,No,,9,Channel (DS-1),No,No,No,Fukui-17_6/3/2020,48.17485333,-123.1379717,12/16/2020 4:27,KSO,12/16/2020 4:27,KSO,d9920c84-5cee-4f27-91cc-e340d3467980,-123.1379717,48.17485333
503,Minnow,18,20200603,20200605,No,,9,Channel (DS-1),No,No,No,Minnow-18_6/3/2020,48.17495711,-123.138069,12/16/2020 4:27,KSO,12/16/2020 4:27,KSO,c4fd2216-e3ca-4d43-aad7-45889c93fc97,-123.138069,48.17495711
504,Fukui,18,20200603,20200605,No,,9,Channel (DS-1),No,No,No,Fukui-18_6/3/2020,48.17494311,-123.1382259,12/16/2020 4:27,KSO,12/16/2020 4:27,KSO,82bba818-81dc-48df-9c5b-7b6b74f0d325,-123.1382259,48.17494311
505,Minnow,19,20200603,20200605,No,,9,Channel (DS-1),No,No,No,Minnow-19_6/3/2020,48.17500344,-123.1383383,12/16/2020 4:27,KSO,12/16/2020 4:27,KSO,17b9a052-78a7-411f-8295-cc1a5283d042,-123.1383383,48.17500344
506,Fukui,19,20200603,20200605,No,,9,Channel (DS-1),No,No,No,Fukui-19_6/3/2020,48.175052,-123.1384219,12/16/2020 4:27,KSO,12/16/2020 4:27,KSO,f5332380-5f84-4a9e-b5dd-b80e532168e4,-123.1384219,48.175052
507,Minnow,20,20200603,20200605,No,,9,Channel (DS-1),No,No,No,Minnow-20_6/3/2020,48.17503167,-123.1385517,12/16/2020 4:27,KSO,12/16/2020 4:27,KSO,1e2eda6a-211c-4715-8731-b45e51e43e5a,-123.1385517,48.17503167
508,Fukui,20,20200603,20200605,No,,9,Channel (DS-1),No,No,No,Fukui-20_6/3/2020,48.17493567,-123.1385969,12/16/2020 4:27,KSO,12/16/2020 4:27,KSO,7d09f3d4-a385-497f-95b6-bb59af163a31,-123.1385969,48.17493567
509,Minnow,21,20200603,20200605,No,,9,Channel (DS-1),No,No,No,Minnow-21_6/3/2020,48.17477444,-123.1385917,12/16/2020 4:27,KSO,12/16/2020 4:27,KSO,f79b9bd7-37d5-45f6-9ec4-6d8857574bc2,-123.1385917,48.17477444
514,Fukui,13,20200608,20200611,No,,10,Channel (DS-1),No,No,No,Fukui-13_6/8/2020,48.174663,-123.1386298,12/16/2020 4:27,KSO,12/16/2020 4:27,KSO,5eb27a4e-0961-4a39-8b0f-292fff6c0ee2,-123.1386298,48.174663
515,Minnow,1,20200608,20200611,No,,10,Channel (DS-1),No,No,No,Minnow-1_6/8/2020,48.173235,-123.1373878,12/16/2020 4:27,KSO,12/16/2020 4:27,KSO,7b91dc61-0902-4fd5-8095-843af4a5a5e1,-123.1373878,48.173235
516,Fukui,1,20200608,20200611,No,,10,Channel (DS-1),No,No,No,Fukui-1_6/8/2020,48.17331167,-123.1374167,12/16/2020 4:27,KSO,12/16/2020 4:27,KSO,495a654e-503b-4d44-aabe-f19b7d711ee6,-123.1374167,48.17331167
517,Minnow,2,20200608,20200611,No,,10,Channel (DS-1),No,No,No,Minnow-2_6/8/2020,48.17341933,-123.1374863,12/16/2020 4:27,KSO,12/16/2020 4:27,KSO,f4be6d4a-08c1-41fb-b03f-8e08404815c5,-123.1374863,48.17341933
518,Fukui,2,20200608,20200611,No,,10,Channel (DS-1),No,No,No,Fukui-2_6/8/2020,48.17354078,-123.1374861,12/16/2020 4:27,KSO,12/16/2020 4:27,KSO,421232ec-3539-45bb-8a1b-d195dd8d21f3,-123.1374861,48.17354078
519,Minnow,3,20200608,20200611,No,,10,Channel (DS-1),No,No,No,Minnow-3_6/8/2020,48.17362878,-123.1374577,12/16/2020 4:27,KSO,12/16/2020 4:27,KSO,e17e6ed7-623f-4701-aca0-fbbede57805c,-123.1374577,48.17362878
520,Fukui,3,20200608,20200611,No,,10,Channel (DS-1),No,No,No,Fukui-3_6/8/2020,48.17371689,-123.137365,12/16/2020 4:27,KSO,12/16/2020 4:27,KSO,b491590e-9a55-45dc-8851-d78ac318de79,-123.137365,48.17371689
521,Minnow,4,20200608,20200611,No,,10,Channel (DS-1),No,No,No,Minnow-4_6/8/2020,48.173635,-123.1371881,12/16/2020 4:27,KSO,12/16/2020 4:27,KSO,2642f620-d4b1-4354-a7f1-a08309f3cee6,-123.1371881,48.173635
522,Fukui,4,20200608,20200611,No,,10,Channel (DS-1),No,No,No,Fukui-4_6/8/2020,48.17358756,-123.1371308,12/16/2020 4:27,KSO,12/16/2020 4:27,KSO,5f0c4237-afe6-45c9-9dd7-5aa4f749bf14,-123.1371308,48.17358756
523,Minnow,5,20200608,20200611,No,,10,Channel (DS-1),No,No,No,Minnow-5_6/8/2020,48.17352,-123.1370607,12/16/2020 4:27,KSO,12/16/2020 4:27,KSO,6aecfced-a919-462b-819c-160e1c456e4b,-123.1370607,48.17352
524,Fukui,5,20200608,20200611,No,,10,Channel (DS-1),No,No,No,Fukui-5_6/8/2020,48.17346056,-123.1369946,12/16/2020 4:27,KSO,12/16/2020 4:27,KSO,22915df6-1e27-434a-9dbe-27329cc040e9,-123.1369946,48.17346056
525,Minnow,6,20200608,20200611,No,,10,Channel (DS-1),No,No,No,Minnow-6_6/8/2020,48.17345488,-123.1366236,12/16/2020 4:27,KSO,12/16/2020 4:27,KSO,0b7312e2-9666-4e39-9fcc-62ec2a2a06a0,-123.1366236,48.17345488
526,Fukui,6,20200608,20200611,No,,10,Channel (DS-1),No,No,No,Fukui-6_6/8/2020,48.17355833,-123.1366276,12/16/2020 4:27,KSO,12/16/2020 4:27,KSO,20249d09-c19e-402b-9014-f8a591aa3a78,-123.1366276,48.17355833
527,Minnow,7,20200608,20200611,No,,10,Channel (DS-1),No,No,No,Minnow-7_6/8/2020,48.173625,-123.13657,12/16/2020 4:27,KSO,12/16/2020 4:27,KSO,661635c4-f1b9-49c0-8eb9-133a1d20195d,-123.13657,48.173625
528,Fukui,7,20200608,20200611,No,,10,Channel (DS-1),No,No,No,Fukui-7_6/8/2020,48.17369,-123.1365467,12/16/2020 4:27,KSO,12/16/2020 4:27,KSO,02366436-7294-4048-8974-d445fb7433be,-123.1365467,48.17369
529,Fukui,8,20200608,20200611,No,,10,Channel (DS-1),No,No,No,Fukui-8_6/8/2020,48.17372833,-123.1363202,12/16/2020 4:27,KSO,12/16/2020 4:27,KSO,160ebf3c-fc0b-4525-9540-22b0e7382624,-123.1363202,48.17372833
530,Minnow,8,20200608,20200611,No,,10,Channel (DS-1),No,No,No,Minnow-8_6/8/2020,48.17373433,-123.136437,12/16/2020 4:27,KSO,12/16/2020 4:27,KSO,5ed04628-8f3d-40ce-adad-7e0f1461a511,-123.136437,48.17373433
531,Fukui,9,20200608,20200611,No,,10,Channel (DS-1),No,No,No,Fukui-9_6/8/2020,48.17385667,-123.1360667,12/16/2020 4:27,KSO,12/16/2020 4:27,KSO,4d4c364f-238a-4f04-983c-fa2cb55a5291,-123.1360667,48.17385667
532,Minnow,9,20200608,20200611,No,,10,Channel (DS-1),No,No,No,Minnow-9_6/8/2020,48.17382867,-123.1360574,12/16/2020 4:27,KSO,12/16/2020 4:27,KSO,9187b60d-e848-4288-971e-2926c6be3eaf,-123.1360574,48.17382867
533,Minnow,10,20200608,20200611,No,,10,Channel (DS-1),No,No,No,Minnow-10_6/8/2020,48.17394244,-123.1363789,12/16/2020 4:27,KSO,12/16/2020 4:27,KSO,cb87ebab-f196-4949-bf7a-91d9d0ffb14b,-123.1363789,48.17394244
534,Fukui,10,20200608,20200611,No,,10,Channel (DS-1),No,No,No,Fukui-10_6/8/2020,48.173947,-123.1364937,12/16/2020 4:27,KSO,12/16/2020 4:27,KSO,f98793dc-7a38-49d8-9e2e-7cb8479a0113,-123.1364937,48.173947
535,Minnow,11,20200608,20200611,No,,10,Channel (DS-1),No,No,No,Minnow-11_6/8/2020,48.17394722,-123.1366178,12/16/2020 4:27,KSO,12/16/2020 4:27,KSO,a06ca243-65f1-4b09-b02a-e2d56fdebaee,-123.1366178,48.17394722
536,Fukui,11,20200608,20200611,No,,10,Channel (DS-1),No,No,No,Fukui-11_6/8/2020,48.17389433,-123.1368202,12/16/2020 4:27,KSO,12/16/2020 4:27,KSO,53705c4e-5727-450c-aa69-20135fba873f,-123.1368202,48.17389433
537,Minnow,12,20200608,20200611,No,,10,Channel (DS-1),No,No,No,Minnow-12_6/8/2020,48.173894,-123.1369583,12/16/2020 4:27,KSO,12/16/2020 4:27,KSO,c2a026cb-4435-4db2-849a-717a871afa39,-123.1369583,48.173894
538,Fukui,12,20200608,20200611,No,,10,Channel (DS-1),No,No,No,Fukui-12_6/8/2020,48.17389533,-123.1370116,12/16/2020 4:27,KSO,12/16/2020 4:27,KSO,2f913c48-c335-477d-8e9a-53ca2617f5f7,-123.1370116,48.17389533
539,Minnow,13,20200608,20200611,No,,10,Channel (DS-1),No,No,No,Minnow-13_6/8/2020,48.17422333,-123.1372433,12/16/2020 4:27,KSO,12/16/2020 4:27,KSO,6837b86e-8667-44a9-b731-69e08c2e89ad,-123.1372433,48.17422333
540,Minnow,14,20200608,20200611,No,,10,Channel (DS-1),No,No,No,Minnow-14_6/8/2020,48.17439478,-123.1374314,12/16/2020 4:27,KSO,12/16/2020 4:27,KSO,08237e28-b7cf-4f8e-9c4b-ddd60c8d88df,-123.1374314,48.17439478
541,Fukui,14,20200608,20200611,No,,10,Channel (DS-1),No,No,No,Fukui-14_6/8/2020,48.17449167,-123.1375098,12/16/2020 4:27,KSO,12/16/2020 4:27,KSO,af425dfa-534c-4373-9bfa-a9a0438a4736,-123.1375098,48.17449167
542,Minnow,15,20200608,20200611,No,,10,Channel (DS-1),No,No,No,Minnow-15_6/8/2020,48.17450433,-123.1376613,12/16/2020 4:27,KSO,12/16/2020 4:27,KSO,1904b0ba-0d31-454b-8b93-936fadbb6e89,-123.1376613,48.17450433
543,Fukui,15,20200608,20200611,No,,10,Channel (DS-1),No,No,No,Fukui-15_6/8/2020,48.17450167,-123.1378383,12/16/2020 4:27,KSO,12/16/2020 4:27,KSO,597cc32f-b5e3-41b9-871c-31a1d02cdb24,-123.1378383,48.17450167
544,Minnow,16,20200608,20200611,No,,10,Channel (DS-1),No,No,No,Minnow-16_6/8/2020,48.17455944,-123.1379587,12/16/2020 4:27,KSO,12/16/2020 4:27,KSO,1c2ce7d1-cfa2-43f7-a326-d5886494dbe2,-123.1379587,48.17455944
545,Fukui,16,20200608,20200611,No,,10,Channel (DS-1),No,No,No,Fukui-16_6/8/2020,48.174655,-123.1380012,12/16/2020 4:27,KSO,12/16/2020 4:27,KSO,64af06c6-de56-4c97-b2d6-da964d338f9a,-123.1380012,48.174655
546,Minnow,17,20200608,20200611,No,,10,Channel (DS-1),No,No,No,Minnow-17_6/8/2020,48.17475833,-123.1379583,12/16/2020 4:27,KSO,12/16/2020 4:27,KSO,52765674-3e7f-4167-be25-1956a4c30eea,-123.1379583,48.17475833
547,Fukui,17,20200608,20200611,No,,10,Channel (DS-1),No,No,No,Fukui-17_6/8/2020,48.17485333,-123.1379717,12/16/2020 4:27,KSO,12/16/2020 4:27,KSO,3f5df3e5-c243-40ca-bf90-dbb5342d1a01,-123.1379717,48.17485333
548,Minnow,18,20200608,20200611,No,,10,Channel (DS-1),No,No,No,Minnow-18_6/8/2020,48.17495711,-123.138069,12/16/2020 4:27,KSO,12/16/2020 4:27,KSO,31fb9072-ad71-4791-98df-96deca590b7c,-123.138069,48.17495711
549,Fukui,18,20200608,20200611,No,,10,Channel (DS-1),No,No,No,Fukui-18_6/8/2020,48.17494311,-123.1382259,12/16/2020 4:27,KSO,12/16/2020 4:27,KSO,47163797-73ac-4902-bb60-0e4f21a27517,-123.1382259,48.17494311
550,Minnow,19,20200608,20200611,No,,10,Channel (DS-1),No,No,No,Minnow-19_6/8/2020,48.17500344,-123.1383383,12/16/2020 4:27,KSO,12/16/2020 4:27,KSO,a7ceab8b-54fe-4fda-9797-5d6786756abc,-123.1383383,48.17500344
551,Fukui,19,20200608,20200611,No,,10,Channel (DS-1),No,No,No,Fukui-19_6/8/2020,48.175052,-123.1384219,12/16/2020 4:27,KSO,12/16/2020 4:27,KSO,7e9a11fc-ab56-409c-b91f-ddca86a64d90,-123.1384219,48.175052
552,Minnow,20,20200608,20200611,No,,10,Channel (DS-1),No,No,No,Minnow-20_6/8/2020,48.17503167,-123.1385517,12/16/2020 4:27,KSO,12/16/2020 4:27,KSO,63d2a350-9a84-4c8a-bc2f-f50bfd7b05f5,-123.1385517,48.17503167
553,Fukui,20,20200608,20200611,No,,10,Channel (DS-1),No,No,No,Fukui-20_6/8/2020,48.17493567,-123.1385969,12/16/2020 4:27,KSO,12/16/2020 4:27,KSO,1c9b3262-ffc7-4e88-819b-bea4a5d8fb2e,-123.1385969,48.17493567
554,Minnow,21,20200608,20200611,No,,10,Channel (DS-1),No,No,No,Minnow-21_6/8/2020,48.17477444,-123.1385917,12/16/2020 4:27,KSO,12/16/2020 4:27,KSO,f51560c8-8777-4fd4-9894-22212d98d984,-123.1385917,48.17477444
561,Fukui,13,20200618,20200619,No,,11,Channel (DS-1),No,No,No,Fukui-13_6/18/2020,48.174663,-123.1386298,12/16/2020 4:27,KSO,12/16/2020 4:27,KSO,b9d88009-6117-409b-8c53-0c15831e881b,-123.1386298,48.174663
562,Minnow,1,20200618,20200619,No,,11,Channel (DS-1),No,No,No,Minnow-1_6/18/2020,48.173235,-123.1373878,12/16/2020 4:27,KSO,12/16/2020 4:27,KSO,639c5012-5ea6-4454-a864-391f1b77b2bd,-123.1373878,48.173235
563,Fukui,1,20200618,20200619,No,,11,Channel (DS-1),No,No,No,Fukui-1_6/18/2020,48.17331167,-123.1374167,12/16/2020 4:27,KSO,12/16/2020 4:27,KSO,4f7b60b7-053a-4927-afbf-fae1565b3941,-123.1374167,48.17331167
564,Minnow,2,20200618,20200619,No,,11,Channel (DS-1),No,No,No,Minnow-2_6/18/2020,48.17341933,-123.1374863,12/16/2020 4:27,KSO,12/16/2020 4:27,KSO,a1132df2-dcc3-47e3-8eba-11493f6db1d7,-123.1374863,48.17341933
565,Fukui,2,20200618,20200619,No,,11,Channel (DS-1),No,No,No,Fukui-2_6/18/2020,48.17354078,-123.1374861,12/16/2020 4:27,KSO,12/16/2020 4:27,KSO,901d54f0-391e-42f7-8de0-3f572e947f1e,-123.1374861,48.17354078
566,Minnow,3,20200618,20200619,No,,11,Channel (DS-1),No,No,No,Minnow-3_6/18/2020,48.17362878,-123.1374577,12/16/2020 4:27,KSO,12/16/2020 4:27,KSO,50fec8cb-7a73-4fe0-bcd3-6ceeb02da6b5,-123.1374577,48.17362878
567,Fukui,3,20200618,20200619,No,,11,Channel (DS-1),No,No,No,Fukui-3_6/18/2020,48.17371689,-123.137365,12/16/2020 4:27,KSO,12/16/2020 4:27,KSO,1f2ecb11-40e4-494d-80a6-d187eb4c78e5,-123.137365,48.17371689
568,Minnow,4,20200618,20200619,No,,11,Channel (DS-1),No,No,No,Minnow-4_6/18/2020,48.173635,-123.1371881,12/16/2020 4:27,KSO,12/16/2020 4:27,KSO,b9e55c48-1428-48f6-a444-c6ee550eb242,-123.1371881,48.173635
569,Fukui,4,20200618,20200619,No,,11,Channel (DS-1),No,No,No,Fukui-4_6/18/2020,48.17358756,-123.1371308,12/16/2020 4:27,KSO,12/16/2020 4:27,KSO,b672e668-21fd-4b04-afb1-067e5e1ac9d4,-123.1371308,48.17358756
570,Minnow,5,20200618,20200619,No,,11,Channel (DS-1),No,No,No,Minnow-5_6/18/2020,48.17352,-123.1370607,12/16/2020 4:27,KSO,12/16/2020 4:27,KSO,a1a44bb9-811e-4882-bd6e-46e7ba2c09ab,-123.1370607,48.17352
571,Fukui,5,20200618,20200619,No,,11,Channel (DS-1),No,No,No,Fukui-5_6/18/2020,48.17346056,-123.1369946,12/16/2020 4:27,KSO,12/16/2020 4:27,KSO,c6fb4a22-1aa7-4943-a08e-ef749a238e30,-123.1369946,48.17346056
578,Fukui,9,20200618,20200619,No,,11,Channel (DS-1),No,No,No,Fukui-9_6/18/2020,48.17385667,-123.1360667,12/16/2020 4:27,KSO,12/16/2020 4:27,KSO,0ebf7822-c2b8-4441-80c4-aa18213f276a,-123.1360667,48.17385667
579,Minnow,9,20200618,20200619,No,,11,Channel (DS-1),No,No,No,Minnow-9_6/18/2020,48.17382867,-123.1360574,12/16/2020 4:27,KSO,12/16/2020 4:27,KSO,7ee20d02-aeb2-4eac-8685-0b5df4ef9e5e,-123.1360574,48.17382867
580,Minnow,10,20200618,20200619,No,,11,Channel (DS-1),No,No,No,Minnow-10_6/18/2020,48.17394244,-123.1363789,12/16/2020 4:27,KSO,12/16/2020 4:27,KSO,de812668-6455-4279-9d97-20cf86b1f21f,-123.1363789,48.17394244
581,Fukui,10,20200618,20200619,No,,11,Channel (DS-1),No,No,No,Fukui-10_6/18/2020,48.173947,-123.1364937,12/16/2020 4:27,KSO,12/16/2020 4:27,KSO,7379d800-e0fe-47b6-b545-a32e3c23af6c,-123.1364937,48.173947
582,Minnow,11,20200618,20200619,No,,11,Channel (DS-1),No,No,No,Minnow-11_6/18/2020,48.17394722,-123.1366178,12/16/2020 4:27,KSO,12/16/2020 4:27,KSO,02a953f8-1584-4db0-b68b-871335bb9912,-123.1366178,48.17394722
583,Fukui,11,20200618,20200619,No,,11,Channel (DS-1),No,No,No,Fukui-11_6/18/2020,48.17389433,-123.1368202,12/16/2020 4:27,KSO,12/16/2020 4:27,KSO,191817d3-0475-4376-b961-f0e60ef7905c,-123.1368202,48.17389433
584,Minnow,12,20200618,20200619,No,,11,Channel (DS-1),No,No,No,Minnow-12_6/18/2020,48.173894,-123.1369583,12/16/2020 4:27,KSO,12/16/2020 4:27,KSO,f2f8d879-cb13-457a-8466-af74be919174,-123.1369583,48.173894
585,Fukui,12,20200618,20200619,No,,11,Channel (DS-1),No,No,No,Fukui-12_6/18/2020,48.17389533,-123.1370116,12/16/2020 4:27,KSO,12/16/2020 4:27,KSO,f48e8700-b7fc-402b-8bba-da2e8a5828be,-123.1370116,48.17389533
586,Minnow,13,20200618,20200619,No,,11,Channel (DS-1),No,No,No,Minnow-13_6/18/2020,48.17422333,-123.1372433,12/16/2020 4:27,KSO,12/16/2020 4:27,KSO,1b8364bb-3fff-45b2-8f5a-6134c493fcb6,-123.1372433,48.17422333
587,Minnow,14,20200618,20200619,No,,11,Channel (DS-1),No,No,No,Minnow-14_6/18/2020,48.17439478,-123.1374314,12/16/2020 4:27,KSO,12/16/2020 4:27,KSO,d644394c-6369-4435-8dfc-2c9158be5512,-123.1374314,48.17439478
588,Fukui,14,20200618,20200619,No,,11,Channel (DS-1),No,No,No,Fukui-14_6/18/2020,48.17449167,-123.1375098,12/16/2020 4:27,KSO,12/16/2020 4:27,KSO,be5125f8-be30-4538-b4c7-e8c3ba2ed319,-123.1375098,48.17449167
589,Minnow,15,20200618,20200619,No,,11,Channel (DS-1),No,No,No,Minnow-15_6/18/2020,48.17450433,-123.1376613,12/16/2020 4:27,KSO,12/16/2020 4:27,KSO,e0dd45ce-15f7-45d9-b5bb-36dd97352b65,-123.1376613,48.17450433
590,Fukui,15,20200618,20200619,No,,11,Channel (DS-1),No,No,No,Fukui-15_6/18/2020,48.17450167,-123.1378383,12/16/2020 4:27,KSO,12/16/2020 4:27,KSO,0eb1d7e5-9fcf-4e46-a5ca-6f3a16b7f7c0,-123.1378383,48.17450167
591,Minnow,16,20200618,20200619,No,,11,Channel (DS-1),No,No,No,Minnow-16_6/18/2020,48.17455944,-123.1379587,12/16/2020 4:27,KSO,12/16/2020 4:27,KSO,d5420c12-31c4-4382-b403-ce6a515ad352,-123.1379587,48.17455944
592,Fukui,16,20200618,20200619,No,,11,Channel (DS-1),No,No,No,Fukui-16_6/18/2020,48.174655,-123.1380012,12/16/2020 4:27,KSO,12/16/2020 4:27,KSO,1cee5279-8c79-4849-97a5-346d8e7531e5,-123.1380012,48.174655
593,Minnow,17,20200618,20200619,No,,11,Channel (DS-1),No,No,No,Minnow-17_6/18/2020,48.17475833,-123.1379583,12/16/2020 4:27,KSO,12/16/2020 4:27,KSO,818535d9-fda3-43ee-b0d6-404cd5195e7b,-123.1379583,48.17475833
594,Fukui,17,20200618,20200619,No,,11,Channel (DS-1),No,No,No,Fukui-17_6/18/2020,48.17485333,-123.1379717,12/16/2020 4:27,KSO,12/16/2020 4:27,KSO,5a038461-235a-41af-b251-6771bb9abb33,-123.1379717,48.17485333
595,Minnow,18,20200618,20200619,No,,11,Channel (DS-1),No,No,No,Minnow-18_6/18/2020,48.17495711,-123.138069,12/16/2020 4:27,KSO,12/16/2020 4:27,KSO,ea14b315-8aa8-4584-ae2c-610c29a86373,-123.138069,48.17495711
596,Fukui,18,20200618,20200619,No,,11,Channel (DS-1),No,No,No,Fukui-18_6/18/2020,48.17494311,-123.1382259,12/16/2020 4:27,KSO,12/16/2020 4:27,KSO,78d59566-2492-4e3f-8f30-37a22a319e44,-123.1382259,48.17494311
597,Minnow,19,20200618,20200619,No,,11,Channel (DS-1),No,No,No,Minnow-19_6/18/2020,48.17500344,-123.1383383,12/16/2020 4:27,KSO,12/16/2020 4:27,KSO,8edae8e0-5285-4fcb-8d86-6ede7a8d5a68,-123.1383383,48.17500344
598,Fukui,19,20200618,20200619,No,,11,Channel (DS-1),No,No,No,Fukui-19_6/18/2020,48.175052,-123.1384219,12/16/2020 4:27,KSO,12/16/2020 4:27,KSO,1bc392cc-de59-472e-82a7-e5c0f8739e41,-123.1384219,48.175052
599,Minnow,20,20200618,20200619,No,,11,Channel (DS-1),No,No,No,Minnow-20_6/18/2020,48.17503167,-123.1385517,12/16/2020 4:27,KSO,12/16/2020 4:27,KSO,24021725-0ac3-4ed5-b87a-e72a5c32eedd,-123.1385517,48.17503167
600,Fukui,20,20200618,20200619,No,,11,Channel (DS-1),No,No,No,Fukui-20_6/18/2020,48.17493567,-123.1385969,12/16/2020 4:27,KSO,12/16/2020 4:27,KSO,21f54d88-c0c8-4b3c-8f9c-4bf2b1cde2f1,-123.1385969,48.17493567
601,Minnow,21,20200618,20200619,No,,11,Channel (DS-1),No,No,No,Minnow-21_6/18/2020,48.17477444,-123.1385917,12/16/2020 4:27,KSO,12/16/2020 4:27,KSO,007a3ad2-f2be-481f-ba92-201f02c66fde,-123.1385917,48.17477444
572,Minnow,6,20200618,20200619,No,,11,Channel (DS-1),No,No,Yes,Minnow-6_6/18/2020,48.17345488,-123.1366236,12/16/2020 4:27,KSO,12/16/2020 4:27,KSO,862c0e3e-ae26-4038-b97d-6e815afa35aa,-123.1366236,48.17345488
573,Fukui,6,20200618,20200619,No,,11,Channel (DS-1),No,No,Yes,Fukui-6_6/18/2020,48.17355833,-123.1366276,12/16/2020 4:27,KSO,12/16/2020 4:27,KSO,ecdb0c43-a279-481f-bf27-bd78b8d4821b,-123.1366276,48.17355833
574,Minnow,7,20200618,20200619,No,,11,Channel (DS-1),No,No,Yes,Minnow-7_6/18/2020,48.173625,-123.13657,12/16/2020 4:27,KSO,12/16/2020 4:27,KSO,d86dd993-edcb-406c-b937-5a119a8423d0,-123.13657,48.173625
575,Fukui,7,20200618,20200619,No,,11,Channel (DS-1),No,No,Yes,Fukui-7_6/18/2020,48.17369,-123.1365467,12/16/2020 4:27,KSO,12/16/2020 4:27,KSO,5e5f3440-90b5-4f22-b52f-94fcd4ba9457,-123.1365467,48.17369
576,Fukui,8,20200618,20200619,No,,11,Channel (DS-1),No,No,Yes,Fukui-8_6/18/2020,48.17372833,-123.1363202,12/16/2020 4:27,KSO,12/16/2020 4:27,KSO,3a4291b4-877c-4ff4-8902-7f62561b43e3,-123.1363202,48.17372833
577,Minnow,8,20200618,20200619,No,,11,Channel (DS-1),No,No,Yes,Minnow-8_6/18/2020,48.17373433,-123.136437,12/16/2020 4:27,KSO,12/16/2020 4:27,KSO,43accad9-744e-4d0d-a57e-3d34ac7c8016,-123.136437,48.17373433
169,Burrow,1,20200603,20200624,No,"Set week 9, pulled week 12",9,Channel (DS-1),No,No,No,Burrow-1_6/3/2020 4:11:51 PM,48.17371678,-123.1368751,12/16/2020 4:27,KSO,12/16/2020 4:27,KSO,b052b3ff-5d22-4fe2-8615-2724c73bcc82,-123.1368751,48.17371678
606,Fukui,13,20200624,20200625,No,,12,Channel (DS-1),No,No,No,Fukui-13_6/24/2020,48.174663,-123.1386298,12/16/2020 4:27,KSO,12/16/2020 4:27,KSO,7cadb29c-bf1f-4aba-b778-e1e89957d40d,-123.1386298,48.174663
607,Minnow,1,20200624,20200625,No,,12,Channel (DS-1),No,No,No,Minnow-1_6/24/2020,48.173235,-123.1373878,12/16/2020 4:27,KSO,12/16/2020 4:27,KSO,28ff5ced-513c-4c2b-a5f8-e9990e96f3ef,-123.1373878,48.173235
608,Fukui,1,20200624,20200625,No,,12,Channel (DS-1),No,No,No,Fukui-1_6/24/2020,48.17331167,-123.1374167,12/16/2020 4:27,KSO,12/16/2020 4:27,KSO,4c6b9856-01a6-4c9e-81e2-67ae4b7498bc,-123.1374167,48.17331167
609,Minnow,2,20200624,20200625,No,,12,Channel (DS-1),No,No,No,Minnow-2_6/24/2020,48.17341933,-123.1374863,12/16/2020 4:27,KSO,12/16/2020 4:27,KSO,567a6f66-36cd-4e81-926e-963fabaed259,-123.1374863,48.17341933
610,Fukui,2,20200624,20200625,No,,12,Channel (DS-1),No,No,No,Fukui-2_6/24/2020,48.17354078,-123.1374861,12/16/2020 4:27,KSO,12/16/2020 4:27,KSO,35b006b4-7e87-40d7-b723-3dc57db9d4f5,-123.1374861,48.17354078
611,Minnow,3,20200624,20200625,No,,12,Channel (DS-1),No,No,No,Minnow-3_6/24/2020,48.17362878,-123.1374577,12/16/2020 4:27,KSO,12/16/2020 4:27,KSO,967c7cd1-23fa-4ce0-a33d-af691a71ec96,-123.1374577,48.17362878
612,Fukui,3,20200624,20200625,No,,12,Channel (DS-1),No,No,No,Fukui-3_6/24/2020,48.17371689,-123.137365,12/16/2020 4:27,KSO,12/16/2020 4:27,KSO,dee06f0c-0e2e-4d76-a116-fbbf35aad196,-123.137365,48.17371689
613,Minnow,4,20200624,20200625,No,,12,Channel (DS-1),No,No,No,Minnow-4_6/24/2020,48.173635,-123.1371881,12/16/2020 4:27,KSO,12/16/2020 4:27,KSO,35f2c17c-cd4c-43ab-9d68-2fd9c9fbdbdc,-123.1371881,48.173635
614,Fukui,4,20200624,20200625,No,,12,Channel (DS-1),No,No,No,Fukui-4_6/24/2020,48.17358756,-123.1371308,12/16/2020 4:27,KSO,12/16/2020 4:27,KSO,f451266d-f9eb-4997-bc0e-6ab6bb9bb229,-123.1371308,48.17358756
615,Minnow,5,20200624,20200625,No,,12,Channel (DS-1),No,No,No,Minnow-5_6/24/2020,48.17352,-123.1370607,12/16/2020 4:27,KSO,12/16/2020 4:27,KSO,26460b5b-8a40-4ebc-9e53-50020f5f5f10,-123.1370607,48.17352
616,Fukui,5,20200624,20200625,No,,12,Channel (DS-1),No,No,No,Fukui-5_6/24/2020,48.17346056,-123.1369946,12/16/2020 4:27,KSO,12/16/2020 4:27,KSO,c8426b2a-1a9a-4821-ae3f-d1a3dc362d36,-123.1369946,48.17346056
617,Minnow,6,20200624,20200625,No,,12,Channel (DS-1),No,No,No,Minnow-6_6/24/2020,48.17345488,-123.1366236,12/16/2020 4:27,KSO,12/16/2020 4:27,KSO,52088337-6a28-44dd-805f-9ceee45e204e,-123.1366236,48.17345488
618,Fukui,6,20200624,20200625,No,,12,Channel (DS-1),No,No,No,Fukui-6_6/24/2020,48.17355833,-123.1366276,12/16/2020 4:27,KSO,12/16/2020 4:27,KSO,afc4121d-e8c4-47df-a085-6bd2dcc72412,-123.1366276,48.17355833
619,Minnow,7,20200624,20200625,No,,12,Channel (DS-1),No,No,No,Minnow-7_6/24/2020,48.173625,-123.13657,12/16/2020 4:27,KSO,12/16/2020 4:27,KSO,1da7294a-d3ab-41e6-84a9-495b4d6bda31,-123.13657,48.173625
620,Fukui,7,20200624,20200625,No,,12,Channel (DS-1),No,No,No,Fukui-7_6/24/2020,48.17369,-123.1365467,12/16/2020 4:27,KSO,12/16/2020 4:27,KSO,4eb1f644-f661-473a-bcac-63ebfea38756,-123.1365467,48.17369
621,Fukui,8,20200624,20200625,No,,12,Channel (DS-1),No,No,No,Fukui-8_6/24/2020,48.17372833,-123.1363202,12/16/2020 4:27,KSO,12/16/2020 4:27,KSO,de6badc6-fb4c-4fa7-9054-1bf55cb9a831,-123.1363202,48.17372833
622,Minnow,8,20200624,20200625,No,,12,Channel (DS-1),No,No,No,Minnow-8_6/24/2020,48.17373433,-123.136437,12/16/2020 4:27,KSO,12/16/2020 4:27,KSO,61fc1bd1-b9d8-4455-882e-024feff6ae86,-123.136437,48.17373433
623,Fukui,9,20200624,20200625,No,,12,Channel (DS-1),No,No,No,Fukui-9_6/24/2020,48.17385667,-123.1360667,12/16/2020 4:27,KSO,12/16/2020 4:27,KSO,bb8bf153-f512-4b0e-83c9-7ace9c0f0de4,-123.1360667,48.17385667
624,Minnow,9,20200624,20200625,No,,12,Channel (DS-1),No,No,No,Minnow-9_6/24/2020,48.17382867,-123.1360574,12/16/2020 4:27,KSO,12/16/2020 4:27,KSO,0cafdc0e-485e-4060-b85a-51317b6b9fae,-123.1360574,48.17382867
625,Minnow,10,20200624,20200625,No,,12,Channel (DS-1),No,No,No,Minnow-10_6/24/2020,48.17394244,-123.1363789,12/16/2020 4:27,KSO,12/16/2020 4:27,KSO,f64c5d9e-df2d-45fc-81ca-0eb3b3dad1a4,-123.1363789,48.17394244
626,Fukui,10,20200624,20200625,No,,12,Channel (DS-1),No,No,No,Fukui-10_6/24/2020,48.173947,-123.1364937,12/16/2020 4:27,KSO,12/16/2020 4:27,KSO,8ad5d2f6-af74-44f0-b97e-7d241135983f,-123.1364937,48.173947
627,Minnow,11,20200624,20200625,No,,12,Channel (DS-1),No,No,No,Minnow-11_6/24/2020,48.17394722,-123.1366178,12/16/2020 4:27,KSO,12/16/2020 4:27,KSO,0a9c0f37-832b-4ecd-a653-856d6e247b5c,-123.1366178,48.17394722
628,Fukui,11,20200624,20200625,No,,12,Channel (DS-1),No,No,No,Fukui-11_6/24/2020,48.17389433,-123.1368202,12/16/2020 4:27,KSO,12/16/2020 4:27,KSO,862aef15-1ac1-449f-bdb8-1d1ae83c19a5,-123.1368202,48.17389433
629,Minnow,12,20200624,20200625,No,,12,Channel (DS-1),No,No,No,Minnow-12_6/24/2020,48.173894,-123.1369583,12/16/2020 4:27,KSO,12/16/2020 4:27,KSO,a25535c9-12e5-46bf-91da-3fe7e1394b5b,-123.1369583,48.173894
630,Fukui,12,20200624,20200625,No,,12,Channel (DS-1),No,No,No,Fukui-12_6/24/2020,48.17389533,-123.1370116,12/16/2020 4:27,KSO,12/16/2020 4:27,KSO,8c3bd95c-545d-4fbb-83f1-54dc8c9eae30,-123.1370116,48.17389533
631,Minnow,13,20200624,20200625,No,,12,Channel (DS-1),No,No,No,Minnow-13_6/24/2020,48.17422333,-123.1372433,12/16/2020 4:27,KSO,12/16/2020 4:27,KSO,9cc68b59-144e-4e8c-915d-2ef0fc26bbf7,-123.1372433,48.17422333
632,Minnow,14,20200624,20200625,No,,12,Channel (DS-1),No,No,No,Minnow-14_6/24/2020,48.17439478,-123.1374314,12/16/2020 4:27,KSO,12/16/2020 4:27,KSO,20f35f5c-c599-41d2-bd92-a31ff28b10cb,-123.1374314,48.17439478
633,Fukui,14,20200624,20200625,No,,12,Channel (DS-1),No,No,No,Fukui-14_6/24/2020,48.17449167,-123.1375098,12/16/2020 4:27,KSO,12/16/2020 4:27,KSO,c19baa26-07ce-4bf4-8ee8-110901cce514,-123.1375098,48.17449167
634,Minnow,15,20200624,20200625,No,,12,Channel (DS-1),No,No,No,Minnow-15_6/24/2020,48.17450433,-123.1376613,12/16/2020 4:27,KSO,12/16/2020 4:27,KSO,cfd610ee-4b6b-4daf-a030-a84b17baedac,-123.1376613,48.17450433
635,Fukui,15,20200624,20200625,No,,12,Channel (DS-1),No,No,No,Fukui-15_6/24/2020,48.17450167,-123.1378383,12/16/2020 4:27,KSO,12/16/2020 4:27,KSO,da0a5811-d19b-4087-9a40-960efe795ed1,-123.1378383,48.17450167
636,Minnow,16,20200624,20200625,No,,12,Channel (DS-1),No,No,No,Minnow-16_6/24/2020,48.17455944,-123.1379587,12/16/2020 4:27,KSO,12/16/2020 4:27,KSO,b75a2a25-16a4-484a-add0-dc72f2d9feca,-123.1379587,48.17455944
637,Fukui,16,20200624,20200625,No,,12,Channel (DS-1),No,No,No,Fukui-16_6/24/2020,48.174655,-123.1380012,12/16/2020 4:27,KSO,12/16/2020 4:27,KSO,3a5f4c5f-d47c-477d-bbb9-863565b47fa6,-123.1380012,48.174655
638,Minnow,17,20200624,20200625,No,,12,Channel (DS-1),No,No,No,Minnow-17_6/24/2020,48.17475833,-123.1379583,12/16/2020 4:27,KSO,12/16/2020 4:27,KSO,238962c9-1c4e-47aa-a9e3-831243953e27,-123.1379583,48.17475833
639,Fukui,17,20200624,20200625,No,,12,Channel (DS-1),No,No,No,Fukui-17_6/24/2020,48.17485333,-123.1379717,12/16/2020 4:27,KSO,12/16/2020 4:27,KSO,080e805c-1e21-4924-b3cc-f16806e6fa18,-123.1379717,48.17485333
640,Minnow,18,20200624,20200625,No,,12,Channel (DS-1),No,No,No,Minnow-18_6/24/2020,48.17495711,-123.138069,12/16/2020 4:27,KSO,12/16/2020 4:27,KSO,5edf84b4-e0e0-43d6-8b15-f0425fc2827d,-123.138069,48.17495711
641,Fukui,18,20200624,20200625,No,,12,Channel (DS-1),No,No,No,Fukui-18_6/24/2020,48.17494311,-123.1382259,12/16/2020 4:27,KSO,12/16/2020 4:27,KSO,0c1f3b64-a5ea-4818-81fe-22bfe039cf53,-123.1382259,48.17494311
642,Minnow,19,20200624,20200625,No,,12,Channel (DS-1),No,No,No,Minnow-19_6/24/2020,48.17500344,-123.1383383,12/16/2020 4:27,KSO,12/16/2020 4:27,KSO,b571be77-215e-4655-a838-878d49ba7f85,-123.1383383,48.17500344
643,Fukui,19,20200624,20200625,No,,12,Channel (DS-1),No,No,No,Fukui-19_6/24/2020,48.175052,-123.1384219,12/16/2020 4:27,KSO,12/16/2020 4:27,KSO,b50eb74e-7e95-41c6-ac5b-b4c4aee7fbbd,-123.1384219,48.175052
644,Minnow,20,20200624,20200625,No,,12,Channel (DS-1),No,No,No,Minnow-20_6/24/2020,48.17503167,-123.1385517,12/16/2020 4:27,KSO,12/16/2020 4:27,KSO,cce2e669-75af-4cf1-884f-98d658eb33bd,-123.1385517,48.17503167
645,Fukui,20,20200624,20200625,No,,12,Channel (DS-1),No,No,No,Fukui-20_6/24/2020,48.17493567,-123.1385969,12/16/2020 4:27,KSO,12/16/2020 4:27,KSO,8020789e-82d3-470c-ad43-775843ef17bf,-123.1385969,48.17493567
646,Minnow,21,20200624,20200625,No,,12,Channel (DS-1),No,No,No,Minnow-21_6/24/2020,48.17477444,-123.1385917,12/16/2020 4:27,KSO,12/16/2020 4:27,KSO,d85d4ddf-5586-4657-8fc3-ebacd8ee8267,-123.1385917,48.17477444
248,Fukui,13,20200706,20200709,No,,14,Channel (DS-1),No,No,No,Fukui-13_7/6/2020,48.174663,-123.1386298,12/16/2020 4:27,KSO,12/16/2020 4:27,KSO,9ea53634-58da-4d8f-89b0-3899e045ba0c,-123.1386298,48.174663
249,Minnow,1,20200706,20200709,No,,14,Channel (DS-1),No,No,No,Minnow-1_7/6/2020,48.173235,-123.1373878,12/16/2020 4:27,KSO,12/16/2020 4:27,KSO,10a3cd04-4244-4bf5-97a9-ec3f9e46d5fe,-123.1373878,48.173235
250,Fukui,1,20200706,20200709,No,,14,Channel (DS-1),No,No,No,Fukui-1_7/6/2020,48.17331167,-123.1374167,12/16/2020 4:27,KSO,12/16/2020 4:27,KSO,013ff033-1258-48c3-9379-1f0d20de9196,-123.1374167,48.17331167
251,Minnow,2,20200706,20200709,No,,14,Channel (DS-1),No,No,No,Minnow-2_7/6/2020,48.17341933,-123.1374863,12/16/2020 4:27,KSO,12/16/2020 4:27,KSO,1dd36520-f68e-46ac-a1ce-0fdd6fc6981d,-123.1374863,48.17341933
252,Fukui,2,20200706,20200709,No,,14,Channel (DS-1),No,No,No,Fukui-2_7/6/2020,48.17354078,-123.1374861,12/16/2020 4:27,KSO,12/16/2020 4:27,KSO,ae4d1662-5104-4054-b403-2a431ff1e055,-123.1374861,48.17354078
253,Minnow,3,20200706,20200709,No,,14,Channel (DS-1),No,No,No,Minnow-3_7/6/2020,48.17362878,-123.1374577,12/16/2020 4:27,KSO,12/16/2020 4:27,KSO,1bdf05d5-d92c-4f03-9238-c31dffe049ae,-123.1374577,48.17362878
254,Fukui,3,20200706,20200709,No,,14,Channel (DS-1),No,No,No,Fukui-3_7/6/2020,48.17371689,-123.137365,12/16/2020 4:27,KSO,12/16/2020 4:27,KSO,2d274afd-3e53-4f6d-b583-10a510b16d61,-123.137365,48.17371689
255,Minnow,4,20200706,20200709,No,,14,Channel (DS-1),No,No,No,Minnow-4_7/6/2020,48.173635,-123.1371881,12/16/2020 4:27,KSO,12/16/2020 4:27,KSO,9c29211c-7e67-407b-9263-b33d725e1401,-123.1371881,48.173635
256,Fukui,4,20200706,20200709,No,,14,Channel (DS-1),No,No,No,Fukui-4_7/6/2020,48.17358756,-123.1371308,12/16/2020 4:27,KSO,12/16/2020 4:27,KSO,3ff3190b-999e-4f4f-93d2-30b6fb84413a,-123.1371308,48.17358756
257,Minnow,5,20200706,20200709,No,,14,Channel (DS-1),No,No,No,Minnow-5_7/6/2020,48.17352,-123.1370607,12/16/2020 4:27,KSO,12/16/2020 4:27,KSO,043cbdac-2d00-41e3-8e6c-9610b27718bb,-123.1370607,48.17352
258,Fukui,5,20200706,20200709,No,,14,Channel (DS-1),No,No,No,Fukui-5_7/6/2020,48.17346056,-123.1369946,12/16/2020 4:27,KSO,12/16/2020 4:27,KSO,4481e18a-8e46-4d04-9aea-7a66fd278de0,-123.1369946,48.17346056
265,Fukui,9,20200706,20200709,No,,14,Channel (DS-1),No,No,No,Fukui-9_7/6/2020,48.17385667,-123.1360667,12/16/2020 4:27,KSO,12/16/2020 4:27,KSO,a2ad50da-d9ba-4d95-968c-38692e1a7450,-123.1360667,48.17385667
266,Minnow,9,20200706,20200709,No,,14,Channel (DS-1),No,No,No,Minnow-9_7/6/2020,48.17382867,-123.1360574,12/16/2020 4:27,KSO,12/16/2020 4:27,KSO,7753acc8-85cb-47db-b1e8-5c1369ef1f4b,-123.1360574,48.17382867
267,Minnow,10,20200706,20200709,No,,14,Channel (DS-1),No,No,No,Minnow-10_7/6/2020,48.17394244,-123.1363789,12/16/2020 4:27,KSO,12/16/2020 4:27,KSO,ab397760-1930-4eef-b4eb-212166771d5f,-123.1363789,48.17394244
268,Fukui,10,20200706,20200709,No,,14,Channel (DS-1),No,No,No,Fukui-10_7/6/2020,48.173947,-123.1364937,12/16/2020 4:27,KSO,12/16/2020 4:27,KSO,5da25dc1-6b19-40db-93aa-d1e0e51af36b,-123.1364937,48.173947
269,Minnow,11,20200706,20200709,No,,14,Channel (DS-1),No,No,No,Minnow-11_7/6/2020,48.17394722,-123.1366178,12/16/2020 4:27,KSO,12/16/2020 4:27,KSO,bf8567a6-cea1-4d18-93f1-e5945af5bec3,-123.1366178,48.17394722
270,Fukui,11,20200706,20200709,No,,14,Channel (DS-1),No,No,No,Fukui-11_7/6/2020,48.17389433,-123.1368202,12/16/2020 4:27,KSO,12/16/2020 4:27,KSO,39206ca8-c3d5-4fc3-8d3a-8719df288f5f,-123.1368202,48.17389433
271,Minnow,12,20200706,20200709,No,,14,Channel (DS-1),No,No,No,Minnow-12_7/6/2020,48.173894,-123.1369583,12/16/2020 4:27,KSO,12/16/2020 4:27,KSO,c387b8a8-a546-498e-90fc-aa7e7ba89d9b,-123.1369583,48.173894
272,Fukui,12,20200706,20200709,No,,14,Channel (DS-1),No,No,No,Fukui-12_7/6/2020,48.17389533,-123.1370116,12/16/2020 4:27,KSO,12/16/2020 4:27,KSO,408422e7-d5e4-4515-869f-7eea7a8fbadc,-123.1370116,48.17389533
273,Minnow,13,20200706,20200709,No,,14,Channel (DS-1),No,No,No,Minnow-13_7/6/2020,48.17422333,-123.1372433,12/16/2020 4:27,KSO,12/16/2020 4:27,KSO,12e92d35-7170-4d44-aa59-317bd63c9ed6,-123.1372433,48.17422333
274,Minnow,14,20200706,20200709,No,,14,Channel (DS-1),No,No,No,Minnow-14_7/6/2020,48.17439478,-123.1374314,12/16/2020 4:27,KSO,12/16/2020 4:27,KSO,fe674661-8e31-405f-aa9a-749e90a4fb94,-123.1374314,48.17439478
275,Fukui,14,20200706,20200709,No,,14,Channel (DS-1),No,No,No,Fukui-14_7/6/2020,48.17449167,-123.1375098,12/16/2020 4:27,KSO,12/16/2020 4:27,KSO,a2b456d3-e2d9-4a02-a4eb-6d4650da8953,-123.1375098,48.17449167
276,Minnow,15,20200706,20200709,No,,14,Channel (DS-1),No,No,No,Minnow-15_7/6/2020,48.17450433,-123.1376613,12/16/2020 4:27,KSO,12/16/2020 4:27,KSO,ba1caf62-107d-4b48-a91c-c73c30ba265d,-123.1376613,48.17450433
277,Fukui,15,20200706,20200709,No,,14,Channel (DS-1),No,No,No,Fukui-15_7/6/2020,48.17450167,-123.1378383,12/16/2020 4:27,KSO,12/16/2020 4:27,KSO,a47e1d10-badc-4568-beab-376a97b2a04f,-123.1378383,48.17450167
278,Minnow,16,20200706,20200709,No,,14,Channel (DS-1),No,No,No,Minnow-16_7/6/2020,48.17455944,-123.1379587,12/16/2020 4:27,KSO,12/16/2020 4:27,KSO,b9e19d04-6043-422a-a7ac-5b7a37eb34bc,-123.1379587,48.17455944
279,Fukui,16,20200706,20200709,No,,14,Channel (DS-1),No,No,No,Fukui-16_7/6/2020,48.174655,-123.1380012,12/16/2020 4:27,KSO,12/16/2020 4:27,KSO,35c805f3-b1a0-4ad6-b5a8-116c1eb09a1d,-123.1380012,48.174655
280,Minnow,17,20200706,20200709,No,,14,Channel (DS-1),No,No,No,Minnow-17_7/6/2020,48.17475833,-123.1379583,12/16/2020 4:27,KSO,12/16/2020 4:27,KSO,a120d3fb-9d95-4125-9997-c0ebcecd13ab,-123.1379583,48.17475833
281,Fukui,17,20200706,20200709,No,,14,Channel (DS-1),No,No,No,Fukui-17_7/6/2020,48.17485333,-123.1379717,12/16/2020 4:27,KSO,12/16/2020 4:27,KSO,4102d2e7-89bf-4c78-acfe-fa1aa4e68544,-123.1379717,48.17485333
282,Minnow,18,20200706,20200709,No,,14,Channel (DS-1),No,No,No,Minnow-18_7/6/2020,48.17495711,-123.138069,12/16/2020 4:27,KSO,12/16/2020 4:27,KSO,d584e016-bf10-42ba-912d-43ce94f18c6a,-123.138069,48.17495711
283,Fukui,18,20200706,20200709,No,,14,Channel (DS-1),No,No,No,Fukui-18_7/6/2020,48.17494311,-123.1382259,12/16/2020 4:27,KSO,12/16/2020 4:27,KSO,856bfa87-acb1-4d6b-8806-67437163dce4,-123.1382259,48.17494311
284,Minnow,19,20200706,20200709,No,,14,Channel (DS-1),No,No,No,Minnow-19_7/6/2020,48.17500344,-123.1383383,12/16/2020 4:27,KSO,12/16/2020 4:27,KSO,e7f471fd-e9d5-4cfd-9803-3618d1eda353,-123.1383383,48.17500344
285,Fukui,19,20200706,20200709,No,,14,Channel (DS-1),No,No,No,Fukui-19_7/6/2020,48.175052,-123.1384219,12/16/2020 4:27,KSO,12/16/2020 4:27,KSO,b744399c-5914-4918-a735-7d75d31aa9e9,-123.1384219,48.175052
286,Minnow,20,20200706,20200709,No,,14,Channel (DS-1),No,No,No,Minnow-20_7/6/2020,48.17503167,-123.1385517,12/16/2020 4:27,KSO,12/16/2020 4:27,KSO,1c18fae3-cf1b-406a-b14c-f369a912874d,-123.1385517,48.17503167
287,Fukui,20,20200706,20200709,No,,14,Channel (DS-1),No,No,No,Fukui-20_7/6/2020,48.17493567,-123.1385969,12/16/2020 4:27,KSO,12/16/2020 4:27,KSO,74a43d42-460e-4da7-9c66-f3973e11263e,-123.1385969,48.17493567
288,Minnow,21,20200706,20200709,No,,14,Channel (DS-1),No,No,No,Minnow-21_7/6/2020,48.17477444,-123.1385917,12/16/2020 4:27,KSO,12/16/2020 4:27,KSO,5176686a-890a-4925-80a7-df00034c086c,-123.1385917,48.17477444
259,Minnow,6,20200706,20200709,No,,14,Channel (DS-1),No,No,Yes,Minnow-6_7/6/2020,48.17345488,-123.1366236,12/16/2020 4:27,KSO,12/16/2020 4:27,KSO,a19f0c43-51aa-4ca7-bf88-e83a6ad1f825,-123.1366236,48.17345488
260,Fukui,6,20200706,20200709,No,,14,Channel (DS-1),No,No,Yes,Fukui-6_7/6/2020,48.17355833,-123.1366276,12/16/2020 4:27,KSO,12/16/2020 4:27,KSO,89b1ea4d-7bc3-4947-aa72-20f246959daf,-123.1366276,48.17355833
261,Minnow,7,20200706,20200709,No,,14,Channel (DS-1),No,No,Yes,Minnow-7_7/6/2020,48.173625,-123.13657,12/16/2020 4:27,KSO,12/16/2020 4:27,KSO,e122c9dd-d85f-4dac-b7b4-4e00540ff3e6,-123.13657,48.173625
262,Fukui,7,20200706,20200709,No,,14,Channel (DS-1),No,No,Yes,Fukui-7_7/6/2020,48.17369,-123.1365467,12/16/2020 4:27,KSO,12/16/2020 4:27,KSO,ea7f4f53-37e3-4773-a77d-864272a23e3d,-123.1365467,48.17369
263,Fukui,8,20200706,20200709,No,,14,Channel (DS-1),No,No,Yes,Fukui-8_7/6/2020,48.17372833,-123.1363202,12/16/2020 4:27,KSO,12/16/2020 4:27,KSO,fb5c84ae-bd23-4a3f-928e-2c57107efb54,-123.1363202,48.17372833
264,Minnow,8,20200706,20200709,No,,14,Channel (DS-1),No,No,Yes,Minnow-8_7/6/2020,48.17373433,-123.136437,12/16/2020 4:27,KSO,12/16/2020 4:27,KSO,a839ebdf-7413-4dff-b2d9-9dfc9424b2cc,-123.136437,48.17373433
673,Fukui,13,20200721,20200723,No,,16,Channel (DS-1),No,No,No,Fukui-13_7/21/2020,48.174663,-123.1386298,12/16/2020 4:27,KSO,12/16/2020 4:27,KSO,e82bbed0-39f9-45b4-862d-d8e43cbc0748,-123.1386298,48.174663
674,Minnow,1,20200721,20200723,No,,16,Channel (DS-1),No,No,No,Minnow-1_7/21/2020,48.173235,-123.1373878,12/16/2020 4:27,KSO,12/16/2020 4:27,KSO,12254c51-619f-4cb9-a9da-959116b2481f,-123.1373878,48.173235
675,Fukui,1,20200721,20200723,No,,16,Channel (DS-1),No,No,No,Fukui-1_7/21/2020,48.17331167,-123.1374167,12/16/2020 4:27,KSO,12/16/2020 4:27,KSO,3a06010e-3152-4290-8295-e48f9446c4d6,-123.1374167,48.17331167
676,Minnow,2,20200721,20200723,No,,16,Channel (DS-1),No,No,No,Minnow-2_7/21/2020,48.17341933,-123.1374863,12/16/2020 4:27,KSO,12/16/2020 4:27,KSO,1dd588b1-496e-4b0a-ab0f-70a2376a4260,-123.1374863,48.17341933
677,Fukui,2,20200721,20200723,No,,16,Channel (DS-1),No,No,No,Fukui-2_7/21/2020,48.17354078,-123.1374861,12/16/2020 4:27,KSO,12/16/2020 4:27,KSO,41a77d20-b3f3-45fb-a812-44e0a5637144,-123.1374861,48.17354078
678,Minnow,3,20200721,20200723,No,,16,Channel (DS-1),No,No,No,Minnow-3_7/21/2020,48.17362878,-123.1374577,12/16/2020 4:27,KSO,12/16/2020 4:27,KSO,832437f1-60f1-42cf-8d52-6aa2b3057a68,-123.1374577,48.17362878
679,Fukui,3,20200721,20200723,No,,16,Channel (DS-1),No,No,No,Fukui-3_7/21/2020,48.17371689,-123.137365,12/16/2020 4:27,KSO,12/16/2020 4:27,KSO,e6f9ec52-9f30-4e87-97a9-b382b2054509,-123.137365,48.17371689
680,Minnow,4,20200721,20200723,No,,16,Channel (DS-1),No,No,No,Minnow-4_7/21/2020,48.173635,-123.1371881,12/16/2020 4:27,KSO,12/16/2020 4:27,KSO,48b9e824-3fa8-4712-8d20-55b233054a42,-123.1371881,48.173635
681,Fukui,4,20200721,20200723,No,,16,Channel (DS-1),No,No,No,Fukui-4_7/21/2020,48.17358756,-123.1371308,12/16/2020 4:27,KSO,12/16/2020 4:27,KSO,90faa070-e341-459a-b531-b886232f70b4,-123.1371308,48.17358756
682,Minnow,5,20200721,20200723,No,,16,Channel (DS-1),No,No,No,Minnow-5_7/21/2020,48.17352,-123.1370607,12/16/2020 4:27,KSO,12/16/2020 4:27,KSO,b2acd108-1abb-4480-8cfe-04ba902a6eb2,-123.1370607,48.17352
683,Fukui,5,20200721,20200723,No,,16,Channel (DS-1),No,No,No,Fukui-5_7/21/2020,48.17346056,-123.1369946,12/16/2020 4:27,KSO,12/16/2020 4:27,KSO,d48cb409-ecd0-4028-a2c3-e67a79f23f37,-123.1369946,48.17346056
684,Minnow,6,20200721,20200723,No,,16,Channel (DS-1),No,No,No,Minnow-6_7/21/2020,48.17345488,-123.1366236,12/16/2020 4:27,KSO,12/16/2020 4:27,KSO,f55dfce8-a3b3-457e-8bfb-e7a2b9288408,-123.1366236,48.17345488
685,Fukui,6,20200721,20200723,No,,16,Channel (DS-1),No,No,No,Fukui-6_7/21/2020,48.17355833,-123.1366276,12/16/2020 4:27,KSO,12/16/2020 4:27,KSO,2bad7f1a-d9a2-4b95-b4b1-451cc0c7314a,-123.1366276,48.17355833
686,Minnow,7,20200721,20200723,No,,16,Channel (DS-1),No,No,No,Minnow-7_7/21/2020,48.173625,-123.13657,12/16/2020 4:27,KSO,12/16/2020 4:27,KSO,e0e8bb3b-54eb-4d8d-9918-5c5a3ff69024,-123.13657,48.173625
687,Fukui,7,20200721,20200723,No,,16,Channel (DS-1),No,No,No,Fukui-7_7/21/2020,48.17369,-123.1365467,12/16/2020 4:27,KSO,12/16/2020 4:27,KSO,f564b2b4-b338-4006-acff-f065dcab84de,-123.1365467,48.17369
688,Fukui,8,20200721,20200723,No,,16,Channel (DS-1),No,No,No,Fukui-8_7/21/2020,48.17372833,-123.1363202,12/16/2020 4:27,KSO,12/16/2020 4:27,KSO,8d7c9d3a-00a3-4005-998d-af1c7fcd53fa,-123.1363202,48.17372833
689,Minnow,8,20200721,20200723,No,,16,Channel (DS-1),No,No,No,Minnow-8_7/21/2020,48.17373433,-123.136437,12/16/2020 4:27,KSO,12/16/2020 4:27,KSO,af9fa7f2-6326-4736-98da-4f7d40135807,-123.136437,48.17373433
690,Fukui,9,20200721,20200723,No,,16,Channel (DS-1),No,No,No,Fukui-9_7/21/2020,48.17385667,-123.1360667,12/16/2020 4:27,KSO,12/16/2020 4:27,KSO,79eb5dac-9254-431d-a8eb-21e3e44b8e8d,-123.1360667,48.17385667
691,Minnow,9,20200721,20200723,No,,16,Channel (DS-1),No,No,No,Minnow-9_7/21/2020,48.17382867,-123.1360574,12/16/2020 4:27,KSO,12/16/2020 4:27,KSO,9a6dbfe1-0837-4f4c-8d24-83f0f1f22c29,-123.1360574,48.17382867
692,Minnow,10,20200721,20200723,No,,16,Channel (DS-1),No,No,No,Minnow-10_7/21/2020,48.17394244,-123.1363789,12/16/2020 4:27,KSO,12/16/2020 4:27,KSO,2f377346-c258-4ac5-a0ff-f5f61c00c8ce,-123.1363789,48.17394244
693,Fukui,10,20200721,20200723,No,,16,Channel (DS-1),No,No,No,Fukui-10_7/21/2020,48.173947,-123.1364937,12/16/2020 4:27,KSO,12/16/2020 4:27,KSO,b1c650f1-d1c1-4738-b9b1-a6420022ef60,-123.1364937,48.173947
694,Minnow,11,20200721,20200723,No,,16,Channel (DS-1),No,No,No,Minnow-11_7/21/2020,48.17394722,-123.1366178,12/16/2020 4:27,KSO,12/16/2020 4:27,KSO,a482b04e-9d2a-4565-b39f-8f2b224109ac,-123.1366178,48.17394722
695,Fukui,11,20200721,20200723,No,,16,Channel (DS-1),No,No,No,Fukui-11_7/21/2020,48.17389433,-123.1368202,12/16/2020 4:27,KSO,12/16/2020 4:27,KSO,dd1fb301-33e7-4976-95cb-c8004f64aee5,-123.1368202,48.17389433
696,Minnow,12,20200721,20200723,No,,16,Channel (DS-1),No,No,No,Minnow-12_7/21/2020,48.173894,-123.1369583,12/16/2020 4:27,KSO,12/16/2020 4:27,KSO,8540962c-c99d-46f0-8705-8bf7a1f6de1f,-123.1369583,48.173894
697,Fukui,12,20200721,20200723,No,,16,Channel (DS-1),No,No,No,Fukui-12_7/21/2020,48.17389533,-123.1370116,12/16/2020 4:27,KSO,12/16/2020 4:27,KSO,62333bd1-4701-4280-9ef9-7b632fcf40fc,-123.1370116,48.17389533
698,Minnow,13,20200721,20200723,No,,16,Channel (DS-1),No,No,No,Minnow-13_7/21/2020,48.17422333,-123.1372433,12/16/2020 4:27,KSO,12/16/2020 4:27,KSO,67719f7c-5f15-48cd-bbb2-bff04c758b24,-123.1372433,48.17422333
699,Minnow,14,20200721,20200723,No,,16,Channel (DS-1),No,No,No,Minnow-14_7/21/2020,48.17439478,-123.1374314,12/16/2020 4:27,KSO,12/16/2020 4:27,KSO,e2ca8436-6889-4248-b87f-03e1fa0c8283,-123.1374314,48.17439478
700,Fukui,14,20200721,20200723,No,,16,Channel (DS-1),No,No,No,Fukui-14_7/21/2020,48.17449167,-123.1375098,12/16/2020 4:27,KSO,12/16/2020 4:27,KSO,2a032c1b-aa93-4069-8642-ce1ad336efba,-123.1375098,48.17449167
701,Minnow,15,20200721,20200723,No,,16,Channel (DS-1),No,No,No,Minnow-15_7/21/2020,48.17450433,-123.1376613,12/16/2020 4:27,KSO,12/16/2020 4:27,KSO,5ff95e96-f8ac-4d83-ab55-aca5c9dfb514,-123.1376613,48.17450433
702,Fukui,15,20200721,20200723,No,,16,Channel (DS-1),No,No,No,Fukui-15_7/21/2020,48.17450167,-123.1378383,12/16/2020 4:27,KSO,12/16/2020 4:27,KSO,861c13a9-1bca-45f0-907a-b9fc48190aa6,-123.1378383,48.17450167
703,Minnow,16,20200721,20200723,No,,16,Channel (DS-1),No,No,No,Minnow-16_7/21/2020,48.17455944,-123.1379587,12/16/2020 4:27,KSO,12/16/2020 4:27,KSO,4c00a3b8-da99-48f8-a171-cc79ea177342,-123.1379587,48.17455944
704,Fukui,16,20200721,20200723,No,,16,Channel (DS-1),No,No,No,Fukui-16_7/21/2020,48.174655,-123.1380012,12/16/2020 4:27,KSO,12/16/2020 4:27,KSO,08dc4164-765f-43fc-a8a8-347da94d4e61,-123.1380012,48.174655
705,Minnow,17,20200721,20200723,No,,16,Channel (DS-1),No,No,No,Minnow-17_7/21/2020,48.17475833,-123.1379583,12/16/2020 4:27,KSO,12/16/2020 4:27,KSO,9509d843-0bb5-44e7-b9d5-9b7423121e76,-123.1379583,48.17475833
706,Fukui,17,20200721,20200723,No,,16,Channel (DS-1),No,No,No,Fukui-17_7/21/2020,48.17485333,-123.1379717,12/16/2020 4:27,KSO,12/16/2020 4:27,KSO,f5809ce3-8fa6-4565-9b32-e007c64fb2f3,-123.1379717,48.17485333
707,Minnow,18,20200721,20200723,No,,16,Channel (DS-1),No,No,No,Minnow-18_7/21/2020,48.17495711,-123.138069,12/16/2020 4:27,KSO,12/16/2020 4:27,KSO,6a8fdfc6-92e4-4f30-a97f-7a1e28f7c5c5,-123.138069,48.17495711
709,Minnow,19,20200721,20200723,No,,16,Channel (DS-1),No,No,No,Minnow-19_7/21/2020,48.17500344,-123.1383383,12/16/2020 4:27,KSO,12/16/2020 4:27,KSO,dfac0e10-d5b1-4df2-8ce6-80cbad6335b1,-123.1383383,48.17500344
710,Fukui,19,20200721,20200723,No,,16,Channel (DS-1),No,No,No,Fukui-19_7/21/2020,48.175052,-123.1384219,12/16/2020 4:27,KSO,12/16/2020 4:27,KSO,2b235432-e84a-45e6-bad7-3fb30984a25f,-123.1384219,48.175052
711,Minnow,20,20200721,20200723,No,,16,Channel (DS-1),No,No,No,Minnow-20_7/21/2020,48.17503167,-123.1385517,12/16/2020 4:27,KSO,12/16/2020 4:27,KSO,325ae3dc-7451-413c-a819-2a45f9e6e058,-123.1385517,48.17503167
712,Fukui,20,20200721,20200723,No,,16,Channel (DS-1),No,No,No,Fukui-20_7/21/2020,48.17493567,-123.1385969,12/16/2020 4:27,KSO,12/16/2020 4:27,KSO,1fb6e218-e30b-4a58-8013-c6626b5f02bf,-123.1385969,48.17493567
713,Minnow,21,20200721,20200723,No,,16,Channel (DS-1),No,No,No,Minnow-21_7/21/2020,48.17477444,-123.1385917,12/16/2020 4:27,KSO,12/16/2020 4:27,KSO,b9469763-909c-435f-90d9-47039adb05c1,-123.1385917,48.17477444
708,Fukui,18,20200721,20200723,No,One 36mm male EGC captured 7/22,16,Channel (DS-1),Yes,No,No,Fukui-18_7/21/2020,48.17494311,-123.1382259,12/16/2020 4:27,KSO,12/16/2020 4:27,KSO,92774030-ae02-45e9-aae6-0a3eba3faf88,-123.1382259,48.17494311
199,Fukui,302,20200722,20200723,No,,16,Channel (DS-1),No,Yes,No,Fukui-302_7/22/2020 6:36:22 PM,48.17524741,-123.139403,12/16/2020 4:27,KSO,12/16/2020 4:27,KSO,f9e46dd7-5bea-4894-bb63-e3d844480c0b,-123.139403,48.17524741
200,Minnow,302,20200722,20200723,No,,16,Channel (DS-1),No,Yes,No,Minnow-302_7/22/2020 6:36:22 PM,48.17505659,-123.1393319,12/16/2020 4:27,KSO,12/16/2020 4:27,KSO,cf2c8f33-a1d9-40cc-b69d-4ea0780347e3,-123.1393319,48.17505659
201,Fukui,301,20200722,20200723,No,,16,Channel (DS-1),No,Yes,No,Fukui-301_7/22/2020 6:36:22 PM,48.17491074,-123.1389818,12/16/2020 4:27,KSO,12/16/2020 4:27,KSO,7a5e0a6b-2be7-4112-9d22-707b9b889eeb,-123.1389818,48.17491074
202,Minnow,301,20200722,20200723,No,,16,Channel (DS-1),No,Yes,No,Minnow-301_7/22/2020 6:36:22 PM,48.17479018,-123.1388599,12/16/2020 4:27,KSO,12/16/2020 4:27,KSO,b0e5fdb9-7a6d-4768-866a-19ef41f23237,-123.1388599,48.17479018
194,Burrow,1,20200624,20200804,No,,12,Channel (DS-1),No,No,No,Burrow-1_6/24/2020 8:13:23 PM,48.17358333,-123.1369428,12/16/2020 4:27,KSO,12/16/2020 4:27,KSO,e857b497-d496-4143-8a7b-3561f3b6d14c,-123.1369428,48.17358333
756,Fukui,301,20200803,20200804,No,,18,Channel (DS-1),No,Yes,No,Fukui-301_8/3/2020 7:14:49 PM,48.17533641,-123.139025,12/16/2020 4:27,KSO,12/16/2020 4:27,KSO,d485802e-0ca1-4fbf-8b88-a32ea46df5f2,-123.139025,48.17533641
757,Minnow,301,20200803,20200804,No,,18,Channel (DS-1),No,Yes,No,Minnow-301_8/3/2020 7:14:49 PM,48.1752886,-123.1392026,12/16/2020 4:27,KSO,12/16/2020 4:27,KSO,d8f0bb0d-3a21-444a-bf89-030cbcecde8d,-123.1392026,48.1752886
758,Fukui,302,20200803,20200804,No,,18,Channel (DS-1),No,Yes,No,Fukui-302_8/3/2020 7:14:49 PM,48.17509057,-123.1393608,12/16/2020 4:27,KSO,12/16/2020 4:27,KSO,fb8f2061-8e17-48fb-97d7-051a98f3d1dc,-123.1393608,48.17509057
759,Minnow,302,20200803,20200804,No,,18,Channel (DS-1),No,Yes,No,Minnow-302_8/3/2020 7:14:49 PM,48.17498074,-123.1391272,12/16/2020 4:27,KSO,12/16/2020 4:27,KSO,a44a5838-8fef-4859-9044-fa09f122a88b,-123.1391272,48.17498074
764,Fukui,13,20200803,20200806,No,,18,Channel (DS-1),No,No,No,Fukui-13_8/3/2020,48.174663,-123.1386298,12/16/2020 4:27,KSO,12/16/2020 4:27,KSO,9594408f-a761-4577-b56e-0414b7620574,-123.1386298,48.174663
765,Minnow,1,20200803,20200806,No,,18,Channel (DS-1),No,No,No,Minnow-1_8/3/2020,48.173235,-123.1373878,12/16/2020 4:27,KSO,12/16/2020 4:27,KSO,057e2563-3dfc-4c2a-b602-f6c80dd8da8b,-123.1373878,48.173235
766,Fukui,1,20200803,20200806,No,,18,Channel (DS-1),No,No,No,Fukui-1_8/3/2020,48.17331167,-123.1374167,12/16/2020 4:27,KSO,12/16/2020 4:27,KSO,59b05909-f898-4a11-bbe7-f51ccfd98521,-123.1374167,48.17331167
767,Minnow,2,20200803,20200806,No,,18,Channel (DS-1),No,No,No,Minnow-2_8/3/2020,48.17341933,-123.1374863,12/16/2020 4:27,KSO,12/16/2020 4:27,KSO,c28b3818-c3fc-48a5-b333-59892ecd1679,-123.1374863,48.17341933
768,Fukui,2,20200803,20200806,No,,18,Channel (DS-1),No,No,No,Fukui-2_8/3/2020,48.17354078,-123.1374861,12/16/2020 4:27,KSO,12/16/2020 4:27,KSO,4ffb69c9-237d-4b4d-854e-f769dea42380,-123.1374861,48.17354078
769,Minnow,3,20200803,20200806,No,,18,Channel (DS-1),No,No,No,Minnow-3_8/3/2020,48.17362878,-123.1374577,12/16/2020 4:27,KSO,12/16/2020 4:27,KSO,cd55ddce-8879-443d-95c3-90790fed714f,-123.1374577,48.17362878
770,Fukui,3,20200803,20200806,No,,18,Channel (DS-1),No,No,No,Fukui-3_8/3/2020,48.17371689,-123.137365,12/16/2020 4:27,KSO,12/16/2020 4:27,KSO,4477eaca-eb76-4020-bc93-90ac3c9702e4,-123.137365,48.17371689
771,Minnow,4,20200803,20200806,No,,18,Channel (DS-1),No,No,No,Minnow-4_8/3/2020,48.173635,-123.1371881,12/16/2020 4:27,KSO,12/16/2020 4:27,KSO,2337b382-ee68-4a65-b3fa-0357bce7bfd1,-123.1371881,48.173635
772,Fukui,4,20200803,20200806,No,,18,Channel (DS-1),No,No,No,Fukui-4_8/3/2020,48.17358756,-123.1371308,12/16/2020 4:27,KSO,12/16/2020 4:27,KSO,db9ae67c-d6e9-4021-95c0-986f73645516,-123.1371308,48.17358756
773,Minnow,5,20200803,20200806,No,,18,Channel (DS-1),No,No,No,Minnow-5_8/3/2020,48.17352,-123.1370607,12/16/2020 4:27,KSO,12/16/2020 4:27,KSO,7ccbd6eb-50a6-46b1-8ca0-d478ec341d38,-123.1370607,48.17352
774,Fukui,5,20200803,20200806,No,,18,Channel (DS-1),No,No,No,Fukui-5_8/3/2020,48.17346056,-123.1369946,12/16/2020 4:27,KSO,12/16/2020 4:27,KSO,b621be2a-d471-42a0-85e6-073b7ba5cd27,-123.1369946,48.17346056
781,Fukui,9,20200803,20200806,No,,18,Channel (DS-1),No,No,No,Fukui-9_8/3/2020,48.17385667,-123.1360667,12/16/2020 4:27,KSO,12/16/2020 4:27,KSO,517e39f9-a693-4940-84f4-894aeb454b45,-123.1360667,48.17385667
782,Minnow,9,20200803,20200806,No,,18,Channel (DS-1),No,No,No,Minnow-9_8/3/2020,48.17382867,-123.1360574,12/16/2020 4:27,KSO,12/16/2020 4:27,KSO,44f3944c-ee73-484b-98e8-3c6404dd3f56,-123.1360574,48.17382867
783,Minnow,10,20200803,20200806,No,,18,Channel (DS-1),No,No,No,Minnow-10_8/3/2020,48.17394244,-123.1363789,12/16/2020 4:27,KSO,12/16/2020 4:27,KSO,3883ba70-ea35-413d-a1bd-e01b0e8338dd,-123.1363789,48.17394244
784,Fukui,10,20200803,20200806,No,,18,Channel (DS-1),No,No,No,Fukui-10_8/3/2020,48.173947,-123.1364937,12/16/2020 4:27,KSO,12/16/2020 4:27,KSO,fff7d8a1-6473-49eb-b102-ba734f5cd59e,-123.1364937,48.173947
785,Minnow,11,20200803,20200806,No,,18,Channel (DS-1),No,No,No,Minnow-11_8/3/2020,48.17394722,-123.1366178,12/16/2020 4:27,KSO,12/16/2020 4:27,KSO,c28161d7-cdff-4d8f-91bb-906813166c63,-123.1366178,48.17394722
786,Fukui,11,20200803,20200806,No,,18,Channel (DS-1),No,No,No,Fukui-11_8/3/2020,48.17389433,-123.1368202,12/16/2020 4:27,KSO,12/16/2020 4:27,KSO,60060a6f-2d7e-42cf-a77b-1ccce7386477,-123.1368202,48.17389433
787,Minnow,12,20200803,20200806,No,,18,Channel (DS-1),No,No,No,Minnow-12_8/3/2020,48.173894,-123.1369583,12/16/2020 4:27,KSO,12/16/2020 4:27,KSO,0d8ed3bb-13cc-45e8-81d5-62b4dc08c5ce,-123.1369583,48.173894
788,Fukui,12,20200803,20200806,No,,18,Channel (DS-1),No,No,No,Fukui-12_8/3/2020,48.17389533,-123.1370116,12/16/2020 4:27,KSO,12/16/2020 4:27,KSO,0f068327-3421-4f7a-8227-3b08c65e49b2,-123.1370116,48.17389533
789,Minnow,13,20200803,20200806,No,,18,Channel (DS-1),No,No,No,Minnow-13_8/3/2020,48.17422333,-123.1372433,12/16/2020 4:27,KSO,12/16/2020 4:27,KSO,f8d4f0b6-daca-4eda-9432-64883fc89949,-123.1372433,48.17422333
790,Minnow,14,20200803,20200806,No,,18,Channel (DS-1),No,No,No,Minnow-14_8/3/2020,48.17439478,-123.1374314,12/16/2020 4:27,KSO,12/16/2020 4:27,KSO,330d7c33-2f9c-4918-9d1a-1e250375d1f6,-123.1374314,48.17439478
791,Fukui,14,20200803,20200806,No,,18,Channel (DS-1),No,No,No,Fukui-14_8/3/2020,48.17449167,-123.1375098,12/16/2020 4:27,KSO,12/16/2020 4:27,KSO,784fd749-558a-41da-9387-576f91faa010,-123.1375098,48.17449167
792,Minnow,15,20200803,20200806,No,,18,Channel (DS-1),No,No,No,Minnow-15_8/3/2020,48.17450433,-123.1376613,12/16/2020 4:27,KSO,12/16/2020 4:27,KSO,c42c6c60-a42c-4178-af0b-f6b5db9ae890,-123.1376613,48.17450433
793,Fukui,15,20200803,20200806,No,,18,Channel (DS-1),No,No,No,Fukui-15_8/3/2020,48.17450167,-123.1378383,12/16/2020 4:27,KSO,12/16/2020 4:27,KSO,4099b0b2-d960-4512-a595-d544c0c5b592,-123.1378383,48.17450167
794,Minnow,16,20200803,20200806,No,,18,Channel (DS-1),No,No,No,Minnow-16_8/3/2020,48.17455944,-123.1379587,12/16/2020 4:27,KSO,12/16/2020 4:27,KSO,b6e559a1-92b9-4dac-bfe2-6f25c19bb6eb,-123.1379587,48.17455944
795,Fukui,16,20200803,20200806,No,,18,Channel (DS-1),No,No,No,Fukui-16_8/3/2020,48.174655,-123.1380012,12/16/2020 4:27,KSO,12/16/2020 4:27,KSO,f80d43da-fd6c-4f22-80b1-8bffdc15f04b,-123.1380012,48.174655
796,Minnow,17,20200803,20200806,No,,18,Channel (DS-1),No,No,No,Minnow-17_8/3/2020,48.17475833,-123.1379583,12/16/2020 4:27,KSO,12/16/2020 4:27,KSO,add19074-2a55-47e8-bb0b-abbf3c23d4ad,-123.1379583,48.17475833
797,Fukui,17,20200803,20200806,No,,18,Channel (DS-1),No,No,No,Fukui-17_8/3/2020,48.17485333,-123.1379717,12/16/2020 4:27,KSO,12/16/2020 4:27,KSO,9590e2eb-c89c-4d0f-b1e5-03bebce6a1ff,-123.1379717,48.17485333
798,Minnow,18,20200803,20200806,No,,18,Channel (DS-1),No,No,No,Minnow-18_8/3/2020,48.17495711,-123.138069,12/16/2020 4:27,KSO,12/16/2020 4:27,KSO,e701cf1e-6049-452c-a9ca-8907e42a333e,-123.138069,48.17495711
799,Fukui,18,20200803,20200806,No,,18,Channel (DS-1),No,No,No,Fukui-18_8/3/2020,48.17494311,-123.1382259,12/16/2020 4:27,KSO,12/16/2020 4:27,KSO,1f2c2c8e-ff8d-4091-86e0-f256581c3aec,-123.1382259,48.17494311
800,Minnow,19,20200803,20200806,No,,18,Channel (DS-1),No,No,No,Minnow-19_8/3/2020,48.17500344,-123.1383383,12/16/2020 4:27,KSO,12/16/2020 4:27,KSO,95b0733a-c595-4683-a5d9-01ec386b3474,-123.1383383,48.17500344
801,Fukui,19,20200803,20200806,No,,18,Channel (DS-1),No,No,No,Fukui-19_8/3/2020,48.175052,-123.1384219,12/16/2020 4:27,KSO,12/16/2020 4:27,KSO,1e7d4266-9f27-4247-8a60-80e171c95213,-123.1384219,48.175052
802,Minnow,20,20200803,20200806,No,,18,Channel (DS-1),No,No,No,Minnow-20_8/3/2020,48.17503167,-123.1385517,12/16/2020 4:27,KSO,12/16/2020 4:27,KSO,90ed45e9-f29b-4973-ac9b-1856c8222e66,-123.1385517,48.17503167
803,Fukui,20,20200803,20200806,No,,18,Channel (DS-1),No,No,No,Fukui-20_8/3/2020,48.17493567,-123.1385969,12/16/2020 4:27,KSO,12/16/2020 4:27,KSO,7a9e0844-5b47-4b26-822e-80e401b6df89,-123.1385969,48.17493567
804,Minnow,21,20200803,20200806,No,,18,Channel (DS-1),No,No,No,Minnow-21_8/3/2020,48.17477444,-123.1385917,12/16/2020 4:27,KSO,12/16/2020 4:27,KSO,5898d26f-b0e3-4d47-b94c-6f2d22d01a57,-123.1385917,48.17477444
775,Minnow,6,20200803,20200806,No,,18,Channel (DS-1),No,No,Yes,Minnow-6_8/3/2020,48.17345488,-123.1366236,12/16/2020 4:27,KSO,12/16/2020 4:27,KSO,aef1530f-6a18-4a41-b3f8-48b425e9e4c3,-123.1366236,48.17345488
776,Fukui,6,20200803,20200806,No,,18,Channel (DS-1),No,No,Yes,Fukui-6_8/3/2020,48.17355833,-123.1366276,12/16/2020 4:27,KSO,12/16/2020 4:27,KSO,4f26966e-0b4f-4218-ab54-d82196e9f45d,-123.1366276,48.17355833
777,Minnow,7,20200803,20200806,No,,18,Channel (DS-1),No,No,Yes,Minnow-7_8/3/2020,48.173625,-123.13657,12/16/2020 4:27,KSO,12/16/2020 4:27,KSO,86c31741-26c8-4931-8edc-fbd18ed32e39,-123.13657,48.173625
778,Fukui,7,20200803,20200806,No,,18,Channel (DS-1),No,No,Yes,Fukui-7_8/3/2020,48.17369,-123.1365467,12/16/2020 4:27,KSO,12/16/2020 4:27,KSO,0ee0f982-004d-4c34-a8d1-ae3e2086861c,-123.1365467,48.17369
779,Fukui,8,20200803,20200806,No,,18,Channel (DS-1),No,No,Yes,Fukui-8_8/3/2020,48.17372833,-123.1363202,12/16/2020 4:27,KSO,12/16/2020 4:27,KSO,c1e651e5-3953-4af9-9b14-7631164bc606,-123.1363202,48.17372833
780,Minnow,8,20200803,20200806,No,,18,Channel (DS-1),No,No,Yes,Minnow-8_8/3/2020,48.17373433,-123.136437,12/16/2020 4:27,KSO,12/16/2020 4:27,KSO,a5e2f153-07e1-421e-a7d0-d789a66bdf50,-123.136437,48.17373433
823,Minnow,6,20200831,20200903,No,,22,Channel (DS-1),No,No,No,Minnow-6_8/31/2020,48.17345488,-123.1366236,12/16/2020 4:27,KSO,12/16/2020 4:27,KSO,6e8e12d2-4f24-4818-85f1-7db9a179d7af,-123.1366236,48.17345488
824,Fukui,6,20200831,20200903,No,,22,Channel (DS-1),No,No,No,Fukui-6_8/31/2020,48.17355833,-123.1366276,12/16/2020 4:27,KSO,12/16/2020 4:27,KSO,a7f4d593-76f1-47bb-a780-5f791e3329e4,-123.1366276,48.17355833
825,Minnow,7,20200831,20200903,No,,22,Channel (DS-1),No,No,No,Minnow-7_8/31/2020,48.173625,-123.13657,12/16/2020 4:27,KSO,12/16/2020 4:27,KSO,dca3e0a3-0ed9-49da-9dee-50594f052c41,-123.13657,48.173625
826,Fukui,7,20200831,20200903,No,,22,Channel (DS-1),No,No,No,Fukui-7_8/31/2020,48.17369,-123.1365467,12/16/2020 4:27,KSO,12/16/2020 4:27,KSO,70d591d8-0b2c-49eb-ae32-2c9a3d8990d2,-123.1365467,48.17369
827,Fukui,8,20200831,20200903,No,,22,Channel (DS-1),No,No,No,Fukui-8_8/31/2020,48.17372833,-123.1363202,12/16/2020 4:27,KSO,12/16/2020 4:27,KSO,d4d85b3f-e06b-433a-8abd-0436950dd5c8,-123.1363202,48.17372833
828,Minnow,8,20200831,20200903,No,,22,Channel (DS-1),No,No,No,Minnow-8_8/31/2020,48.17373433,-123.136437,12/16/2020 4:27,KSO,12/16/2020 4:27,KSO,36b9114f-e9a0-41e6-86cb-af812d06d505,-123.136437,48.17373433
829,Fukui,9,20200831,20200903,No,,22,Channel (DS-1),No,No,No,Fukui-9_8/31/2020,48.17385667,-123.1360667,12/16/2020 4:27,KSO,12/16/2020 4:27,KSO,b165d1aa-7577-4d8e-a6db-6b4755865613,-123.1360667,48.17385667
830,Minnow,9,20200831,20200903,No,,22,Channel (DS-1),No,No,No,Minnow-9_8/31/2020,48.17382867,-123.1360574,12/16/2020 4:27,KSO,12/16/2020 4:27,KSO,45e7829a-86f6-4ef0-8e02-a95b34a2a445,-123.1360574,48.17382867
831,Minnow,10,20200831,20200903,No,,22,Channel (DS-1),No,No,No,Minnow-10_8/31/2020,48.17394244,-123.1363789,12/16/2020 4:27,KSO,12/16/2020 4:27,KSO,4610d43e-e113-4b3e-9d94-1ebe693522f3,-123.1363789,48.17394244
832,Fukui,10,20200831,20200903,No,,22,Channel (DS-1),No,No,No,Fukui-10_8/31/2020,48.173947,-123.1364937,12/16/2020 4:27,KSO,12/16/2020 4:27,KSO,a9a5f487-31c6-42dc-bde6-e39f5ff2df5f,-123.1364937,48.173947
833,Minnow,11,20200831,20200903,No,,22,Channel (DS-1),No,No,No,Minnow-11_8/31/2020,48.17394722,-123.1366178,12/16/2020 4:27,KSO,12/16/2020 4:27,KSO,64926a3f-1bc6-412d-a11c-2bb3fa0411e0,-123.1366178,48.17394722
834,Fukui,11,20200831,20200903,No,,22,Channel (DS-1),No,No,No,Fukui-11_8/31/2020,48.17389433,-123.1368202,12/16/2020 4:27,KSO,12/16/2020 4:27,KSO,6c4d2be1-ef0f-4f87-bf44-029c372d039d,-123.1368202,48.17389433
835,Minnow,12,20200831,20200903,No,,22,Channel (DS-1),No,No,No,Minnow-12_8/31/2020,48.173894,-123.1369583,12/16/2020 4:27,KSO,12/16/2020 4:27,KSO,ffa0beae-f32a-437d-ae6c-bb95e14d9c67,-123.1369583,48.173894
836,Fukui,12,20200831,20200903,No,,22,Channel (DS-1),No,No,No,Fukui-12_8/31/2020,48.17389533,-123.1370116,12/16/2020 4:27,KSO,12/16/2020 4:27,KSO,853e4ed1-af89-479b-bb73-076f556403fc,-123.1370116,48.17389533
837,Minnow,13,20200831,20200903,No,,22,Channel (DS-1),No,No,No,Minnow-13_8/31/2020,48.17422333,-123.1372433,12/16/2020 4:27,KSO,12/16/2020 4:27,KSO,f2ea2e5b-5b10-4477-a552-730ba04d12b3,-123.1372433,48.17422333
838,Minnow,14,20200831,20200903,No,,22,Channel (DS-1),No,No,No,Minnow-14_8/31/2020,48.17439478,-123.1374314,12/16/2020 4:27,KSO,12/16/2020 4:27,KSO,cd327294-9654-4397-acc3-43533e2dac0b,-123.1374314,48.17439478
839,Fukui,14,20200831,20200903,No,,22,Channel (DS-1),No,No,No,Fukui-14_8/31/2020,48.17449167,-123.1375098,12/16/2020 4:27,KSO,12/16/2020 4:27,KSO,3a06ad76-5d08-49f5-96b9-4ce72bdb4ae7,-123.1375098,48.17449167
840,Minnow,15,20200831,20200903,No,,22,Channel (DS-1),No,No,No,Minnow-15_8/31/2020,48.17450433,-123.1376613,12/16/2020 4:27,KSO,12/16/2020 4:27,KSO,de549cc6-3349-4f71-b127-d78aa1254e76,-123.1376613,48.17450433
841,Fukui,15,20200831,20200903,No,,22,Channel (DS-1),No,No,No,Fukui-15_8/31/2020,48.17450167,-123.1378383,12/16/2020 4:27,KSO,12/16/2020 4:27,KSO,f9f4b0bc-2068-4311-be95-ac48b75edfb6,-123.1378383,48.17450167
842,Minnow,16,20200831,20200903,No,,22,Channel (DS-1),No,No,No,Minnow-16_8/31/2020,48.17455944,-123.1379587,12/16/2020 4:27,KSO,12/16/2020 4:27,KSO,7466e968-e621-4d7c-ae06-463aab9bfab7,-123.1379587,48.17455944
843,Fukui,16,20200831,20200903,No,,22,Channel (DS-1),No,No,No,Fukui-16_8/31/2020,48.174655,-123.1380012,12/16/2020 4:27,KSO,12/16/2020 4:27,KSO,17161ee9-af4d-4c45-9916-a1fd9e7545ae,-123.1380012,48.174655
844,Minnow,17,20200831,20200903,No,,22,Channel (DS-1),No,No,No,Minnow-17_8/31/2020,48.17475833,-123.1379583,12/16/2020 4:27,KSO,12/16/2020 4:27,KSO,2e560e78-7d1e-4cb3-999a-899a91014ca2,-123.1379583,48.17475833
845,Fukui,17,20200831,20200903,No,,22,Channel (DS-1),No,No,No,Fukui-17_8/31/2020,48.17485333,-123.1379717,12/16/2020 4:27,KSO,12/16/2020 4:27,KSO,5d293251-2548-4eeb-8dba-152520c46dc2,-123.1379717,48.17485333
755,Burrow,1,20200804,20200904,No,,18,Channel (DS-1),No,No,No,Burrow-1_8/4/2020 7:08:04 AM,48.17454791,-123.1378658,12/16/2020 4:27,KSO,12/16/2020 4:27,KSO,cb29a5b2-60d0-408c-8c36-223de70f8a3d,-123.1378658,48.17454791
850,Fukui,13,20200916,20200917,No,,24,Channel (DS-1),No,No,No,Fukui-13_9/16/2020,48.174663,-123.1386298,12/16/2020 4:27,KSO,12/16/2020 4:27,KSO,b2a95cfd-8684-463a-86bf-2408980854bf,-123.1386298,48.174663
851,Minnow,1,20200916,20200917,No,,24,Channel (DS-1),No,No,No,Minnow-1_9/16/2020,48.173235,-123.1373878,12/16/2020 4:27,KSO,12/16/2020 4:27,KSO,bf49eb31-f716-416d-906c-af735218e897,-123.1373878,48.173235
852,Fukui,1,20200916,20200917,No,,24,Channel (DS-1),No,No,No,Fukui-1_9/16/2020,48.17331167,-123.1374167,12/16/2020 4:27,KSO,12/16/2020 4:27,KSO,1ff3d0c8-e837-4427-9594-cf4be4b183c2,-123.1374167,48.17331167
853,Minnow,2,20200916,20200917,No,,24,Channel (DS-1),No,No,No,Minnow-2_9/16/2020,48.17341933,-123.1374863,12/16/2020 4:27,KSO,12/16/2020 4:27,KSO,5daff20b-ecf1-4583-94f3-c06f6b4242c6,-123.1374863,48.17341933
854,Fukui,2,20200916,20200917,No,,24,Channel (DS-1),No,No,No,Fukui-2_9/16/2020,48.17354078,-123.1374861,12/16/2020 4:27,KSO,12/16/2020 4:27,KSO,761d3379-b07e-49ea-b31c-99e374f66807,-123.1374861,48.17354078
855,Minnow,3,20200916,20200917,No,,24,Channel (DS-1),No,No,No,Minnow-3_9/16/2020,48.17362878,-123.1374577,12/16/2020 4:27,KSO,12/16/2020 4:27,KSO,3fec7ecb-12ce-462e-9cf7-1d369b4e225a,-123.1374577,48.17362878
856,Fukui,3,20200916,20200917,No,,24,Channel (DS-1),No,No,No,Fukui-3_9/16/2020,48.17371689,-123.137365,12/16/2020 4:27,KSO,12/16/2020 4:27,KSO,5c3f1e3d-3e4b-4908-918b-0f0ee1f58abb,-123.137365,48.17371689
857,Minnow,4,20200916,20200917,No,,24,Channel (DS-1),No,No,No,Minnow-4_9/16/2020,48.173635,-123.1371881,12/16/2020 4:27,KSO,12/16/2020 4:27,KSO,67a13a8b-ed07-4317-b964-187823d2c3ce,-123.1371881,48.173635
858,Fukui,4,20200916,20200917,No,,24,Channel (DS-1),No,No,No,Fukui-4_9/16/2020,48.17358756,-123.1371308,12/16/2020 4:27,KSO,12/16/2020 4:27,KSO,e4d8637a-c41c-4c54-96b3-68bce3cbb289,-123.1371308,48.17358756
859,Minnow,5,20200916,20200917,No,,24,Channel (DS-1),No,No,No,Minnow-5_9/16/2020,48.17352,-123.1370607,12/16/2020 4:27,KSO,12/16/2020 4:27,KSO,e0c2acc2-c529-42f3-ac62-0e2f946fd9b8,-123.1370607,48.17352
860,Fukui,5,20200916,20200917,No,,24,Channel (DS-1),No,No,No,Fukui-5_9/16/2020,48.17346056,-123.1369946,12/16/2020 4:27,KSO,12/16/2020 4:27,KSO,7b4847d0-85cb-46a7-8823-e89cc1a7a989,-123.1369946,48.17346056
867,Fukui,9,20200916,20200917,No,,24,Channel (DS-1),No,No,No,Fukui-9_9/16/2020,48.17385667,-123.1360667,12/16/2020 4:27,KSO,12/16/2020 4:27,KSO,720e3e87-f851-406f-9e45-68bc8b6ed6f6,-123.1360667,48.17385667
868,Minnow,9,20200916,20200917,No,,24,Channel (DS-1),No,No,No,Minnow-9_9/16/2020,48.17382867,-123.1360574,12/16/2020 4:27,KSO,12/16/2020 4:27,KSO,7e7f5ebb-a74e-4883-be18-56ce803348c9,-123.1360574,48.17382867
869,Minnow,10,20200916,20200917,No,,24,Channel (DS-1),No,No,No,Minnow-10_9/16/2020,48.17394244,-123.1363789,12/16/2020 4:27,KSO,12/16/2020 4:27,KSO,6f44cbdd-d956-4b5d-b237-4f5f8414b0ad,-123.1363789,48.17394244
870,Fukui,10,20200916,20200917,No,,24,Channel (DS-1),No,No,No,Fukui-10_9/16/2020,48.173947,-123.1364937,12/16/2020 4:27,KSO,12/16/2020 4:27,KSO,4aa4b884-ba83-4443-b139-25f980816aac,-123.1364937,48.173947
871,Minnow,11,20200916,20200917,No,,24,Channel (DS-1),No,No,No,Minnow-11_9/16/2020,48.17394722,-123.1366178,12/16/2020 4:27,KSO,12/16/2020 4:27,KSO,bc198a49-a8cf-45d1-b2b3-badbb2ec5c9b,-123.1366178,48.17394722
872,Fukui,11,20200916,20200917,No,,24,Channel (DS-1),No,No,No,Fukui-11_9/16/2020,48.17389433,-123.1368202,12/16/2020 4:27,KSO,12/16/2020 4:27,KSO,f2aa62ae-8338-4609-8799-fd62f642f2cc,-123.1368202,48.17389433
873,Minnow,12,20200916,20200917,No,,24,Channel (DS-1),No,No,No,Minnow-12_9/16/2020,48.173894,-123.1369583,12/16/2020 4:27,KSO,12/16/2020 4:27,KSO,778b39e2-2c0b-466a-93fe-23c57a1bef54,-123.1369583,48.173894
874,Fukui,12,20200916,20200917,No,,24,Channel (DS-1),No,No,No,Fukui-12_9/16/2020,48.17389533,-123.1370116,12/16/2020 4:27,KSO,12/16/2020 4:27,KSO,1c985e57-bca1-4b7c-aea9-e8f9a44c370f,-123.1370116,48.17389533
875,Minnow,13,20200916,20200917,No,,24,Channel (DS-1),No,No,No,Minnow-13_9/16/2020,48.17422333,-123.1372433,12/16/2020 4:27,KSO,12/16/2020 4:27,KSO,55de7775-33f6-413f-bdf6-a19b9966b4cd,-123.1372433,48.17422333
876,Minnow,14,20200916,20200917,No,,24,Channel (DS-1),No,No,No,Minnow-14_9/16/2020,48.17439478,-123.1374314,12/16/2020 4:27,KSO,12/16/2020 4:27,KSO,40a860a9-f9ae-4e6d-b21a-427433a02508,-123.1374314,48.17439478
877,Fukui,14,20200916,20200917,No,,24,Channel (DS-1),No,No,No,Fukui-14_9/16/2020,48.17449167,-123.1375098,12/16/2020 4:27,KSO,12/16/2020 4:27,KSO,3a7ea4a0-4cb0-48f3-856f-ee969667e588,-123.1375098,48.17449167
878,Minnow,15,20200916,20200917,No,,24,Channel (DS-1),No,No,No,Minnow-15_9/16/2020,48.17450433,-123.1376613,12/16/2020 4:27,KSO,12/16/2020 4:27,KSO,b9f2cc21-6e01-4bd2-bfa8-dbb007629d17,-123.1376613,48.17450433
879,Fukui,15,20200916,20200917,No,,24,Channel (DS-1),No,No,No,Fukui-15_9/16/2020,48.17450167,-123.1378383,12/16/2020 4:27,KSO,12/16/2020 4:27,KSO,1f58fd08-24f7-4f60-8a91-112515ef0e51,-123.1378383,48.17450167
880,Minnow,16,20200916,20200917,No,,24,Channel (DS-1),No,No,No,Minnow-16_9/16/2020,48.17455944,-123.1379587,12/16/2020 4:27,KSO,12/16/2020 4:27,KSO,e625133c-97ac-4888-a441-f576fe401d26,-123.1379587,48.17455944
881,Fukui,16,20200916,20200917,No,,24,Channel (DS-1),No,No,No,Fukui-16_9/16/2020,48.174655,-123.1380012,12/16/2020 4:27,KSO,12/16/2020 4:27,KSO,5c05600b-57b8-4f7c-9257-fde5e8127f5d,-123.1380012,48.174655
882,Minnow,17,20200916,20200917,No,,24,Channel (DS-1),No,No,No,Minnow-17_9/16/2020,48.17475833,-123.1379583,12/16/2020 4:27,KSO,12/16/2020 4:27,KSO,ab4de2d7-0e8e-488a-95db-8882832c196c,-123.1379583,48.17475833
883,Fukui,17,20200916,20200917,No,,24,Channel (DS-1),No,No,No,Fukui-17_9/16/2020,48.17485333,-123.1379717,12/16/2020 4:27,KSO,12/16/2020 4:27,KSO,f4b0f4df-39d4-4e21-8fd9-8c1728b9a515,-123.1379717,48.17485333
884,Minnow,18,20200916,20200917,No,,24,Channel (DS-1),No,No,No,Minnow-18_9/16/2020,48.17495711,-123.138069,12/16/2020 4:27,KSO,12/16/2020 4:27,KSO,e54175f7-fa04-4bb7-9b06-5796e12abce5,-123.138069,48.17495711
885,Fukui,18,20200916,20200917,No,,24,Channel (DS-1),No,No,No,Fukui-18_9/16/2020,48.17494311,-123.1382259,12/16/2020 4:27,KSO,12/16/2020 4:27,KSO,8dfa0c05-72a0-413f-b59a-bd6dc0272d7a,-123.1382259,48.17494311
886,Minnow,19,20200916,20200917,No,,24,Channel (DS-1),No,No,No,Minnow-19_9/16/2020,48.17500344,-123.1383383,12/16/2020 4:27,KSO,12/16/2020 4:27,KSO,1257b256-c976-4e65-93ba-fd8e562f8b62,-123.1383383,48.17500344
887,Fukui,19,20200916,20200917,No,,24,Channel (DS-1),No,No,No,Fukui-19_9/16/2020,48.175052,-123.1384219,12/16/2020 4:27,KSO,12/16/2020 4:27,KSO,50b539d9-82c1-459a-82d0-976607c831ee,-123.1384219,48.175052
888,Minnow,20,20200916,20200917,No,,24,Channel (DS-1),No,No,No,Minnow-20_9/16/2020,48.17503167,-123.1385517,12/16/2020 4:27,KSO,12/16/2020 4:27,KSO,fe4c2093-ca0c-4ecf-959a-8d7ef723b2e9,-123.1385517,48.17503167
889,Fukui,20,20200916,20200917,No,,24,Channel (DS-1),No,No,No,Fukui-20_9/16/2020,48.17493567,-123.1385969,12/16/2020 4:27,KSO,12/16/2020 4:27,KSO,d6a275b3-9288-46cc-9bfa-3c83cef4a016,-123.1385969,48.17493567
890,Minnow,21,20200916,20200917,No,,24,Channel (DS-1),No,No,No,Minnow-21_9/16/2020,48.17477444,-123.1385917,12/16/2020 4:27,KSO,12/16/2020 4:27,KSO,0cb89165-15eb-41f0-bf2e-71cb2cd4e6a0,-123.1385917,48.17477444
861,Minnow,6,20200916,20200917,No,,24,Channel (DS-1),No,No,Yes,Minnow-6_9/16/2020,48.17345488,-123.1366236,12/16/2020 4:27,KSO,12/16/2020 4:27,KSO,8f04c942-a903-42bd-acfd-5e0536b1ef6b,-123.1366236,48.17345488
862,Fukui,6,20200916,20200917,No,,24,Channel (DS-1),No,No,Yes,Fukui-6_9/16/2020,48.17355833,-123.1366276,12/16/2020 4:27,KSO,12/16/2020 4:27,KSO,a56d4904-a388-42b0-a0fb-fc820dfe0ba6,-123.1366276,48.17355833
863,Minnow,7,20200916,20200917,No,,24,Channel (DS-1),No,No,Yes,Minnow-7_9/16/2020,48.173625,-123.13657,12/16/2020 4:27,KSO,12/16/2020 4:27,KSO,87e1f6a3-f0bd-48b2-8da0-bb2893dbcb85,-123.13657,48.173625
864,Fukui,7,20200916,20200917,No,,24,Channel (DS-1),No,No,Yes,Fukui-7_9/16/2020,48.17369,-123.1365467,12/16/2020 4:27,KSO,12/16/2020 4:27,KSO,54261def-ceb5-464f-a0b7-12a3bc19f09d,-123.1365467,48.17369
865,Fukui,8,20200916,20200917,No,,24,Channel (DS-1),No,No,Yes,Fukui-8_9/16/2020,48.17372833,-123.1363202,12/16/2020 4:27,KSO,12/16/2020 4:27,KSO,8a2db39b-e982-48bc-aa18-6787a1ed9a61,-123.1363202,48.17372833
866,Minnow,8,20200916,20200917,No,,24,Channel (DS-1),No,No,Yes,Minnow-8_9/16/2020,48.17373433,-123.136437,12/16/2020 4:27,KSO,12/16/2020 4:27,KSO,6794dbd0-e060-468c-bcec-2f78168db02d,-123.136437,48.17373433
714,Fukui,13,20200928,20200930,No,,26,Channel (DS-1),No,No,No,Fukui-13_9/28/2020,48.174663,-123.1386298,12/16/2020 4:27,KSO,12/16/2020 4:27,KSO,4530c45d-3ae4-41f9-b847-c77ec1705415,-123.1386298,48.174663
715,Minnow,1,20200928,20200930,No,,26,Channel (DS-1),No,No,No,Minnow-1_9/28/2020,48.173235,-123.1373878,12/16/2020 4:27,KSO,12/16/2020 4:27,KSO,40f77b67-3e6c-4a67-b0ac-381cff551733,-123.1373878,48.173235
716,Fukui,1,20200928,20200930,No,,26,Channel (DS-1),No,No,No,Fukui-1_9/28/2020,48.17331167,-123.1374167,12/16/2020 4:27,KSO,12/16/2020 4:27,KSO,1d839a11-d0fb-41e3-8d7e-610b02a210a2,-123.1374167,48.17331167
717,Minnow,2,20200928,20200930,No,,26,Channel (DS-1),No,No,No,Minnow-2_9/28/2020,48.17341933,-123.1374863,12/16/2020 4:27,KSO,12/16/2020 4:27,KSO,42fa96f1-7d6c-4504-b79f-f0bf63de1e59,-123.1374863,48.17341933
718,Fukui,2,20200928,20200930,No,,26,Channel (DS-1),No,No,No,Fukui-2_9/28/2020,48.17354078,-123.1374861,12/16/2020 4:27,KSO,12/16/2020 4:27,KSO,94d27aed-7b33-44f0-a8f6-27fedb8841b7,-123.1374861,48.17354078
719,Minnow,3,20200928,20200930,No,,26,Channel (DS-1),No,No,No,Minnow-3_9/28/2020,48.17362878,-123.1374577,12/16/2020 4:27,KSO,12/16/2020 4:27,KSO,df7ded57-4406-42f6-bc08-84dd52cd31c6,-123.1374577,48.17362878
720,Fukui,3,20200928,20200930,No,,26,Channel (DS-1),No,No,No,Fukui-3_9/28/2020,48.17371689,-123.137365,12/16/2020 4:27,KSO,12/16/2020 4:27,KSO,7a6e09e8-f9b0-4580-8c32-17d3fb5ff88c,-123.137365,48.17371689
721,Minnow,4,20200928,20200930,No,,26,Channel (DS-1),No,No,No,Minnow-4_9/28/2020,48.173635,-123.1371881,12/16/2020 4:27,KSO,12/16/2020 4:27,KSO,f1497238-b512-4db9-bb7f-d09860e95a0e,-123.1371881,48.173635
722,Fukui,4,20200928,20200930,No,,26,Channel (DS-1),No,No,No,Fukui-4_9/28/2020,48.17358756,-123.1371308,12/16/2020 4:27,KSO,12/16/2020 4:27,KSO,eb919987-cfa9-473b-a21c-211599ac6eae,-123.1371308,48.17358756
723,Minnow,5,20200928,20200930,No,,26,Channel (DS-1),No,No,No,Minnow-5_9/28/2020,48.17352,-123.1370607,12/16/2020 4:27,KSO,12/16/2020 4:27,KSO,663dde18-0a73-4bc2-b529-c90922815475,-123.1370607,48.17352
724,Fukui,5,20200928,20200930,No,,26,Channel (DS-1),No,No,No,Fukui-5_9/28/2020,48.17346056,-123.1369946,12/16/2020 4:27,KSO,12/16/2020 4:27,KSO,e9119ca1-a39c-4fa4-9220-7e9e5493ea91,-123.1369946,48.17346056
725,Minnow,6,20200928,20200930,No,,26,Channel (DS-1),No,No,No,Minnow-6_9/28/2020,48.17345488,-123.1366236,12/16/2020 4:27,KSO,12/16/2020 4:27,KSO,98ab8476-dcf5-4938-a1a1-b6acd078ca4d,-123.1366236,48.17345488
726,Fukui,6,20200928,20200930,No,,26,Channel (DS-1),No,No,No,Fukui-6_9/28/2020,48.17355833,-123.1366276,12/16/2020 4:27,KSO,12/16/2020 4:27,KSO,d8ab0ef6-d261-467f-a14b-54d4460047d7,-123.1366276,48.17355833
727,Minnow,7,20200928,20200930,No,,26,Channel (DS-1),No,No,No,Minnow-7_9/28/2020,48.173625,-123.13657,12/16/2020 4:27,KSO,12/16/2020 4:27,KSO,82140e64-b9a1-4a67-99ac-47e9f7d14e5e,-123.13657,48.173625
728,Fukui,7,20200928,20200930,No,,26,Channel (DS-1),No,No,No,Fukui-7_9/28/2020,48.17369,-123.1365467,12/16/2020 4:27,KSO,12/16/2020 4:27,KSO,36ded85d-b566-46ad-84eb-24873f8f8bef,-123.1365467,48.17369
729,Fukui,8,20200928,20200930,No,,26,Channel (DS-1),No,No,No,Fukui-8_9/28/2020,48.17372833,-123.1363202,12/16/2020 4:27,KSO,12/16/2020 4:27,KSO,eaf19b0d-d1b1-4f8e-9472-41c4f2b209d1,-123.1363202,48.17372833
730,Minnow,8,20200928,20200930,No,,26,Channel (DS-1),No,No,No,Minnow-8_9/28/2020,48.17373433,-123.136437,12/16/2020 4:27,KSO,12/16/2020 4:27,KSO,7b32c246-8d14-4786-907e-651968c6bdcc,-123.136437,48.17373433
731,Fukui,9,20200928,20200930,No,,26,Channel (DS-1),No,No,No,Fukui-9_9/28/2020,48.17385667,-123.1360667,12/16/2020 4:27,KSO,12/16/2020 4:27,KSO,16096e0b-c845-41f3-9244-3bd74ba3bfc7,-123.1360667,48.17385667
732,Minnow,9,20200928,20200930,No,,26,Channel (DS-1),No,No,No,Minnow-9_9/28/2020,48.17382867,-123.1360574,12/16/2020 4:27,KSO,12/16/2020 4:27,KSO,c133ff9e-e53a-4f43-aaf4-89d212435c20,-123.1360574,48.17382867
733,Minnow,10,20200928,20200930,No,,26,Channel (DS-1),No,No,No,Minnow-10_9/28/2020,48.17394244,-123.1363789,12/16/2020 4:27,KSO,12/16/2020 4:27,KSO,747e5970-1124-4091-b800-8dee19902c32,-123.1363789,48.17394244
734,Fukui,10,20200928,20200930,No,,26,Channel (DS-1),No,No,No,Fukui-10_9/28/2020,48.173947,-123.1364937,12/16/2020 4:27,KSO,12/16/2020 4:27,KSO,c2d41a39-a7cc-4730-97d6-3e1c098c7287,-123.1364937,48.173947
735,Minnow,11,20200928,20200930,No,,26,Channel (DS-1),No,No,No,Minnow-11_9/28/2020,48.17394722,-123.1366178,12/16/2020 4:27,KSO,12/16/2020 4:27,KSO,50e6864e-1d71-4f54-b3e9-d72e15c2bf23,-123.1366178,48.17394722
736,Fukui,11,20200928,20200930,No,,26,Channel (DS-1),No,No,No,Fukui-11_9/28/2020,48.17389433,-123.1368202,12/16/2020 4:27,KSO,12/16/2020 4:27,KSO,aca02c46-f9c7-4c0e-bac7-258e7505a038,-123.1368202,48.17389433
737,Minnow,12,20200928,20200930,No,,26,Channel (DS-1),No,No,No,Minnow-12_9/28/2020,48.173894,-123.1369583,12/16/2020 4:27,KSO,12/16/2020 4:27,KSO,057131a5-22bf-45d5-950a-33d0131b41c4,-123.1369583,48.173894
738,Fukui,12,20200928,20200930,No,,26,Channel (DS-1),No,No,No,Fukui-12_9/28/2020,48.17389533,-123.1370116,12/16/2020 4:27,KSO,12/16/2020 4:27,KSO,95debcae-482d-4a28-b085-e0a922f39802,-123.1370116,48.17389533
739,Minnow,13,20200928,20200930,No,,26,Channel (DS-1),No,No,No,Minnow-13_9/28/2020,48.17422333,-123.1372433,12/16/2020 4:27,KSO,12/16/2020 4:27,KSO,5bedf959-42fb-4bca-a154-14c6cdfacb4b,-123.1372433,48.17422333
740,Minnow,14,20200928,20200930,No,,26,Channel (DS-1),No,No,No,Minnow-14_9/28/2020,48.17439478,-123.1374314,12/16/2020 4:27,KSO,12/16/2020 4:27,KSO,0ec021f1-ebdc-4032-aa98-af369011a0f9,-123.1374314,48.17439478
741,Fukui,14,20200928,20200930,No,,26,Channel (DS-1),No,No,No,Fukui-14_9/28/2020,48.17449167,-123.1375098,12/16/2020 4:27,KSO,12/16/2020 4:27,KSO,665d5686-719c-4f73-8444-ed22448b2f12,-123.1375098,48.17449167
742,Minnow,15,20200928,20200930,No,,26,Channel (DS-1),No,No,No,Minnow-15_9/28/2020,48.17450433,-123.1376613,12/16/2020 4:27,KSO,12/16/2020 4:27,KSO,70405524-2146-4adf-89be-90ee3e82ba8a,-123.1376613,48.17450433
743,Fukui,15,20200928,20200930,No,,26,Channel (DS-1),No,No,No,Fukui-15_9/28/2020,48.17450167,-123.1378383,12/16/2020 4:27,KSO,12/16/2020 4:27,KSO,8409864b-f9b2-43a8-9efe-b6e04715fd17,-123.1378383,48.17450167
744,Minnow,16,20200928,20200930,No,,26,Channel (DS-1),No,No,No,Minnow-16_9/28/2020,48.17455944,-123.1379587,12/16/2020 4:27,KSO,12/16/2020 4:27,KSO,ad8479a9-9597-4b4e-ae6a-e7e6137bd14c,-123.1379587,48.17455944
745,Fukui,16,20200928,20200930,No,,26,Channel (DS-1),No,No,No,Fukui-16_9/28/2020,48.174655,-123.1380012,12/16/2020 4:27,KSO,12/16/2020 4:27,KSO,5ffc8b76-cf8e-4770-b9a2-8584855dd5d6,-123.1380012,48.174655
746,Minnow,17,20200928,20200930,No,,26,Channel (DS-1),No,No,No,Minnow-17_9/28/2020,48.17475833,-123.1379583,12/16/2020 4:27,KSO,12/16/2020 4:27,KSO,b92c0e22-7684-4fea-aada-7906060c86e9,-123.1379583,48.17475833
747,Fukui,17,20200928,20200930,No,,26,Channel (DS-1),No,No,No,Fukui-17_9/28/2020,48.17485333,-123.1379717,12/16/2020 4:27,KSO,12/16/2020 4:27,KSO,77b67da6-3c2b-429d-a463-f87749cc2e2f,-123.1379717,48.17485333
748,Minnow,18,20200928,20200930,No,,26,Channel (DS-1),No,No,No,Minnow-18_9/28/2020,48.17495711,-123.138069,12/16/2020 4:27,KSO,12/16/2020 4:27,KSO,51c167f8-266f-45e9-bc6e-e2a639e02015,-123.138069,48.17495711
749,Fukui,18,20200928,20200930,No,,26,Channel (DS-1),No,No,No,Fukui-18_9/28/2020,48.17494311,-123.1382259,12/16/2020 4:27,KSO,12/16/2020 4:27,KSO,e37b99a5-77f0-4e75-8de7-ac5b82956c8d,-123.1382259,48.17494311
750,Minnow,19,20200928,20200930,No,,26,Channel (DS-1),No,No,No,Minnow-19_9/28/2020,48.17500344,-123.1383383,12/16/2020 4:27,KSO,12/16/2020 4:27,KSO,4b928f53-9c40-4b9c-8069-2f6aff1c53ed,-123.1383383,48.17500344
751,Fukui,19,20200928,20200930,No,,26,Channel (DS-1),No,No,No,Fukui-19_9/28/2020,48.175052,-123.1384219,12/16/2020 4:27,KSO,12/16/2020 4:27,KSO,05ea4043-bab4-4656-afc0-af12d6d0dd22,-123.1384219,48.175052
752,Minnow,20,20200928,20200930,No,,26,Channel (DS-1),No,No,No,Minnow-20_9/28/2020,48.17503167,-123.1385517,12/16/2020 4:27,KSO,12/16/2020 4:27,KSO,47c9b5a9-58a5-417a-a9aa-f43b1142ac1c,-123.1385517,48.17503167
753,Fukui,20,20200928,20200930,No,,26,Channel (DS-1),No,No,No,Fukui-20_9/28/2020,48.17493567,-123.1385969,12/16/2020 4:27,KSO,12/16/2020 4:27,KSO,5efb0c8e-5025-4b8d-9df1-0c4a952a708d,-123.1385969,48.17493567
754,Minnow,21,20200928,20200930,No,,26,Channel (DS-1),No,No,No,Minnow-21_9/28/2020,48.17477444,-123.1385917,12/16/2020 4:27,KSO,12/16/2020 4:27,KSO,dac56827-264b-4a09-9c50-8cb13225ea74,-123.1385917,48.17477444
760,Fukui,302,20200929,20200930,No,,26,Channel (DS-1),No,Yes,No,Fukui-302_9/29/2020 3:58:54 PM,48.17536244,-123.1390022,12/16/2020 4:27,KSO,12/16/2020 4:27,KSO,226feab0-d7b9-4bcc-9744-bcc44a4e8eb5,-123.1390022,48.17536244
761,Minnow,302,20200929,20200930,No,,26,Channel (DS-1),No,Yes,No,Minnow-302_9/29/2020 4:01:00 PM,48.17532167,-123.1390967,12/16/2020 4:27,KSO,12/16/2020 4:27,KSO,288caac1-232d-4d77-bcbb-bcc1d82a5ec6,-123.1390967,48.17532167
762,Fukui,301,20200929,20200930,No,,26,Channel (DS-1),No,Yes,No,Fukui-301_9/29/2020 4:03:02 PM,48.17531994,-123.1392913,12/16/2020 4:27,KSO,12/16/2020 4:27,KSO,764a586c-a2ff-4ee4-a928-86359bd9c7e0,-123.1392913,48.17531994
763,Minnow,301,20200929,20200930,No,,26,Channel (DS-1),No,Yes,No,Minnow-301_9/29/2020 4:04:01 PM,48.175235,-123.1394001,12/16/2020 4:27,KSO,12/16/2020 4:27,KSO,280a5803-a84a-4841-aab7-4535c03f9cfd,-123.1394001,48.175235
16,Minnow,201,20200407,20200408,No,,1,East Lagoon,No,Yes,Yes,Minnow-201_4/7/2020,48.17651811,-123.127894,12/16/2020 4:27,KSO,12/16/2020 4:27,KSO,206848e5-59a0-4c54-9d1f-09429ff874a3,-123.127894,48.17651811
17,Fukui,202,20200407,20200408,No,,1,East Lagoon,No,Yes,Yes,Fukui-202_4/7/2020,48.17648944,-123.1279768,12/16/2020 4:27,KSO,12/16/2020 4:27,KSO,bea33b38-15ad-4928-8a23-2e9d3e867594,-123.1279768,48.17648944
18,Minnow,202,20200407,20200408,No,,1,East Lagoon,No,Yes,Yes,Minnow-202_4/7/2020,48.17646667,-123.1280933,12/16/2020 4:27,KSO,12/16/2020 4:27,KSO,c2d5427c-9f1f-4d85-8041-9288cddcfa49,-123.1280933,48.17646667
19,Fukui,203,20200407,20200408,No,,1,East Lagoon,No,Yes,Yes,Fukui-203_4/7/2020,48.17644333,-123.1281817,12/16/2020 4:27,KSO,12/16/2020 4:27,KSO,29620851-3dc0-4481-81ad-d70859941610,-123.1281817,48.17644333
20,Minnow,203,20200407,20200408,No,,1,East Lagoon,No,Yes,Yes,Minnow-203_4/7/2020,48.17641,-123.1282768,12/16/2020 4:27,KSO,12/16/2020 4:27,KSO,19c3af63-1324-4ba9-b62f-955ef949b97b,-123.1282768,48.17641
48,Fukui,201,20200407,20200408,No,,1,East Lagoon,No,Yes,Yes,Fukui-201_4/7/2020,48.17654833,-123.12779,12/16/2020 4:27,KSO,12/16/2020 4:27,KSO,6f089da0-0a55-463c-9544-eb219d2dbc54,-123.12779,48.17654833
463,Minnow,201,20200527,20200528,No,,8,East Lagoon,No,Yes,Yes,Minnow-201_5/27/2020,48.17651811,-123.127894,12/16/2020 4:27,KSO,12/16/2020 4:27,KSO,3b91409d-217b-4f10-b1bb-648bc2c65bb5,-123.127894,48.17651811
464,Fukui,202,20200527,20200528,No,,8,East Lagoon,No,Yes,Yes,Fukui-202_5/27/2020,48.17648944,-123.1279768,12/16/2020 4:27,KSO,12/16/2020 4:27,KSO,1e30e8d6-d333-4539-9b51-79201f4419b5,-123.1279768,48.17648944
465,Minnow,202,20200527,20200528,No,,8,East Lagoon,No,Yes,Yes,Minnow-202_5/27/2020,48.17646667,-123.1280933,12/16/2020 4:27,KSO,12/16/2020 4:27,KSO,8b459780-00d7-4480-b9a3-1a267bb45ca7,-123.1280933,48.17646667
466,Fukui,203,20200527,20200528,No,,8,East Lagoon,No,Yes,Yes,Fukui-203_5/27/2020,48.17644333,-123.1281817,12/16/2020 4:27,KSO,12/16/2020 4:27,KSO,26021887-a3c5-460f-93c2-14cbd914c131,-123.1281817,48.17644333
467,Minnow,203,20200527,20200528,No,,8,East Lagoon,No,Yes,Yes,Minnow-203_5/27/2020,48.17641,-123.1282768,12/16/2020 4:27,KSO,12/16/2020 4:27,KSO,10a84e48-de12-4c3c-8957-334f9a469b25,-123.1282768,48.17641
468,Fukui,201,20200527,20200528,No,,8,East Lagoon,No,Yes,Yes,Fukui-201_5/27/2020,48.17654833,-123.12779,12/16/2020 4:27,KSO,12/16/2020 4:27,KSO,4ff5d703-2b91-4735-b8bc-d1c1ed1a6fef,-123.12779,48.17654833
651,Minnow,201,20200623,20200625,No,,12,East Lagoon,No,Yes,Yes,Minnow-201_6/23/2020,48.17651811,-123.127894,12/16/2020 4:27,KSO,12/16/2020 4:27,KSO,afefa8da-d41f-4741-a3a3-f3365da0cddc,-123.127894,48.17651811
652,Fukui,202,20200623,20200625,No,,12,East Lagoon,No,Yes,Yes,Fukui-202_6/23/2020,48.17648944,-123.1279768,12/16/2020 4:27,KSO,12/16/2020 4:27,KSO,4abe89d7-2840-4725-8a9d-2634b2580ce1,-123.1279768,48.17648944
653,Minnow,202,20200623,20200625,No,,12,East Lagoon,No,Yes,Yes,Minnow-202_6/23/2020,48.17646667,-123.1280933,12/16/2020 4:27,KSO,12/16/2020 4:27,KSO,87f75ae4-7970-4014-bd3a-6156e807b01c,-123.1280933,48.17646667
654,Fukui,203,20200623,20200625,No,,12,East Lagoon,No,Yes,Yes,Fukui-203_6/23/2020,48.17644333,-123.1281817,12/16/2020 4:27,KSO,12/16/2020 4:27,KSO,dd1c182d-46fd-4171-828f-2cc1585d55f6,-123.1281817,48.17644333
655,Minnow,203,20200623,20200625,No,,12,East Lagoon,No,Yes,Yes,Minnow-203_6/23/2020,48.17641,-123.1282768,12/16/2020 4:27,KSO,12/16/2020 4:27,KSO,3ab65de7-ab46-41da-bda7-8c0b12337c9b,-123.1282768,48.17641
656,Fukui,201,20200623,20200625,No,,12,East Lagoon,No,Yes,Yes,Fukui-201_6/23/2020,48.17654833,-123.12779,12/16/2020 4:27,KSO,12/16/2020 4:27,KSO,67098ea3-23ac-4f46-813c-b1ca26153612,-123.12779,48.17654833
667,Minnow,201,20200721,20200722,No,,16,East Lagoon,No,Yes,Yes,Minnow-201_7/21/2020,48.17651811,-123.127894,12/16/2020 4:27,KSO,12/16/2020 4:27,KSO,c5a7f0b2-9591-4ef3-8a0c-90ff7d9e0f25,-123.127894,48.17651811
668,Fukui,202,20200721,20200722,No,,16,East Lagoon,No,Yes,Yes,Fukui-202_7/21/2020,48.17648944,-123.1279768,12/16/2020 4:27,KSO,12/16/2020 4:27,KSO,2f2eb44b-b71f-481b-9a5d-2fd7db24cf0d,-123.1279768,48.17648944
669,Minnow,202,20200721,20200722,No,,16,East Lagoon,No,Yes,Yes,Minnow-202_7/21/2020,48.17646667,-123.1280933,12/16/2020 4:27,KSO,12/16/2020 4:27,KSO,9b2cfd59-cb83-425e-9774-4ad7df98e30c,-123.1280933,48.17646667
670,Fukui,203,20200721,20200722,No,,16,East Lagoon,No,Yes,Yes,Fukui-203_7/21/2020,48.17644333,-123.1281817,12/16/2020 4:27,KSO,12/16/2020 4:27,KSO,7d3e124c-0d85-4c82-9136-7bb8dd6c7364,-123.1281817,48.17644333
671,Minnow,203,20200721,20200722,No,,16,East Lagoon,No,Yes,Yes,Minnow-203_7/21/2020,48.17641,-123.1282768,12/16/2020 4:27,KSO,12/16/2020 4:27,KSO,a12da41c-6d65-4ca1-8926-6f7cc911a0ed,-123.1282768,48.17641
672,Fukui,201,20200721,20200722,No,,16,East Lagoon,No,Yes,Yes,Fukui-201_7/21/2020,48.17654833,-123.12779,12/16/2020 4:27,KSO,12/16/2020 4:27,KSO,dfebe787-73ec-4dc9-bdd3-25b89901ee23,-123.12779,48.17654833
811,Minnow,201,20200820,20200821,No,,20,East Lagoon,No,Yes,Yes,Minnow-201_8/20/2020,48.17651811,-123.127894,12/16/2020 4:27,KSO,12/16/2020 4:27,KSO,441c5a52-206e-4dee-857c-9d75a100d7a9,-123.127894,48.17651811
812,Fukui,202,20200820,20200821,No,,20,East Lagoon,No,Yes,Yes,Fukui-202_8/20/2020,48.17648944,-123.1279768,12/16/2020 4:27,KSO,12/16/2020 4:27,KSO,f0166366-f8ac-41cc-bc66-a88ad1386bab,-123.1279768,48.17648944
813,Minnow,202,20200820,20200821,No,,20,East Lagoon,No,Yes,Yes,Minnow-202_8/20/2020,48.17646667,-123.1280933,12/16/2020 4:27,KSO,12/16/2020 4:27,KSO,e76c0ff6-2412-449e-a535-e4ee17bd6805,-123.1280933,48.17646667
814,Fukui,203,20200820,20200821,No,,20,East Lagoon,No,Yes,Yes,Fukui-203_8/20/2020,48.17644333,-123.1281817,12/16/2020 4:27,KSO,12/16/2020 4:27,KSO,d30801bd-c617-498d-b26c-cab8b23063fe,-123.1281817,48.17644333
815,Minnow,203,20200820,20200821,No,,20,East Lagoon,No,Yes,Yes,Minnow-203_8/20/2020,48.17641,-123.1282768,12/16/2020 4:27,KSO,12/16/2020 4:27,KSO,9caa976e-1aea-44b6-8183-c3c06fc5f831,-123.1282768,48.17641
816,Fukui,201,20200820,20200821,No,,20,East Lagoon,No,Yes,Yes,Fukui-201_8/20/2020,48.17654833,-123.12779,12/16/2020 4:27,KSO,12/16/2020 4:27,KSO,3ba8a215-18d1-4f18-be30-02b765bc9f19,-123.12779,48.17654833
891,Minnow,201,20200928,20200929,No,,26,East Lagoon,No,Yes,Yes,Minnow-201_9/28/2020,48.17651811,-123.127894,12/16/2020 4:27,KSO,12/16/2020 4:27,KSO,cb10b7d3-a625-4786-8d43-ce72b754a020,-123.127894,48.17651811
892,Fukui,202,20200928,20200929,No,,26,East Lagoon,No,Yes,Yes,Fukui-202_9/28/2020,48.17648944,-123.1279768,12/16/2020 4:27,KSO,12/16/2020 4:27,KSO,d5af4ab5-eae7-4b03-9816-85ae497317cf,-123.1279768,48.17648944
893,Minnow,202,20200928,20200929,No,,26,East Lagoon,No,Yes,Yes,Minnow-202_9/28/2020,48.17646667,-123.1280933,12/16/2020 4:27,KSO,12/16/2020 4:27,KSO,b9d55cc9-7839-4ee3-8ffa-1128a33cdc5f,-123.1280933,48.17646667
894,Fukui,203,20200928,20200929,No,,26,East Lagoon,No,Yes,Yes,Fukui-203_9/28/2020,48.17644333,-123.1281817,12/16/2020 4:27,KSO,12/16/2020 4:27,KSO,778aa116-057c-4da1-888d-c1ad696c88ec,-123.1281817,48.17644333
895,Minnow,203,20200928,20200929,No,,26,East Lagoon,No,Yes,Yes,Minnow-203_9/28/2020,48.17641,-123.1282768,12/16/2020 4:27,KSO,12/16/2020 4:27,KSO,d5af347c-c6b7-48c6-9013-502b79f71ed0,-123.1282768,48.17641
896,Fukui,201,20200928,20200929,No,,26,East Lagoon,No,Yes,Yes,Fukui-201_9/28/2020,48.17654833,-123.12779,12/16/2020 4:27,KSO,12/16/2020 4:27,KSO,1a30dda4-2140-4644-bf16-b4159a729f7b,-123.12779,48.17654833
146,Minnow,301,20200422,20200424,No,,3,Other,No,Yes,No,Minnow-301_4/22/2020 5:19:42 PM,48.17290633,-123.1404077,12/16/2020 4:27,KSO,12/16/2020 4:27,KSO,bbe72151-c4ed-44d5-8422-051e5013db29,-123.1404077,48.17290633
147,Fukui,301,20200422,20200424,No,,3,Other,No,Yes,No,Fukui-301_4/22/2020 5:22:04 PM,48.17288744,-123.1402874,12/16/2020 4:27,KSO,12/16/2020 4:27,KSO,6115f989-6386-41f7-b6c0-8030cf12fab1,-123.1402874,48.17288744
148,Fukui,302,20200422,20200424,No,,3,Other,No,Yes,No,Fukui-302_4/22/2020 5:26:34 PM,48.17228489,-123.1410826,12/16/2020 4:27,KSO,12/16/2020 4:27,KSO,7077626d-fd8b-41dd-8d70-b1327c1092a8,-123.1410826,48.17228489
149,Minnow,302,20200422,20200424,No,,3,Other,No,Yes,No,Minnow-302_4/22/2020 5:28:17 PM,48.17227667,-123.1414898,12/16/2020 4:27,KSO,12/16/2020 4:27,KSO,23ddd56d-923d-4726-9b7b-e5dea592b219,-123.1414898,48.17227667
152,Fukui,302,20200427,20200430,No,,4,Other,No,Yes,No,Fukui-302_4/27/2020 7:56:11 PM,48.17184278,-123.1412609,12/16/2020 4:27,KSO,12/16/2020 4:27,KSO,1120a8c1-f51b-4277-a541-be7cbdbcc577,-123.1412609,48.17184278
153,Minnow,302,20200427,20200430,No,,4,Other,No,Yes,No,Minnow-302_4/27/2020 7:57:30 PM,48.17181644,-123.1413957,12/16/2020 4:27,KSO,12/16/2020 4:27,KSO,c08b0b01-4103-4a60-9c47-6dc3135e121a,-123.1413957,48.17181644
154,Fukui,301,20200427,20200430,No,,4,Other,No,Yes,No,Fukui-301_4/27/2020 7:58:52 PM,48.17179211,-123.1415121,12/16/2020 4:27,KSO,12/16/2020 4:27,KSO,b1caea74-7b68-4eaf-885a-4507a0335f5b,-123.1415121,48.17179211
155,Minnow,301,20200427,20200430,No,,4,Other,No,Yes,No,Minnow-301_4/27/2020 7:59:55 PM,48.17178,-123.1416153,12/16/2020 4:27,KSO,12/16/2020 4:27,KSO,0fca68a9-b8d7-41d8-a23d-14d37bd61e08,-123.1416153,48.17178
170,Fukui,301,20200603,20200604,No,Prospecting for baseline data on Dungeness Bay,9,Other,No,Yes,No,Fukui-301_6/3/2020 5:17:03 PM,48.173635,-123.1471583,12/16/2020 4:27,KSO,12/16/2020 4:27,KSO,93b58f86-6c6b-44fc-af39-98713c0978bc,-123.1471583,48.173635
171,Minnow,301,20200603,20200604,No,Prospecting for baseline data on Dungeness Bay,9,Other,No,Yes,No,Minnow-301_6/3/2020 5:18:16 PM,48.17357667,-123.1472396,12/16/2020 4:27,KSO,12/16/2020 4:27,KSO,7390d2e6-6e86-4f77-832c-eae82c9a7314,-123.1472396,48.17357667
172,Minnow,302,20200603,20200604,No,Prospecting for baseline data on Dungeness Bay,9,Other,No,Yes,No,Minnow-302_6/3/2020 5:20:10 PM,48.17344056,-123.147501,12/16/2020 4:27,KSO,12/16/2020 4:27,KSO,5f28f964-233d-4451-be25-437669614126,-123.147501,48.17344056
173,Fukui,302,20200603,20200604,No,Prospecting for baseline data on Dungeness Bay,9,Other,No,Yes,No,Fukui-302_6/3/2020 5:22:43 PM,48.173492,-123.1473416,12/16/2020 4:27,KSO,12/16/2020 4:27,KSO,92190038-f884-4950-9fa4-b808d84d23c4,-123.1473416,48.173492
174,Fukui,301,20200604,20200605,No,Prospecting for baseline data on Dungeness Bay,9,Other,No,Yes,No,Fukui-301_6/4/2020 5:48:11 PM,48.17030089,-123.1515764,12/16/2020 4:27,KSO,12/16/2020 4:27,KSO,6efb0585-1a0f-434b-a886-bae46f31a15d,-123.1515764,48.17030089
175,Minnow,301,20200604,20200605,No,Prospecting for baseline data on Dungeness Bay,9,Other,No,Yes,No,Minnow-301_6/4/2020 5:48:11 PM,48.16983511,-123.151315,12/16/2020 4:27,KSO,12/16/2020 4:27,KSO,13bfa90d-f8c9-4f04-a901-bc796d93f493,-123.151315,48.16983511
176,Fukui,302,20200604,20200605,No,Prospecting for baseline data on Dungeness Bay,9,Other,No,Yes,No,Fukui-302_6/4/2020 5:48:11 PM,48.16939667,-123.1509933,12/16/2020 4:27,KSO,12/16/2020 4:27,KSO,7d5e849d-c5f6-4d8b-b49d-ba05a0f91ea6,-123.1509933,48.16939667
177,Minnow,302,20200604,20200605,No,Prospecting for baseline data on Dungeness Bay,9,Other,No,Yes,No,Minnow-302_6/4/2020 5:48:11 PM,48.16905978,-123.1505884,12/16/2020 4:27,KSO,12/16/2020 4:27,KSO,912842c0-4fe9-4c63-8f5e-fbd8f5419cd5,-123.1505884,48.16905978
178,Fukui,301,20200608,20200609,No,Prospecting for baseline data on Dungeness Bay,10,Other,No,Yes,No,Fukui-301_6/8/2020 6:19:12 PM,48.17009667,-123.1521867,12/16/2020 4:27,KSO,12/16/2020 4:27,KSO,60f0d0a4-d73e-43e6-a5f7-8ac2163826ad,-123.1521867,48.17009667
179,Minnow,301,20200608,20200609,No,Prospecting for baseline data on Dungeness Bay,10,Other,No,Yes,No,Minnow-301_6/8/2020 6:19:12 PM,48.16988,-123.1520231,12/16/2020 4:27,KSO,12/16/2020 4:27,KSO,1885742b-d2b6-4f93-a0e2-ced7b23900a8,-123.1520231,48.16988
180,Fukui,302,20200608,20200609,No,Prospecting for baseline data on Dungeness Bay,10,Other,No,Yes,No,Fukui-302_6/8/2020 6:19:12 PM,48.16965478,-123.1519017,12/16/2020 4:27,KSO,12/16/2020 4:27,KSO,eab46f96-4a40-439f-97e2-9272a2b90792,-123.1519017,48.16965478
181,Minnow,302,20200608,20200609,No,Prospecting for baseline data on Dungeness Bay,10,Other,No,Yes,No,Minnow-302_6/8/2020 6:19:12 PM,48.16945167,-123.151762,12/16/2020 4:27,KSO,12/16/2020 4:27,KSO,c3d0ee18-438f-4f78-ab91-38a7a92a9306,-123.151762,48.16945167
182,Fukui,302,20200609,20200610,No,Prospecting for baseline data on Dungeness Bay,10,Other,No,Yes,No,Fukui-302_6/9/2020 6:52:06 PM,48.168505,-123.1530783,12/16/2020 4:27,KSO,12/16/2020 4:27,KSO,7f6bef1a-ea98-49eb-91ea-6b3bf4abecf8,-123.1530783,48.168505
183,Minnow,302,20200609,20200610,No,Prospecting for baseline data on Dungeness Bay,10,Other,No,Yes,No,Minnow-302_6/9/2020 6:57:17 PM,48.16808167,-123.1527133,12/16/2020 4:27,KSO,12/16/2020 4:27,KSO,9bf8b656-7bdd-4122-bddd-0acabd8e700a,-123.1527133,48.16808167
184,Minnow,301,20200609,20200610,No,Prospecting for baseline data on Dungeness Bay,10,Other,No,Yes,No,Minnow-301_6/9/2020 6:57:17 PM,48.16894167,-123.1535683,12/16/2020 4:27,KSO,12/16/2020 4:27,KSO,eeea67ec-2770-464d-97ba-be9654f7a01e,-123.1535683,48.16894167
185,Fukui,301,20200609,20200610,No,Prospecting for baseline data on Dungeness Bay,10,Other,No,Yes,No,Fukui-301_6/9/2020 6:57:17 PM,48.16943333,-123.1541967,12/16/2020 4:27,KSO,12/16/2020 4:27,KSO,2a5ed238-0ef2-476b-af38-e4d5f7bbab44,-123.1541967,48.16943333
186,Minnow,302,20200610,20200611,No,Prospecting for baseline data on Dungeness Bay,10,Other,No,Yes,No,Minnow-302_6/10/2020 7:58:17 PM,48.16693333,-123.15469,12/16/2020 4:27,KSO,12/16/2020 4:27,KSO,214da31d-6fd7-46fa-a374-3ad5caa59dda,-123.15469,48.16693333
187,Fukui,302,20200610,20200611,No,Prospecting for baseline data on Dungeness Bay,10,Other,No,Yes,No,Fukui-302_6/10/2020 8:04:04 PM,48.167465,-123.1552669,12/16/2020 4:27,KSO,12/16/2020 4:27,KSO,ae34a9cb-3469-4015-a9b8-a91c8953ba56,-123.1552669,48.167465
188,Minnow,301,20200610,20200611,No,Prospecting for baseline data on Dungeness Bay,10,Other,No,Yes,No,Minnow-301_6/10/2020 8:07:05 PM,48.16802878,-123.1559693,12/16/2020 4:27,KSO,12/16/2020 4:27,KSO,cb4aaa12-2c8c-4284-b9a9-bb68ccefba85,-123.1559693,48.16802878
189,Fukui,301,20200610,20200611,No,Prospecting for baseline data on Dungeness Bay,10,Other,No,Yes,No,Fukui-301_6/10/2020 8:09:06 PM,48.168495,-123.156584,12/16/2020 4:27,KSO,12/16/2020 4:27,KSO,4b0593c4-7c72-452b-a3b2-cc09f3c5dfee,-123.156584,48.168495
190,Fukui,301,20200618,20200619,No,Prospecting for baseline data on Dungeness Bay,11,Other,No,Yes,No,Fukui-301_6/18/2020 5:22:18 PM,48.167265,-123.1583,12/16/2020 4:27,KSO,12/16/2020 4:27,KSO,692a0c99-908d-41db-849c-750ad76f4cf1,-123.1583,48.167265
191,Minnow,301,20200618,20200619,No,Prospecting for baseline data on Dungeness Bay,11,Other,No,Yes,No,Minnow-301_6/18/2020 5:26:32 PM,48.166965,-123.15804,12/16/2020 4:27,KSO,12/16/2020 4:27,KSO,f8bffbca-551e-4f65-a47f-5f718e1ad815,-123.15804,48.166965
192,Minnow,302,20200618,20200619,No,Prospecting for baseline data on Dungeness Bay,11,Other,No,Yes,No,Minnow-302_6/18/2020 5:35:10 PM,48.16637667,-123.1574404,12/16/2020 4:27,KSO,12/16/2020 4:27,KSO,0145ae6a-3190-43e3-ba87-286440dcc226,-123.1574404,48.16637667
193,Fukui,302,20200618,20200619,No,Prospecting for baseline data on Dungeness Bay,11,Other,No,Yes,No,Fukui-302_6/18/2020 5:38:29 PM,48.16664133,-123.1576908,12/16/2020 4:27,KSO,12/16/2020 4:27,KSO,97e643db-36ba-4911-9ca4-5575a52c22e1,-123.1576908,48.16664133
195,Fukui,301,20200708,20200709,No,Prospecting for baseline data on Dungeness Bay,14,Other,No,Yes,No,Fukui-301_7/8/2020 8:56:43 PM,48.16631,-123.15997,12/16/2020 4:27,KSO,12/16/2020 4:27,KSO,727668aa-0f68-411f-8e97-1e72a8792cf2,-123.15997,48.16631
196,Minnow,301,20200708,20200709,No,Prospecting for baseline data on Dungeness Bay,14,Other,No,Yes,No,Minnow-301_7/8/2020 9:00:10 PM,48.16589667,-123.1593002,12/16/2020 4:27,KSO,12/16/2020 4:27,KSO,a2f21dfd-f2e4-40e6-86f0-bca6e3abe8bb,-123.1593002,48.16589667
197,Fukui,302,20200708,20200709,No,Prospecting for baseline data on Dungeness Bay,14,Other,No,Yes,No,Fukui-302_7/8/2020 8:56:43 PM,48.16549033,-123.1587893,12/16/2020 4:27,KSO,12/16/2020 4:27,KSO,96d073e3-71f7-4022-9a9b-8c0458a4a81f,-123.1587893,48.16549033
198,Minnow,302,20200708,20200709,No,Prospecting for baseline data on Dungeness Bay,14,Other,No,Yes,No,Minnow-302_7/8/2020 8:56:43 PM,48.16494,-123.1581267,12/16/2020 4:27,KSO,12/16/2020 4:27,KSO,11ebc3d1-33ff-4578-a71a-b8468673a008,-123.1581267,48.16494
