OBJECTID,Trap Type,Trap Number,Trap Set Date,Trap Pull Date,Active,Location Notes,Week,Site Name,EGC Captured?,Prospecting Trap?,MMP Trap?,TrapIDJoin,Latitude,Longitude,created_date,created_user,last_edited_date,last_edited_user,GlobalID,x,y
139,Minnow,8,20180416,20180420,No,,,,No,0,0,Minnow-008_4/16/2018,48.17372094,-123.1362387,12/16/2020 4:23,KSO,12/16/2020 4:29,KSO,ae66e3cf-0b1c-4413-bbf7-2fe0f3668c4b,-123.1362387,48.17372094
140,Minnow,102,20180409,20180411,No,Originally gps'd on Juno in a quickprojects shapefile,,,No,0,0,Minnow-102_4/9/2018,48.14651584,-123.183808,12/16/2020 4:23,KSO,12/16/2020 4:29,KSO,22456d7d-f626-4446-b3ac-cd37d59d285e,-123.183808,48.14651584
141,Minnow,101,20180409,20180411,No,Originally gps'd on Juno in a quickprojects shapefile,,,No,0,0,Minnow-101_4/9/2018,48.14639798,-123.1836632,12/16/2020 4:23,KSO,12/16/2020 4:29,KSO,3e5ccc0c-f5b0-4fb0-92da-2f58b73fe385,-123.1836632,48.14639798
142,Fukui,102,20180409,20180411,No,Originally gps'd on Juno in a quickprojects shapefile,,,No,0,0,Fukui-102_4/9/2018,48.146482,-123.183671,12/16/2020 4:23,KSO,12/16/2020 4:29,KSO,501a1f25-28e6-4a6e-bb73-2749b7f8cbeb,-123.183671,48.146482
143,Fukui,101,20180409,20180411,No,Originally gps'd on Juno in a quickprojects shapefile,,,No,0,0,Fukui-101_4/9/2018,48.14652894,-123.1835418,12/16/2020 4:23,KSO,12/16/2020 4:29,KSO,abfee5f4-73c3-44e8-bacf-1e550c3d7e1c,-123.1835418,48.14652894
144,Minnow,11,20180416,20180420,No,,,,No,0,0,Minnow-011_4/16/2018,48.17422371,-123.137247,12/16/2020 4:23,KSO,12/16/2020 4:29,KSO,80994e33-f88a-45be-896b-b890ccb96aff,-123.137247,48.17422371
145,Fukui,102,20180416,20180420,No,,,,No,0,0,Fukui-102_4/16/2018,48.14647092,-123.1836689,12/16/2020 4:23,KSO,12/16/2020 4:29,KSO,3a27ba9a-7d9d-4579-bec9-a7bda4e3b956,-123.1836689,48.14647092
146,Fukui,101,20180416,20180420,No,,,,No,0,0,Fukui-101_4/16/2018,48.14653086,-123.1835111,12/16/2020 4:23,KSO,12/16/2020 4:29,KSO,1199bb65-29db-4684-965f-c8c91cd54ffa,-123.1835111,48.14653086
147,Minnow,103,20180416,20180420,No,,,,No,0,0,Minnow-103_4/16/2018,48.14648722,-123.183749,12/16/2020 4:23,KSO,12/16/2020 4:29,KSO,0f73a040-41a1-4d42-91ed-789b467875c7,-123.183749,48.14648722
148,Minnow,102,20180416,20180420,No,,,,No,0,0,Minnow-102_4/16/2018,48.14645776,-123.1835714,12/16/2020 4:23,KSO,12/16/2020 4:29,KSO,88175dff-906c-4ca6-9e4e-b7b05198fabd,-123.1835714,48.14645776
149,Fukui,1,20180423,20180425,No,,,,No,0,0,Fukui-001_4/23/2018,48.1732705,-123.1374289,12/16/2020 4:23,KSO,12/16/2020 4:29,KSO,e62a6980-592f-496e-9563-d387c8993c87,-123.1374289,48.1732705
150,Minnow,1,20180423,20180425,No,,,,No,0,0,Minnow-001_4/23/2018,48.17336181,-123.1374728,12/16/2020 4:23,KSO,12/16/2020 4:29,KSO,179b26d9-f29f-41e2-9326-ac361be7d78f,-123.1374728,48.17336181
151,Fukui,2,20180423,20180425,No,,,,No,0,0,Fukui-002_4/23/2018,48.17344058,-123.137489,12/16/2020 4:23,KSO,12/16/2020 4:29,KSO,5ab55270-275c-4d78-90a0-29dadf86fccd,-123.137489,48.17344058
152,Minnow,2,20180423,20180425,No,,,,No,0,0,Minnow-002_4/23/2018,48.17352193,-123.1374981,12/16/2020 4:23,KSO,12/16/2020 4:29,KSO,b79ed7d4-a1a7-4bee-9add-31eca8a5a31b,-123.1374981,48.17352193
153,Fukui,3,20180423,20180425,No,,,,No,0,0,Fukui-003_4/23/2018,48.17358009,-123.137485,12/16/2020 4:23,KSO,12/16/2020 4:29,KSO,315255e7-e2f1-40c5-8a39-8a1ba054f878,-123.137485,48.17358009
154,Minnow,3,20180423,20180425,No,,,,No,0,0,Minnow-003_4/23/2018,48.1736586,-123.1374355,12/16/2020 4:23,KSO,12/16/2020 4:29,KSO,2b0dac6c-c639-4418-99fb-3a20d1eadd6d,-123.1374355,48.1736586
155,Fukui,4,20180423,20180425,No,,,,No,0,0,Fukui-004_4/23/2018,48.17370759,-123.1373586,12/16/2020 4:23,KSO,12/16/2020 4:29,KSO,6d0f4995-2f18-4fc8-9cc5-a0dd0004a951,-123.1373586,48.17370759
156,Minnow,4,20180423,20180425,No,,,,No,0,0,Minnow-004_4/23/2018,48.17351788,-123.1370704,12/16/2020 4:23,KSO,12/16/2020 4:29,KSO,7290657e-0392-4b09-80a1-37a988b8a071,-123.1370704,48.17351788
157,Fukui,5,20180423,20180425,No,,,,No,0,0,Fukui-005_4/23/2018,48.17346247,-123.137026,12/16/2020 4:23,KSO,12/16/2020 4:29,KSO,75c52605-7e7f-426d-a32b-3559cfd05e24,-123.137026,48.17346247
158,Minnow,5,20180423,20180425,No,,,,No,0,0,Minnow-005_4/23/2018,48.17340715,-123.1369494,12/16/2020 4:23,KSO,12/16/2020 4:29,KSO,85a6b48c-a5c7-4a11-845d-b689c2677577,-123.1369494,48.17340715
159,Fukui,6,20180423,20180425,No,,,,No,0,0,Fukui-006_4/23/2018,48.17349668,-123.1366631,12/16/2020 4:23,KSO,12/16/2020 4:29,KSO,a4433c8f-7630-41ad-92bf-04b22e063069,-123.1366631,48.17349668
160,Minnow,6,20180423,20180425,No,,,,No,0,0,Minnow-006_4/23/2018,48.17356201,-123.136627,12/16/2020 4:23,KSO,12/16/2020 4:29,KSO,c6c34fff-74ec-4f52-a188-0eee7714bb04,-123.136627,48.17356201
161,Fukui,7,20180423,20180425,No,,,,No,0,0,Fukui-007_4/23/2018,48.17363537,-123.1365817,12/16/2020 4:23,KSO,12/16/2020 4:29,KSO,4efb56ae-e2fc-453e-9cfe-c20d9e7fe19c,-123.1365817,48.17363537
162,Minnow,7,20180423,20180425,No,,,,No,0,0,Minnow-007_4/23/2018,48.1737049,-123.1364987,12/16/2020 4:23,KSO,12/16/2020 4:29,KSO,9b1aff45-3051-40c7-a739-86b3c40e379f,-123.1364987,48.1737049
164,Minnow,9,20180423,20180425,No,,,,No,0,0,Minnow-009_4/23/2018,48.17390025,-123.1366909,12/16/2020 4:23,KSO,12/16/2020 4:29,KSO,a4035349-a61f-4761-b0b2-ff4c4a1862eb,-123.1366909,48.17390025
165,Fukui,10,20180423,20180425,No,,,,No,0,0,Fukui-010_4/23/2018,48.17388743,-123.1367924,12/16/2020 4:23,KSO,12/16/2020 4:29,KSO,0ab2c24c-69b0-4be4-a9e7-6db1be8023d9,-123.1367924,48.17388743
166,Minnow,10,20180423,20180425,No,,,,No,0,0,Minnow-010_4/23/2018,48.17388541,-123.1368864,12/16/2020 4:23,KSO,12/16/2020 4:29,KSO,29c4ee5e-65df-44a0-92b3-f7ae1ea1d948,-123.1368864,48.17388541
167,Fukui,11,20180423,20180425,No,,,,No,0,0,Fukui-011_4/23/2018,48.17388929,-123.1370135,12/16/2020 4:23,KSO,12/16/2020 4:29,KSO,f0233f86-15eb-403e-9ef8-1604ddf011d3,-123.1370135,48.17388929
168,Fukui,12,20180423,20180425,No,,,,No,0,0,Fukui-012_4/23/2018,48.17443953,-123.1374855,12/16/2020 4:23,KSO,12/16/2020 4:29,KSO,324d296f-a98a-4c34-b6cb-e979d884bfe8,-123.1374855,48.17443953
169,Minnow,12,20180423,20180425,No,,,,No,0,0,Minnow-012_4/23/2018,48.17448613,-123.1375401,12/16/2020 4:23,KSO,12/16/2020 4:29,KSO,6bc29666-f1c7-4537-9c2e-d0c9584b63e0,-123.1375401,48.17448613
170,Fukui,13,20180423,20180425,No,,,,No,0,0,Fukui-013_4/23/2018,48.17454625,-123.1379317,12/16/2020 4:23,KSO,12/16/2020 4:29,KSO,fd6a5440-199c-41be-8773-2a1843e8b8cc,-123.1379317,48.17454625
171,Minnow,13,20180423,20180425,No,,,,No,0,0,Minnow-013_4/23/2018,48.17459121,-123.1380251,12/16/2020 4:23,KSO,12/16/2020 4:29,KSO,ee87f0f7-ca8e-48b2-82d6-9a54162e6651,-123.1380251,48.17459121
172,Fukui,14,20180423,20180425,No,,,,No,0,0,Fukui-014_4/23/2018,48.17481288,-123.137963,12/16/2020 4:23,KSO,12/16/2020 4:29,KSO,4c514f63-a3cb-4b05-93d7-6f1d4cb4499f,-123.137963,48.17481288
173,Minnow,14,20180423,20180425,No,,,,No,0,0,Minnow-014_4/23/2018,48.17489695,-123.1380006,12/16/2020 4:23,KSO,12/16/2020 4:29,KSO,c751c4bc-383a-4c79-9909-b4e2ea084edd,-123.1380006,48.17489695
174,Fukui,15,20180423,20180425,No,,,,No,0,0,Fukui-015_4/23/2018,48.1749369,-123.1381723,12/16/2020 4:23,KSO,12/16/2020 4:29,KSO,7a35375a-3fdb-4354-b361-0bc548f285cf,-123.1381723,48.1749369
175,Minnow,15,20180423,20180425,No,,,,No,0,0,Minnow-015_4/23/2018,48.17501044,-123.1383361,12/16/2020 4:23,KSO,12/16/2020 4:29,KSO,8d3593e8-a360-4c6d-8bed-3ed09f8d6d13,-123.1383361,48.17501044
176,Fukui,16,20180423,20180425,No,,,,No,0,0,Fukui-016_4/23/2018,48.17506725,-123.1384407,12/16/2020 4:23,KSO,12/16/2020 4:29,KSO,a998e236-491e-4a5d-9582-bf74a1538773,-123.1384407,48.17506725
177,Minnow,16,20180423,20180425,No,,,,No,0,0,Minnow-016_4/23/2018,48.17502609,-123.1385637,12/16/2020 4:23,KSO,12/16/2020 4:29,KSO,5f8e419f-7a57-4f22-923f-b236986ea66e,-123.1385637,48.17502609
178,Fukui,17,20180423,20180425,No,,,,No,0,0,Fukui-017_4/23/2018,48.17473318,-123.1386003,12/16/2020 4:23,KSO,12/16/2020 4:29,KSO,33f1cacb-8c0f-431a-b4ec-d9506c8fd496,-123.1386003,48.17473318
179,Minnow,17,20180423,20180425,No,,,,No,0,0,Minnow-017_4/23/2018,48.17466397,-123.1386243,12/16/2020 4:23,KSO,12/16/2020 4:29,KSO,0f7e8ac2-12b0-4383-81b0-28d3af8a0f54,-123.1386243,48.17466397
180,Fukui,18,20180423,20180425,No,,,,No,0,0,Fukui-018_4/23/2018,48.17471556,-123.1387902,12/16/2020 4:23,KSO,12/16/2020 4:29,KSO,6f31d06c-f91d-4cf4-9e5b-746e2e3bbbf4,-123.1387902,48.17471556
181,Minnow,301,20180423,20180425,No,Prospecting Trap,,,No,0,0,Minnow-301_4/23/2018,48.17527883,-123.1391478,12/16/2020 4:23,KSO,12/16/2020 4:29,KSO,7eacf6c9-1eba-49b1-bee7-9f4d64e1949f,-123.1391477,48.17527883
183,Minnow,303,20180423,20180425,No,Prospecting Trap,,,No,0,0,Minnow-303_4/23/2018,48.17549542,-123.1388212,12/16/2020 4:23,KSO,12/16/2020 4:29,KSO,469ef481-5365-4cfc-a404-747eab85cc0a,-123.1388212,48.17549542
184,Fukui,304,20180423,20180425,No,Prospecting Trap,,,No,0,0,Fukui-304_4/23/2018,48.17553095,-123.1383256,12/16/2020 4:23,KSO,12/16/2020 4:29,KSO,c5cffbd8-b876-4a66-910f-1c853e4e3209,-123.1383256,48.17553095
185,Minnow,305,20180423,20180425,No,Prospecting Trap,,,No,0,0,Minnow-305_4/23/2018,48.17539865,-123.1383563,12/16/2020 4:23,KSO,12/16/2020 4:29,KSO,0d693c7b-243d-412a-924c-53ae2bd27e8a,-123.1383563,48.17539865
186,Fukui,306,20180423,20180425,No,Prospecting Trap,,,No,0,0,Fukui-306_4/23/2018,48.17536815,-123.138271,12/16/2020 4:23,KSO,12/16/2020 4:29,KSO,d4dd4d1f-1dfd-45da-91f3-3e5605bb648b,-123.138271,48.17536815
187,Fukui,8,20180423,20180425,No,,,,No,0,0,Fukui-008_4/23/2018,48.17376019,-123.136382,12/16/2020 4:23,KSO,12/16/2020 4:29,KSO,8dde6cf3-750b-4f84-9b60-550641228086,-123.136382,48.17376019
188,Minnow,8,20180423,20180425,No,,,,No,0,0,Minnow-008_4/23/2018,48.17372094,-123.1362387,12/16/2020 4:23,KSO,12/16/2020 4:29,KSO,2dbf78a6-a81a-4b57-92db-323813316c0f,-123.1362387,48.17372094
189,Minnow,11,20180430,20180504,No,Minnow moved from flagged location set on 4/9 in section DS-1g becuase section doesn't hold water. ,,,No,0,0,Minnow-011_4/30/2018,48.17385994,-123.1360798,12/16/2020 4:23,KSO,12/16/2020 4:29,KSO,6d5a6698-192d-44fb-bf31-0bbda74dd81c,-123.1360798,48.17385994
190,Fukui,1,20180430,20180504,No,,,,No,0,0,Fukui-001_4/30/2018,48.1732705,-123.1374289,12/16/2020 4:23,KSO,12/16/2020 4:29,KSO,5e8b4bb7-e6a4-4432-a740-d568a3f06dbe,-123.1374289,48.1732705
191,Minnow,1,20180430,20180504,No,,,,No,0,0,Minnow-001_4/30/2018,48.17336181,-123.1374728,12/16/2020 4:23,KSO,12/16/2020 4:29,KSO,4ea88745-dc78-484c-8a90-24bbcad17755,-123.1374728,48.17336181
192,Fukui,2,20180430,20180504,No,,,,No,0,0,Fukui-002_4/30/2018,48.17344058,-123.137489,12/16/2020 4:23,KSO,12/16/2020 4:29,KSO,a5701b9f-2a6a-4fce-825d-a41937837d9d,-123.137489,48.17344058
193,Minnow,2,20180430,20180504,No,,,,No,0,0,Minnow-002_4/30/2018,48.17352193,-123.1374981,12/16/2020 4:23,KSO,12/16/2020 4:29,KSO,433371fa-3548-48dc-8182-623218adbe9b,-123.1374981,48.17352193
194,Fukui,3,20180430,20180504,No,,,,No,0,0,Fukui-003_4/30/2018,48.17358009,-123.137485,12/16/2020 4:23,KSO,12/16/2020 4:29,KSO,7e8ea12e-7eaa-47a1-b8c2-faf3db779247,-123.137485,48.17358009
197,Minnow,4,20180430,20180504,No,,,,No,0,0,Minnow-004_4/30/2018,48.17351788,-123.1370704,12/16/2020 4:23,KSO,12/16/2020 4:29,KSO,b9b2ea80-da5e-42e3-80c3-e2ab6bc3c048,-123.1370704,48.17351788
198,Fukui,5,20180430,20180504,No,,,,No,0,0,Fukui-005_4/30/2018,48.17346247,-123.137026,12/16/2020 4:23,KSO,12/16/2020 4:29,KSO,5e723e5e-6240-411b-94bc-e4d42047c287,-123.137026,48.17346247
199,Minnow,5,20180430,20180504,No,,,,No,0,0,Minnow-005_4/30/2018,48.17340715,-123.1369494,12/16/2020 4:23,KSO,12/16/2020 4:29,KSO,3d62c602-cb59-44e5-a80a-efaed0eee0c8,-123.1369494,48.17340715
200,Fukui,6,20180430,20180504,No,,,,No,0,0,Fukui-006_4/30/2018,48.17349668,-123.1366631,12/16/2020 4:23,KSO,12/16/2020 4:29,KSO,137b0114-d735-47c4-ad5c-83fdce36ceb3,-123.1366631,48.17349668
201,Minnow,6,20180430,20180504,No,,,,No,0,0,Minnow-006_4/30/2018,48.17356201,-123.136627,12/16/2020 4:23,KSO,12/16/2020 4:29,KSO,4f9e2a0f-a21e-4a7c-826d-0f93b0dbeab3,-123.136627,48.17356201
203,Minnow,7,20180430,20180504,No,,,,No,0,0,Minnow-007_4/30/2018,48.1737049,-123.1364987,12/16/2020 4:23,KSO,12/16/2020 4:29,KSO,08e47576-b8c8-4db9-8307-08d5107204a1,-123.1364987,48.1737049
205,Minnow,9,20180430,20180504,No,,,,No,0,0,Minnow-009_4/30/2018,48.17390025,-123.1366909,12/16/2020 4:23,KSO,12/16/2020 4:29,KSO,254be1a1-2cb9-48e0-aafc-20dbd5c8d522,-123.1366909,48.17390025
206,Fukui,10,20180430,20180504,No,,,,No,0,0,Fukui-010_4/30/2018,48.17388743,-123.1367924,12/16/2020 4:23,KSO,12/16/2020 4:29,KSO,c76c2c4a-3e28-4b25-934a-e89f40a01829,-123.1367924,48.17388743
207,Minnow,10,20180430,20180504,No,,,,No,0,0,Minnow-010_4/30/2018,48.17388541,-123.1368864,12/16/2020 4:23,KSO,12/16/2020 4:29,KSO,845f75b1-5508-4b45-bbdf-b34a01c61196,-123.1368864,48.17388541
208,Fukui,11,20180430,20180504,No,,,,No,0,0,Fukui-011_4/30/2018,48.17388929,-123.1370135,12/16/2020 4:23,KSO,12/16/2020 4:29,KSO,b22aad90-dd42-4c53-bf18-b2af5646dda9,-123.1370135,48.17388929
209,Fukui,12,20180430,20180504,No,,,,No,0,0,Fukui-012_4/30/2018,48.17443953,-123.1374855,12/16/2020 4:23,KSO,12/16/2020 4:29,KSO,f27103d2-94b0-48ad-8d32-25cfaf62cfdb,-123.1374855,48.17443953
210,Minnow,12,20180430,20180504,No,,,,No,0,0,Minnow-012_4/30/2018,48.17448613,-123.1375401,12/16/2020 4:23,KSO,12/16/2020 4:29,KSO,37e25be7-e500-4eaf-aaf4-f4c254bafdb8,-123.1375401,48.17448613
211,Fukui,13,20180430,20180504,No,,,,No,0,0,Fukui-013_4/30/2018,48.17454625,-123.1379317,12/16/2020 4:23,KSO,12/16/2020 4:29,KSO,7637d897-6270-4660-ae33-8973221a0904,-123.1379317,48.17454625
212,Minnow,13,20180430,20180504,No,,,,No,0,0,Minnow-013_4/30/2018,48.17459121,-123.1380251,12/16/2020 4:23,KSO,12/16/2020 4:29,KSO,e973a6d4-ef84-404c-ab8f-8a489e27668f,-123.1380251,48.17459121
213,Fukui,14,20180430,20180504,No,,,,No,0,0,Fukui-014_4/30/2018,48.17481288,-123.137963,12/16/2020 4:23,KSO,12/16/2020 4:29,KSO,7c6fc7ca-9baf-47c3-b9e8-b50162e6ff0b,-123.137963,48.17481288
214,Minnow,14,20180430,20180504,No,,,,No,0,0,Minnow-014_4/30/2018,48.17489695,-123.1380006,12/16/2020 4:23,KSO,12/16/2020 4:29,KSO,65761bd5-858e-46c4-8a79-fe70333829ff,-123.1380006,48.17489695
216,Minnow,15,20180430,20180504,No,,,,No,0,0,Minnow-015_4/30/2018,48.17501044,-123.1383361,12/16/2020 4:23,KSO,12/16/2020 4:29,KSO,b069e93d-6a59-4f45-b45f-05ca9faffdbc,-123.1383361,48.17501044
217,Fukui,16,20180430,20180504,No,,,,No,0,0,Fukui-016_4/30/2018,48.17506725,-123.1384407,12/16/2020 4:23,KSO,12/16/2020 4:29,KSO,fa0212d1-e77d-4719-b0c8-ad992855609b,-123.1384407,48.17506725
218,Minnow,16,20180430,20180504,No,,,,No,0,0,Minnow-016_4/30/2018,48.17502609,-123.1385637,12/16/2020 4:23,KSO,12/16/2020 4:29,KSO,909dca1a-0b5e-492d-9232-935ca63b4af6,-123.1385637,48.17502609
220,Minnow,17,20180430,20180504,No,,,,No,0,0,Minnow-017_4/30/2018,48.17466397,-123.1386243,12/16/2020 4:23,KSO,12/16/2020 4:29,KSO,0c28d04b-4ccf-46ea-a10d-9839a984ae25,-123.1386243,48.17466397
221,Fukui,18,20180430,20180504,No,,,,No,0,0,Fukui-018_4/30/2018,48.17471556,-123.1387902,12/16/2020 4:23,KSO,12/16/2020 4:29,KSO,54cabd74-7bdc-4a83-b80f-21abed9507c6,-123.1387902,48.17471556
222,Minnow,301,20180430,20180504,No,Prospecting Trap,,,No,0,0,Minnow-301_4/30/2018,48.17527883,-123.1391478,12/16/2020 4:23,KSO,12/16/2020 4:29,KSO,882f51e3-7d3e-437c-a19d-c3f8a27b2894,-123.1391477,48.17527883
223,Fukui,302,20180430,20180504,No,Prospecting Trap,,,No,0,0,Fukui-302_4/30/2018,48.17539012,-123.1390232,12/16/2020 4:23,KSO,12/16/2020 4:29,KSO,47e78c16-2297-4951-989a-2d38a080b8c8,-123.1390232,48.17539012
224,Minnow,303,20180430,20180504,No,Prospecting Trap,,,No,0,0,Minnow-303_4/30/2018,48.17549542,-123.1388212,12/16/2020 4:23,KSO,12/16/2020 4:29,KSO,9300e83a-2e59-41a4-b9b9-fd161eb8bbb8,-123.1388212,48.17549542
225,Fukui,304,20180430,20180504,No,Prospecting Trap,,,No,0,0,Fukui-304_4/30/2018,48.17553095,-123.1383256,12/16/2020 4:23,KSO,12/16/2020 4:29,KSO,4d318346-312a-4f5f-87a3-17e3b6f19433,-123.1383256,48.17553095
226,Minnow,305,20180430,20180504,No,Prospecting Trap,,,No,0,0,Minnow-305_4/30/2018,48.17539865,-123.1383563,12/16/2020 4:23,KSO,12/16/2020 4:29,KSO,abec41b7-cd5d-46b1-8400-080160e58683,-123.1383563,48.17539865
227,Fukui,306,20180430,20180504,No,Prospecting Trap,,,No,0,0,Fukui-306_4/30/2018,48.17536815,-123.138271,12/16/2020 4:23,KSO,12/16/2020 4:29,KSO,6e3d78c7-a863-42f3-9acc-0d07a18f322a,-123.138271,48.17536815
228,Fukui,8,20180430,20180504,No,,,,No,0,0,Fukui-008_4/30/2018,48.17376019,-123.136382,12/16/2020 4:23,KSO,12/16/2020 4:29,KSO,6f83a3c0-f20f-4cc8-9a57-0c550aa60d89,-123.136382,48.17376019
229,Minnow,8,20180430,20180504,No,,,,No,0,0,Minnow-008_4/30/2018,48.17372094,-123.1362387,12/16/2020 4:23,KSO,12/16/2020 4:29,KSO,9a9e5624-6a3d-4d04-8417-e2ec61bb2c8e,-123.1362387,48.17372094
230,Fukui,303,20180604,20180606,No,Prospecting Traps,,,No,0,0,Fukui-303_6/4/2018,48.16943623,-123.1404146,12/16/2020 4:23,KSO,12/16/2020 4:29,KSO,9785d750-0e17-470e-8865-577309e4bd4c,-123.1404146,48.16943623
231,Minnow,304,20180604,20180606,No,Prospecting Traps,,,No,0,0,Minnow-304_6/4/2018,48.17005808,-123.1418998,12/16/2020 4:23,KSO,12/16/2020 4:29,KSO,6bafd804-36b9-4c84-ae37-274a5e8c890f,-123.1418998,48.17005808
232,Minnow,305,20180604,20180606,No,Prospecting Traps,,,No,0,0,Minnow-305_6/4/2018,48.17143752,-123.1378838,12/16/2020 4:23,KSO,12/16/2020 4:29,KSO,3e209f62-25dc-4ead-834c-5ffd85b07c46,-123.1378838,48.17143752
233,Fukui,306,20180604,20180606,No,Prospecting Traps,,,No,0,0,Fukui-306_6/4/2018,48.17177343,-123.1375079,12/16/2020 4:23,KSO,12/16/2020 4:29,KSO,0ff10e78-b72f-4ac1-b9ab-569ae73a0fbc,-123.1375079,48.17177343
234,Fukui,306,20180618,20180620,No,Prospecting Trap #6,,,No,0,0,Fukui-306_6/18/2018,48.17450271,-123.1376609,12/16/2020 4:23,KSO,12/16/2020 4:29,KSO,918b208e-b2f4-4397-9495-5948ec77c457,-123.1376609,48.17450271
235,Minnow,305,20180618,20180620,No,Prospecting Trap #5,,,No,0,0,Minnow-305_6/18/2018,48.17436709,-123.1374651,12/16/2020 4:23,KSO,12/16/2020 4:29,KSO,0690f37e-59ba-4b1c-b38f-b80774a2f4bc,-123.1374651,48.17436709
236,Fukui,304,20180618,20180620,No,Prospecting Trap #4,,,No,0,0,Fukui-304_6/18/2018,48.1742232,-123.1372425,12/16/2020 4:23,KSO,12/16/2020 4:29,KSO,860da8f4-d35f-4680-844b-17210967b4aa,-123.1372425,48.1742232
237,Minnow,303,20180618,20180620,No,Prospecting Trap #3,,,No,0,0,Minnow-303_6/18/2018,48.17395965,-123.1371468,12/16/2020 4:23,KSO,12/16/2020 4:29,KSO,b7d97a9a-c55a-42f9-b2be-5a343feadc73,-123.1371468,48.17395965
238,Minnow,302,20180618,20180620,No,Prospecting Trap #2,,,No,0,0,Minnow-302_6/18/2018,48.17387954,-123.1371983,12/16/2020 4:23,KSO,12/16/2020 4:29,KSO,b5a4d1e6-a002-4f19-a612-5be2e481289e,-123.1371983,48.17387954
239,Fukui,301,20180618,20180620,No,Prospecting Trap #1,,,No,0,0,Fukui-301_6/18/2018,48.17392304,-123.1365724,12/16/2020 4:23,KSO,12/16/2020 4:29,KSO,e2c9d9fa-e8e6-4b30-88f2-2f3445880311,-123.1365724,48.17392304
240,Fukui,301,20180604,20180606,No,Prospecting Traps,,,No,0,0,Fukui-301_6/4/2018,48.17029029,-123.1390285,12/16/2020 4:23,KSO,12/16/2020 4:29,KSO,e0c425bc-eebc-4e48-8868-331ad7ac434b,-123.1390285,48.17029029
241,Minnow,302,20180604,20180606,No,Prospecting Traps,,,No,0,0,Minnow-302_6/4/2018,48.16918505,-123.1397275,12/16/2020 4:23,KSO,12/16/2020 4:29,KSO,468d659e-35b1-40f3-aefa-49b7eea2e5f9,-123.1397275,48.16918505
242,Minnow,11,20180507,20180508,No,,,,No,0,0,Minnow-011_5/7/2018,48.17385994,-123.1360798,12/16/2020 4:23,KSO,12/16/2020 4:29,KSO,cd13a0cf-7532-40ec-835c-c967d8751cf9,-123.1360798,48.17385994
243,Fukui,1,20180507,20180508,No,,,,No,0,0,Fukui-001_5/7/2018,48.1732705,-123.1374289,12/16/2020 4:23,KSO,12/16/2020 4:29,KSO,26c5da4d-de18-43e1-af08-5ead9e28bb09,-123.1374289,48.1732705
244,Minnow,1,20180507,20180508,No,,,,No,0,0,Minnow-001_5/7/2018,48.17336181,-123.1374728,12/16/2020 4:23,KSO,12/16/2020 4:29,KSO,a28d86dd-0e02-45af-b1a9-d884291d7f4a,-123.1374728,48.17336181
245,Fukui,2,20180507,20180508,No,,,,No,0,0,Fukui-002_5/7/2018,48.17344058,-123.137489,12/16/2020 4:23,KSO,12/16/2020 4:29,KSO,1ca69ab9-801b-4480-982a-4ada8110ee71,-123.137489,48.17344058
246,Minnow,2,20180507,20180508,No,,,,No,0,0,Minnow-002_5/7/2018,48.17352193,-123.1374981,12/16/2020 4:23,KSO,12/16/2020 4:29,KSO,10e1833d-a950-4d36-83d2-cacf9d042d9b,-123.1374981,48.17352193
247,Fukui,3,20180507,20180508,No,,,,No,0,0,Fukui-003_5/7/2018,48.17358009,-123.137485,12/16/2020 4:23,KSO,12/16/2020 4:29,KSO,6794220a-ac65-493e-abb3-3b95fa33c2b9,-123.137485,48.17358009
248,Minnow,3,20180507,20180508,No,,,,No,0,0,Minnow-003_5/7/2018,48.1736586,-123.1374355,12/16/2020 4:23,KSO,12/16/2020 4:29,KSO,0349ea3c-71d6-44dc-8075-a9249f4a2eae,-123.1374355,48.1736586
249,Fukui,4,20180507,20180508,No,,,,No,0,0,Fukui-004_5/7/2018,48.17370759,-123.1373586,12/16/2020 4:23,KSO,12/16/2020 4:29,KSO,bf6ddbfc-090b-444c-9860-fa7025112096,-123.1373586,48.17370759
250,Minnow,4,20180507,20180508,No,,,,No,0,0,Minnow-004_5/7/2018,48.17351788,-123.1370704,12/16/2020 4:23,KSO,12/16/2020 4:29,KSO,eeb40dd2-f1b6-45ad-aab1-4e5035c8f991,-123.1370704,48.17351788
251,Fukui,5,20180507,20180508,No,,,,No,0,0,Fukui-005_5/7/2018,48.17346247,-123.137026,12/16/2020 4:23,KSO,12/16/2020 4:29,KSO,12715eb2-2472-4483-8475-268a3265deb8,-123.137026,48.17346247
252,Minnow,5,20180507,20180508,No,,,,No,0,0,Minnow-005_5/7/2018,48.17340715,-123.1369494,12/16/2020 4:23,KSO,12/16/2020 4:29,KSO,e5050ba8-061c-4207-8838-4588cbeadb22,-123.1369494,48.17340715
253,Fukui,6,20180507,20180508,No,,,,No,0,0,Fukui-006_5/7/2018,48.17349668,-123.1366631,12/16/2020 4:23,KSO,12/16/2020 4:29,KSO,4bcf34b7-9970-4b61-a529-d29fa73bdc5c,-123.1366631,48.17349668
254,Minnow,6,20180507,20180508,No,,,,No,0,0,Minnow-006_5/7/2018,48.17356201,-123.136627,12/16/2020 4:23,KSO,12/16/2020 4:29,KSO,69c53be2-4539-45a2-ba71-28bee9fb2049,-123.136627,48.17356201
256,Minnow,7,20180507,20180508,No,,,,No,0,0,Minnow-007_5/7/2018,48.1737049,-123.1364987,12/16/2020 4:23,KSO,12/16/2020 4:29,KSO,9f162546-60a5-47a3-be13-c603a05df649,-123.1364987,48.1737049
257,Fukui,9,20180507,20180508,No,,,,No,0,0,Fukui-009_5/7/2018,48.17381197,-123.1360518,12/16/2020 4:23,KSO,12/16/2020 4:29,KSO,f33c8fff-ffdc-4481-b942-bc1ae3a9467c,-123.1360518,48.17381197
258,Minnow,9,20180507,20180508,No,,,,No,0,0,Minnow-009_5/7/2018,48.17390025,-123.1366909,12/16/2020 4:23,KSO,12/16/2020 4:29,KSO,211462b9-2473-4f5a-bfef-9eadf2b11345,-123.1366909,48.17390025
259,Fukui,10,20180507,20180508,No,,,,No,0,0,Fukui-010_5/7/2018,48.17388743,-123.1367924,12/16/2020 4:23,KSO,12/16/2020 4:29,KSO,277f0840-e37d-413e-b355-e8bd18edbb25,-123.1367924,48.17388743
260,Minnow,10,20180507,20180508,No,,,,No,0,0,Minnow-010_5/7/2018,48.17388541,-123.1368864,12/16/2020 4:23,KSO,12/16/2020 4:29,KSO,bd4eff7d-42d8-4f7f-83a1-269089a50449,-123.1368864,48.17388541
261,Fukui,11,20180507,20180508,No,,,,No,0,0,Fukui-011_5/7/2018,48.17388929,-123.1370135,12/16/2020 4:23,KSO,12/16/2020 4:29,KSO,cf8921e2-2a47-42c5-a489-360c1a12c832,-123.1370135,48.17388929
262,Fukui,12,20180507,20180508,No,,,,No,0,0,Fukui-012_5/7/2018,48.17443953,-123.1374855,12/16/2020 4:23,KSO,12/16/2020 4:29,KSO,3af1dd93-47a3-4f7e-997f-8619e0506884,-123.1374855,48.17443953
264,Fukui,13,20180507,20180508,No,,,,No,0,0,Fukui-013_5/7/2018,48.17454625,-123.1379317,12/16/2020 4:23,KSO,12/16/2020 4:29,KSO,5d5964f9-7b1e-4ec6-91c8-1d6bbd01233e,-123.1379317,48.17454625
265,Minnow,13,20180507,20180508,No,,,,No,0,0,Minnow-013_5/7/2018,48.17459121,-123.1380251,12/16/2020 4:23,KSO,12/16/2020 4:29,KSO,4d4a1031-ef6b-4410-8d09-134232707c9f,-123.1380251,48.17459121
267,Minnow,14,20180507,20180508,No,,,,No,0,0,Minnow-014_5/7/2018,48.17489695,-123.1380006,12/16/2020 4:23,KSO,12/16/2020 4:29,KSO,63c70952-e174-4c3b-a6aa-d7b7b72e301c,-123.1380006,48.17489695
268,Fukui,15,20180507,20180508,No,,,,No,0,0,Fukui-015_5/7/2018,48.1749369,-123.1381723,12/16/2020 4:23,KSO,12/16/2020 4:29,KSO,90c5c333-c35b-4a8d-8454-8904faa02161,-123.1381723,48.1749369
269,Minnow,15,20180507,20180508,No,,,,No,0,0,Minnow-015_5/7/2018,48.17501044,-123.1383361,12/16/2020 4:23,KSO,12/16/2020 4:29,KSO,5ad48b52-915e-403d-bff7-59f177da4551,-123.1383361,48.17501044
270,Fukui,16,20180507,20180508,No,,,,No,0,0,Fukui-016_5/7/2018,48.17506725,-123.1384407,12/16/2020 4:23,KSO,12/16/2020 4:29,KSO,0493c088-484c-4b35-b2ff-d66ea8c4d87f,-123.1384407,48.17506725
271,Minnow,16,20180507,20180508,No,,,,No,0,0,Minnow-016_5/7/2018,48.17502609,-123.1385637,12/16/2020 4:23,KSO,12/16/2020 4:29,KSO,8d420a24-769e-4268-97da-3c613c135ca1,-123.1385637,48.17502609
272,Fukui,17,20180507,20180508,No,,,,No,0,0,Fukui-017_5/7/2018,48.17473318,-123.1386003,12/16/2020 4:23,KSO,12/16/2020 4:29,KSO,48a3f2b6-32c7-4f71-89de-73fe75a8b220,-123.1386003,48.17473318
273,Minnow,17,20180507,20180508,No,,,,No,0,0,Minnow-017_5/7/2018,48.17466397,-123.1386243,12/16/2020 4:23,KSO,12/16/2020 4:29,KSO,dabc708e-5449-4e5a-abc7-f6b689e3593a,-123.1386243,48.17466397
276,Fukui,302,20180507,20180508,No,Prospecting Trap,,,No,0,0,Fukui-302_5/7/2018,48.17539012,-123.1390232,12/16/2020 4:23,KSO,12/16/2020 4:29,KSO,65be2ee4-2443-499e-9f92-323236c81951,-123.1390232,48.17539012
277,Minnow,303,20180507,20180508,No,Prospecting Trap,,,No,0,0,Minnow-303_5/7/2018,48.17549542,-123.1388212,12/16/2020 4:23,KSO,12/16/2020 4:29,KSO,79da3bf6-bfdf-413b-bb4f-4a367fe38812,-123.1388212,48.17549542
278,Fukui,304,20180507,20180508,No,Prospecting Trap,,,No,0,0,Fukui-304_5/7/2018,48.17553095,-123.1383256,12/16/2020 4:23,KSO,12/16/2020 4:29,KSO,aecd4cd0-7073-4d2f-9306-f2064ff5d6b3,-123.1383256,48.17553095
279,Minnow,305,20180507,20180508,No,Prospecting Trap,,,No,0,0,Minnow-305_5/7/2018,48.17539865,-123.1383563,12/16/2020 4:23,KSO,12/16/2020 4:29,KSO,976e8c97-c3f4-4d12-97ca-eb04ff978bc2,-123.1383563,48.17539865
280,Fukui,306,20180507,20180508,No,Prospecting Trap,,,No,0,0,Fukui-306_5/7/2018,48.17536815,-123.138271,12/16/2020 4:23,KSO,12/16/2020 4:29,KSO,02e8f9cc-3b24-4784-adfe-c22dc77c31a0,-123.138271,48.17536815
281,Fukui,8,20180507,20180508,No,,,,No,0,0,Fukui-008_5/7/2018,48.17376019,-123.136382,12/16/2020 4:23,KSO,12/16/2020 4:29,KSO,28cce030-b772-4df8-9de5-c2b53f193b27,-123.136382,48.17376019
282,Minnow,8,20180507,20180508,No,,,,No,0,0,Minnow-008_5/7/2018,48.17372094,-123.1362387,12/16/2020 4:23,KSO,12/16/2020 4:29,KSO,ff9af732-8612-4957-96c5-639b0880fa2a,-123.1362387,48.17372094
283,Minnow,11,20180514,20180518,No,,,,No,0,0,Minnow-011_5/14/2018,48.17385994,-123.1360798,12/16/2020 4:23,KSO,12/16/2020 4:29,KSO,dfdf6427-bdf4-4dc0-80f2-e30d4a70d929,-123.1360798,48.17385994
284,Fukui,1,20180514,20180518,No,,,,No,0,0,Fukui-001_5/14/2018,48.1732705,-123.1374289,12/16/2020 4:23,KSO,12/16/2020 4:29,KSO,77cf6025-be80-4233-aa3a-170aa29fcbb3,-123.1374289,48.1732705
285,Minnow,1,20180514,20180518,No,,,,No,0,0,Minnow-001_5/14/2018,48.17336181,-123.1374728,12/16/2020 4:23,KSO,12/16/2020 4:29,KSO,7b35553b-d4a0-4091-9398-7893fbfda4dc,-123.1374728,48.17336181
286,Fukui,2,20180514,20180518,No,,,,No,0,0,Fukui-002_5/14/2018,48.17344058,-123.137489,12/16/2020 4:23,KSO,12/16/2020 4:29,KSO,1e00fe96-c462-4d47-a5e6-7d6ab6d16508,-123.137489,48.17344058
288,Fukui,3,20180514,20180518,No,,,,No,0,0,Fukui-003_5/14/2018,48.17358009,-123.137485,12/16/2020 4:23,KSO,12/16/2020 4:29,KSO,9408ea3f-8bd5-49db-a96e-f0a7a65232c3,-123.137485,48.17358009
289,Minnow,3,20180514,20180518,No,,,,No,0,0,Minnow-003_5/14/2018,48.1736586,-123.1374355,12/16/2020 4:23,KSO,12/16/2020 4:29,KSO,1c9b776e-c362-46ac-a59b-5a0258ee84e8,-123.1374355,48.1736586
290,Fukui,4,20180514,20180518,No,,,,No,0,0,Fukui-004_5/14/2018,48.17370759,-123.1373586,12/16/2020 4:23,KSO,12/16/2020 4:29,KSO,83e63922-a6d8-4657-abc2-a4f1e783061c,-123.1373586,48.17370759
291,Minnow,4,20180514,20180518,No,,,,No,0,0,Minnow-004_5/14/2018,48.17351788,-123.1370704,12/16/2020 4:23,KSO,12/16/2020 4:29,KSO,d279fd99-cb64-4ca4-98a6-d467c1c6a922,-123.1370704,48.17351788
293,Minnow,5,20180514,20180518,No,,,,No,0,0,Minnow-005_5/14/2018,48.17340715,-123.1369494,12/16/2020 4:23,KSO,12/16/2020 4:29,KSO,028bac9a-a18d-45c8-a59a-d2f81a48b79f,-123.1369494,48.17340715
294,Fukui,6,20180514,20180518,No,,,,No,0,0,Fukui-006_5/14/2018,48.17349668,-123.1366631,12/16/2020 4:23,KSO,12/16/2020 4:29,KSO,83e9f506-f10e-4e05-a8a5-452ea2d797a8,-123.1366631,48.17349668
295,Minnow,6,20180514,20180518,No,,,,No,0,0,Minnow-006_5/14/2018,48.17356201,-123.136627,12/16/2020 4:23,KSO,12/16/2020 4:29,KSO,1bb9a202-5cb5-44fe-846d-2f7a25df8430,-123.136627,48.17356201
296,Fukui,7,20180514,20180518,No,,,,No,0,0,Fukui-007_5/14/2018,48.17363537,-123.1365817,12/16/2020 4:23,KSO,12/16/2020 4:29,KSO,5c838284-b8f0-486f-833d-245e46c5c880,-123.1365817,48.17363537
297,Minnow,7,20180514,20180518,No,,,,No,0,0,Minnow-007_5/14/2018,48.1737049,-123.1364987,12/16/2020 4:23,KSO,12/16/2020 4:29,KSO,531561f9-4ce8-42db-816d-99fc05f6e0ed,-123.1364987,48.1737049
298,Fukui,9,20180514,20180518,No,,,,No,0,0,Fukui-009_5/14/2018,48.17381197,-123.1360518,12/16/2020 4:23,KSO,12/16/2020 4:29,KSO,76373921-79a8-46b5-9981-ab86146e707c,-123.1360518,48.17381197
299,Minnow,9,20180514,20180518,No,,,,No,0,0,Minnow-009_5/14/2018,48.17390025,-123.1366909,12/16/2020 4:23,KSO,12/16/2020 4:29,KSO,540fdc93-1a79-4a99-86b3-f8b7963b828e,-123.1366909,48.17390025
301,Minnow,10,20180514,20180518,No,,,,No,0,0,Minnow-010_5/14/2018,48.17388541,-123.1368864,12/16/2020 4:23,KSO,12/16/2020 4:29,KSO,68080fbb-6346-4597-9dfd-f489e1572d54,-123.1368864,48.17388541
302,Fukui,11,20180514,20180518,No,,,,No,0,0,Fukui-011_5/14/2018,48.17388929,-123.1370135,12/16/2020 4:23,KSO,12/16/2020 4:29,KSO,6aeee8f6-7f0c-48db-bbbd-9c2b94af4413,-123.1370135,48.17388929
303,Fukui,12,20180514,20180518,No,,,,No,0,0,Fukui-012_5/14/2018,48.17443953,-123.1374855,12/16/2020 4:23,KSO,12/16/2020 4:29,KSO,ed7a8fa9-6efa-4eff-a379-eab6c31ad6b9,-123.1374855,48.17443953
304,Minnow,12,20180514,20180518,No,,,,No,0,0,Minnow-012_5/14/2018,48.17448613,-123.1375401,12/16/2020 4:23,KSO,12/16/2020 4:29,KSO,45d78dea-3614-477b-9d5b-7e3fb56ab4a0,-123.1375401,48.17448613
305,Fukui,13,20180514,20180518,No,,,,No,0,0,Fukui-013_5/14/2018,48.17454625,-123.1379317,12/16/2020 4:23,KSO,12/16/2020 4:29,KSO,13452ad9-3192-41c2-a079-ec400253c4cf,-123.1379317,48.17454625
306,Minnow,13,20180514,20180518,No,,,,No,0,0,Minnow-013_5/14/2018,48.17459121,-123.1380251,12/16/2020 4:23,KSO,12/16/2020 4:29,KSO,f4c65ff9-6d8a-4cf1-8125-82204e3072b3,-123.1380251,48.17459121
307,Fukui,14,20180514,20180518,No,,,,No,0,0,Fukui-014_5/14/2018,48.17481288,-123.137963,12/16/2020 4:23,KSO,12/16/2020 4:29,KSO,90e96d5c-8497-4416-9051-8bf8d70f4103,-123.137963,48.17481288
308,Minnow,14,20180514,20180518,No,,,,No,0,0,Minnow-014_5/14/2018,48.17489695,-123.1380006,12/16/2020 4:23,KSO,12/16/2020 4:29,KSO,c4a210f4-e151-43ae-b297-17481c914ed1,-123.1380006,48.17489695
309,Fukui,15,20180514,20180518,No,,,,No,0,0,Fukui-015_5/14/2018,48.1749369,-123.1381723,12/16/2020 4:23,KSO,12/16/2020 4:29,KSO,1061f36b-2f25-4a56-9beb-ba61b6629d56,-123.1381723,48.1749369
310,Minnow,15,20180514,20180518,No,,,,No,0,0,Minnow-015_5/14/2018,48.17501044,-123.1383361,12/16/2020 4:23,KSO,12/16/2020 4:29,KSO,d4417d4a-55d6-4a46-a8c4-51679d088532,-123.1383361,48.17501044
311,Fukui,16,20180514,20180518,No,,,,No,0,0,Fukui-016_5/14/2018,48.17506725,-123.1384407,12/16/2020 4:23,KSO,12/16/2020 4:29,KSO,d60e1646-2b99-4b8f-9c3c-354f72553dc3,-123.1384407,48.17506725
312,Minnow,16,20180514,20180518,No,,,,No,0,0,Minnow-016_5/14/2018,48.17502609,-123.1385637,12/16/2020 4:23,KSO,12/16/2020 4:29,KSO,b3066a27-6918-41ce-9d3f-fcb1c96b4d05,-123.1385637,48.17502609
313,Fukui,17,20180514,20180518,No,,,,No,0,0,Fukui-017_5/14/2018,48.17473318,-123.1386003,12/16/2020 4:23,KSO,12/16/2020 4:29,KSO,b70a3a9c-011e-450d-976c-dc7092a6aa67,-123.1386003,48.17473318
314,Minnow,17,20180514,20180518,No,,,,No,0,0,Minnow-017_5/14/2018,48.17466397,-123.1386243,12/16/2020 4:23,KSO,12/16/2020 4:29,KSO,9e509972-adfb-4f8a-8bdc-d552ecdc649d,-123.1386243,48.17466397
315,Fukui,18,20180514,20180518,No,,,,No,0,0,Fukui-018_5/14/2018,48.17471556,-123.1387902,12/16/2020 4:23,KSO,12/16/2020 4:29,KSO,32fff235-8319-4c2f-980b-49844d2cdf04,-123.1387902,48.17471556
316,Minnow,301,20180514,20180518,No,Prospecting Trap,,,No,0,0,Minnow-301_5/14/2018,48.17527883,-123.1391478,12/16/2020 4:23,KSO,12/16/2020 4:29,KSO,a758ff9e-581b-4bf2-a959-42000f26385a,-123.1391477,48.17527883
317,Fukui,302,20180514,20180518,No,Prospecting Trap,,,No,0,0,Fukui-302_5/14/2018,48.17539012,-123.1390232,12/16/2020 4:23,KSO,12/16/2020 4:29,KSO,2da3da69-8e81-4553-9fd2-bcabcc600a1f,-123.1390232,48.17539012
318,Minnow,303,20180514,20180518,No,Prospecting Trap,,,No,0,0,Minnow-303_5/14/2018,48.17549542,-123.1388212,12/16/2020 4:23,KSO,12/16/2020 4:29,KSO,e216c8a7-a3cc-4cb3-add6-a35eeb6039ab,-123.1388212,48.17549542
319,Fukui,304,20180514,20180518,No,Prospecting Trap,,,No,0,0,Fukui-304_5/14/2018,48.17553095,-123.1383256,12/16/2020 4:23,KSO,12/16/2020 4:29,KSO,5d5729d4-a047-4b94-92a8-8e8165b93d71,-123.1383256,48.17553095
320,Minnow,305,20180514,20180518,No,Prospecting Trap,,,No,0,0,Minnow-305_5/14/2018,48.17539865,-123.1383563,12/16/2020 4:23,KSO,12/16/2020 4:29,KSO,d193cb36-fb9a-4161-8629-2f92f5ea6071,-123.1383563,48.17539865
321,Fukui,306,20180514,20180518,No,Prospecting Trap,,,No,0,0,Fukui-306_5/14/2018,48.17536815,-123.138271,12/16/2020 4:23,KSO,12/16/2020 4:29,KSO,96964757-00b0-4493-98a3-10bc86b270dd,-123.138271,48.17536815
322,Fukui,8,20180514,20180518,No,,,,No,0,0,Fukui-008_5/14/2018,48.17376019,-123.136382,12/16/2020 4:23,KSO,12/16/2020 4:29,KSO,ccd38b6e-a4d3-4344-a0e8-db52a1b833b3,-123.136382,48.17376019
323,Minnow,8,20180514,20180518,No,,,,No,0,0,Minnow-008_5/14/2018,48.17372094,-123.1362387,12/16/2020 4:23,KSO,12/16/2020 4:29,KSO,0c80d9dd-bb14-462f-ba7e-78a139e571df,-123.1362387,48.17372094
324,Minnow,11,20180521,20180523,No,,,,No,0,0,Minnow-011_5/21/2018,48.17385994,-123.1360798,12/16/2020 4:23,KSO,12/16/2020 4:29,KSO,4323a485-3861-4764-88ed-b188c7271e86,-123.1360798,48.17385994
325,Fukui,1,20180521,20180523,No,,,,No,0,0,Fukui-001_5/21/2018,48.1732705,-123.1374289,12/16/2020 4:23,KSO,12/16/2020 4:29,KSO,f1523878-f9e6-4a7e-8ecd-ad705d55e73b,-123.1374289,48.1732705
326,Minnow,1,20180521,20180523,No,,,,No,0,0,Minnow-001_5/21/2018,48.17336181,-123.1374728,12/16/2020 4:23,KSO,12/16/2020 4:29,KSO,76bb8ae9-4e58-431b-ba61-889a8ea59717,-123.1374728,48.17336181
327,Fukui,2,20180521,20180523,No,,,,No,0,0,Fukui-002_5/21/2018,48.17344058,-123.137489,12/16/2020 4:23,KSO,12/16/2020 4:29,KSO,a1ef19c4-b03b-4d5b-a597-94fb51cbd290,-123.137489,48.17344058
328,Minnow,2,20180521,20180523,No,,,,No,0,0,Minnow-002_5/21/2018,48.17352193,-123.1374981,12/16/2020 4:23,KSO,12/16/2020 4:29,KSO,d6afa867-8c4a-4710-aac7-c70d9e334654,-123.1374981,48.17352193
329,Fukui,3,20180521,20180523,No,,,,No,0,0,Fukui-003_5/21/2018,48.17358009,-123.137485,12/16/2020 4:23,KSO,12/16/2020 4:29,KSO,264dd91b-1617-4c43-aa8a-eca7381f5717,-123.137485,48.17358009
330,Minnow,3,20180521,20180523,No,,,,No,0,0,Minnow-003_5/21/2018,48.1736586,-123.1374355,12/16/2020 4:23,KSO,12/16/2020 4:29,KSO,82d6e97c-a59d-47e2-9340-693a909f198f,-123.1374355,48.1736586
332,Minnow,4,20180521,20180523,No,,,,No,0,0,Minnow-004_5/21/2018,48.17351788,-123.1370704,12/16/2020 4:23,KSO,12/16/2020 4:29,KSO,05ba62d2-3d79-424d-b312-6690d20b74db,-123.1370704,48.17351788
333,Fukui,5,20180521,20180523,No,,,,No,0,0,Fukui-005_5/21/2018,48.17346247,-123.137026,12/16/2020 4:23,KSO,12/16/2020 4:29,KSO,826c6302-3d0a-4a9f-9a9f-b1f46c1ca088,-123.137026,48.17346247
334,Minnow,5,20180521,20180523,No,,,,No,0,0,Minnow-005_5/21/2018,48.17340715,-123.1369494,12/16/2020 4:23,KSO,12/16/2020 4:29,KSO,e9f840e5-cf78-46ec-9064-9024d28c117e,-123.1369494,48.17340715
335,Fukui,6,20180521,20180523,No,,,,No,0,0,Fukui-006_5/21/2018,48.17349668,-123.1366631,12/16/2020 4:23,KSO,12/16/2020 4:29,KSO,27a2bedf-3e25-43db-9d75-e3ac3c499f18,-123.1366631,48.17349668
336,Minnow,6,20180521,20180523,No,,,,No,0,0,Minnow-006_5/21/2018,48.17356201,-123.136627,12/16/2020 4:23,KSO,12/16/2020 4:29,KSO,244952ca-d5be-4e52-acdd-5553a8c9336e,-123.136627,48.17356201
337,Fukui,7,20180521,20180523,No,,,,No,0,0,Fukui-007_5/21/2018,48.17363537,-123.1365817,12/16/2020 4:23,KSO,12/16/2020 4:29,KSO,6a4dccd8-5b1f-4dbe-bc75-8afeedb7f61e,-123.1365817,48.17363537
338,Minnow,7,20180521,20180523,No,,,,No,0,0,Minnow-007_5/21/2018,48.1737049,-123.1364987,12/16/2020 4:23,KSO,12/16/2020 4:29,KSO,08919b87-d322-42de-9b30-bab5b1fff448,-123.1364987,48.1737049
339,Fukui,9,20180521,20180523,No,,,,No,0,0,Fukui-009_5/21/2018,48.17381197,-123.1360518,12/16/2020 4:23,KSO,12/16/2020 4:29,KSO,08d9c75c-79dc-4a06-97fc-cf2d38dc1e25,-123.1360518,48.17381197
340,Minnow,9,20180521,20180523,No,,,,No,0,0,Minnow-009_5/21/2018,48.17390025,-123.1366909,12/16/2020 4:23,KSO,12/16/2020 4:29,KSO,20ee83b8-85c8-4de4-a548-d17dea98d4ce,-123.1366909,48.17390025
341,Fukui,10,20180521,20180523,No,,,,No,0,0,Fukui-010_5/21/2018,48.17388743,-123.1367924,12/16/2020 4:23,KSO,12/16/2020 4:29,KSO,5e953a3a-3b3f-4346-a118-596030cf9837,-123.1367924,48.17388743
342,Minnow,10,20180521,20180523,No,,,,No,0,0,Minnow-010_5/21/2018,48.17388541,-123.1368864,12/16/2020 4:23,KSO,12/16/2020 4:29,KSO,cfe0fb85-cc4f-4def-becd-16e0861617bf,-123.1368864,48.17388541
344,Fukui,12,20180521,20180523,No,,,,No,0,0,Fukui-012_5/21/2018,48.17443953,-123.1374855,12/16/2020 4:23,KSO,12/16/2020 4:29,KSO,6368c9f1-37d2-44b8-b640-cdad4f21b16c,-123.1374855,48.17443953
345,Minnow,12,20180521,20180523,No,,,,No,0,0,Minnow-012_5/21/2018,48.17448613,-123.1375401,12/16/2020 4:23,KSO,12/16/2020 4:29,KSO,66f6d6db-60de-4ef4-a792-b34f81cba251,-123.1375401,48.17448613
347,Minnow,13,20180521,20180523,No,,,,No,0,0,Minnow-013_5/21/2018,48.17459121,-123.1380251,12/16/2020 4:23,KSO,12/16/2020 4:29,KSO,3b4ad5e2-3a3f-48e3-9374-4979b27e2873,-123.1380251,48.17459121
348,Fukui,14,20180521,20180523,No,,,,No,0,0,Fukui-014_5/21/2018,48.17481288,-123.137963,12/16/2020 4:23,KSO,12/16/2020 4:29,KSO,83dbe8e6-40d0-4bd8-b1d8-3bc894ae8b00,-123.137963,48.17481288
349,Minnow,14,20180521,20180523,No,,,,No,0,0,Minnow-014_5/21/2018,48.17489695,-123.1380006,12/16/2020 4:23,KSO,12/16/2020 4:29,KSO,3e9882d1-e7d7-4d65-ac30-db135016d6dd,-123.1380006,48.17489695
350,Fukui,15,20180521,20180523,No,,,,No,0,0,Fukui-015_5/21/2018,48.1749369,-123.1381723,12/16/2020 4:23,KSO,12/16/2020 4:29,KSO,e8fb63ed-0cd9-4cdc-a472-eab35c8225ab,-123.1381723,48.1749369
351,Minnow,15,20180521,20180523,No,,,,No,0,0,Minnow-015_5/21/2018,48.17501044,-123.1383361,12/16/2020 4:23,KSO,12/16/2020 4:29,KSO,095661a4-7316-411d-90ed-16525722f991,-123.1383361,48.17501044
352,Fukui,16,20180521,20180523,No,,,,No,0,0,Fukui-016_5/21/2018,48.17506725,-123.1384407,12/16/2020 4:23,KSO,12/16/2020 4:29,KSO,fa42de9f-0b4c-4924-93f6-590c4fbf8fe8,-123.1384407,48.17506725
353,Minnow,16,20180521,20180523,No,,,,No,0,0,Minnow-016_5/21/2018,48.17502609,-123.1385637,12/16/2020 4:23,KSO,12/16/2020 4:29,KSO,a79c1336-74ff-45ce-a51a-5de585ee1ea8,-123.1385637,48.17502609
355,Minnow,17,20180521,20180523,No,,,,No,0,0,Minnow-017_5/21/2018,48.17466397,-123.1386243,12/16/2020 4:23,KSO,12/16/2020 4:29,KSO,988beeb3-6d53-47ae-814b-a66ebc554a4a,-123.1386243,48.17466397
356,Fukui,18,20180521,20180523,No,,,,No,0,0,Fukui-018_5/21/2018,48.17471556,-123.1387902,12/16/2020 4:23,KSO,12/16/2020 4:29,KSO,2b1cf66c-454b-483b-b522-cfc7dade515b,-123.1387902,48.17471556
357,Minnow,301,20180521,20180523,No,Prospecting Trap,,,No,0,0,Minnow-301_5/21/2018,48.17527883,-123.1391478,12/16/2020 4:23,KSO,12/16/2020 4:29,KSO,7b7052c9-be2e-4706-94dc-eac7870f6adb,-123.1391477,48.17527883
358,Fukui,302,20180521,20180523,No,Prospecting Trap,,,No,0,0,Fukui-302_5/21/2018,48.17539012,-123.1390232,12/16/2020 4:23,KSO,12/16/2020 4:29,KSO,64abe5e7-b941-4289-b7e3-1c582ce6eb3e,-123.1390232,48.17539012
359,Minnow,303,20180521,20180523,No,Prospecting Trap,,,No,0,0,Minnow-303_5/21/2018,48.17549542,-123.1388212,12/16/2020 4:23,KSO,12/16/2020 4:29,KSO,c8fd1414-6c18-4fe2-8966-86f057c7876c,-123.1388212,48.17549542
360,Fukui,304,20180521,20180523,No,Prospecting Trap,,,No,0,0,Fukui-304_5/21/2018,48.17553095,-123.1383256,12/16/2020 4:23,KSO,12/16/2020 4:29,KSO,83382a27-17e6-4324-876e-a7334a84a231,-123.1383256,48.17553095
361,Minnow,305,20180521,20180523,No,Prospecting Trap,,,No,0,0,Minnow-305_5/21/2018,48.17539865,-123.1383563,12/16/2020 4:23,KSO,12/16/2020 4:29,KSO,f689c019-94f7-4e26-a563-e1d4519e6139,-123.1383563,48.17539865
362,Fukui,306,20180521,20180523,No,Prospecting Trap,,,No,0,0,Fukui-306_5/21/2018,48.17536815,-123.138271,12/16/2020 4:23,KSO,12/16/2020 4:29,KSO,a7bb7c2f-e111-4ba8-8389-8f53eccf59a7,-123.138271,48.17536815
363,Fukui,8,20180521,20180523,No,,,,No,0,0,Fukui-008_5/21/2018,48.17376019,-123.136382,12/16/2020 4:23,KSO,12/16/2020 4:29,KSO,8d45cb99-68f6-4189-96a8-f101f228185e,-123.136382,48.17376019
364,Minnow,8,20180521,20180523,No,,,,No,0,0,Minnow-008_5/21/2018,48.17372094,-123.1362387,12/16/2020 4:23,KSO,12/16/2020 4:29,KSO,26cb6dbf-d260-4990-a604-c1be257271e9,-123.1362387,48.17372094
365,Minnow,11,20180529,20180531,No,,,,No,0,0,Minnow-011_5/29/2018,48.17385994,-123.1360798,12/16/2020 4:23,KSO,12/16/2020 4:29,KSO,6740bf5f-81cb-4de7-a1df-fde9ac94e6af,-123.1360798,48.17385994
367,Minnow,1,20180529,20180531,No,,,,No,0,0,Minnow-001_5/29/2018,48.17336181,-123.1374728,12/16/2020 4:23,KSO,12/16/2020 4:29,KSO,0c829319-ce1c-4951-97b0-614f0cb7f448,-123.1374728,48.17336181
368,Fukui,2,20180529,20180531,No,,,,No,0,0,Fukui-002_5/29/2018,48.17344058,-123.137489,12/16/2020 4:23,KSO,12/16/2020 4:29,KSO,9bf69aa5-b19c-4c48-a152-fddf83c8b917,-123.137489,48.17344058
369,Minnow,2,20180529,20180531,No,,,,No,0,0,Minnow-002_5/29/2018,48.17352193,-123.1374981,12/16/2020 4:23,KSO,12/16/2020 4:29,KSO,6205908d-40a9-4666-8ffc-984f2384b000,-123.1374981,48.17352193
370,Fukui,3,20180529,20180531,No,,,,No,0,0,Fukui-003_5/29/2018,48.17358009,-123.137485,12/16/2020 4:23,KSO,12/16/2020 4:29,KSO,80ae0263-acfe-4c3a-8fdc-7ecee5e024d3,-123.137485,48.17358009
371,Minnow,3,20180529,20180531,No,,,,No,0,0,Minnow-003_5/29/2018,48.1736586,-123.1374355,12/16/2020 4:23,KSO,12/16/2020 4:29,KSO,0990ba61-dc60-453e-a963-68ba210e2b58,-123.1374355,48.1736586
372,Fukui,4,20180529,20180531,No,,,,No,0,0,Fukui-004_5/29/2018,48.17370759,-123.1373586,12/16/2020 4:23,KSO,12/16/2020 4:29,KSO,b0a559c5-38b0-4b2c-bd04-17694190e1bb,-123.1373586,48.17370759
373,Minnow,4,20180529,20180531,No,,,,No,0,0,Minnow-004_5/29/2018,48.17351788,-123.1370704,12/16/2020 4:23,KSO,12/16/2020 4:29,KSO,60634268-f85f-4228-a962-fa79c905a3f7,-123.1370704,48.17351788
374,Fukui,5,20180529,20180531,No,,,,No,0,0,Fukui-005_5/29/2018,48.17346247,-123.137026,12/16/2020 4:23,KSO,12/16/2020 4:29,KSO,b9ca3d25-a26b-4822-9926-7f4ac1e68b41,-123.137026,48.17346247
375,Minnow,5,20180529,20180531,No,,,,No,0,0,Minnow-005_5/29/2018,48.17340715,-123.1369494,12/16/2020 4:23,KSO,12/16/2020 4:29,KSO,408fc65c-375a-499b-be69-815aef36469d,-123.1369494,48.17340715
376,Fukui,6,20180529,20180531,No,,,,No,0,0,Fukui-006_5/29/2018,48.17349668,-123.1366631,12/16/2020 4:23,KSO,12/16/2020 4:29,KSO,c40ced57-cbf1-47ad-92f7-87f9bc995beb,-123.1366631,48.17349668
377,Minnow,6,20180529,20180531,No,,,,No,0,0,Minnow-006_5/29/2018,48.17356201,-123.136627,12/16/2020 4:23,KSO,12/16/2020 4:29,KSO,373c1810-0766-4ea8-904f-d652ad215548,-123.136627,48.17356201
379,Minnow,7,20180529,20180531,No,,,,No,0,0,Minnow-007_5/29/2018,48.1737049,-123.1364987,12/16/2020 4:23,KSO,12/16/2020 4:29,KSO,ddd61d3d-2f20-4cec-a2f9-bb03733d8984,-123.1364987,48.1737049
380,Fukui,9,20180529,20180531,No,,,,No,0,0,Fukui-009_5/29/2018,48.17381197,-123.1360518,12/16/2020 4:23,KSO,12/16/2020 4:29,KSO,239b416a-531a-4b0c-a082-ca38fa0dda75,-123.1360518,48.17381197
381,Minnow,9,20180529,20180531,No,,,,No,0,0,Minnow-009_5/29/2018,48.17390025,-123.1366909,12/16/2020 4:23,KSO,12/16/2020 4:29,KSO,4ce796ce-380c-42c2-bbac-82b5b12f3f5c,-123.1366909,48.17390025
382,Fukui,10,20180529,20180531,No,,,,No,0,0,Fukui-010_5/29/2018,48.17388743,-123.1367924,12/16/2020 4:23,KSO,12/16/2020 4:29,KSO,ef89878d-efe4-4919-9502-d7bb2820d8e7,-123.1367924,48.17388743
383,Minnow,10,20180529,20180531,No,,,,No,0,0,Minnow-010_5/29/2018,48.17388541,-123.1368864,12/16/2020 4:23,KSO,12/16/2020 4:29,KSO,6bc867b8-5b64-4452-aa1a-2318c52fe553,-123.1368864,48.17388541
385,Fukui,12,20180529,20180531,No,,,,No,0,0,Fukui-012_5/29/2018,48.17443953,-123.1374855,12/16/2020 4:23,KSO,12/16/2020 4:29,KSO,4da95a4b-91c7-4461-b2de-48caa6cc9a1b,-123.1374855,48.17443953
386,Minnow,12,20180529,20180531,No,,,,No,0,0,Minnow-012_5/29/2018,48.17448613,-123.1375401,12/16/2020 4:23,KSO,12/16/2020 4:29,KSO,584e781c-8892-4a14-9ddf-3db108d616af,-123.1375401,48.17448613
387,Fukui,13,20180529,20180531,No,,,,No,0,0,Fukui-013_5/29/2018,48.17454625,-123.1379317,12/16/2020 4:23,KSO,12/16/2020 4:29,KSO,62409abd-d86c-4534-a6f3-46517e82550b,-123.1379317,48.17454625
388,Minnow,13,20180529,20180531,No,,,,No,0,0,Minnow-013_5/29/2018,48.17459121,-123.1380251,12/16/2020 4:23,KSO,12/16/2020 4:29,KSO,91431d7f-41a0-4867-ad9f-61eea9efdedb,-123.1380251,48.17459121
389,Fukui,14,20180529,20180531,No,,,,No,0,0,Fukui-014_5/29/2018,48.17481288,-123.137963,12/16/2020 4:23,KSO,12/16/2020 4:29,KSO,aeb7b627-5ed6-4752-b2ad-16219a460c89,-123.137963,48.17481288
390,Minnow,14,20180529,20180531,No,,,,No,0,0,Minnow-014_5/29/2018,48.17489695,-123.1380006,12/16/2020 4:23,KSO,12/16/2020 4:29,KSO,e0d7ef60-4700-4591-b48a-f5ba570273ad,-123.1380006,48.17489695
391,Fukui,15,20180529,20180531,No,,,,No,0,0,Fukui-015_5/29/2018,48.1749369,-123.1381723,12/16/2020 4:23,KSO,12/16/2020 4:29,KSO,0be40736-1f82-4f80-ad6d-edd7319fd99d,-123.1381723,48.1749369
392,Minnow,15,20180529,20180531,No,,,,No,0,0,Minnow-015_5/29/2018,48.17501044,-123.1383361,12/16/2020 4:23,KSO,12/16/2020 4:29,KSO,951ed974-dc16-4e65-93a4-310359b5b8dd,-123.1383361,48.17501044
393,Fukui,16,20180529,20180531,No,,,,No,0,0,Fukui-016_5/29/2018,48.17506725,-123.1384407,12/16/2020 4:23,KSO,12/16/2020 4:29,KSO,09c4d2ba-7d5e-4f63-9707-d22031e97299,-123.1384407,48.17506725
394,Minnow,16,20180529,20180531,No,,,,No,0,0,Minnow-016_5/29/2018,48.17502609,-123.1385637,12/16/2020 4:23,KSO,12/16/2020 4:29,KSO,809c77b3-b8b2-4c6b-bff4-25769a75a86d,-123.1385637,48.17502609
395,Fukui,17,20180529,20180531,No,,,,No,0,0,Fukui-017_5/29/2018,48.17473318,-123.1386003,12/16/2020 4:23,KSO,12/16/2020 4:29,KSO,7120f83a-3904-4cc2-830d-d13bfcfa738a,-123.1386003,48.17473318
396,Minnow,17,20180529,20180531,No,,,,No,0,0,Minnow-017_5/29/2018,48.17466397,-123.1386243,12/16/2020 4:23,KSO,12/16/2020 4:29,KSO,20172db0-04cb-47bd-8e9b-8b3c08fb9211,-123.1386243,48.17466397
397,Fukui,18,20180529,20180531,No,,,,No,0,0,Fukui-018_5/29/2018,48.17471556,-123.1387902,12/16/2020 4:23,KSO,12/16/2020 4:29,KSO,ca88f294-c2b9-441c-bcea-679c704f4507,-123.1387902,48.17471556
399,Minnow,8,20180529,20180531,No,,,,No,0,0,Minnow-008_5/29/2018,48.17372094,-123.1362387,12/16/2020 4:23,KSO,12/16/2020 4:29,KSO,cc69ecb5-3112-4fba-9b87-6dce122a5806,-123.1362387,48.17372094
400,Minnow,201,20180529,20180530,No,MMP 383,,,No,0,0,Minnow-201_5/29/2018,48.17658244,-123.1278326,12/16/2020 4:23,KSO,12/16/2020 4:29,KSO,53674d37-e7cd-410b-8035-6f3da62ce1d9,-123.1278326,48.17658243
401,Fukui,201,20180529,20180530,No,MMP 383,,,No,0,0,Fukui-201_5/29/2018,48.17654059,-123.1279312,12/16/2020 4:23,KSO,12/16/2020 4:29,KSO,28e5230e-f91c-429b-b8e5-871e07b4ae5c,-123.1279312,48.17654059
402,Minnow,202,20180529,20180530,No,MMP 383,,,No,0,0,Minnow-202_5/29/2018,48.17651747,-123.1280657,12/16/2020 4:23,KSO,12/16/2020 4:29,KSO,b0cae3de-df69-4cef-8720-dc0bb4e13e5e,-123.1280657,48.17651747
403,Fukui,202,20180529,20180530,No,MMP 383,,,No,0,0,Fukui-202_5/29/2018,48.17647818,-123.1281637,12/16/2020 4:23,KSO,12/16/2020 4:29,KSO,8a08c0ea-64f6-4d6b-b1bd-31f08cbf6a64,-123.1281637,48.17647818
404,Minnow,203,20180529,20180530,No,MMP 383,,,No,0,0,Minnow-203_5/29/2018,48.17644498,-123.1282775,12/16/2020 4:23,KSO,12/16/2020 4:29,KSO,baa5f379-0a2b-4549-81d3-c389cb3f8208,-123.1282775,48.17644498
405,Fukui,203,20180529,20180530,No,MMP 383,,,No,0,0,Fukui-203_5/29/2018,48.17641078,-123.1284112,12/16/2020 4:23,KSO,12/16/2020 4:29,KSO,5269d6ad-5e6b-40ac-a09e-dd5a4e4c3b86,-123.1284112,48.17641078
406,Minnow,11,20180604,20180606,No,,,,No,0,0,Minnow-011_6/4/2018,48.17385994,-123.1360798,12/16/2020 4:23,KSO,12/16/2020 4:29,KSO,703a6117-1631-4c6e-86fb-abfb91455a99,-123.1360798,48.17385994
407,Fukui,1,20180604,20180606,No,,,,No,0,0,Fukui-001_6/4/2018,48.1732705,-123.1374289,12/16/2020 4:23,KSO,12/16/2020 4:29,KSO,236c80b0-1153-4d6f-bdea-a9754efebb81,-123.1374289,48.1732705
408,Minnow,1,20180604,20180606,No,,,,No,0,0,Minnow-001_6/4/2018,48.17336181,-123.1374728,12/16/2020 4:23,KSO,12/16/2020 4:29,KSO,2cd016e7-7a96-4e2f-b735-5fd3beb8e136,-123.1374728,48.17336181
409,Fukui,2,20180604,20180606,No,,,,No,0,0,Fukui-002_6/4/2018,48.17344058,-123.137489,12/16/2020 4:23,KSO,12/16/2020 4:29,KSO,7cbad87f-c40e-4525-9385-bf302d2d3e01,-123.137489,48.17344058
410,Minnow,2,20180604,20180606,No,,,,No,0,0,Minnow-002_6/4/2018,48.17352193,-123.1374981,12/16/2020 4:23,KSO,12/16/2020 4:29,KSO,f51dee95-6a57-4a94-9ed4-1cafaf39a330,-123.1374981,48.17352193
411,Fukui,3,20180604,20180606,No,,,,No,0,0,Fukui-003_6/4/2018,48.17358009,-123.137485,12/16/2020 4:23,KSO,12/16/2020 4:29,KSO,9efd6741-505c-4d21-a8ac-fe90befb6691,-123.137485,48.17358009
413,Fukui,4,20180604,20180606,No,,,,No,0,0,Fukui-004_6/5/2018,48.17370759,-123.1373586,12/16/2020 4:23,KSO,12/16/2020 4:29,KSO,c2344313-dfe2-41cd-a4c3-9b82bb5565d9,-123.1373586,48.17370759
414,Minnow,4,20180604,20180606,No,,,,No,0,0,Minnow-004_6/4/2018,48.17351788,-123.1370704,12/16/2020 4:23,KSO,12/16/2020 4:29,KSO,d874bd60-f0a1-48ed-b5e7-6358f3c70674,-123.1370704,48.17351788
415,Fukui,5,20180604,20180606,No,,,,No,0,0,Fukui-005_6/4/2018,48.17346247,-123.137026,12/16/2020 4:23,KSO,12/16/2020 4:29,KSO,c0dcad7d-cf02-4ef8-bbc6-074f1b5a202e,-123.137026,48.17346247
416,Minnow,5,20180604,20180606,No,,,,No,0,0,Minnow-005_6/4/2018,48.17340715,-123.1369494,12/16/2020 4:23,KSO,12/16/2020 4:29,KSO,fe3454ad-41c1-4173-920b-4a76a5c12aca,-123.1369494,48.17340715
417,Fukui,6,20180604,20180606,No,,,,No,0,0,Fukui-006_6/4/2018,48.17349668,-123.1366631,12/16/2020 4:23,KSO,12/16/2020 4:29,KSO,a5a812bb-f549-475d-8915-8b4e8aa022e2,-123.1366631,48.17349668
418,Minnow,6,20180604,20180606,No,,,,No,0,0,Minnow-006_6/4/2018,48.17356201,-123.136627,12/16/2020 4:23,KSO,12/16/2020 4:29,KSO,6559f72f-a9e3-4a48-b7cc-d3a75bf338cc,-123.136627,48.17356201
419,Fukui,7,20180604,20180606,No,,,,No,0,0,Fukui-007_6/4/2018,48.17363537,-123.1365817,12/16/2020 4:23,KSO,12/16/2020 4:29,KSO,0ed39535-9df4-4175-97e6-c59bc9760383,-123.1365817,48.17363537
420,Minnow,7,20180604,20180606,No,,,,No,0,0,Minnow-007_6/4/2018,48.1737049,-123.1364987,12/16/2020 4:23,KSO,12/16/2020 4:29,KSO,3272700a-8847-46b1-8baf-f2296e3c2502,-123.1364987,48.1737049
421,Fukui,9,20180604,20180606,No,,,,No,0,0,Fukui-009_6/4/2018,48.17381197,-123.1360518,12/16/2020 4:23,KSO,12/16/2020 4:29,KSO,ad3f68d0-6b4d-4917-8402-978413e9758e,-123.1360518,48.17381197
422,Minnow,9,20180604,20180606,No,,,,No,0,0,Minnow-009_6/4/2018,48.17390025,-123.1366909,12/16/2020 4:23,KSO,12/16/2020 4:29,KSO,e00b1181-93c3-4103-a5b6-a4f7d9b96ddb,-123.1366909,48.17390025
423,Fukui,10,20180604,20180606,No,,,,No,0,0,Fukui-010_6/4/2018,48.17388743,-123.1367924,12/16/2020 4:23,KSO,12/16/2020 4:29,KSO,a31ef540-7083-4f37-8afc-7a624c2d8120,-123.1367924,48.17388743
424,Minnow,10,20180604,20180606,No,,,,No,0,0,Minnow-010_6/4/2018,48.17388541,-123.1368864,12/16/2020 4:23,KSO,12/16/2020 4:29,KSO,cba3bd34-c81e-4700-926b-c75f06e0e257,-123.1368864,48.17388541
425,Fukui,11,20180604,20180606,No,,,,No,0,0,Fukui-011_6/4/2018,48.17388929,-123.1370135,12/16/2020 4:23,KSO,12/16/2020 4:29,KSO,da1c03a8-cea7-4ac6-9fb9-a5d94da830c9,-123.1370135,48.17388929
426,Fukui,12,20180604,20180606,No,,,,No,0,0,Fukui-012_6/4/2018,48.17443953,-123.1374855,12/16/2020 4:23,KSO,12/16/2020 4:29,KSO,25151d3c-f921-4b08-a22a-e4f506aac2a1,-123.1374855,48.17443953
427,Minnow,12,20180604,20180606,No,,,,No,0,0,Minnow-012_6/4/2018,48.17448613,-123.1375401,12/16/2020 4:23,KSO,12/16/2020 4:29,KSO,3d646a82-2ab6-4ff5-ba98-0c1dcce547a6,-123.1375401,48.17448613
428,Fukui,13,20180604,20180606,No,,,,No,0,0,Fukui-013_6/4/2018,48.17454625,-123.1379317,12/16/2020 4:23,KSO,12/16/2020 4:29,KSO,3dded3f3-9d72-4aab-92e4-9512d8361d67,-123.1379317,48.17454625
429,Minnow,13,20180604,20180606,No,,,,No,0,0,Minnow-013_6/4/2018,48.17459121,-123.1380251,12/16/2020 4:23,KSO,12/16/2020 4:29,KSO,bad4a399-a39d-4dd7-9e7e-6853ff51bd17,-123.1380251,48.17459121
431,Minnow,14,20180604,20180606,No,,,,No,0,0,Minnow-014_6/4/2018,48.17489695,-123.1380006,12/16/2020 4:23,KSO,12/16/2020 4:29,KSO,0cc65289-a2e6-422b-b83e-259dd84a7f6f,-123.1380006,48.17489695
432,Fukui,15,20180604,20180606,No,,,,No,0,0,Fukui-015_6/4/2018,48.1749369,-123.1381723,12/16/2020 4:23,KSO,12/16/2020 4:29,KSO,13c6ef43-00aa-41b0-89b0-af2f93afc601,-123.1381723,48.1749369
433,Minnow,15,20180604,20180606,No,,,,No,0,0,Minnow-015_6/4/2018,48.17501044,-123.1383361,12/16/2020 4:23,KSO,12/16/2020 4:29,KSO,574a4573-571c-42af-8b46-088ba672cabb,-123.1383361,48.17501044
434,Fukui,16,20180604,20180606,No,,,,No,0,0,Fukui-016_6/4/2018,48.17506725,-123.1384407,12/16/2020 4:23,KSO,12/16/2020 4:29,KSO,368118b8-68c1-47da-8f7a-d9557c76437d,-123.1384407,48.17506725
435,Minnow,16,20180604,20180606,No,,,,No,0,0,Minnow-016_6/4/2018,48.17502609,-123.1385637,12/16/2020 4:23,KSO,12/16/2020 4:29,KSO,ca8b7fb4-4320-4dd3-9eac-982882f6bb41,-123.1385637,48.17502609
436,Fukui,17,20180604,20180606,No,,,,No,0,0,Fukui-017_6/4/2018,48.17473318,-123.1386003,12/16/2020 4:23,KSO,12/16/2020 4:29,KSO,06cf9b6a-8423-4e4b-9696-7b367f784885,-123.1386003,48.17473318
437,Minnow,17,20180604,20180606,No,,,,No,0,0,Minnow-017_6/4/2018,48.17466397,-123.1386243,12/16/2020 4:23,KSO,12/16/2020 4:29,KSO,627d13de-0cc3-4a79-b3e4-de0698e51a3d,-123.1386243,48.17466397
438,Fukui,18,20180604,20180606,No,,,,No,0,0,Fukui-018_6/4/2018,48.17471556,-123.1387902,12/16/2020 4:23,KSO,12/16/2020 4:29,KSO,d3dea688-d63c-4ba6-8e19-5b8c0e11dfc3,-123.1387902,48.17471556
439,Fukui,8,20180604,20180606,No,,,,No,0,0,Fukui-008_6/4/2018,48.17376019,-123.136382,12/16/2020 4:23,KSO,12/16/2020 4:29,KSO,a09b19f0-7545-45c4-a5ea-6e003d9fbe04,-123.136382,48.17376019
440,Minnow,8,20180604,20180606,No,,,,No,0,0,Minnow-008_6/4/2018,48.17372094,-123.1362387,12/16/2020 4:23,KSO,12/16/2020 4:29,KSO,4c818abf-adac-4847-9325-7680551a4662,-123.1362387,48.17372094
441,Fukui,102,20180604,20180606,No,,,,No,0,0,Fukui-102_6/4/2018,48.14647092,-123.1836689,12/16/2020 4:23,KSO,12/16/2020 4:29,KSO,179a2012-b8a7-4471-bbd6-d79c6c9d80f7,-123.1836689,48.14647092
442,Fukui,101,20180604,20180606,No,,,,No,0,0,Fukui-101_6/4/2018,48.14653086,-123.1835111,12/16/2020 4:23,KSO,12/16/2020 4:29,KSO,8d174121-d9d7-4c42-81fd-288e9c3e62e3,-123.1835111,48.14653086
443,Minnow,103,20180604,20180606,No,,,,No,0,0,Minnow-103_6/4/2018,48.14648722,-123.183749,12/16/2020 4:23,KSO,12/16/2020 4:29,KSO,00a31566-b50b-4ffd-9242-d6bb2c5ab219,-123.183749,48.14648722
444,Minnow,102,20180604,20180606,No,,,,No,0,0,Minnow-102_6/4/2018,48.14645776,-123.1835714,12/16/2020 4:23,KSO,12/16/2020 4:29,KSO,1d5564c8-814d-47b5-a2d7-858e46fafc5a,-123.1835714,48.14645776
445,Minnow,11,20180611,20180615,No,,,,No,0,0,Minnow-011_6/11/2018,48.17385994,-123.1360798,12/16/2020 4:23,KSO,12/16/2020 4:29,KSO,e7912d0b-497d-47de-a231-deab13d4f72e,-123.1360798,48.17385994
446,Fukui,1,20180611,20180615,No,,,,No,0,0,Fukui-001_6/11/2018,48.1732705,-123.1374289,12/16/2020 4:23,KSO,12/16/2020 4:29,KSO,0025b730-92ed-4e48-81ac-2c9720fd28d5,-123.1374289,48.1732705
447,Minnow,1,20180611,20180615,No,,,,No,0,0,Minnow-001_6/11/2018,48.17336181,-123.1374728,12/16/2020 4:23,KSO,12/16/2020 4:29,KSO,d857df1e-9181-435c-ab87-26affbc33082,-123.1374728,48.17336181
448,Fukui,2,20180611,20180615,No,,,,No,0,0,Fukui-002_6/11/2018,48.17344058,-123.137489,12/16/2020 4:23,KSO,12/16/2020 4:29,KSO,852db323-c78a-4621-8da6-4e79a649283b,-123.137489,48.17344058
449,Minnow,2,20180611,20180615,No,,,,No,0,0,Minnow-002_6/11/2018,48.17352193,-123.1374981,12/16/2020 4:23,KSO,12/16/2020 4:29,KSO,4da49ce4-8251-4556-a035-98cd1c95bd88,-123.1374981,48.17352193
450,Fukui,3,20180611,20180615,No,,,,No,0,0,Fukui-003_6/11/2018,48.17358009,-123.137485,12/16/2020 4:23,KSO,12/16/2020 4:29,KSO,21da9150-6db6-4b3e-ad47-5e8ee0cd5715,-123.137485,48.17358009
451,Minnow,3,20180611,20180615,No,,,,No,0,0,Minnow-003_6/11/2018,48.1736586,-123.1374355,12/16/2020 4:23,KSO,12/16/2020 4:29,KSO,14610d71-29f4-484c-8919-d1dd8e74d7b2,-123.1374355,48.1736586
452,Fukui,4,20180611,20180615,No,,,,No,0,0,Fukui-004_6/11/2018,48.17370759,-123.1373586,12/16/2020 4:23,KSO,12/16/2020 4:29,KSO,0f2e5c2b-0aa2-4289-ab88-97e876138a85,-123.1373586,48.17370759
453,Minnow,4,20180611,20180615,No,,,,No,0,0,Minnow-004_6/11/2018,48.17351788,-123.1370704,12/16/2020 4:23,KSO,12/16/2020 4:29,KSO,c60d1b2a-2541-466b-ba5d-fc00c2705c86,-123.1370704,48.17351788
454,Fukui,5,20180611,20180615,No,,,,No,0,0,Fukui-005_6/11/2018,48.17346247,-123.137026,12/16/2020 4:23,KSO,12/16/2020 4:29,KSO,54b173d5-8ca0-491b-8ee3-e424cf1da4b5,-123.137026,48.17346247
455,Minnow,5,20180611,20180615,No,,,,No,0,0,Minnow-005_6/11/2018,48.17340715,-123.1369494,12/16/2020 4:23,KSO,12/16/2020 4:29,KSO,50bc3e35-be35-4999-9a7c-7df46b2ba3b8,-123.1369494,48.17340715
456,Fukui,6,20180611,20180615,No,,,,No,0,0,Fukui-006_6/11/2018,48.17349668,-123.1366631,12/16/2020 4:23,KSO,12/16/2020 4:29,KSO,ddc6f89f-ad44-44ac-832d-413ac977074b,-123.1366631,48.17349668
457,Minnow,6,20180611,20180615,No,,,,No,0,0,Minnow-006_6/11/2018,48.17356201,-123.136627,12/16/2020 4:23,KSO,12/16/2020 4:29,KSO,4b2aa892-c31e-4d67-9b6e-15d380e84234,-123.136627,48.17356201
458,Fukui,7,20180611,20180615,No,,,,No,0,0,Fukui-007_6/11/2018,48.17363537,-123.1365817,12/16/2020 4:23,KSO,12/16/2020 4:29,KSO,aa79022f-f0d4-4328-88f7-759cc8381362,-123.1365817,48.17363537
459,Minnow,7,20180611,20180615,No,,,,No,0,0,Minnow-007_6/11/2018,48.1737049,-123.1364987,12/16/2020 4:23,KSO,12/16/2020 4:29,KSO,73eba20b-4700-49cb-aa3b-2c68eb8384f2,-123.1364987,48.1737049
460,Fukui,9,20180611,20180615,No,,,,No,0,0,Fukui-009_6/11/2018,48.17381197,-123.1360518,12/16/2020 4:23,KSO,12/16/2020 4:29,KSO,69ddfe25-dc9a-438c-9abe-105fcb8aaf44,-123.1360518,48.17381197
461,Minnow,9,20180611,20180615,No,,,,No,0,0,Minnow-009_6/11/2018,48.17390025,-123.1366909,12/16/2020 4:23,KSO,12/16/2020 4:29,KSO,d65acde0-182d-4b46-bdae-1ec3f5353166,-123.1366909,48.17390025
463,Minnow,10,20180611,20180615,No,,,,No,0,0,Minnow-010_6/11/2018,48.17388541,-123.1368864,12/16/2020 4:23,KSO,12/16/2020 4:29,KSO,52590251-812a-49ff-9a31-2f8eb28b8f0d,-123.1368864,48.17388541
464,Fukui,11,20180611,20180615,No,,,,No,0,0,Fukui-011_6/11/2018,48.17388929,-123.1370135,12/16/2020 4:23,KSO,12/16/2020 4:29,KSO,7402c7d5-ad50-4527-9297-f12011375b81,-123.1370135,48.17388929
465,Fukui,12,20180611,20180615,No,,,,No,0,0,Fukui-012_6/11/2018,48.17443953,-123.1374855,12/16/2020 4:23,KSO,12/16/2020 4:29,KSO,9d9d6618-bc9a-41c6-98ff-6dc24d6ae680,-123.1374855,48.17443953
466,Minnow,12,20180611,20180615,No,,,,No,0,0,Minnow-012_6/11/2018,48.17448613,-123.1375401,12/16/2020 4:23,KSO,12/16/2020 4:29,KSO,3c0ea462-0a51-4c25-8c33-3c1dbadabbfc,-123.1375401,48.17448613
467,Fukui,13,20180611,20180615,No,,,,No,0,0,Fukui-013_6/11/2018,48.17454625,-123.1379317,12/16/2020 4:23,KSO,12/16/2020 4:29,KSO,37f8405d-706d-4d52-b49d-994fb00eff57,-123.1379317,48.17454625
468,Minnow,13,20180611,20180615,No,,,,No,0,0,Minnow-013_6/11/2018,48.17459121,-123.1380251,12/16/2020 4:23,KSO,12/16/2020 4:29,KSO,6f07008c-f681-48cd-841e-8b68eeb21e11,-123.1380251,48.17459121
469,Fukui,14,20180611,20180615,No,,,,No,0,0,Fukui-014_6/11/2018,48.17481288,-123.137963,12/16/2020 4:23,KSO,12/16/2020 4:29,KSO,a63591ad-9a9d-4568-be31-6b1dd3cfc7a8,-123.137963,48.17481288
470,Minnow,14,20180611,20180615,No,,,,No,0,0,Minnow-014_6/11/2018,48.17489695,-123.1380006,12/16/2020 4:23,KSO,12/16/2020 4:29,KSO,6dcc4888-931e-41ce-a2fe-7a54a25bea9a,-123.1380006,48.17489695
471,Fukui,15,20180611,20180615,No,,,,No,0,0,Fukui-015_6/11/2018,48.1749369,-123.1381723,12/16/2020 4:23,KSO,12/16/2020 4:29,KSO,a53d1a66-155a-4de0-addc-9fb7c9aa7440,-123.1381723,48.1749369
472,Minnow,15,20180611,20180615,No,,,,No,0,0,Minnow-015_6/11/2018,48.17501044,-123.1383361,12/16/2020 4:23,KSO,12/16/2020 4:29,KSO,78fb1754-d095-4945-ac83-c2e8febf4de6,-123.1383361,48.17501044
473,Fukui,16,20180611,20180615,No,,,,No,0,0,Fukui-016_6/11/2018,48.17506725,-123.1384407,12/16/2020 4:23,KSO,12/16/2020 4:29,KSO,f734425b-a572-4475-b70d-6ae37a859586,-123.1384407,48.17506725
474,Minnow,16,20180611,20180615,No,,,,No,0,0,Minnow-016_6/11/2018,48.17502609,-123.1385637,12/16/2020 4:23,KSO,12/16/2020 4:29,KSO,8d72cbc3-edea-4be0-b68a-c77387c24c8d,-123.1385637,48.17502609
475,Fukui,17,20180611,20180615,No,,,,No,0,0,Fukui-017_6/11/2018,48.17473318,-123.1386003,12/16/2020 4:23,KSO,12/16/2020 4:29,KSO,057c3ecf-bcdc-43c0-b3ae-ad1f73bb38db,-123.1386003,48.17473318
476,Minnow,17,20180611,20180615,No,,,,No,0,0,Minnow-017_6/11/2018,48.17466397,-123.1386243,12/16/2020 4:23,KSO,12/16/2020 4:29,KSO,cadb6b07-f068-4edf-8a8d-2293a9773a06,-123.1386243,48.17466397
479,Minnow,8,20180611,20180615,No,,,,No,0,0,Minnow-008_6/11/2018,48.17372094,-123.1362387,12/16/2020 4:23,KSO,12/16/2020 4:29,KSO,8537cb4e-17f6-4f9f-a3f7-c80b0c3cf5e7,-123.1362387,48.17372094
480,Fukui,102,20180611,20180615,No,,,,No,0,0,Fukui-102_6/11/2018,48.14647092,-123.1836689,12/16/2020 4:23,KSO,12/16/2020 4:29,KSO,d565f824-14f5-42bc-ba37-0a93acad049e,-123.1836689,48.14647092
481,Fukui,101,20180611,20180615,No,,,,No,0,0,Fukui-101_6/11/2018,48.14653086,-123.1835111,12/16/2020 4:23,KSO,12/16/2020 4:29,KSO,094417a2-c977-4fc5-b20d-0e695855a2a6,-123.1835111,48.14653086
482,Minnow,103,20180611,20180615,No,,,,No,0,0,Minnow-103_6/11/2018,48.14648722,-123.183749,12/16/2020 4:23,KSO,12/16/2020 4:29,KSO,a747bd56-a8b0-4837-a42b-e8571ec29ddf,-123.183749,48.14648722
483,Minnow,102,20180611,20180615,No,,,,No,0,0,Minnow-102_6/11/2018,48.14645776,-123.1835714,12/16/2020 4:23,KSO,12/16/2020 4:29,KSO,22d20581-8d30-4481-b863-49dccb86e5ed,-123.1835714,48.14645776
484,Minnow,11,20180618,20180620,No,,,,No,0,0,Minnow-011_6/18/2018,48.17385994,-123.1360798,12/16/2020 4:23,KSO,12/16/2020 4:29,KSO,ebb05735-b55a-4f76-9a82-982211b15090,-123.1360798,48.17385994
485,Fukui,1,20180618,20180620,No,,,,No,0,0,Fukui-001_6/18/2018,48.1732705,-123.1374289,12/16/2020 4:23,KSO,12/16/2020 4:29,KSO,0fa2984b-368c-4fb9-8af3-dd90d32ad5e6,-123.1374289,48.1732705
486,Minnow,1,20180618,20180620,No,,,,No,0,0,Minnow-001_6/18/2018,48.17336181,-123.1374728,12/16/2020 4:23,KSO,12/16/2020 4:29,KSO,94cbfb27-5be7-44d8-bb31-144c0b58a9d4,-123.1374728,48.17336181
487,Fukui,2,20180618,20180620,No,,,,No,0,0,Fukui-002_6/18/2018,48.17344058,-123.137489,12/16/2020 4:23,KSO,12/16/2020 4:29,KSO,a40bc146-0de1-4484-9501-9784db1fc00e,-123.137489,48.17344058
488,Minnow,2,20180618,20180620,No,,,,No,0,0,Minnow-002_6/18/2018,48.17352193,-123.1374981,12/16/2020 4:23,KSO,12/16/2020 4:29,KSO,4d8547d1-a05d-4274-9137-ec52c80be373,-123.1374981,48.17352193
489,Fukui,3,20180618,20180620,No,,,,No,0,0,Fukui-003_6/18/2018,48.17358009,-123.137485,12/16/2020 4:23,KSO,12/16/2020 4:29,KSO,012b4ffd-01e1-4201-9ac6-cd3ba2177794,-123.137485,48.17358009
490,Minnow,3,20180618,20180620,No,,,,No,0,0,Minnow-003_6/18/2018,48.1736586,-123.1374355,12/16/2020 4:23,KSO,12/16/2020 4:29,KSO,8a5e06b5-098e-4b47-845c-0fc7b7ff6a50,-123.1374355,48.1736586
491,Fukui,4,20180618,20180620,No,,,,No,0,0,Fukui-004_6/18/2018,48.17370759,-123.1373586,12/16/2020 4:23,KSO,12/16/2020 4:29,KSO,257f1c7a-2511-47b1-bd8d-d4022c1ee016,-123.1373586,48.17370759
492,Minnow,4,20180618,20180620,No,,,,No,0,0,Minnow-004_6/18/2018,48.17351788,-123.1370704,12/16/2020 4:23,KSO,12/16/2020 4:29,KSO,24561416-76a5-4b1c-b7a3-8c76e7226fc9,-123.1370704,48.17351788
493,Fukui,5,20180618,20180620,No,,,,No,0,0,Fukui-005_6/18/2018,48.17346247,-123.137026,12/16/2020 4:23,KSO,12/16/2020 4:29,KSO,3a8ef854-f885-44d0-8b68-0749c8005601,-123.137026,48.17346247
494,Minnow,5,20180618,20180620,No,,,,No,0,0,Minnow-005_6/18/2018,48.17340715,-123.1369494,12/16/2020 4:23,KSO,12/16/2020 4:29,KSO,6063992e-6c51-4036-98fe-5ca7d5f321be,-123.1369494,48.17340715
495,Fukui,6,20180618,20180620,No,,,,No,0,0,Fukui-006_6/18/2018,48.17349668,-123.1366631,12/16/2020 4:23,KSO,12/16/2020 4:29,KSO,c9609313-d8fe-4a04-bbb4-8082832eb286,-123.1366631,48.17349668
496,Minnow,6,20180618,20180620,No,,,,No,0,0,Minnow-006_6/18/2018,48.17356201,-123.136627,12/16/2020 4:23,KSO,12/16/2020 4:29,KSO,53f48eff-0148-4f4c-8669-399328bea39c,-123.136627,48.17356201
498,Minnow,7,20180618,20180620,No,,,,No,0,0,Minnow-007_6/18/2018,48.1737049,-123.1364987,12/16/2020 4:23,KSO,12/16/2020 4:29,KSO,861bbfb9-6277-4ac5-934d-18f4e438e583,-123.1364987,48.1737049
499,Fukui,9,20180618,20180620,No,,,,No,0,0,Fukui-009_6/18/2018,48.17381197,-123.1360518,12/16/2020 4:23,KSO,12/16/2020 4:29,KSO,93540f7a-66d0-464b-91f8-e9615bb38fb0,-123.1360518,48.17381197
500,Minnow,9,20180618,20180620,No,,,,No,0,0,Minnow-009_6/18/2018,48.17390025,-123.1366909,12/16/2020 4:23,KSO,12/16/2020 4:29,KSO,1b9beaf4-7571-41e7-b524-d467d83e6403,-123.1366909,48.17390025
501,Fukui,10,20180618,20180620,No,,,,No,0,0,Fukui-010_6/18/2018,48.17388743,-123.1367924,12/16/2020 4:23,KSO,12/16/2020 4:29,KSO,2ffa4c6e-1fd6-43e6-9198-bb7625e595cb,-123.1367924,48.17388743
502,Minnow,10,20180618,20180620,No,,,,No,0,0,Minnow-010_6/18/2018,48.17388541,-123.1368864,12/16/2020 4:23,KSO,12/16/2020 4:29,KSO,c6f3be87-b7df-4a0d-b76e-28b6a4625ed8,-123.1368864,48.17388541
503,Fukui,11,20180618,20180620,No,,,,No,0,0,Fukui-011_6/18/2018,48.17388929,-123.1370135,12/16/2020 4:23,KSO,12/16/2020 4:29,KSO,fa823905-f98f-4765-be0d-81c7b7a02189,-123.1370135,48.17388929
504,Fukui,12,20180618,20180620,No,,,,No,0,0,Fukui-012_6/18/2018,48.17443953,-123.1374855,12/16/2020 4:23,KSO,12/16/2020 4:29,KSO,1f47ddd7-e1a0-4ed1-a190-372326b0d760,-123.1374855,48.17443953
505,Minnow,12,20180618,20180620,No,,,,No,0,0,Minnow-012_6/18/2018,48.17448613,-123.1375401,12/16/2020 4:23,KSO,12/16/2020 4:29,KSO,cdab1488-fa18-439a-b1e4-a70768bba82c,-123.1375401,48.17448613
506,Fukui,13,20180618,20180620,No,,,,No,0,0,Fukui-013_6/18/2018,48.17454625,-123.1379317,12/16/2020 4:23,KSO,12/16/2020 4:29,KSO,7f7ca2fa-ba11-4706-9fe0-778ba72f92b8,-123.1379317,48.17454625
507,Minnow,13,20180618,20180620,No,,,,No,0,0,Minnow-013_6/18/2018,48.17459121,-123.1380251,12/16/2020 4:23,KSO,12/16/2020 4:29,KSO,eabfbb6b-a54e-4479-bbda-c1acebd1c82f,-123.1380251,48.17459121
508,Fukui,14,20180618,20180620,No,,,,No,0,0,Fukui-014_6/18/2018,48.17481288,-123.137963,12/16/2020 4:23,KSO,12/16/2020 4:29,KSO,d17e8dea-e133-4fa7-9fed-c4f914adad2c,-123.137963,48.17481288
509,Minnow,14,20180618,20180620,No,,,,No,0,0,Minnow-014_6/18/2018,48.17489695,-123.1380006,12/16/2020 4:23,KSO,12/16/2020 4:29,KSO,bad44f18-0f0e-4463-a371-12652425504e,-123.1380006,48.17489695
510,Fukui,15,20180618,20180620,No,,,,No,0,0,Fukui-015_6/18/2018,48.1749369,-123.1381723,12/16/2020 4:23,KSO,12/16/2020 4:29,KSO,75d6c5e8-b1d5-491a-be23-d927182aafda,-123.1381723,48.1749369
511,Minnow,15,20180618,20180620,No,,,,No,0,0,Minnow-015_6/18/2018,48.17501044,-123.1383361,12/16/2020 4:23,KSO,12/16/2020 4:29,KSO,68f7f69e-0920-48ca-ad54-8e97b218ce2a,-123.1383361,48.17501044
512,Fukui,16,20180618,20180620,No,,,,No,0,0,Fukui-016_6/18/2018,48.17506725,-123.1384407,12/16/2020 4:23,KSO,12/16/2020 4:29,KSO,53106a48-4688-41e1-a8f0-675a8148d746,-123.1384407,48.17506725
513,Minnow,16,20180618,20180620,No,,,,No,0,0,Minnow-016_6/18/2018,48.17502609,-123.1385637,12/16/2020 4:23,KSO,12/16/2020 4:29,KSO,c42eaa52-3540-4717-b5bb-0d4c2e7decd9,-123.1385637,48.17502609
514,Fukui,17,20180618,20180620,No,,,,No,0,0,Fukui-017_6/18/2018,48.17473318,-123.1386003,12/16/2020 4:23,KSO,12/16/2020 4:29,KSO,9530c300-25c5-49eb-8625-3ef8e6349334,-123.1386003,48.17473318
515,Minnow,17,20180618,20180620,No,,,,No,0,0,Minnow-017_6/18/2018,48.17466397,-123.1386243,12/16/2020 4:23,KSO,12/16/2020 4:29,KSO,b58b3daf-9e2b-4c7b-8c43-61d8382763e2,-123.1386243,48.17466397
516,Fukui,18,20180618,20180620,No,,,,No,0,0,Fukui-018_6/18/2018,48.17471556,-123.1387902,12/16/2020 4:23,KSO,12/16/2020 4:29,KSO,a027bff4-0fef-4ec3-9af0-454c04406b70,-123.1387902,48.17471556
517,Fukui,8,20180618,20180620,No,,,,No,0,0,Fukui-008_6/18/2018,48.17376019,-123.136382,12/16/2020 4:23,KSO,12/16/2020 4:29,KSO,69d58efd-9fe6-47fe-b7ab-d05132940341,-123.136382,48.17376019
518,Minnow,8,20180618,20180620,No,,,,No,0,0,Minnow-008_6/18/2018,48.17372094,-123.1362387,12/16/2020 4:23,KSO,12/16/2020 4:29,KSO,94217021-24f1-436d-810d-e91970fc4a1d,-123.1362387,48.17372094
519,Fukui,103,20180618,20180620,No,,,,No,0,0,Fukui-103_6/18/2018,48.14652229,-123.1838274,12/16/2020 4:23,KSO,12/16/2020 4:29,KSO,210de7f8-f37d-4fc7-9ccd-8f51f4a069cf,-123.1838274,48.14652229
520,Fukui,102,20180618,20180620,No,,,,No,0,0,Fukui-102_6/18/2018,48.14647092,-123.1836689,12/16/2020 4:23,KSO,12/16/2020 4:29,KSO,c3c14405-d2cf-44a2-8e24-a0b7530e7de4,-123.1836689,48.14647092
521,Fukui,101,20180618,20180620,No,,,,No,0,0,Fukui-101_6/18/2018,48.14653086,-123.1835111,12/16/2020 4:23,KSO,12/16/2020 4:29,KSO,69500ba2-3d28-424b-b798-39c4bf075054,-123.1835111,48.14653086
522,Minnow,103,20180618,20180620,No,,,,No,0,0,Minnow-103_6/18/2018,48.14648722,-123.183749,12/16/2020 4:23,KSO,12/16/2020 4:29,KSO,4d8049d1-b60d-42b8-9cd7-ead8965c40b1,-123.183749,48.14648722
523,Minnow,102,20180618,20180620,No,,,,No,0,0,Minnow-102_6/18/2018,48.14645776,-123.1835714,12/16/2020 4:23,KSO,12/16/2020 4:29,KSO,0be74fd7-887d-4c04-9161-923646cd759f,-123.1835714,48.14645776
524,Minnow,101,20180618,20180620,No,,,,No,0,0,Minnow-101_6/18/2018,48.14660785,-123.1835033,12/16/2020 4:23,KSO,12/16/2020 4:29,KSO,e1854a0e-f54b-4e57-b2ff-f48bfbfdc3ce,-123.1835033,48.14660785
525,Minnow,11,20180625,20180629,No,,,,No,0,0,Minnow-011_6/25/2018,48.17385994,-123.1360798,12/16/2020 4:23,KSO,12/16/2020 4:29,KSO,ede712c8-9170-4ea1-a0b4-0a0ccae1e1c1,-123.1360798,48.17385994
526,Fukui,1,20180625,20180629,No,,,,No,0,0,Fukui-001_6/25/2018,48.1732705,-123.1374289,12/16/2020 4:23,KSO,12/16/2020 4:29,KSO,96f3c653-25c4-4397-969c-e4d2a9eefbaf,-123.1374289,48.1732705
527,Minnow,1,20180625,20180629,No,,,,No,0,0,Minnow-001_6/25/2018,48.17336181,-123.1374728,12/16/2020 4:23,KSO,12/16/2020 4:29,KSO,4360554f-9d62-4807-94de-76bfa59fb541,-123.1374728,48.17336181
528,Fukui,2,20180625,20180629,No,,,,No,0,0,Fukui-002_6/25/2018,48.17344058,-123.137489,12/16/2020 4:23,KSO,12/16/2020 4:29,KSO,d6137eeb-0015-4ffe-8eac-753309c6ff06,-123.137489,48.17344058
529,Minnow,2,20180625,20180629,No,,,,No,0,0,Minnow-002_6/25/2018,48.17352193,-123.1374981,12/16/2020 4:23,KSO,12/16/2020 4:29,KSO,9412dd08-d141-4255-8db3-81041861d841,-123.1374981,48.17352193
530,Fukui,3,20180625,20180629,No,,,,No,0,0,Fukui-003_6/25/2018,48.17358009,-123.137485,12/16/2020 4:23,KSO,12/16/2020 4:29,KSO,42206b42-505b-4043-bfb6-100b7a0e52a5,-123.137485,48.17358009
531,Minnow,3,20180625,20180629,No,,,,No,0,0,Minnow-003_6/25/2018,48.1736586,-123.1374355,12/16/2020 4:23,KSO,12/16/2020 4:29,KSO,02b31aba-f729-4661-839b-75628d688617,-123.1374355,48.1736586
532,Fukui,4,20180625,20180629,No,,,,No,0,0,Fukui-004_6/25/2018,48.17370759,-123.1373586,12/16/2020 4:23,KSO,12/16/2020 4:29,KSO,91a442e1-dba7-47c7-a4ee-d2debf880e1f,-123.1373586,48.17370759
533,Minnow,4,20180625,20180629,No,,,,No,0,0,Minnow-004_6/25/2018,48.17351788,-123.1370704,12/16/2020 4:23,KSO,12/16/2020 4:29,KSO,ff8e7e56-793d-4b92-bacd-bdc4ec371c1b,-123.1370704,48.17351788
534,Fukui,5,20180625,20180629,No,,,,No,0,0,Fukui-005_6/25/2018,48.17346247,-123.137026,12/16/2020 4:23,KSO,12/16/2020 4:29,KSO,42a78ef3-d6ba-4bf4-92f9-39bffd22262e,-123.137026,48.17346247
535,Minnow,5,20180625,20180629,No,,,,No,0,0,Minnow-005_6/25/2018,48.17340715,-123.1369494,12/16/2020 4:23,KSO,12/16/2020 4:29,KSO,a090651e-c4f0-4673-a1aa-4ac3c2554481,-123.1369494,48.17340715
536,Fukui,6,20180625,20180629,No,,,,No,0,0,Fukui-006_6/25/2018,48.17349668,-123.1366631,12/16/2020 4:23,KSO,12/16/2020 4:29,KSO,9cfb7f33-3cbb-460a-8f3f-075a12ed9583,-123.1366631,48.17349668
537,Minnow,6,20180625,20180629,No,,,,No,0,0,Minnow-006_6/25/2018,48.17356201,-123.136627,12/16/2020 4:23,KSO,12/16/2020 4:29,KSO,bcb7bf6d-07d9-4fa9-931b-6f00b606264a,-123.136627,48.17356201
538,Fukui,7,20180625,20180629,No,,,,No,0,0,Fukui-007_6/25/2018,48.17363537,-123.1365817,12/16/2020 4:23,KSO,12/16/2020 4:29,KSO,0064db61-94b7-4046-96f5-58b362849ae0,-123.1365817,48.17363537
539,Minnow,7,20180625,20180629,No,,,,No,0,0,Minnow-007_6/25/2018,48.1737049,-123.1364987,12/16/2020 4:23,KSO,12/16/2020 4:29,KSO,2015fa5b-ba3a-4448-9ada-c36c84347fad,-123.1364987,48.1737049
540,Fukui,9,20180625,20180629,No,,,,No,0,0,Fukui-009_6/25/2018,48.17381197,-123.1360518,12/16/2020 4:23,KSO,12/16/2020 4:29,KSO,598275b0-b20b-4c17-8890-2bcd5c6a730d,-123.1360518,48.17381197
541,Minnow,9,20180625,20180629,No,,,,No,0,0,Minnow-009_6/25/2018,48.17390025,-123.1366909,12/16/2020 4:23,KSO,12/16/2020 4:29,KSO,8eeea492-ff41-4fa6-aa3a-4fd06f9f82fd,-123.1366909,48.17390025
542,Fukui,10,20180625,20180629,No,,,,No,0,0,Fukui-010_6/25/2018,48.17388743,-123.1367924,12/16/2020 4:23,KSO,12/16/2020 4:29,KSO,4f8647eb-8d1e-4d86-a594-ecd921a92a68,-123.1367924,48.17388743
544,Fukui,11,20180625,20180629,No,,,,No,0,0,Fukui-011_6/25/2018,48.17388929,-123.1370135,12/16/2020 4:23,KSO,12/16/2020 4:29,KSO,06878963-b6d7-47c6-8fad-4e43d20a994d,-123.1370135,48.17388929
545,Fukui,12,20180625,20180629,No,,,,No,0,0,Fukui-012_6/25/2018,48.17443953,-123.1374855,12/16/2020 4:23,KSO,12/16/2020 4:29,KSO,cb30f32e-3c93-4fed-9d24-f1a02f87ee2b,-123.1374855,48.17443953
546,Minnow,12,20180625,20180629,No,,,,No,0,0,Minnow-012_6/25/2018,48.17448613,-123.1375401,12/16/2020 4:23,KSO,12/16/2020 4:29,KSO,1d251536-b3bb-4e87-a27e-6f9dbcf1105f,-123.1375401,48.17448613
547,Fukui,13,20180625,20180629,No,,,,No,0,0,Fukui-013_6/25/2018,48.17454625,-123.1379317,12/16/2020 4:23,KSO,12/16/2020 4:29,KSO,40996fd1-047d-46f5-854e-4f0a79abc7a8,-123.1379317,48.17454625
548,Minnow,13,20180625,20180629,No,,,,No,0,0,Minnow-013_6/25/2018,48.17459121,-123.1380251,12/16/2020 4:23,KSO,12/16/2020 4:29,KSO,c1d95126-165a-4b0d-a0b9-b4b2b96ddbcd,-123.1380251,48.17459121
549,Fukui,14,20180625,20180629,No,,,,No,0,0,Fukui-014_6/25/2018,48.17481288,-123.137963,12/16/2020 4:23,KSO,12/16/2020 4:29,KSO,b5f5ddc8-6029-4fcc-8b63-92599cfc9c12,-123.137963,48.17481288
550,Minnow,14,20180625,20180629,No,,,,No,0,0,Minnow-014_6/25/2018,48.17489695,-123.1380006,12/16/2020 4:23,KSO,12/16/2020 4:29,KSO,940c6370-ed22-4082-8f03-283e48c71916,-123.1380006,48.17489695
551,Fukui,15,20180625,20180629,No,,,,No,0,0,Fukui-015_6/25/2018,48.1749369,-123.1381723,12/16/2020 4:23,KSO,12/16/2020 4:29,KSO,b92e997f-7f0a-4645-a663-dabc2c7888f2,-123.1381723,48.1749369
552,Minnow,15,20180625,20180629,No,,,,No,0,0,Minnow-015_6/25/2018,48.17501044,-123.1383361,12/16/2020 4:23,KSO,12/16/2020 4:29,KSO,e2734ceb-105d-4ce0-b0b8-60788a59a251,-123.1383361,48.17501044
554,Minnow,16,20180625,20180629,No,,,,No,0,0,Minnow-016_6/25/2018,48.17502609,-123.1385637,12/16/2020 4:23,KSO,12/16/2020 4:29,KSO,d2913ac7-ae3c-4586-920b-6c3fe566f546,-123.1385637,48.17502609
555,Fukui,17,20180625,20180629,No,,,,No,0,0,Fukui-017_6/25/2018,48.17473318,-123.1386003,12/16/2020 4:23,KSO,12/16/2020 4:29,KSO,a8abd45f-afd6-4c4c-8b7f-9ed5bb882347,-123.1386003,48.17473318
556,Minnow,17,20180625,20180629,No,,,,No,0,0,Minnow-017_6/25/2018,48.17466397,-123.1386243,12/16/2020 4:23,KSO,12/16/2020 4:29,KSO,06b9c203-7cbc-4dfa-84e6-04338f00653a,-123.1386243,48.17466397
557,Fukui,18,20180625,20180629,No,,,,No,0,0,Fukui-018_6/25/2018,48.17471556,-123.1387902,12/16/2020 4:23,KSO,12/16/2020 4:29,KSO,89e1c968-6fd5-497b-a84f-1ad175b367b8,-123.1387902,48.17471556
558,Fukui,8,20180625,20180629,No,,,,No,0,0,Fukui-008_6/25/2018,48.17376019,-123.136382,12/16/2020 4:23,KSO,12/16/2020 4:29,KSO,e4eb6a4a-c71f-42db-b88c-a13bd4ea0f34,-123.136382,48.17376019
559,Minnow,8,20180625,20180629,No,,,,No,0,0,Minnow-008_6/25/2018,48.17372094,-123.1362387,12/16/2020 4:23,KSO,12/16/2020 4:29,KSO,530ab9aa-5053-411c-8f62-1e0064265858,-123.1362387,48.17372094
561,Minnow,103,20180625,20180629,No,,,,No,0,0,Minnow-103_6/25/2018,48.14648722,-123.183749,12/16/2020 4:23,KSO,12/16/2020 4:29,KSO,92be2871-bba6-417f-a5ee-aea7358c075c,-123.183749,48.14648722
562,Minnow,102,20180625,20180629,No,,,,No,0,0,Minnow-102_6/25/2018,48.14645776,-123.1835714,12/16/2020 4:23,KSO,12/16/2020 4:29,KSO,a3a81560-62ec-4fbd-b82f-4369a9bfcb79,-123.1835714,48.14645776
563,Fukui,301,20180611,20180612,No,"Prospecting, Trap Moved on 6/12, not good site. No species of intrest activity at site, site regularly drains completely dry.",,NULL,No,0,0,Fukui-301_6/11/2018,48.17477924,-123.136497,12/16/2020 4:23,KSO,12/16/2020 4:29,KSO,63a20d31-47e2-46b8-a4dc-72aca3bc095d,-123.136497,48.17477923
564,Minnow,302,20180611,20180612,No,"Prospecting Trap Moved on 6/12, not good site. No species of intrest activity at site, site regularly drains completely dry.",,NULL,No,0,0,Minnow-302_6/11/2018,48.17486881,-123.1366676,12/16/2020 4:23,KSO,12/16/2020 4:29,KSO,1cd1237c-611b-4d2a-80b8-3299a6bed476,-123.1366676,48.1748688
565,Minnow,303,20180612,20180615,No,Prospecting Trap #3 Moved from bad site that was set on 6/11,,NULL,No,0,0,Minnow-303_6/12/2018,48.17460258,-123.135893,12/16/2020 4:23,KSO,12/16/2020 4:29,KSO,18e2e09b-ab97-4247-bb3b-4dcb11832228,-123.135893,48.17460258
566,Fukui,304,20180612,20180615,No,Prospecting Trap #4 Moved from bad site that was set on 6/11,,NULL,No,0,0,Fukui-304_6/12/2018,48.17449062,-123.1357572,12/16/2020 4:23,KSO,12/16/2020 4:29,KSO,9165215d-f4f5-461f-99fe-3ab136cfbedd,-123.1357572,48.17449061
567,Fukui,303,20180611,20180612,No,"Prospecting, Trap Moved on 6/12, not good site. Site has strong smell of hygron sulfide",,NULL,No,0,0,Fukui-303_6/11/2018,48.17452968,-123.1351706,12/16/2020 4:23,KSO,12/16/2020 4:29,KSO,6a6ec973-9450-4d7e-99dc-e7d015475c35,-123.1351706,48.17452968
568,Minnow,304,20180611,20180612,No,"Prospecting, Trap Moved on 6/12, not good site. Site has strong smell of hygron sulfide",,NULL,No,0,0,Minnow-304_6/11/2018,48.17467267,-123.1350201,12/16/2020 4:23,KSO,12/16/2020 4:29,KSO,a3172123-6f50-41fe-af0f-2cdcb17833bb,-123.1350201,48.17467267
569,Fukui,305,20180612,20180615,No,Prospecting Trap #5 Moved from bad site that was set on 6/11,,NULL,No,0,0,Fukui-305_6/12/2018,48.17445491,-123.1353557,12/16/2020 4:23,KSO,12/16/2020 4:29,KSO,313eecb9-a267-42e8-8eca-9c0f6d663f9a,-123.1353557,48.17445491
570,Minnow,306,20180612,20180615,No,Prospecting Trap #6 Moved from bad site that was set on 6/11,,NULL,No,0,0,Minnow-306_6/12/2018,48.17434611,-123.1357019,12/16/2020 4:23,KSO,12/16/2020 4:29,KSO,443e3dec-622c-43f4-845c-ab6531e20704,-123.1357019,48.17434611
571,Minnow,302,20180611,20180615,No,Prospecting Trap #2,,NULL,No,0,0,Minnow-302_6/11/2018,48.17429432,-123.1360637,12/16/2020 4:23,KSO,12/16/2020 4:29,KSO,91d33e9c-c16c-456a-b87f-f250066e02e4,-123.1360637,48.17429432
572,Fukui,301,20180611,20180615,No,Prospecting Trap #1,,NULL,No,0,0,Fukui-301_6/11/2018,48.17420693,-123.1359948,12/16/2020 4:23,KSO,12/16/2020 4:29,KSO,a8d79faa-2612-4b38-b720-43f3adf66282,-123.1359948,48.17420693
573,Minnow,201,20180625,20180626,No,MMP 383,,,No,0,0,Minnow-201_6/25/2018,48.17654689,-123.1278116,12/16/2020 4:23,KSO,12/16/2020 4:29,KSO,1cfd9dc8-84fa-432f-ba96-d02366992173,-123.1278116,48.17654689
574,Minnow,202,20180625,20180626,No,MMP 383,,,No,0,0,Minnow-202_6/25/2018,48.17651267,-123.127979,12/16/2020 4:23,KSO,12/16/2020 4:29,KSO,3eadd006-6062-4c29-9172-f9ca593c216c,-123.127979,48.17651267
575,Minnow,203,20180625,20180626,No,MMP 383,,,No,0,0,Minnow-203_6/25/2018,48.17645463,-123.1282354,12/16/2020 4:23,KSO,12/16/2020 4:29,KSO,73ac5e2a-e9b1-4f12-b9fd-8226a2239133,-123.1282354,48.17645463
576,Fukui,202,20180625,20180626,No,MMP 383,,,No,0,0,Fukui-202_6/25/2018,48.17646653,-123.1281383,12/16/2020 4:23,KSO,12/16/2020 4:29,KSO,01fbdea1-6bb8-4149-a68c-58acac5eee0e,-123.1281382,48.17646653
577,Fukui,202,20180625,20180626,No,MMP 383,,,No,0,0,Fukui-202_6/25/2018,48.17653797,-123.1278994,12/16/2020 4:23,KSO,12/16/2020 4:29,KSO,49db6728-4e32-4f59-99f7-1f2b7714057b,-123.1278994,48.17653797
578,Fukui,203,20180625,20180626,No,MMP 383,,,No,0,0,Fukui-203_6/25/2018,48.17641541,-123.1283604,12/16/2020 4:23,KSO,12/16/2020 4:29,KSO,b3b4438b-2268-4fec-baef-7bfaa47ffc31,-123.1283604,48.17641541
579,Minnow,301,20180625,20180629,No,Prospecting Trap #1,,,No,0,0,Minnow-301_6/25/2018,48.17450667,-123.1378345,12/16/2020 4:23,KSO,12/16/2020 4:29,KSO,26ff1740-8704-4747-b953-b1284fcf50e6,-123.1378345,48.17450667
581,Minnow,303,20180625,20180629,No,Prospecting Trap #3,,,No,0,0,Minnow-303_6/25/2018,48.17494873,-123.1380729,12/16/2020 4:23,KSO,12/16/2020 4:29,KSO,83c686af-4c11-491c-b074-a589215fdbeb,-123.1380729,48.17494873
582,Fukui,304,20180625,20180629,No,Prospecting Trap #4,,,No,0,0,Fukui-304_6/25/2018,48.17493963,-123.1385877,12/16/2020 4:23,KSO,12/16/2020 4:29,KSO,0504f8a7-0899-487d-85b0-9124099b84a3,-123.1385877,48.17493963
583,Minnow,305,20180625,20180629,No,Prospecting Trap #5,,,No,0,0,Minnow-305_6/25/2018,48.17480319,-123.1385895,12/16/2020 4:23,KSO,12/16/2020 4:29,KSO,854154c9-fc10-4d0f-b085-02780a559a66,-123.1385895,48.17480319
584,Fukui,306,20180625,20180629,No,Prospecting Trap #6,,,No,0,0,Fukui-306_6/25/2018,48.17490325,-123.1389861,12/16/2020 4:23,KSO,12/16/2020 4:29,KSO,2c3efa37-e192-45f5-bdab-54524a5412bb,-123.1389861,48.17490325
585,Minnow,301,20180529,20180531,No,Prospecting Trap #1,,,No,0,0,Minnow-301_5/29/2018,48.17286364,-123.1403942,12/16/2020 4:23,KSO,12/16/2020 4:29,KSO,830e19b2-aafd-4f8e-9922-d44107236fc4,-123.1403942,48.17286364
586,Minnow,303,20180529,20180531,No,Prospecting Trap #3,,,No,0,0,Minnow-303_5/29/2018,48.17266069,-123.1399386,12/16/2020 4:23,KSO,12/16/2020 4:29,KSO,07c0a9e9-c992-46b3-82d9-9959ef050ab2,-123.1399386,48.17266069
587,Minnow,306,20180529,20180531,No,Prospecting Trap #6,,,No,0,0,Minnow-306_5/29/2018,48.17214296,-123.1415954,12/16/2020 4:23,KSO,12/16/2020 4:29,KSO,e97d1329-1579-4eb8-b2b0-f11aad4bdf1e,-123.1415954,48.17214296
588,Fukui,302,20180529,20180531,No,Prospecting Trap #2,,,No,0,0,Fukui-302_5/29/2018,48.1728098,-123.1401374,12/16/2020 4:23,KSO,12/16/2020 4:29,KSO,f5494b90-4094-4d53-a6b2-189235f6da25,-123.1401374,48.1728098
589,Fukui,304,20180529,20180531,No,Prospecting Trap #4,,,No,0,0,Fukui-304_5/29/2018,48.17248259,-123.1398889,12/16/2020 4:23,KSO,12/16/2020 4:29,KSO,5b1bba5e-06b5-4f18-996b-c8a85ebf4644,-123.1398889,48.17248259
590,Fukui,305,20180529,20180531,No,Prospecting Trap #5,,,No,0,0,Fukui-305_5/29/2018,48.17213882,-123.1400877,12/16/2020 4:23,KSO,12/16/2020 4:29,KSO,12d9c52d-30a6-4551-a8c6-98bcf232cf06,-123.1400877,48.17213882
591,Fukui,101,20180626,20180629,No,,,,No,0,0,Fukui-101_6/26/2018,48.14653086,-123.1835111,12/16/2020 4:23,KSO,12/16/2020 4:29,KSO,7da4e8af-f023-46f0-b2f6-a4b3ebfa04d9,-123.1835111,48.14653086
592,Minnow,11,20180702,20180703,No,,,,No,0,0,Minnow-011_7/2/2018,48.17385994,-123.1360798,12/16/2020 4:23,KSO,12/16/2020 4:29,KSO,ee6d0ebd-e750-4ac3-926b-e00870af118d,-123.1360798,48.17385994
594,Minnow,1,20180702,20180703,No,,,,No,0,0,Minnow-001_7/2/2018,48.17336181,-123.1374728,12/16/2020 4:23,KSO,12/16/2020 4:29,KSO,7826f79a-82b1-4464-84d6-66ac1206b6f6,-123.1374728,48.17336181
595,Fukui,2,20180702,20180703,No,,,,No,0,0,Fukui-002_7/2/2018,48.17344058,-123.137489,12/16/2020 4:23,KSO,12/16/2020 4:29,KSO,bdb2fc7e-6fb9-41af-ba54-d871f1e1c7ce,-123.137489,48.17344058
596,Minnow,2,20180702,20180703,No,,,,No,0,0,Minnow-002_7/2/2018,48.17352193,-123.1374981,12/16/2020 4:23,KSO,12/16/2020 4:29,KSO,1519920b-ad75-408b-b96a-bbd4597da231,-123.1374981,48.17352193
597,Fukui,3,20180702,20180703,No,,,,No,0,0,Fukui-003_7/2/2018,48.17358009,-123.137485,12/16/2020 4:23,KSO,12/16/2020 4:29,KSO,b3481aa3-fc3c-4417-84fc-0919e64c328f,-123.137485,48.17358009
598,Minnow,3,20180702,20180703,No,,,,No,0,0,Minnow-003_7/2/2018,48.1736586,-123.1374355,12/16/2020 4:23,KSO,12/16/2020 4:29,KSO,b191764d-dc5e-4c04-913b-633ad7a8d951,-123.1374355,48.1736586
599,Fukui,4,20180702,20180703,No,,,,No,0,0,Fukui-004_7/2/2018,48.17370759,-123.1373586,12/16/2020 4:23,KSO,12/16/2020 4:29,KSO,8838391e-1a74-4ea0-b40d-b629ec8eab3a,-123.1373586,48.17370759
600,Minnow,4,20180702,20180703,No,,,,No,0,0,Minnow-004_7/2/2018,48.17351788,-123.1370704,12/16/2020 4:23,KSO,12/16/2020 4:29,KSO,956ca4f3-8c36-4e71-9ea1-e03fd699d3f3,-123.1370704,48.17351788
601,Fukui,5,20180702,20180703,No,,,,No,0,0,Fukui-005_7/2/2018,48.17346247,-123.137026,12/16/2020 4:23,KSO,12/16/2020 4:29,KSO,a30f2713-0dff-45b1-a8eb-2e575e14ab4d,-123.137026,48.17346247
602,Minnow,5,20180702,20180703,No,,,,No,0,0,Minnow-005_7/2/2018,48.17340715,-123.1369494,12/16/2020 4:23,KSO,12/16/2020 4:29,KSO,adafead7-1240-4fa4-a0f4-f592fd5b6755,-123.1369494,48.17340715
603,Fukui,6,20180702,20180703,No,,,,No,0,0,Fukui-006_7/2/2018,48.17349668,-123.1366631,12/16/2020 4:23,KSO,12/16/2020 4:29,KSO,53acb9c2-fb79-43f9-b412-a6db33621ace,-123.1366631,48.17349668
604,Minnow,6,20180702,20180703,No,,,,No,0,0,Minnow-006_7/2/2018,48.17356201,-123.136627,12/16/2020 4:23,KSO,12/16/2020 4:29,KSO,0387ace1-2f3a-4963-8b3f-6875f0f8a453,-123.136627,48.17356201
605,Fukui,7,20180702,20180703,No,,,,No,0,0,Fukui-007_7/2/2018,48.17363537,-123.1365817,12/16/2020 4:23,KSO,12/16/2020 4:29,KSO,d8b5c2a9-c9b8-474f-abb5-1322f0a326d2,-123.1365817,48.17363537
606,Minnow,7,20180702,20180703,No,,,,No,0,0,Minnow-007_7/2/2018,48.1737049,-123.1364987,12/16/2020 4:23,KSO,12/16/2020 4:29,KSO,1ed27bba-9704-4b64-849d-b19d96328ba4,-123.1364987,48.1737049
607,Fukui,9,20180702,20180703,No,,,,No,0,0,Fukui-009_7/2/2018,48.17381197,-123.1360518,12/16/2020 4:23,KSO,12/16/2020 4:29,KSO,cb0626e2-eebd-4ac3-985a-284fc8560357,-123.1360518,48.17381197
608,Minnow,9,20180702,20180703,No,,,,No,0,0,Minnow-009_7/2/2018,48.17390025,-123.1366909,12/16/2020 4:23,KSO,12/16/2020 4:29,KSO,fcf562ff-ebd0-468d-8634-0a7373b0f695,-123.1366909,48.17390025
609,Fukui,10,20180702,20180703,No,,,,No,0,0,Fukui-010_7/2/2018,48.17388743,-123.1367924,12/16/2020 4:23,KSO,12/16/2020 4:29,KSO,aa240a24-8ad3-43ef-9055-5bce30098475,-123.1367924,48.17388743
610,Minnow,10,20180702,20180703,No,,,,No,0,0,Minnow-010_7/2/2018,48.17388541,-123.1368864,12/16/2020 4:23,KSO,12/16/2020 4:29,KSO,5bb7020f-ea55-40f1-8d3a-4aa20d60a236,-123.1368864,48.17388541
611,Fukui,11,20180702,20180703,No,,,,No,0,0,Fukui-011_7/2/2018,48.17388929,-123.1370135,12/16/2020 4:23,KSO,12/16/2020 4:29,KSO,3f2a7adb-115b-40f2-83a6-9a06f55aa349,-123.1370135,48.17388929
612,Fukui,12,20180702,20180703,No,,,,No,0,0,Fukui-012_7/2/2018,48.17443953,-123.1374855,12/16/2020 4:23,KSO,12/16/2020 4:29,KSO,79c7c73d-80fa-42dd-9064-a735390958cd,-123.1374855,48.17443953
613,Minnow,12,20180702,20180703,No,,,,No,0,0,Minnow-012_7/2/2018,48.17448613,-123.1375401,12/16/2020 4:23,KSO,12/16/2020 4:29,KSO,fe2c453d-7986-4ed7-97bf-cf03573258db,-123.1375401,48.17448613
615,Minnow,13,20180702,20180703,No,,,,No,0,0,Minnow-013_7/2/2018,48.17459121,-123.1380251,12/16/2020 4:23,KSO,12/16/2020 4:29,KSO,47f2435c-dcc5-47bd-90cb-f7a852e7f12e,-123.1380251,48.17459121
616,Minnow,14,20180702,20180703,No,,,,No,0,0,Minnow-014_7/2/2018,48.17489695,-123.1380006,12/16/2020 4:23,KSO,12/16/2020 4:29,KSO,b3f6c492-00c9-4cc7-9e29-c5241c4e2772,-123.1380006,48.17489695
617,Fukui,15,20180702,20180703,No,,,,No,0,0,Fukui-015_7/2/2018,48.1749369,-123.1381723,12/16/2020 4:23,KSO,12/16/2020 4:29,KSO,b8220c6d-54b9-4e4d-acdb-81e7d369ffb7,-123.1381723,48.1749369
618,Minnow,15,20180702,20180703,No,,,,No,0,0,Minnow-015_7/2/2018,48.17501044,-123.1383361,12/16/2020 4:23,KSO,12/16/2020 4:29,KSO,f25b06b0-1999-48c2-8cd5-418206f5aabd,-123.1383361,48.17501044
619,Fukui,16,20180702,20180703,No,,,,No,0,0,Fukui-016_7/2/2018,48.17506725,-123.1384407,12/16/2020 4:23,KSO,12/16/2020 4:29,KSO,988936ec-15d6-4f09-8265-d09037c65ff0,-123.1384407,48.17506725
620,Minnow,16,20180702,20180703,No,,,,No,0,0,Minnow-016_7/2/2018,48.17502609,-123.1385637,12/16/2020 4:23,KSO,12/16/2020 4:29,KSO,09f0e316-6f1b-4771-b082-03808e4de104,-123.1385637,48.17502609
621,Fukui,17,20180702,20180703,No,,,,No,0,0,Fukui-017_7/2/2018,48.17473318,-123.1386003,12/16/2020 4:23,KSO,12/16/2020 4:29,KSO,fd51737f-e985-4639-a268-60f958dee370,-123.1386003,48.17473318
622,Minnow,17,20180702,20180703,No,,,,No,0,0,Minnow-017_7/2/2018,48.17466397,-123.1386243,12/16/2020 4:23,KSO,12/16/2020 4:29,KSO,85c831f9-e7dc-4f46-a82f-fec41f58799b,-123.1386243,48.17466397
623,Fukui,18,20180702,20180703,No,,,,No,0,0,Fukui-018_7/2/2018,48.17471556,-123.1387902,12/16/2020 4:23,KSO,12/16/2020 4:29,KSO,3aa815e8-34e6-4622-a6df-646d3c85abad,-123.1387902,48.17471556
624,Fukui,8,20180702,20180703,No,,,,No,0,0,Fukui-008_7/2/2018,48.17376019,-123.136382,12/16/2020 4:23,KSO,12/16/2020 4:29,KSO,ade88a12-d951-46ad-b83d-b31eb21344f2,-123.136382,48.17376019
625,Minnow,8,20180702,20180703,No,,,,No,0,0,Minnow-008_7/2/2018,48.17372094,-123.1362387,12/16/2020 4:23,KSO,12/16/2020 4:29,KSO,ff8ed631-14f0-4d08-b6ab-a85dda62ec27,-123.1362387,48.17372094
626,Fukui,14,20180702,20180703,No,"New location for Fukui #14, got two EGC here when this was a prospecting site during week 12.",,,No,0,0,Fukui-014_7/2/2018,48.17469541,-123.1379567,12/16/2020 4:23,KSO,12/16/2020 4:29,KSO,fc0086d3-4a96-4352-85fc-33f034309dc2,-123.1379567,48.17469541
627,Fukui,304,20180702,20180703,No,Prospecting Trap #4,,,No,0,0,Fukui-304_7/2/2018,48.14648829,-123.1840139,12/16/2020 4:23,KSO,12/16/2020 4:29,KSO,8921c83d-7c45-4ed8-8085-fedc2d61f475,-123.1840139,48.14648829
628,Minnow,303,20180702,20180703,No,Prospecting Trap #3,,,No,0,0,Minnow-303_7/2/2018,48.14651181,-123.1841251,12/16/2020 4:23,KSO,12/16/2020 4:29,KSO,c096eec7-712d-46d8-b919-d7a493f3600a,-123.1841251,48.14651181
629,Fukui,302,20180702,20180703,No,Prospecting Trap #2,,,No,0,0,Fukui-302_7/2/2018,48.14649855,-123.1842852,12/16/2020 4:23,KSO,12/16/2020 4:29,KSO,6eab0073-cc32-4d24-863c-6bd631a8d2c9,-123.1842852,48.14649855
630,Minnow,301,20180702,20180703,No,Prospecting Trap #1,,,No,0,0,Minnow-301_7/2/2018,48.14647526,-123.1847277,12/16/2020 4:23,KSO,12/16/2020 4:29,KSO,9abd9276-7983-4cfd-b0bf-4ea61d8ad29f,-123.1847277,48.14647526
631,Fukui,305,20180702,20180703,No,Prospecting Trap #5,,,No,0,0,Fukui-305_7/2/2018,48.14666452,-123.1835666,12/16/2020 4:23,KSO,12/16/2020 4:29,KSO,2ec50e2f-a796-47f6-99b6-757569c3bf40,-123.1835666,48.14666451
632,Fukui,102,20180702,20180703,No,,,,No,0,0,Fukui-102_7/2/2018,48.14647092,-123.1836689,12/16/2020 4:23,KSO,12/16/2020 4:29,KSO,b2edc629-2239-417e-a374-01531693e1a9,-123.1836689,48.14647092
633,Minnow,103,20180702,20180703,No,,,,No,0,0,Minnow-103_7/2/2018,48.14648722,-123.183749,12/16/2020 4:23,KSO,12/16/2020 4:29,KSO,6e4daf66-6e3c-4d28-bc2f-2bd0dfe2096d,-123.183749,48.14648722
634,Minnow,102,20180702,20180703,No,,,,No,0,0,Minnow-102_7/2/2018,48.14645776,-123.1835714,12/16/2020 4:23,KSO,12/16/2020 4:29,KSO,4dd243d6-4fb5-4929-bc1e-2d7e4d868206,-123.1835714,48.14645776
635,Fukui,101,20180702,20180703,No,,,,No,0,0,Fukui-101_7/2/2018,48.14653086,-123.1835111,12/16/2020 4:23,KSO,12/16/2020 4:29,KSO,7cc0512f-6fe5-4d04-bf83-9b790d23ff5c,-123.1835111,48.14653086
636,Minnow,11,20180710,20180713,No,,,,No,0,0,Minnow-011_7/10/2018,48.17385994,-123.1360798,12/16/2020 4:23,KSO,12/16/2020 4:29,KSO,6d9c3bd0-7381-4e0a-9012-aaf6e0b78eb6,-123.1360798,48.17385994
637,Fukui,1,20180710,20180713,No,,,,No,0,0,Fukui-001_7/10/2018,48.1732705,-123.1374289,12/16/2020 4:23,KSO,12/16/2020 4:29,KSO,842be560-64b3-40ab-a7d3-49a06680c911,-123.1374289,48.1732705
638,Minnow,1,20180710,20180713,No,,,,No,0,0,Minnow-001_7/10/2018,48.17336181,-123.1374728,12/16/2020 4:23,KSO,12/16/2020 4:29,KSO,58679bf3-bb80-4c52-b2e1-37978c6816f6,-123.1374728,48.17336181
639,Fukui,2,20180710,20180713,No,,,,No,0,0,Fukui-002_7/10/2018,48.17344058,-123.137489,12/16/2020 4:23,KSO,12/16/2020 4:29,KSO,f99c7003-8c64-4fb4-84c6-beb37add39ad,-123.137489,48.17344058
640,Minnow,2,20180710,20180713,No,,,,No,0,0,Minnow-002_7/10/2018,48.17352193,-123.1374981,12/16/2020 4:23,KSO,12/16/2020 4:29,KSO,bc3f775d-89fb-4bb5-bdef-8a3cfd37719c,-123.1374981,48.17352193
642,Minnow,3,20180710,20180713,No,,,,No,0,0,Minnow-003_7/10/2018,48.1736586,-123.1374355,12/16/2020 4:23,KSO,12/16/2020 4:29,KSO,f9a75241-a380-4f46-9bc3-28ba8ff10baf,-123.1374355,48.1736586
643,Fukui,4,20180710,20180713,No,,,,No,0,0,Fukui-004_7/10/2018,48.17370759,-123.1373586,12/16/2020 4:23,KSO,12/16/2020 4:29,KSO,2ede4472-bbb0-4302-8322-63cf19d09da4,-123.1373586,48.17370759
644,Minnow,4,20180710,20180713,No,,,,No,0,0,Minnow-004_7/10/2018,48.17351788,-123.1370704,12/16/2020 4:23,KSO,12/16/2020 4:29,KSO,1478462b-8048-4f77-a416-e5d262c7a23c,-123.1370704,48.17351788
645,Fukui,5,20180710,20180713,No,,,,No,0,0,Fukui-005_7/10/2018,48.17346247,-123.137026,12/16/2020 4:23,KSO,12/16/2020 4:29,KSO,5b2b1fbf-8b05-4bf2-b582-e1b74828bc93,-123.137026,48.17346247
646,Minnow,5,20180710,20180713,No,,,,No,0,0,Minnow-005_7/10/2018,48.17340715,-123.1369494,12/16/2020 4:23,KSO,12/16/2020 4:29,KSO,1b77b1fe-bea6-467f-b7d4-97a084240d5a,-123.1369494,48.17340715
647,Fukui,6,20180710,20180713,No,,,,No,0,0,Fukui-006_7/10/2018,48.17349668,-123.1366631,12/16/2020 4:23,KSO,12/16/2020 4:29,KSO,46479ed3-d70a-488f-8e71-09100c9bd5a2,-123.1366631,48.17349668
648,Minnow,6,20180710,20180713,No,,,,No,0,0,Minnow-006_7/10/2018,48.17356201,-123.136627,12/16/2020 4:23,KSO,12/16/2020 4:29,KSO,90303109-b62b-452b-853f-8393eedd54d8,-123.136627,48.17356201
649,Fukui,7,20180710,20180713,No,,,,No,0,0,Fukui-007_7/10/2018,48.17363537,-123.1365817,12/16/2020 4:23,KSO,12/16/2020 4:29,KSO,1c35c0f8-d0e3-477f-9521-2cca6deb1bfb,-123.1365817,48.17363537
650,Minnow,7,20180710,20180713,No,,,,No,0,0,Minnow-007_7/10/2018,48.1737049,-123.1364987,12/16/2020 4:23,KSO,12/16/2020 4:29,KSO,5db7d2e8-c920-4868-9356-4129e95dc722,-123.1364987,48.1737049
651,Fukui,9,20180710,20180713,No,,,,No,0,0,Fukui-009_7/10/2018,48.17381197,-123.1360518,12/16/2020 4:23,KSO,12/16/2020 4:29,KSO,3a035450-5d21-4b82-b5e9-bab9f6e06ad0,-123.1360518,48.17381197
652,Minnow,9,20180710,20180713,No,,,,No,0,0,Minnow-009_7/10/2018,48.17390025,-123.1366909,12/16/2020 4:23,KSO,12/16/2020 4:29,KSO,9ef0b53d-f13a-4e29-b443-24f658960b14,-123.1366909,48.17390025
653,Fukui,10,20180710,20180713,No,,,,No,0,0,Fukui-010_7/10/2018,48.17388743,-123.1367924,12/16/2020 4:23,KSO,12/16/2020 4:29,KSO,4b65cd23-3cf3-4997-a276-0adfcb500874,-123.1367924,48.17388743
654,Minnow,10,20180710,20180713,No,,,,No,0,0,Minnow-010_7/10/2018,48.17388541,-123.1368864,12/16/2020 4:23,KSO,12/16/2020 4:29,KSO,1f68a25f-f786-4df0-955f-bf09e0eb84f5,-123.1368864,48.17388541
655,Fukui,11,20180710,20180713,No,,,,No,0,0,Fukui-011_7/10/2018,48.17388929,-123.1370135,12/16/2020 4:23,KSO,12/16/2020 4:29,KSO,b2005a96-c8fd-4e81-a62f-661c4dc427ea,-123.1370135,48.17388929
656,Fukui,12,20180710,20180713,No,,,,No,0,0,Fukui-012_7/10/2018,48.17443953,-123.1374855,12/16/2020 4:23,KSO,12/16/2020 4:29,KSO,75c81176-8b41-48e9-89c3-a16ba4604c47,-123.1374855,48.17443953
657,Minnow,12,20180710,20180713,No,,,,No,0,0,Minnow-012_7/10/2018,48.17448613,-123.1375401,12/16/2020 4:23,KSO,12/16/2020 4:29,KSO,d6ef236e-cca8-49dd-bc6f-769d50db114e,-123.1375401,48.17448613
658,Fukui,13,20180710,20180713,No,,,,No,0,0,Fukui-013_7/10/2018,48.17454625,-123.1379317,12/16/2020 4:23,KSO,12/16/2020 4:29,KSO,af2d0324-0b04-4b8b-866a-61a5605e1942,-123.1379317,48.17454625
659,Minnow,13,20180710,20180713,No,,,,No,0,0,Minnow-013_7/10/2018,48.17459121,-123.1380251,12/16/2020 4:23,KSO,12/16/2020 4:29,KSO,897c539c-8d2f-4f52-9960-4063927649bf,-123.1380251,48.17459121
660,Minnow,14,20180710,20180713,No,,,,No,0,0,Minnow-014_7/10/2018,48.17489695,-123.1380006,12/16/2020 4:23,KSO,12/16/2020 4:29,KSO,ca2008d2-c088-4ea5-a5a2-cbf32e8a0b20,-123.1380006,48.17489695
662,Minnow,15,20180710,20180713,No,,,,No,0,0,Minnow-015_7/10/2018,48.17501044,-123.1383361,12/16/2020 4:23,KSO,12/16/2020 4:29,KSO,8f35b71f-c551-4e5b-ac49-44adcc8394e6,-123.1383361,48.17501044
664,Minnow,16,20180710,20180713,No,,,,No,0,0,Minnow-016_7/10/2018,48.17502609,-123.1385637,12/16/2020 4:23,KSO,12/16/2020 4:29,KSO,f308a046-251a-4b7c-adca-1d48e8ba5dfe,-123.1385637,48.17502609
665,Fukui,17,20180710,20180713,No,,,,No,0,0,Fukui-017_7/10/2018,48.17473318,-123.1386003,12/16/2020 4:23,KSO,12/16/2020 4:29,KSO,c1192f7c-2c9d-43d5-ab3a-218fa6003d78,-123.1386003,48.17473318
666,Minnow,17,20180710,20180713,No,,,,No,0,0,Minnow-017_7/10/2018,48.17466397,-123.1386243,12/16/2020 4:23,KSO,12/16/2020 4:29,KSO,4176ecca-948c-4216-a864-5ce490c595d5,-123.1386243,48.17466397
667,Fukui,18,20180710,20180713,No,,,,No,0,0,Fukui-018_7/10/2018,48.17471556,-123.1387902,12/16/2020 4:23,KSO,12/16/2020 4:29,KSO,a961512d-84b0-4b0c-8957-767557e4403e,-123.1387902,48.17471556
668,Fukui,8,20180710,20180713,No,,,,No,0,0,Fukui-008_7/10/2018,48.17376019,-123.136382,12/16/2020 4:23,KSO,12/16/2020 4:29,KSO,679203dc-9b76-4c4f-8081-8bfe078d6b8d,-123.136382,48.17376019
669,Minnow,8,20180710,20180713,No,,,,No,0,0,Minnow-008_7/10/2018,48.17372094,-123.1362387,12/16/2020 4:23,KSO,12/16/2020 4:29,KSO,64b79f24-201d-4b8e-a7e3-f03aa4ecaaa6,-123.1362387,48.17372094
671,Minnow,301,20180710,20180713,No,Prospecting Trap #1,,,No,0,0,Minnow-301_7/10/2018,48.17483942,-123.1388245,12/16/2020 4:23,KSO,12/16/2020 4:29,KSO,a8e27211-b09d-412f-a83c-ff027e26d5c2,-123.1388245,48.17483942
672,Minnow,305,20180710,20180713,No,Prospecting Trap #5,,,No,0,0,Minnow-305_7/10/2018,48.17527726,-123.1392022,12/16/2020 4:23,KSO,12/16/2020 4:29,KSO,3d81494f-8306-4aff-af0d-9be481f7970d,-123.1392022,48.17527726
673,Fukui,306,20180710,20180713,No,Prospecting Trap #6,,,No,0,0,Fukui-306_7/10/2018,48.17538789,-123.1390158,12/16/2020 4:23,KSO,12/16/2020 4:29,KSO,31672774-fd55-4abf-bca7-fd974855a7d2,-123.1390158,48.17538789
674,Fukui,304,20180710,20180713,No,Prospecting Trap #4,,,No,0,0,Fukui-304_7/10/2018,48.17529076,-123.1394059,12/16/2020 4:23,KSO,12/16/2020 4:29,KSO,982aa6df-3704-40ca-ad29-a2a30678c292,-123.1394059,48.17529076
675,Minnow,303,20180710,20180713,No,Prospecting Trap #3,,,No,0,0,Minnow-303_7/10/2018,48.17513579,-123.1393569,12/16/2020 4:23,KSO,12/16/2020 4:29,KSO,48c22f88-6791-4eb5-9329-f75eb077f38f,-123.1393569,48.17513579
676,Fukui,302,20180710,20180713,No,Prospecting Trap #2,,,No,0,0,Fukui-302_7/10/2018,48.17497528,-123.1390709,12/16/2020 4:23,KSO,12/16/2020 4:29,KSO,d94b36e6-3fa9-4262-b7d6-9455923a27b2,-123.1390709,48.17497528
677,Burrow,1,20180710,20180712,No,,,,No,0,0,Burrow-001_7/10/2018,48.17375429,-123.1360636,12/16/2020 4:23,KSO,12/16/2020 4:29,KSO,e27d2b9c-040f-43b5-a483-a5db51069145,-123.1360636,48.17375429
678,Minnow,103,20180710,20180713,No,,,,No,0,0,Minnow-103_7/10/2018,48.14665801,-123.1835593,12/16/2020 4:23,KSO,12/16/2020 4:29,KSO,0c1dc7ef-ae2b-41b5-9f89-db75318a426f,-123.1835592,48.14665801
679,Fukui,103,20180710,20180713,No,,,,No,0,0,Fukui-103_7/10/2018,48.14660129,-123.1834839,12/16/2020 4:23,KSO,12/16/2020 4:29,KSO,f48371d6-ec91-455c-8906-001e64d2fc05,-123.1834839,48.14660129
680,Minnow,102,20180710,20180713,No,,,,No,0,0,Minnow-102_7/10/2018,48.14651874,-123.1835083,12/16/2020 4:23,KSO,12/16/2020 4:29,KSO,ed033f4d-60d5-44c9-bb6a-378f4ca44136,-123.1835083,48.14651874
681,Fukui,102,20180710,20180713,No,,,,No,0,0,Fukui-102_7/10/2018,48.14647411,-123.1835971,12/16/2020 4:23,KSO,12/16/2020 4:29,KSO,cb6661cb-07fa-481d-a6f4-dcd7135d9503,-123.1835971,48.14647411
682,Minnow,101,20180710,20180713,No,,,,No,0,0,Minnow-101_7/10/2018,48.14649474,-123.1836975,12/16/2020 4:23,KSO,12/16/2020 4:29,KSO,60aade8c-9412-46b9-b200-a92bf06dc3ce,-123.1836975,48.14649474
683,Fukui,101,20180710,20180713,No,,,,No,0,0,Fukui-101_7/10/2018,48.14651761,-123.1838004,12/16/2020 4:23,KSO,12/16/2020 4:29,KSO,1456f29e-d85c-4de1-b05b-e45983f417cc,-123.1838004,48.14651761
684,Fukui,201,20180724,20180725,No,MMP 383,,,No,0,0,Fukui-201_7/24/2018,48.17653012,-123.1279037,12/16/2020 4:23,KSO,12/16/2020 4:29,KSO,0876d94b-38db-4972-985f-a00fc4cda2f6,-123.1279037,48.17653012
685,Minnow,201,20180724,20180725,No,MMP 383,,,No,0,0,Minnow-201_7/24/2018,48.17653986,-123.1277789,12/16/2020 4:23,KSO,12/16/2020 4:29,KSO,7151bb79-d15f-4028-9f2e-6a8cc5456e2f,-123.1277789,48.17653986
686,Minnow,202,20180724,20180725,No,MMP 383,,,No,0,0,Minnow-202_7/24/2018,48.17650869,-123.128026,12/16/2020 4:23,KSO,12/16/2020 4:29,KSO,6f0ec2b9-7b9b-4ec9-883f-bfa5e03f1e5f,-123.128026,48.17650869
687,Fukui,202,20180724,20180725,No,MMP 383,,,No,0,0,Fukui-202_7/24/2018,48.1764825,-123.1281358,12/16/2020 4:23,KSO,12/16/2020 4:29,KSO,6a2fdd02-9a5c-496c-944e-e6d660c687a9,-123.1281358,48.1764825
688,Minnow,203,20180724,20180725,No,MMP 383,,,No,0,0,Minnow-203_7/24/2018,48.17642933,-123.1282775,12/16/2020 4:23,KSO,12/16/2020 4:29,KSO,170de7f5-d752-4032-9f7e-151a5ccdb78d,-123.1282775,48.17642933
689,Fukui,203,20180724,20180725,No,MMP 383,,,No,0,0,Fukui-203_7/24/2018,48.1763934,-123.1284157,12/16/2020 4:23,KSO,12/16/2020 4:29,KSO,80f93dc7-b4cd-4b48-bb3c-f2932a89c313,-123.1284157,48.1763934
690,Minnow,301,20180827,20180830,No,Prospecting Trap #1,,,No,0,0,Minnow-301_8/27/2018,48.17537536,-123.1389564,12/16/2020 4:23,KSO,12/16/2020 4:29,KSO,33adddd5-917f-44d2-908f-e6ba5854e5c0,-123.1389564,48.17537536
691,Fukui,302,20180827,20180830,No,Prospecting Trap #2,,,No,0,0,Fukui-302_8/27/2018,48.17544354,-123.1388324,12/16/2020 4:23,KSO,12/16/2020 4:29,KSO,c57ab066-b94e-4b38-8e06-dddd741a2058,-123.1388324,48.17544354
692,Minnow,303,20180827,20180830,No,Prospecting Trap #3,,,No,0,0,Minnow-303_8/27/2018,48.1755304,-123.1386951,12/16/2020 4:23,KSO,12/16/2020 4:29,KSO,f2113453-6720-4e71-b749-a2bcc3dd0443,-123.1386951,48.1755304
693,Fukui,304,20180827,20180830,No,Prospecting Trap #4,,,No,0,0,Fukui-304_8/27/2018,48.17557405,-123.1385152,12/16/2020 4:23,KSO,12/16/2020 4:29,KSO,fda3413a-abf0-4bfa-b456-6808d55d296e,-123.1385152,48.17557405
694,Minnow,305,20180827,20180830,No,Prospecting Trap #5,,,No,0,0,Minnow-305_8/27/2018,48.17551469,-123.1383521,12/16/2020 4:23,KSO,12/16/2020 4:29,KSO,ad54dfb2-cef5-4e42-9f41-6a9348e09a8d,-123.1383521,48.17551469
695,Fukui,306,20180827,20180830,No,Prospecting Trap #6,,,No,0,0,Fukui-306_8/27/2018,48.17543196,-123.1382923,12/16/2020 4:23,KSO,12/16/2020 4:29,KSO,1792b9be-cd37-44fa-af7a-b12aa2f5cf91,-123.1382923,48.17543196
696,Minnow,11,20180716,20180718,No,,,,No,0,0,Minnow-011_7/16/2018,48.17385994,-123.1360798,12/16/2020 4:23,KSO,12/16/2020 4:29,KSO,fc96922b-ba6c-4c66-9492-3caa4b9c10e8,-123.1360798,48.17385994
697,Fukui,1,20180716,20180718,No,,,,No,0,0,Fukui-001_7/16/2018,48.1732705,-123.1374289,12/16/2020 4:23,KSO,12/16/2020 4:29,KSO,ae3d949b-caba-4728-8f9c-10ed382ae9bb,-123.1374289,48.1732705
698,Minnow,1,20180716,20180718,No,,,,No,0,0,Minnow-001_7/16/2018,48.17336181,-123.1374728,12/16/2020 4:23,KSO,12/16/2020 4:29,KSO,48a5bc8d-28a3-41a4-b02e-1d09c3ed8ed8,-123.1374728,48.17336181
699,Fukui,2,20180716,20180718,No,,,,No,0,0,Fukui-002_7/16/2018,48.17344058,-123.137489,12/16/2020 4:23,KSO,12/16/2020 4:29,KSO,ae815831-6282-4f83-b1b4-91298341f0d7,-123.137489,48.17344058
700,Minnow,2,20180716,20180718,No,,,,No,0,0,Minnow-002_7/16/2018,48.17352193,-123.1374981,12/16/2020 4:23,KSO,12/16/2020 4:29,KSO,1543d53f-1413-427b-a2e5-cd531910087e,-123.1374981,48.17352193
701,Fukui,3,20180716,20180718,No,,,,No,0,0,Fukui-003_7/16/2018,48.17358009,-123.137485,12/16/2020 4:23,KSO,12/16/2020 4:29,KSO,e45bee0a-bbbb-478c-b991-824db11b4171,-123.137485,48.17358009
702,Minnow,3,20180716,20180718,No,,,,No,0,0,Minnow-003_7/16/2018,48.1736586,-123.1374355,12/16/2020 4:23,KSO,12/16/2020 4:29,KSO,40dfbba8-c8a8-418d-a4e4-9ac4d7d65727,-123.1374355,48.1736586
703,Fukui,4,20180716,20180718,No,,,,No,0,0,Fukui-004_7/16/2018,48.17370759,-123.1373586,12/16/2020 4:23,KSO,12/16/2020 4:29,KSO,a0a4216d-a4ac-4946-943d-659e441c4d1c,-123.1373586,48.17370759
704,Minnow,4,20180716,20180718,No,,,,No,0,0,Minnow-004_7/16/2018,48.17351788,-123.1370704,12/16/2020 4:23,KSO,12/16/2020 4:29,KSO,104d6b22-d081-4a3c-918d-38d0ef75a699,-123.1370704,48.17351788
705,Fukui,5,20180716,20180718,No,,,,No,0,0,Fukui-005_7/16/2018,48.17346247,-123.137026,12/16/2020 4:23,KSO,12/16/2020 4:29,KSO,6b0976d8-2772-4326-be2b-e0faa0b75a93,-123.137026,48.17346247
706,Minnow,5,20180716,20180718,No,,,,No,0,0,Minnow-005_7/16/2018,48.17340715,-123.1369494,12/16/2020 4:23,KSO,12/16/2020 4:29,KSO,fd1c3834-59c0-4840-98ae-131ee08dc4d4,-123.1369494,48.17340715
707,Fukui,6,20180716,20180718,No,,,,No,0,0,Fukui-006_7/16/2018,48.17349668,-123.1366631,12/16/2020 4:23,KSO,12/16/2020 4:29,KSO,75334ba9-913b-4140-97c5-c7b3f1abe20c,-123.1366631,48.17349668
708,Minnow,6,20180716,20180718,No,,,,No,0,0,Minnow-006_7/16/2018,48.17356201,-123.136627,12/16/2020 4:23,KSO,12/16/2020 4:29,KSO,da15a97d-ade9-4946-bcfa-79f3d666a2c5,-123.136627,48.17356201
709,Fukui,7,20180716,20180718,No,,,,No,0,0,Fukui-007_7/16/2018,48.17363537,-123.1365817,12/16/2020 4:23,KSO,12/16/2020 4:29,KSO,0b4dea23-0929-4227-99d8-09a9a36a83b2,-123.1365817,48.17363537
710,Minnow,7,20180716,20180718,No,,,,No,0,0,Minnow-007_7/16/2018,48.1737049,-123.1364987,12/16/2020 4:23,KSO,12/16/2020 4:29,KSO,6e3181d0-1a28-4e6a-b4f1-23fb1a33b2b2,-123.1364987,48.1737049
711,Fukui,9,20180716,20180718,No,,,,No,0,0,Fukui-009_7/16/2018,48.17381197,-123.1360518,12/16/2020 4:23,KSO,12/16/2020 4:29,KSO,77be3a0a-6183-4c9c-bf03-b16e2222a241,-123.1360518,48.17381197
712,Minnow,9,20180716,20180718,No,,,,No,0,0,Minnow-009_7/16/2018,48.17390025,-123.1366909,12/16/2020 4:23,KSO,12/16/2020 4:29,KSO,ebdfe3b6-f8e6-4125-a873-b907d7bd5668,-123.1366909,48.17390025
713,Fukui,10,20180716,20180718,No,,,,No,0,0,Fukui-010_7/16/2018,48.17388743,-123.1367924,12/16/2020 4:23,KSO,12/16/2020 4:29,KSO,81030ec5-396f-48fe-b227-a015b734ac5a,-123.1367924,48.17388743
714,Minnow,10,20180716,20180718,No,,,,No,0,0,Minnow-010_7/16/2018,48.17388541,-123.1368864,12/16/2020 4:23,KSO,12/16/2020 4:29,KSO,31684cfb-f471-4e34-bf76-8b235a19b813,-123.1368864,48.17388541
715,Fukui,11,20180716,20180718,No,,,,No,0,0,Fukui-011_7/16/2018,48.17388929,-123.1370135,12/16/2020 4:23,KSO,12/16/2020 4:29,KSO,599d5307-b290-4ea0-901b-f9f529c1c11a,-123.1370135,48.17388929
716,Fukui,12,20180716,20180718,No,,,,No,0,0,Fukui-012_7/16/2018,48.17443953,-123.1374855,12/16/2020 4:23,KSO,12/16/2020 4:29,KSO,f4ef41ac-11e7-488c-abc0-3a648a4e50e3,-123.1374855,48.17443953
717,Minnow,12,20180716,20180718,No,,,,No,0,0,Minnow-012_7/16/2018,48.17448613,-123.1375401,12/16/2020 4:23,KSO,12/16/2020 4:29,KSO,0c43bc9b-0fe5-4c70-a43f-7edfb3cb3baf,-123.1375401,48.17448613
718,Fukui,13,20180716,20180718,No,,,,No,0,0,Fukui-013_7/16/2018,48.17454625,-123.1379317,12/16/2020 4:23,KSO,12/16/2020 4:29,KSO,9d82e26c-0e5a-4d86-8709-cfc70926cc8a,-123.1379317,48.17454625
719,Minnow,13,20180716,20180718,No,,,,No,0,0,Minnow-013_7/16/2018,48.17459121,-123.1380251,12/16/2020 4:23,KSO,12/16/2020 4:29,KSO,93722136-48d1-402f-8bb5-93fca71cac7d,-123.1380251,48.17459121
720,Minnow,14,20180716,20180718,No,,,,No,0,0,Minnow-014_7/16/2018,48.17489695,-123.1380006,12/16/2020 4:23,KSO,12/16/2020 4:29,KSO,c719075b-fdcf-41ad-805b-df1bfe2d24c1,-123.1380006,48.17489695
721,Fukui,15,20180716,20180718,No,,,,No,0,0,Fukui-015_7/16/2018,48.1749369,-123.1381723,12/16/2020 4:23,KSO,12/16/2020 4:29,KSO,dde6369c-ba76-4f35-877a-5116fc97981c,-123.1381723,48.1749369
722,Minnow,15,20180716,20180718,No,,,,No,0,0,Minnow-015_7/16/2018,48.17501044,-123.1383361,12/16/2020 4:23,KSO,12/16/2020 4:29,KSO,8c1224ad-091f-489b-99c6-4dce3b2ba3e5,-123.1383361,48.17501044
723,Fukui,16,20180716,20180718,No,,,,No,0,0,Fukui-016_7/16/2018,48.17506725,-123.1384407,12/16/2020 4:23,KSO,12/16/2020 4:29,KSO,162c1dd9-43a8-4b30-b99a-aab01c18a138,-123.1384407,48.17506725
725,Fukui,17,20180716,20180718,No,,,,No,0,0,Fukui-017_7/16/2018,48.17473318,-123.1386003,12/16/2020 4:23,KSO,12/16/2020 4:29,KSO,ae5b1c21-9ac9-4da2-98df-9a8a9825da34,-123.1386003,48.17473318
726,Minnow,17,20180716,20180718,No,,,,No,0,0,Minnow-017_7/16/2018,48.17466397,-123.1386243,12/16/2020 4:23,KSO,12/16/2020 4:29,KSO,cb79822b-77a8-425c-b501-ab2c2bd469d8,-123.1386243,48.17466397
727,Fukui,18,20180716,20180718,No,,,,No,0,0,Fukui-018_7/16/2018,48.17471556,-123.1387902,12/16/2020 4:23,KSO,12/16/2020 4:29,KSO,aaa5b465-7a29-467d-9efe-40f87b59b465,-123.1387902,48.17471556
728,Fukui,8,20180716,20180718,No,,,,No,0,0,Fukui-008_7/16/2018,48.17376019,-123.136382,12/16/2020 4:23,KSO,12/16/2020 4:29,KSO,ba8de0ce-7d92-460c-9cae-f825afbe44de,-123.136382,48.17376019
729,Minnow,8,20180716,20180718,No,,,,No,0,0,Minnow-008_7/16/2018,48.17372094,-123.1362387,12/16/2020 4:23,KSO,12/16/2020 4:29,KSO,eee296c0-01a2-4f40-9288-13a2aed59b12,-123.1362387,48.17372094
730,Fukui,14,20180716,20180718,No,,,,No,0,0,Fukui-014_7/16/2018,48.17469541,-123.1379567,12/16/2020 4:23,KSO,12/16/2020 4:29,KSO,67474ccf-a72a-44bb-bfa2-33bd054af4a4,-123.1379567,48.17469541
731,Minnow,11,20180724,20180727,No,,,,No,0,0,Minnow-011_7/24/2018,48.17385994,-123.1360798,12/16/2020 4:23,KSO,12/16/2020 4:29,KSO,0885ba7a-16fa-443c-813d-3805915b0e09,-123.1360798,48.17385994
732,Fukui,1,20180724,20180727,No,,,,No,0,0,Fukui-001_7/24/2018,48.1732705,-123.1374289,12/16/2020 4:23,KSO,12/16/2020 4:29,KSO,857d072c-223e-4e1d-a50e-0d9b2d04d013,-123.1374289,48.1732705
733,Minnow,1,20180724,20180727,No,,,,No,0,0,Minnow-001_7/24/2018,48.17336181,-123.1374728,12/16/2020 4:23,KSO,12/16/2020 4:29,KSO,e1a2a8a1-111a-45c4-b196-660e04222164,-123.1374728,48.17336181
734,Fukui,2,20180724,20180727,No,,,,No,0,0,Fukui-002_7/24/2018,48.17344058,-123.137489,12/16/2020 4:23,KSO,12/16/2020 4:29,KSO,7d02cbf7-87f6-4b99-8c6b-8f8b51292b4c,-123.137489,48.17344058
735,Minnow,2,20180724,20180727,No,,,,No,0,0,Minnow-002_7/24/2018,48.17352193,-123.1374981,12/16/2020 4:23,KSO,12/16/2020 4:29,KSO,b912541b-cfbc-4868-b20c-1a727be0dde1,-123.1374981,48.17352193
737,Minnow,3,20180724,20180727,No,,,,No,0,0,Minnow-003_7/24/2018,48.1736586,-123.1374355,12/16/2020 4:23,KSO,12/16/2020 4:29,KSO,f104e6fd-ccc9-48b1-a183-7448ccb1b6a2,-123.1374355,48.1736586
738,Fukui,4,20180724,20180727,No,,,,No,0,0,Fukui-004_7/24/2018,48.17370759,-123.1373586,12/16/2020 4:23,KSO,12/16/2020 4:29,KSO,cf0d478b-e8b4-462e-a56a-213d2e44e086,-123.1373586,48.17370759
739,Minnow,4,20180724,20180727,No,,,,No,0,0,Minnow-004_7/24/2018,48.17351788,-123.1370704,12/16/2020 4:23,KSO,12/16/2020 4:29,KSO,3609e70d-1a02-4b53-95e7-8afbbfb29656,-123.1370704,48.17351788
740,Fukui,5,20180724,20180727,No,,,,No,0,0,Fukui-005_7/24/2018,48.17346247,-123.137026,12/16/2020 4:23,KSO,12/16/2020 4:29,KSO,fad8dead-baca-444c-8dca-3d723a513f74,-123.137026,48.17346247
741,Minnow,5,20180724,20180727,No,,,,No,0,0,Minnow-005_7/24/2018,48.17340715,-123.1369494,12/16/2020 4:23,KSO,12/16/2020 4:29,KSO,dd76a86e-4263-4aa8-8b98-fba819ba6f70,-123.1369494,48.17340715
742,Fukui,6,20180724,20180727,No,,,,No,0,0,Fukui-006_7/24/2018,48.17349668,-123.1366631,12/16/2020 4:23,KSO,12/16/2020 4:29,KSO,745cc9a9-15f4-48ca-932d-5dabe94305a8,-123.1366631,48.17349668
743,Minnow,6,20180724,20180727,No,,,,No,0,0,Minnow-006_7/24/2018,48.17356201,-123.136627,12/16/2020 4:23,KSO,12/16/2020 4:29,KSO,b89ac4ab-3e05-404f-9011-b3f1ca000ba6,-123.136627,48.17356201
744,Fukui,7,20180724,20180727,No,,,,No,0,0,Fukui-007_7/24/2018,48.17363537,-123.1365817,12/16/2020 4:23,KSO,12/16/2020 4:29,KSO,57a9442a-36e3-45c5-b57f-351920889abd,-123.1365817,48.17363537
745,Minnow,7,20180724,20180727,No,,,,No,0,0,Minnow-007_7/24/2018,48.1737049,-123.1364987,12/16/2020 4:23,KSO,12/16/2020 4:29,KSO,66bcf52a-21aa-4555-af2b-8d74778e1ad7,-123.1364987,48.1737049
746,Fukui,9,20180724,20180727,No,,,,No,0,0,Fukui-009_7/24/2018,48.17381197,-123.1360518,12/16/2020 4:23,KSO,12/16/2020 4:29,KSO,67202f37-ca48-43c5-932c-48e7d941e823,-123.1360518,48.17381197
747,Minnow,9,20180724,20180727,No,,,,No,0,0,Minnow-009_7/24/2018,48.17390025,-123.1366909,12/16/2020 4:23,KSO,12/16/2020 4:29,KSO,a92d2861-f8b8-46a8-ad81-4c5fa7c1c640,-123.1366909,48.17390025
749,Minnow,10,20180724,20180727,No,,,,No,0,0,Minnow-010_7/24/2018,48.17388541,-123.1368864,12/16/2020 4:23,KSO,12/16/2020 4:29,KSO,eec319c2-109d-4ecc-8cf4-bd32511f0f17,-123.1368864,48.17388541
750,Fukui,11,20180724,20180727,No,,,,No,0,0,Fukui-011_7/24/2018,48.17388929,-123.1370135,12/16/2020 4:23,KSO,12/16/2020 4:29,KSO,9182bbb2-ca24-4f44-9c0c-59c30d286a1d,-123.1370135,48.17388929
751,Fukui,12,20180724,20180727,No,,,,No,0,0,Fukui-012_7/24/2018,48.17443953,-123.1374855,12/16/2020 4:23,KSO,12/16/2020 4:29,KSO,66264140-4845-46e3-932e-16689af1dba3,-123.1374855,48.17443953
752,Minnow,12,20180724,20180727,No,,,,No,0,0,Minnow-012_7/24/2018,48.17448613,-123.1375401,12/16/2020 4:23,KSO,12/16/2020 4:29,KSO,a8758820-a2ab-4227-9fee-47cb711ab0f2,-123.1375401,48.17448613
753,Fukui,13,20180724,20180727,No,,,,No,0,0,Fukui-013_7/24/2018,48.17454625,-123.1379317,12/16/2020 4:23,KSO,12/16/2020 4:29,KSO,2ca29ce4-2332-4108-806a-59e4847df09c,-123.1379317,48.17454625
754,Minnow,13,20180724,20180727,No,,,,No,0,0,Minnow-013_7/24/2018,48.17459121,-123.1380251,12/16/2020 4:23,KSO,12/16/2020 4:29,KSO,33c94e90-38df-4a3e-aa5c-e1ecb669a8b1,-123.1380251,48.17459121
755,Minnow,14,20180724,20180727,No,,,,No,0,0,Minnow-014_7/24/2018,48.17489695,-123.1380006,12/16/2020 4:23,KSO,12/16/2020 4:29,KSO,fbd41f8e-b21b-4625-af5d-6ffe51c64d30,-123.1380006,48.17489695
756,Fukui,15,20180724,20180727,No,,,,No,0,0,Fukui-015_7/24/2018,48.1749369,-123.1381723,12/16/2020 4:23,KSO,12/16/2020 4:29,KSO,104aaeeb-ab26-4a8c-8938-4a1b861091a5,-123.1381723,48.1749369
757,Minnow,15,20180724,20180727,No,,,,No,0,0,Minnow-015_7/24/2018,48.17501044,-123.1383361,12/16/2020 4:23,KSO,12/16/2020 4:29,KSO,6de4b73c-4edc-4031-b9e1-a55808420ea8,-123.1383361,48.17501044
758,Fukui,16,20180724,20180727,No,,,,No,0,0,Fukui-016_7/24/2018,48.17506725,-123.1384407,12/16/2020 4:23,KSO,12/16/2020 4:29,KSO,c43e4311-8262-4a6e-8811-432dd5bb4789,-123.1384407,48.17506725
759,Minnow,16,20180724,20180727,No,,,,No,0,0,Minnow-016_7/24/2018,48.17502609,-123.1385637,12/16/2020 4:23,KSO,12/16/2020 4:29,KSO,c60cff3b-f0b9-4b38-9d9a-862f2f2dfd17,-123.1385637,48.17502609
760,Fukui,17,20180724,20180727,No,,,,No,0,0,Fukui-017_7/24/2018,48.17473318,-123.1386003,12/16/2020 4:23,KSO,12/16/2020 4:29,KSO,67708daa-628e-49b7-94e1-d19b05629f36,-123.1386003,48.17473318
761,Minnow,17,20180724,20180727,No,,,,No,0,0,Minnow-017_7/24/2018,48.17466397,-123.1386243,12/16/2020 4:23,KSO,12/16/2020 4:29,KSO,713c5697-2619-4b8b-b800-2ea848f63759,-123.1386243,48.17466397
762,Fukui,18,20180724,20180727,No,,,,No,0,0,Fukui-018_7/24/2018,48.17471556,-123.1387902,12/16/2020 4:23,KSO,12/16/2020 4:29,KSO,630a3738-29ee-4d11-b737-4db7ec33359c,-123.1387902,48.17471556
763,Fukui,8,20180724,20180727,No,,,,No,0,0,Fukui-008_7/24/2018,48.17376019,-123.136382,12/16/2020 4:23,KSO,12/16/2020 4:29,KSO,8635e848-49bc-4709-b40d-208223054637,-123.136382,48.17376019
764,Minnow,8,20180724,20180727,No,,,,No,0,0,Minnow-008_7/24/2018,48.17372094,-123.1362387,12/16/2020 4:23,KSO,12/16/2020 4:29,KSO,3f0ace8d-e388-4b03-9f73-82a5324659d3,-123.1362387,48.17372094
766,Minnow,301,20180724,20180727,No,Prospecting Trap #1,,,No,0,0,Minnow-301_7/24/2018,48.17483942,-123.1388245,12/16/2020 4:23,KSO,12/16/2020 4:29,KSO,71a5f9b1-2e7b-453d-8418-94abf313047b,-123.1388245,48.17483942
767,Minnow,305,20180724,20180727,No,Prospecting Trap #5,,,No,0,0,Minnow-305_7/24/2018,48.17527726,-123.1392022,12/16/2020 4:23,KSO,12/16/2020 4:29,KSO,d2043662-9164-46ae-add6-9a86c5b2cf31,-123.1392022,48.17527726
768,Fukui,306,20180724,20180727,No,Prospecting Trap #6,,,No,0,0,Fukui-306_7/24/2018,48.17538789,-123.1390158,12/16/2020 4:23,KSO,12/16/2020 4:29,KSO,850da500-a5a9-4693-83c5-e0dcb1be7f71,-123.1390158,48.17538789
769,Fukui,304,20180724,20180727,No,Prospecting Trap #4,,,No,0,0,Fukui-304_7/24/2018,48.17529076,-123.1394059,12/16/2020 4:23,KSO,12/16/2020 4:29,KSO,18778a3d-90cd-461b-aefd-ad7659d052ca,-123.1394059,48.17529076
770,Minnow,303,20180724,20180727,No,Prospecting Trap #3,,,No,0,0,Minnow-303_7/24/2018,48.17513579,-123.1393569,12/16/2020 4:23,KSO,12/16/2020 4:29,KSO,a48beb09-e703-4bb1-91dd-21c3a0db71ff,-123.1393569,48.17513579
771,Fukui,302,20180724,20180727,No,Prospecting Trap #2,,,No,0,0,Fukui-302_7/24/2018,48.17497528,-123.1390709,12/16/2020 4:23,KSO,12/16/2020 4:29,KSO,637cb297-b3c7-495c-8a22-c6c1c7e87076,-123.1390709,48.17497528
772,Minnow,11,20180910,20180912,No,,,,No,0,0,Minnow-011_9/10/2018,48.17385994,-123.1360798,12/16/2020 4:23,KSO,12/16/2020 4:29,KSO,22bbd6c5-23bd-4a4c-9e45-3b0570a8fab1,-123.1360798,48.17385994
773,Fukui,1,20180910,20180912,No,,,,No,0,0,Fukui-001_9/10/2018,48.1732705,-123.1374289,12/16/2020 4:23,KSO,12/16/2020 4:29,KSO,482e8fb9-57a4-46bc-8f45-af8fb418f798,-123.1374289,48.1732705
774,Minnow,1,20180910,20180912,No,,,,No,0,0,Minnow-001_9/10/2018,48.17336181,-123.1374728,12/16/2020 4:23,KSO,12/16/2020 4:29,KSO,34f05fdb-95c4-44e9-a639-e6a513f156de,-123.1374728,48.17336181
775,Fukui,2,20180910,20180912,No,,,,No,0,0,Fukui-002_9/10/2018,48.17344058,-123.137489,12/16/2020 4:23,KSO,12/16/2020 4:29,KSO,b29d5e89-99dd-4cfd-b394-f4091558ccc5,-123.137489,48.17344058
776,Minnow,2,20180910,20180912,No,,,,No,0,0,Minnow-002_9/10/2018,48.17352193,-123.1374981,12/16/2020 4:23,KSO,12/16/2020 4:29,KSO,9bf82e1a-a5c6-4dde-b2c7-52bdd2537293,-123.1374981,48.17352193
777,Fukui,3,20180910,20180912,No,,,,No,0,0,Fukui-003_9/10/2018,48.17358009,-123.137485,12/16/2020 4:23,KSO,12/16/2020 4:29,KSO,cc7da939-8b08-4aa6-a5b3-cbd9a513f78f,-123.137485,48.17358009
778,Minnow,3,20180910,20180912,No,,,,No,0,0,Minnow-003_9/10/2018,48.1736586,-123.1374355,12/16/2020 4:23,KSO,12/16/2020 4:29,KSO,f230843b-36e6-410e-a241-bb12e592feb5,-123.1374355,48.1736586
779,Fukui,4,20180910,20180912,No,,,,No,0,0,Fukui-004_9/10/2018,48.17370759,-123.1373586,12/16/2020 4:23,KSO,12/16/2020 4:29,KSO,df356eda-0507-43cc-961e-998c83ca2265,-123.1373586,48.17370759
780,Minnow,4,20180910,20180912,No,,,,No,0,0,Minnow-004_9/10/2018,48.17351788,-123.1370704,12/16/2020 4:23,KSO,12/16/2020 4:29,KSO,f3039d17-be2f-4e4b-947f-d966af8a34c5,-123.1370704,48.17351788
781,Fukui,5,20180910,20180912,No,,,,No,0,0,Fukui-005_9/10/2018,48.17346247,-123.137026,12/16/2020 4:23,KSO,12/16/2020 4:29,KSO,499d59a5-282b-40b4-afb8-e0bb8cbf472f,-123.137026,48.17346247
782,Minnow,5,20180910,20180912,No,,,,No,0,0,Minnow-005_9/10/2018,48.17340715,-123.1369494,12/16/2020 4:23,KSO,12/16/2020 4:29,KSO,af4ec943-9247-4d40-b1dc-3291b9e3b1fc,-123.1369494,48.17340715
783,Fukui,6,20180910,20180912,No,,,,No,0,0,Fukui-006_9/10/2018,48.17349668,-123.1366631,12/16/2020 4:23,KSO,12/16/2020 4:29,KSO,fbca3bec-0d5a-4b5d-b999-d50cd6e0e56b,-123.1366631,48.17349668
784,Minnow,6,20180910,20180912,No,,,,No,0,0,Minnow-006_9/10/2018,48.17356201,-123.136627,12/16/2020 4:23,KSO,12/16/2020 4:29,KSO,e46242d8-f9ca-4663-9c8c-708d2127fcec,-123.136627,48.17356201
785,Fukui,7,20180910,20180912,No,,,,No,0,0,Fukui-007_9/10/2018,48.17363537,-123.1365817,12/16/2020 4:23,KSO,12/16/2020 4:29,KSO,ff90cd9d-10fb-4469-8de8-b79784cee17f,-123.1365817,48.17363537
786,Minnow,7,20180910,20180912,No,,,,No,0,0,Minnow-007_9/10/2018,48.1737049,-123.1364987,12/16/2020 4:23,KSO,12/16/2020 4:29,KSO,ff53d9d0-64d8-4a4c-82c7-2bd57c5bbd89,-123.1364987,48.1737049
787,Fukui,9,20180910,20180912,No,,,,No,0,0,Fukui-009_9/10/2018,48.17381197,-123.1360518,12/16/2020 4:23,KSO,12/16/2020 4:29,KSO,234110db-e548-4e4c-a079-68a71db2ebb8,-123.1360518,48.17381197
788,Minnow,9,20180910,20180912,No,,,,No,0,0,Minnow-009_9/10/2018,48.17390025,-123.1366909,12/16/2020 4:23,KSO,12/16/2020 4:29,KSO,f6144ee3-93c0-467c-b2e5-e22256a21792,-123.1366909,48.17390025
789,Fukui,10,20180910,20180912,No,,,,No,0,0,Fukui-010_9/10/2018,48.17388743,-123.1367924,12/16/2020 4:23,KSO,12/16/2020 4:29,KSO,000b2f4b-2d75-44d8-b0d2-cd0c2109ff40,-123.1367924,48.17388743
790,Minnow,10,20180910,20180912,No,,,,No,0,0,Minnow-010_9/10/2018,48.17388541,-123.1368864,12/16/2020 4:23,KSO,12/16/2020 4:29,KSO,7bb3221a-2021-49e7-a366-bba461ae9e6c,-123.1368864,48.17388541
792,Fukui,12,20180910,20180912,No,,,,No,0,0,Fukui-012_9/10/2018,48.17443953,-123.1374855,12/16/2020 4:23,KSO,12/16/2020 4:29,KSO,43e58366-1876-4a5c-8ab2-1b83df6a7de7,-123.1374855,48.17443953
793,Minnow,12,20180910,20180912,No,,,,No,0,0,Minnow-012_9/10/2018,48.17448613,-123.1375401,12/16/2020 4:23,KSO,12/16/2020 4:29,KSO,62b72963-c204-4c26-8236-74240d64a4fe,-123.1375401,48.17448613
794,Fukui,13,20180910,20180912,No,,,,No,0,0,Fukui-013_9/10/2018,48.17454625,-123.1379317,12/16/2020 4:23,KSO,12/16/2020 4:29,KSO,7465d2bb-b3d9-4fa5-93ed-c118ca6ef903,-123.1379317,48.17454625
795,Minnow,13,20180910,20180912,No,,,,No,0,0,Minnow-013_9/10/2018,48.17459121,-123.1380251,12/16/2020 4:23,KSO,12/16/2020 4:29,KSO,f054f31c-5611-419c-82f9-c78e3fdd16e0,-123.1380251,48.17459121
796,Minnow,14,20180910,20180912,No,,,,No,0,0,Minnow-014_9/10/2018,48.17489695,-123.1380006,12/16/2020 4:23,KSO,12/16/2020 4:29,KSO,330e8da1-5661-4968-b7c3-edddddc726c8,-123.1380006,48.17489695
797,Fukui,15,20180910,20180912,No,,,,No,0,0,Fukui-015_9/10/2018,48.1749369,-123.1381723,12/16/2020 4:23,KSO,12/16/2020 4:29,KSO,b58c31d9-1f98-416f-afa1-20260f62992c,-123.1381723,48.1749369
798,Minnow,15,20180910,20180912,No,,,,No,0,0,Minnow-015_9/10/2018,48.17501044,-123.1383361,12/16/2020 4:23,KSO,12/16/2020 4:29,KSO,b29be185-c6d7-46f9-8385-c6825a888cd5,-123.1383361,48.17501044
799,Fukui,16,20180910,20180912,No,,,,No,0,0,Fukui-016_9/10/2018,48.17506725,-123.1384407,12/16/2020 4:23,KSO,12/16/2020 4:29,KSO,0d2de022-e382-494a-aeef-165e61094bc1,-123.1384407,48.17506725
800,Minnow,16,20180910,20180912,No,,,,No,0,0,Minnow-016_9/10/2018,48.17502609,-123.1385637,12/16/2020 4:23,KSO,12/16/2020 4:29,KSO,09a39a27-18fc-4225-8981-5b217f15a3fe,-123.1385637,48.17502609
801,Fukui,17,20180910,20180912,No,,,,No,0,0,Fukui-017_9/10/2018,48.17473318,-123.1386003,12/16/2020 4:23,KSO,12/16/2020 4:29,KSO,17b0b01b-1e76-47ec-bcac-82ef02213df8,-123.1386003,48.17473318
802,Minnow,17,20180910,20180912,No,,,,No,0,0,Minnow-017_9/10/2018,48.17466397,-123.1386243,12/16/2020 4:23,KSO,12/16/2020 4:29,KSO,3a3718a1-094d-4996-9954-9ee39eb752f8,-123.1386243,48.17466397
803,Fukui,18,20180910,20180912,No,,,,No,0,0,Fukui-018_9/10/2018,48.17471556,-123.1387902,12/16/2020 4:23,KSO,12/16/2020 4:29,KSO,bf80f873-3518-44c1-9757-d06927a872ef,-123.1387902,48.17471556
804,Fukui,8,20180910,20180912,No,,,,No,0,0,Fukui-008_9/10/2018,48.17376019,-123.136382,12/16/2020 4:23,KSO,12/16/2020 4:29,KSO,55a9c640-dfb2-4b04-ad7e-5e180254b117,-123.136382,48.17376019
805,Minnow,8,20180910,20180912,No,,,,No,0,0,Minnow-008_9/10/2018,48.17372094,-123.1362387,12/16/2020 4:23,KSO,12/16/2020 4:29,KSO,81512006-d3af-4922-bf67-592896947c2c,-123.1362387,48.17372094
806,Fukui,14,20180910,20180912,No,,,,No,0,0,Fukui-014_9/10/2018,48.17469541,-123.1379567,12/16/2020 4:23,KSO,12/16/2020 4:29,KSO,d6fd6413-d693-4421-9d5d-e8e19953caf8,-123.1379567,48.17469541
807,Minnow,103,20180910,20180912,No,MMP 385,,,No,0,0,Minnow-103_9/10/2018,48.14665801,-123.1835593,12/16/2020 4:23,KSO,12/16/2020 4:29,KSO,202f26bb-dc1d-4948-ae5d-22f806d5b213,-123.1835592,48.14665801
808,Fukui,103,20180910,20180912,No,MMP 385,,,No,0,0,Fukui-103_9/10/2018,48.14660129,-123.1834839,12/16/2020 4:23,KSO,12/16/2020 4:29,KSO,7dc13e68-9e9c-420e-93d2-bd80723e5515,-123.1834839,48.14660129
809,Minnow,102,20180910,20180912,No,MMP 385,,,No,0,0,Minnow-102_9/10/2018,48.14651874,-123.1835083,12/16/2020 4:23,KSO,12/16/2020 4:29,KSO,d4e2cae4-4664-4d2d-b17e-1904ec496e67,-123.1835083,48.14651874
810,Fukui,102,20180910,20180912,No,MMP 385,,,No,0,0,Fukui-102_9/10/2018,48.14647411,-123.1835971,12/16/2020 4:23,KSO,12/16/2020 4:29,KSO,cfa908a9-0f9c-435a-8c97-cc5864a21780,-123.1835971,48.14647411
811,Minnow,101,20180910,20180912,No,MMP 385,,,No,0,0,Minnow-101_9/10/2018,48.14649474,-123.1836975,12/16/2020 4:23,KSO,12/16/2020 4:29,KSO,7744045f-5abe-4aa6-b874-6e7095f1f509,-123.1836975,48.14649474
812,Fukui,101,20180910,20180912,No,MMP 385,,,No,0,0,Fukui-101_9/10/2018,48.14651761,-123.1838004,12/16/2020 4:23,KSO,12/16/2020 4:29,KSO,e6b5ee55-ab76-4f92-9f72-ca8d5e5d2165,-123.1838004,48.14651761
813,Fukui,201,20180910,20180911,No,MMP 383,,,No,0,0,Fukui-201_9/10/2018,48.17653012,-123.1279037,12/16/2020 4:23,KSO,12/16/2020 4:29,KSO,32cabedd-ddec-466f-be0a-26485d17638a,-123.1279037,48.17653012
814,Minnow,201,20180910,20180911,No,MMP 383,,,No,0,0,Minnow-201_9/10/2018,48.17659664,-123.1278113,12/16/2020 4:23,KSO,12/16/2020 4:29,KSO,b25373cb-046a-432f-8584-f73e33b5efc4,-123.1278113,48.17659664
815,Minnow,202,20180910,20180911,No,MMP 383,,,No,0,0,Minnow-202_9/10/2018,48.17650869,-123.128026,12/16/2020 4:23,KSO,12/16/2020 4:29,KSO,966a0ee8-4b5b-4cf3-95ca-128defd77370,-123.128026,48.17650869
816,Fukui,202,20180910,20180911,No,MMP 383,,,No,0,0,Fukui-202_9/10/2018,48.1764825,-123.1281358,12/16/2020 4:23,KSO,12/16/2020 4:29,KSO,b130d5b1-9119-4be4-8965-258c6efa87a1,-123.1281358,48.1764825
817,Minnow,203,20180910,20180911,No,MMP 383,,,No,0,0,Minnow-203_9/10/2018,48.17642933,-123.1282775,12/16/2020 4:23,KSO,12/16/2020 4:29,KSO,5e91932f-bf04-4912-8a13-108e68f72b3e,-123.1282775,48.17642933
818,Fukui,203,20180910,20180911,No,MMP 383,,,No,0,0,Fukui-203_9/10/2018,48.1763934,-123.1284157,12/16/2020 4:23,KSO,12/16/2020 4:29,KSO,c8365d00-6552-4cad-8d90-8f543413846a,-123.1284157,48.1763934
819,Minnow,301,20180910,20180912,No,Prospecting Trap #1,,,No,0,0,Minnow-301_9/10/2018,48.17480581,-123.1388167,12/16/2020 4:23,KSO,12/16/2020 4:29,KSO,0bd2e03b-808f-4a0c-8d75-863022ec1022,-123.1388167,48.17480581
820,Minnow,303,20180910,20180912,No,Prospecting Trap #3,,,No,0,0,Minnow-303_9/10/2018,48.17506623,-123.1393766,12/16/2020 4:23,KSO,12/16/2020 4:29,KSO,7f5392a9-19f6-44e7-b16b-b544f4fff717,-123.1393766,48.17506623
821,Minnow,305,20180910,20180912,No,Prospecting Trap #5,,,No,0,0,Minnow-305_9/10/2018,48.17529084,-123.13757,12/16/2020 4:23,KSO,12/16/2020 4:29,KSO,d793b9ec-0c03-40ba-92f6-a995f60b40ac,-123.13757,48.17529084
822,Fukui,302,20180910,20180912,No,Prospecting Trap #2,,,No,0,0,Fukui-302_9/10/2018,48.17500746,-123.1389895,12/16/2020 4:23,KSO,12/16/2020 4:29,KSO,e8c104b7-efdb-4a3b-a047-274887f4fe1b,-123.1389895,48.17500746
823,Fukui,304,20180910,20180912,No,Prospecting Trap #4,,,No,0,0,Fukui-304_9/10/2018,48.17526731,-123.1378836,12/16/2020 4:23,KSO,12/16/2020 4:29,KSO,51a9b28a-1b71-4cd8-b471-a3a46c2937a2,-123.1378836,48.17526731
824,Fukui,306,20180910,20180912,No,Prospecting Trap #6,,,No,0,0,Fukui-306_9/10/2018,48.17535795,-123.1373519,12/16/2020 4:23,KSO,12/16/2020 4:29,KSO,84b3f6f4-e094-4d81-a313-6d043bf17134,-123.1373519,48.17535795
825,Minnow,17,20180906,20180907,No,,,,No,0,0,Minnow-017_9/6/2018,48.17469998,-123.138608,12/16/2020 4:23,KSO,12/16/2020 4:29,KSO,8a0245b4-2177-4b11-9b31-c06565719764,-123.138608,48.17469998
826,Fukui,17,20180906,20180907,No,Flag at normal F17 position missing and DS-1g looked as if it were missing a trap,,,No,0,0,Fukui-017_9/6/2018,48.17423458,-123.1372496,12/16/2020 4:23,KSO,12/16/2020 4:29,KSO,ca0fc2bf-1199-465c-b657-629f16f7d49a,-123.1372496,48.17423458
827,Minnow,301,20180906,20180907,No,Prospecting Trap #1; short one bait jar so bait was loose in trap. On 9/7 it was still in trap and trap had lots a sculpin and a few crabs,,,No,0,0,Minnow-301_9/6/2018,48.14666829,-123.1835834,12/16/2020 4:23,KSO,12/16/2020 4:29,KSO,ebb536e6-97ef-472e-855c-df6af2ce0572,-123.1835834,48.14666829
828,Fukui,302,20180906,20180907,No,Prospecting Trap #2,,,No,0,0,Fukui-302_9/6/2018,48.14661541,-123.1834958,12/16/2020 4:23,KSO,12/16/2020 4:29,KSO,cc6fce64-8664-45eb-bfb1-bc21f3be105c,-123.1834958,48.14661541
829,Fukui,304,20180906,20180907,No,Prospecting Trap #4,,,No,0,0,Fukui-304_9/6/2018,48.14650253,-123.1840357,12/16/2020 4:23,KSO,12/16/2020 4:29,KSO,b1cd63c5-0726-4389-a6aa-28aaf6653b47,-123.1840357,48.14650253
830,Fukui,306,20180906,20180907,No,Prospecting Trap # 6,,,No,0,0,Fukui-306_9/6/2018,48.1464976,-123.1843262,12/16/2020 4:23,KSO,12/16/2020 4:29,KSO,a82df1fc-c8f5-4521-8844-1394370b8694,-123.1843262,48.1464976
831,Minnow,305,20180906,20180907,No,Prospecting Trap #5,,,No,0,0,Minnow-305_9/6/2018,48.14647946,-123.1842061,12/16/2020 4:23,KSO,12/16/2020 4:29,KSO,4c316960-0be3-4843-aded-fa7d450c18b2,-123.1842061,48.14647946
832,Minnow,303,20180906,20180907,No,Prospecting Trap #3,,,No,0,0,Minnow-303_9/6/2018,48.14651981,-123.1839518,12/16/2020 4:23,KSO,12/16/2020 4:29,KSO,a4f90828-7ac4-4b19-ac15-44555b874baa,-123.1839518,48.14651981
833,Minnow,11,20180906,20180907,No,,,,No,0,0,Minnow-011_9/6/2018,48.17385994,-123.1360798,12/16/2020 4:23,KSO,12/16/2020 4:29,KSO,d9dffac9-b359-4204-8442-821e303a5b1e,-123.1360798,48.17385994
834,Fukui,1,20180906,20180907,No,,,,No,0,0,Fukui-001_9/6/2018,48.1732705,-123.1374289,12/16/2020 4:23,KSO,12/16/2020 4:29,KSO,f8bb0bb7-0a8d-441a-94d2-cd016d63b61f,-123.1374289,48.1732705
835,Minnow,1,20180906,20180907,No,,,,No,0,0,Minnow-001_9/6/2018,48.17336181,-123.1374728,12/16/2020 4:23,KSO,12/16/2020 4:29,KSO,15a2087b-50a1-4f3c-9757-a9beb25e8664,-123.1374728,48.17336181
836,Fukui,2,20180906,20180907,No,,,,No,0,0,Fukui-002_9/6/2018,48.17344058,-123.137489,12/16/2020 4:23,KSO,12/16/2020 4:29,KSO,5c1e1f9a-3b7e-4207-96f9-eddcb1168677,-123.137489,48.17344058
837,Minnow,2,20180906,20180907,No,,,,No,0,0,Minnow-002_9/6/2018,48.17352193,-123.1374981,12/16/2020 4:23,KSO,12/16/2020 4:29,KSO,9a0ca720-9a29-4bfd-aab3-206e6b8ef444,-123.1374981,48.17352193
838,Fukui,3,20180906,20180907,No,,,,No,0,0,Fukui-003_9/6/2018,48.17358009,-123.137485,12/16/2020 4:23,KSO,12/16/2020 4:29,KSO,2901d803-7383-4ed4-a8d8-b310cd207839,-123.137485,48.17358009
839,Minnow,3,20180906,20180907,No,,,,No,0,0,Minnow-003_9/6/2018,48.1736586,-123.1374355,12/16/2020 4:23,KSO,12/16/2020 4:29,KSO,e1cf053b-e925-483b-9903-e7ccc2dfe0fb,-123.1374355,48.1736586
840,Fukui,4,20180906,20180907,No,,,,No,0,0,Fukui-004_9/6/2018,48.17370759,-123.1373586,12/16/2020 4:23,KSO,12/16/2020 4:29,KSO,0f31ca34-01c8-4ebe-aab1-151ea044476d,-123.1373586,48.17370759
841,Minnow,4,20180906,20180907,No,,,,No,0,0,Minnow-004_9/6/2018,48.17351788,-123.1370704,12/16/2020 4:23,KSO,12/16/2020 4:29,KSO,2c2a9d7d-851e-4e83-a0fb-7e9ba80a5222,-123.1370704,48.17351788
842,Fukui,5,20180906,20180907,No,,,,No,0,0,Fukui-005_9/6/2018,48.17346247,-123.137026,12/16/2020 4:23,KSO,12/16/2020 4:29,KSO,e71a61de-494d-4a1e-8450-c41c4bd831f0,-123.137026,48.17346247
843,Minnow,5,20180906,20180907,No,,,,No,0,0,Minnow-005_9/6/2018,48.17340715,-123.1369494,12/16/2020 4:23,KSO,12/16/2020 4:29,KSO,4d5e41a7-2da8-4c77-b88f-57ba58340ac3,-123.1369494,48.17340715
844,Fukui,6,20180906,20180907,No,,,,No,0,0,Fukui-006_9/6/2018,48.17349668,-123.1366631,12/16/2020 4:23,KSO,12/16/2020 4:29,KSO,64fae6b3-0997-4498-99cc-4093e8bc8a9c,-123.1366631,48.17349668
845,Minnow,6,20180906,20180907,No,,,,No,0,0,Minnow-006_9/6/2018,48.17356201,-123.136627,12/16/2020 4:23,KSO,12/16/2020 4:29,KSO,db009b3f-a548-4c78-96d4-f11766e15dcb,-123.136627,48.17356201
846,Fukui,7,20180906,20180907,No,,,,No,0,0,Fukui-007_9/6/2018,48.17363537,-123.1365817,12/16/2020 4:23,KSO,12/16/2020 4:29,KSO,fe442d4b-e1fc-41db-894e-4dec887972d6,-123.1365817,48.17363537
847,Minnow,7,20180906,20180907,No,,,,No,0,0,Minnow-007_9/6/2018,48.1737049,-123.1364987,12/16/2020 4:23,KSO,12/16/2020 4:29,KSO,67b10a98-df25-4e25-a235-c2075d34ff58,-123.1364987,48.1737049
848,Fukui,9,20180906,20180907,No,,,,No,0,0,Fukui-009_9/6/2018,48.17381197,-123.1360518,12/16/2020 4:23,KSO,12/16/2020 4:29,KSO,485c44db-7b2a-4f05-a6fc-a40574d33f1a,-123.1360518,48.17381197
849,Minnow,9,20180906,20180907,No,,,,No,0,0,Minnow-009_9/6/2018,48.17390025,-123.1366909,12/16/2020 4:23,KSO,12/16/2020 4:29,KSO,f17d807d-520e-4423-ab8f-1c5ba99e701d,-123.1366909,48.17390025
850,Fukui,10,20180906,20180907,No,,,,No,0,0,Fukui-010_9/6/2018,48.17388743,-123.1367924,12/16/2020 4:23,KSO,12/16/2020 4:29,KSO,e391153c-f9fc-45f4-bc58-31b987545e6d,-123.1367924,48.17388743
851,Minnow,10,20180906,20180907,No,,,,No,0,0,Minnow-010_9/6/2018,48.17388541,-123.1368864,12/16/2020 4:23,KSO,12/16/2020 4:29,KSO,28d904ce-b0bf-45b0-9c6d-a7959ee0df99,-123.1368864,48.17388541
852,Fukui,11,20180906,20180907,No,,,,No,0,0,Fukui-011_9/6/2018,48.17388929,-123.1370135,12/16/2020 4:23,KSO,12/16/2020 4:29,KSO,46f9072c-e89c-425a-a4f2-d19092167d05,-123.1370135,48.17388929
853,Fukui,12,20180906,20180907,No,,,,No,0,0,Fukui-012_9/6/2018,48.17443953,-123.1374855,12/16/2020 4:23,KSO,12/16/2020 4:29,KSO,9ea385dc-0d32-4e65-87e4-b32cf50aa737,-123.1374855,48.17443953
854,Minnow,12,20180906,20180907,No,,,,No,0,0,Minnow-012_9/6/2018,48.17448613,-123.1375401,12/16/2020 4:23,KSO,12/16/2020 4:29,KSO,2c135a67-8841-4c98-b2cf-730902fd255d,-123.1375401,48.17448613
855,Fukui,13,20180906,20180907,No,,,,No,0,0,Fukui-013_9/6/2018,48.17454625,-123.1379317,12/16/2020 4:23,KSO,12/16/2020 4:29,KSO,defa6256-2c23-464a-9773-942bde3df1e9,-123.1379317,48.17454625
856,Minnow,13,20180906,20180907,No,,,,No,0,0,Minnow-013_9/6/2018,48.17459121,-123.1380251,12/16/2020 4:23,KSO,12/16/2020 4:29,KSO,0478bfe8-d43a-4847-8b8d-1af4b8d1c670,-123.1380251,48.17459121
857,Minnow,14,20180906,20180907,No,,,,No,0,0,Minnow-014_9/6/2018,48.17489695,-123.1380006,12/16/2020 4:23,KSO,12/16/2020 4:29,KSO,eca37477-ee6c-40bf-a9ed-7296a50d6bc2,-123.1380006,48.17489695
858,Fukui,15,20180906,20180907,No,,,,No,0,0,Fukui-015_9/6/2018,48.1749369,-123.1381723,12/16/2020 4:23,KSO,12/16/2020 4:29,KSO,237aa8fe-aa26-45bc-8f90-93f9484083a0,-123.1381723,48.1749369
859,Minnow,15,20180906,20180907,No,,,,No,0,0,Minnow-015_9/6/2018,48.17501044,-123.1383361,12/16/2020 4:23,KSO,12/16/2020 4:29,KSO,cc6ca775-ce93-457b-afd6-568beb19955f,-123.1383361,48.17501044
860,Fukui,16,20180906,20180907,No,,,,No,0,0,Fukui-016_9/6/2018,48.17506725,-123.1384407,12/16/2020 4:23,KSO,12/16/2020 4:29,KSO,c62c5738-5dbf-4b55-8877-567b67acdedf,-123.1384407,48.17506725
861,Minnow,16,20180906,20180907,No,,,,No,0,0,Minnow-016_9/6/2018,48.17502609,-123.1385637,12/16/2020 4:23,KSO,12/16/2020 4:29,KSO,ce9da7ee-2d4e-47be-a384-5cf0664ef71e,-123.1385637,48.17502609
862,Fukui,18,20180906,20180907,No,,,,No,0,0,Fukui-018_9/6/2018,48.17471556,-123.1387902,12/16/2020 4:23,KSO,12/16/2020 4:29,KSO,0c84fdf1-96fd-4e13-a550-b29327a26077,-123.1387902,48.17471556
863,Fukui,8,20180906,20180907,No,,,,No,0,0,Fukui-008_9/6/2018,48.17376019,-123.136382,12/16/2020 4:23,KSO,12/16/2020 4:29,KSO,afdadc3c-4598-48e9-857d-fd0643841a9b,-123.136382,48.17376019
864,Minnow,8,20180906,20180907,No,,,,No,0,0,Minnow-008_9/6/2018,48.17372094,-123.1362387,12/16/2020 4:23,KSO,12/16/2020 4:29,KSO,00606743-7653-4593-bd6b-a8bff8ec2365,-123.1362387,48.17372094
865,Fukui,14,20180906,20180907,No,,,,No,0,0,Fukui-014_9/6/2018,48.17469541,-123.1379567,12/16/2020 4:23,KSO,12/16/2020 4:29,KSO,d557a360-36be-48a4-85e3-b6862ccdc586,-123.1379567,48.17469541
866,Minnow,102,20180906,20180907,No,,,,No,0,0,Minnow-102_9/6/2018,48.14651874,-123.1835083,12/16/2020 4:23,KSO,12/16/2020 4:29,KSO,965b7fa0-f0cb-4024-8db7-0d98b332cf60,-123.1835083,48.14651874
867,Fukui,102,20180906,20180907,No,,,,No,0,0,Fukui-102_9/6/2018,48.14647411,-123.1835971,12/16/2020 4:23,KSO,12/16/2020 4:29,KSO,120ba483-c4fd-4e2f-a8e7-051b46906feb,-123.1835971,48.14647411
868,Minnow,101,20180906,20180907,No,,,,No,0,0,Minnow-101_9/6/2018,48.14649474,-123.1836975,12/16/2020 4:23,KSO,12/16/2020 4:29,KSO,695b1bd5-1711-46f6-b2bc-7ea092c8a515,-123.1836975,48.14649474
869,Fukui,101,20180906,20180907,No,,,,No,0,0,Fukui-101_9/6/2018,48.14651761,-123.1838004,12/16/2020 4:23,KSO,12/16/2020 4:29,KSO,b612dd6e-1a8a-40d8-a826-a550525a3805,-123.1838004,48.14651761
870,Minnow,11,20180920,20180921,No,,,,No,0,0,Minnow-011_9/20/2018,48.17385994,-123.1360798,12/16/2020 4:23,KSO,12/16/2020 4:29,KSO,3a33ee01-43b1-455a-9b9c-5f58cc2acd24,-123.1360798,48.17385994
871,Fukui,1,20180920,20180921,No,,,,No,0,0,Fukui-001_9/20/2018,48.1732705,-123.1374289,12/16/2020 4:23,KSO,12/16/2020 4:29,KSO,e6928f96-92c6-4a27-819c-b246ee266b80,-123.1374289,48.1732705
872,Minnow,1,20180920,20180921,No,,,,No,0,0,Minnow-001_9/20/2018,48.17336181,-123.1374728,12/16/2020 4:23,KSO,12/16/2020 4:29,KSO,7adc7e41-dbcc-4ebd-b4c5-20d5411304ca,-123.1374728,48.17336181
873,Fukui,2,20180920,20180921,No,,,,No,0,0,Fukui-002_9/20/2018,48.17344058,-123.137489,12/16/2020 4:23,KSO,12/16/2020 4:29,KSO,bf563d17-c7dd-4382-b99f-ce6c54f9d71f,-123.137489,48.17344058
874,Minnow,2,20180920,20180921,No,,,,No,0,0,Minnow-002_9/20/2018,48.17352193,-123.1374981,12/16/2020 4:23,KSO,12/16/2020 4:29,KSO,c97c22f3-3dbc-4061-9fe0-b0d20379fccf,-123.1374981,48.17352193
875,Fukui,3,20180920,20180921,No,,,,No,0,0,Fukui-003_9/20/2018,48.17358009,-123.137485,12/16/2020 4:23,KSO,12/16/2020 4:29,KSO,e9f06cda-c9c2-4340-92b5-3a60184cfb93,-123.137485,48.17358009
876,Minnow,3,20180920,20180921,No,,,,No,0,0,Minnow-003_9/20/2018,48.1736586,-123.1374355,12/16/2020 4:23,KSO,12/16/2020 4:29,KSO,47555676-11f1-48fb-b942-7e7de7a79e53,-123.1374355,48.1736586
877,Fukui,4,20180920,20180921,No,,,,No,0,0,Fukui-004_9/20/2018,48.17370759,-123.1373586,12/16/2020 4:23,KSO,12/16/2020 4:29,KSO,7c1179d7-6168-4782-aa82-da1325906c3d,-123.1373586,48.17370759
878,Minnow,4,20180920,20180921,No,,,,No,0,0,Minnow-004_9/20/2018,48.17351788,-123.1370704,12/16/2020 4:23,KSO,12/16/2020 4:29,KSO,2d15bc3a-745a-4fcf-8c6d-2befc344f898,-123.1370704,48.17351788
879,Fukui,5,20180920,20180921,No,,,,No,0,0,Fukui-005_9/20/2018,48.17346247,-123.137026,12/16/2020 4:23,KSO,12/16/2020 4:29,KSO,dad7a6bd-00a2-468b-ada7-e04994fe802b,-123.137026,48.17346247
880,Minnow,5,20180920,20180921,No,,,,No,0,0,Minnow-005_9/20/2018,48.17340715,-123.1369494,12/16/2020 4:23,KSO,12/16/2020 4:29,KSO,4c2c2daa-6e86-4fa9-934f-c8339cbc7176,-123.1369494,48.17340715
881,Fukui,6,20180920,20180921,No,,,,No,0,0,Fukui-006_9/20/2018,48.17349668,-123.1366631,12/16/2020 4:23,KSO,12/16/2020 4:29,KSO,50eef940-8321-42b0-af5e-a472cb8885a1,-123.1366631,48.17349668
882,Minnow,6,20180920,20180921,No,,,,No,0,0,Minnow-006_9/20/2018,48.17356201,-123.136627,12/16/2020 4:23,KSO,12/16/2020 4:29,KSO,23e38ea0-daa4-4558-b595-8f8331268c84,-123.136627,48.17356201
883,Fukui,7,20180920,20180921,No,,,,No,0,0,Fukui-007_9/20/2018,48.17363537,-123.1365817,12/16/2020 4:23,KSO,12/16/2020 4:29,KSO,924ef24d-dd73-4b70-8faf-309fba1840e3,-123.1365817,48.17363537
884,Minnow,7,20180920,20180921,No,,,,No,0,0,Minnow-007_9/20/2018,48.1737049,-123.1364987,12/16/2020 4:23,KSO,12/16/2020 4:29,KSO,d4c74a88-a337-4c43-b801-9091190dd8fd,-123.1364987,48.1737049
885,Fukui,9,20180920,20180921,No,,,,No,0,0,Fukui-009_9/20/2018,48.17381197,-123.1360518,12/16/2020 4:23,KSO,12/16/2020 4:29,KSO,49a3b6ab-7a9c-4c10-8baf-bf3ed1af4403,-123.1360518,48.17381197
886,Minnow,9,20180920,20180921,No,,,,No,0,0,Minnow-009_9/20/2018,48.17390025,-123.1366909,12/16/2020 4:23,KSO,12/16/2020 4:29,KSO,5c2dd299-f40d-42a4-91fc-95eed72960e5,-123.1366909,48.17390025
887,Fukui,10,20180920,20180921,No,,,,No,0,0,Fukui-010_9/20/2018,48.17388743,-123.1367924,12/16/2020 4:23,KSO,12/16/2020 4:29,KSO,a67cd9fc-e4f2-4eb0-93f3-b9eb1f8f8334,-123.1367924,48.17388743
888,Minnow,10,20180920,20180921,No,,,,No,0,0,Minnow-010_9/20/2018,48.17388541,-123.1368864,12/16/2020 4:23,KSO,12/16/2020 4:29,KSO,689c9b47-2800-4605-ae07-59e4335f90bd,-123.1368864,48.17388541
890,Fukui,12,20180920,20180921,No,,,,No,0,0,Fukui-012_9/20/2018,48.17443953,-123.1374855,12/16/2020 4:23,KSO,12/16/2020 4:29,KSO,126f52a9-3547-4f3d-acd9-e02c8a98d4bf,-123.1374855,48.17443953
891,Minnow,12,20180920,20180921,No,,,,No,0,0,Minnow-012_9/20/2018,48.17448613,-123.1375401,12/16/2020 4:23,KSO,12/16/2020 4:29,KSO,a282cb99-b672-4739-b025-699c94128734,-123.1375401,48.17448613
892,Fukui,13,20180920,20180921,No,,,,No,0,0,Fukui-013_9/20/2018,48.17454625,-123.1379317,12/16/2020 4:23,KSO,12/16/2020 4:29,KSO,c99d3df6-dc9b-469f-a5e1-7f2a07627277,-123.1379317,48.17454625
893,Minnow,13,20180920,20180921,No,,,,No,0,0,Minnow-013_9/20/2018,48.17459121,-123.1380251,12/16/2020 4:23,KSO,12/16/2020 4:29,KSO,7b4cf85a-b2a5-45c2-b723-5585947126d4,-123.1380251,48.17459121
894,Minnow,14,20180920,20180921,No,,,,No,0,0,Minnow-014_9/20/2018,48.17489695,-123.1380006,12/16/2020 4:23,KSO,12/16/2020 4:29,KSO,f88818f2-10ea-48c1-92e4-504ee60e0b7d,-123.1380006,48.17489695
895,Fukui,15,20180920,20180921,No,,,,No,0,0,Fukui-015_9/20/2018,48.1749369,-123.1381723,12/16/2020 4:23,KSO,12/16/2020 4:29,KSO,74a9c591-b1b7-4f93-8a4c-27f805e3277b,-123.1381723,48.1749369
896,Minnow,15,20180920,20180921,No,,,,No,0,0,Minnow-015_9/20/2018,48.17501044,-123.1383361,12/16/2020 4:23,KSO,12/16/2020 4:29,KSO,8ca80f33-5239-45f1-a2e8-e4753f0174e4,-123.1383361,48.17501044
897,Fukui,16,20180920,20180921,No,,,,No,0,0,Fukui-016_9/20/2018,48.17506725,-123.1384407,12/16/2020 4:23,KSO,12/16/2020 4:29,KSO,f0829214-645b-4d2d-89e8-b9df0a28ad99,-123.1384407,48.17506725
898,Minnow,16,20180920,20180921,No,,,,No,0,0,Minnow-016_9/20/2018,48.17502609,-123.1385637,12/16/2020 4:23,KSO,12/16/2020 4:29,KSO,dd218980-441d-4c86-9d08-fffd0c2d4409,-123.1385637,48.17502609
899,Fukui,17,20180920,20180921,No,,,,No,0,0,Fukui-017_9/20/2018,48.17473318,-123.1386003,12/16/2020 4:23,KSO,12/16/2020 4:29,KSO,47962d93-7133-44e7-b18f-93ecf948eda4,-123.1386003,48.17473318
900,Minnow,17,20180920,20180921,No,,,,No,0,0,Minnow-017_9/20/2018,48.17466397,-123.1386243,12/16/2020 4:23,KSO,12/16/2020 4:29,KSO,c88235ed-7ab6-45c9-93c0-996d6d873c64,-123.1386243,48.17466397
901,Fukui,18,20180920,20180921,No,,,,No,0,0,Fukui-018_9/20/2018,48.17471556,-123.1387902,12/16/2020 4:23,KSO,12/16/2020 4:29,KSO,c31daeec-10e7-4123-bdbd-5aab08b936a4,-123.1387902,48.17471556
902,Fukui,8,20180920,20180921,No,,,,No,0,0,Fukui-008_9/20/2018,48.17376019,-123.136382,12/16/2020 4:23,KSO,12/16/2020 4:29,KSO,978a6bb2-607a-485c-8818-9a556de1edf0,-123.136382,48.17376019
903,Minnow,8,20180920,20180921,No,,,,No,0,0,Minnow-008_9/20/2018,48.17372094,-123.1362387,12/16/2020 4:23,KSO,12/16/2020 4:29,KSO,2afd2f5d-b075-4e8c-8917-d8c5707c3213,-123.1362387,48.17372094
904,Fukui,14,20180920,20180921,No,,,,No,0,0,Fukui-014_9/20/2018,48.17469541,-123.1379567,12/16/2020 4:23,KSO,12/16/2020 4:29,KSO,a3dc64c4-706d-48a2-b3c4-11eaf21d90d1,-123.1379567,48.17469541
905,Minnow,102,20180920,20180921,No,,,,No,0,0,Minnow-102_9/20/2018,48.14651874,-123.1835083,12/16/2020 4:23,KSO,12/16/2020 4:29,KSO,99035333-c0ba-4932-b560-1c6a49e7f15b,-123.1835083,48.14651874
906,Fukui,102,20180920,20180921,No,,,,No,0,0,Fukui-102_9/20/2018,48.14647411,-123.1835971,12/16/2020 4:23,KSO,12/16/2020 4:29,KSO,6773e7b2-e236-4a44-9b7d-bc5324a247de,-123.1835971,48.14647411
907,Minnow,101,20180920,20180921,No,,,,No,0,0,Minnow-101_9/20/2018,48.14649474,-123.1836975,12/16/2020 4:23,KSO,12/16/2020 4:29,KSO,05106097-6cde-460c-b470-4a29280af588,-123.1836975,48.14649474
908,Fukui,101,20180920,20180921,No,,,,No,0,0,Fukui-101_9/20/2018,48.14651761,-123.1838004,12/16/2020 4:23,KSO,12/16/2020 4:29,KSO,fd935444-4e46-40f7-970e-79351de3cffb,-123.1838004,48.14651761
909,Minnow,11,20180730,20180801,No,,,,No,0,0,Minnow-011_7/30/2018,48.17385994,-123.1360798,12/16/2020 4:23,KSO,12/16/2020 4:29,KSO,bf0d30f7-7ccb-4f86-9a6c-95b7bf88f1c2,-123.1360798,48.17385994
910,Fukui,1,20180730,20180801,No,,,,No,0,0,Fukui-001_7/30/2018,48.1732705,-123.1374289,12/16/2020 4:23,KSO,12/16/2020 4:29,KSO,cc89aab6-e8a3-46ec-bc38-6e70e6ca410f,-123.1374289,48.1732705
911,Minnow,1,20180730,20180801,No,,,,No,0,0,Minnow-001_7/30/2018,48.17336181,-123.1374728,12/16/2020 4:23,KSO,12/16/2020 4:29,KSO,2c849142-54f0-4afb-aece-380f98d21b5c,-123.1374728,48.17336181
912,Fukui,2,20180730,20180801,No,,,,No,0,0,Fukui-002_7/30/2018,48.17344058,-123.137489,12/16/2020 4:23,KSO,12/16/2020 4:29,KSO,7e75791c-63fc-4d70-8cd5-5b30d13a7f82,-123.137489,48.17344058
913,Minnow,2,20180730,20180801,No,,,,No,0,0,Minnow-002_7/30/2018,48.17352193,-123.1374981,12/16/2020 4:23,KSO,12/16/2020 4:29,KSO,00200db3-e786-4dbd-82ba-f909d26284ce,-123.1374981,48.17352193
914,Fukui,3,20180730,20180801,No,,,,No,0,0,Fukui-003_7/30/2018,48.17358009,-123.137485,12/16/2020 4:23,KSO,12/16/2020 4:29,KSO,5eda27f1-2a80-4a92-9b19-6c0d9ad257d0,-123.137485,48.17358009
915,Minnow,3,20180730,20180801,No,,,,No,0,0,Minnow-003_7/30/2018,48.1736586,-123.1374355,12/16/2020 4:23,KSO,12/16/2020 4:29,KSO,934ed64d-2b9e-4320-962d-ef4479480c57,-123.1374355,48.1736586
916,Fukui,4,20180730,20180801,No,,,,No,0,0,Fukui-004_7/30/2018,48.17370759,-123.1373586,12/16/2020 4:23,KSO,12/16/2020 4:29,KSO,6461d657-c220-4c7e-b114-19db57661405,-123.1373586,48.17370759
917,Minnow,4,20180730,20180801,No,,,,No,0,0,Minnow-004_7/30/2018,48.17351788,-123.1370704,12/16/2020 4:23,KSO,12/16/2020 4:29,KSO,c547fcac-699d-4653-93c2-b5c151b74ac9,-123.1370704,48.17351788
918,Fukui,5,20180730,20180801,No,,,,No,0,0,Fukui-005_7/30/2018,48.17346247,-123.137026,12/16/2020 4:23,KSO,12/16/2020 4:29,KSO,3dbfc786-8b74-4d78-901f-2f7c4f61f49e,-123.137026,48.17346247
919,Minnow,5,20180730,20180801,No,,,,No,0,0,Minnow-005_7/30/2018,48.17340715,-123.1369494,12/16/2020 4:23,KSO,12/16/2020 4:29,KSO,deb77ae4-29bd-49dc-9bc3-b46967a4f649,-123.1369494,48.17340715
920,Fukui,6,20180730,20180801,No,,,,No,0,0,Fukui-006_7/30/2018,48.17349668,-123.1366631,12/16/2020 4:23,KSO,12/16/2020 4:29,KSO,454d01b3-30d2-45b3-a668-14bfbf77505a,-123.1366631,48.17349668
921,Minnow,6,20180730,20180801,No,,,,No,0,0,Minnow-006_7/30/2018,48.17356201,-123.136627,12/16/2020 4:23,KSO,12/16/2020 4:29,KSO,76ca033d-737b-4164-924a-d79512e8c9a7,-123.136627,48.17356201
922,Fukui,7,20180730,20180801,No,,,,No,0,0,Fukui-007_7/30/2018,48.17363537,-123.1365817,12/16/2020 4:23,KSO,12/16/2020 4:29,KSO,0910051a-d306-47a7-a997-80643d442af3,-123.1365817,48.17363537
923,Minnow,7,20180730,20180801,No,,,,No,0,0,Minnow-007_7/30/2018,48.1737049,-123.1364987,12/16/2020 4:23,KSO,12/16/2020 4:29,KSO,fd8a549d-8a47-4639-8f90-c7ee245f653b,-123.1364987,48.1737049
924,Fukui,9,20180730,20180801,No,,,,No,0,0,Fukui-009_7/30/2018,48.17381197,-123.1360518,12/16/2020 4:23,KSO,12/16/2020 4:29,KSO,997abce5-9e24-4394-8afc-cb619e998ac7,-123.1360518,48.17381197
925,Minnow,9,20180730,20180801,No,,,,No,0,0,Minnow-009_7/30/2018,48.17390025,-123.1366909,12/16/2020 4:23,KSO,12/16/2020 4:29,KSO,cfa3880c-a055-4708-8651-39ef7ea71b60,-123.1366909,48.17390025
926,Fukui,10,20180730,20180801,No,,,,No,0,0,Fukui-010_7/30/2018,48.17388743,-123.1367924,12/16/2020 4:23,KSO,12/16/2020 4:29,KSO,91d31c0c-e91c-47dc-9fe2-f2fd991714bf,-123.1367924,48.17388743
927,Minnow,10,20180730,20180801,No,,,,No,0,0,Minnow-010_7/30/2018,48.17388541,-123.1368864,12/16/2020 4:23,KSO,12/16/2020 4:29,KSO,70ad2e8a-f397-48cc-8d52-c674b07ce697,-123.1368864,48.17388541
928,Fukui,11,20180730,20180801,No,,,,No,0,0,Fukui-011_7/30/2018,48.17388929,-123.1370135,12/16/2020 4:23,KSO,12/16/2020 4:29,KSO,df2ac156-c8ea-49a2-a75a-5e5053a23b10,-123.1370135,48.17388929
929,Fukui,12,20180730,20180801,No,,,,No,0,0,Fukui-012_7/30/2018,48.17443953,-123.1374855,12/16/2020 4:23,KSO,12/16/2020 4:29,KSO,45be7f6f-6dcb-4089-82fe-b413c474f564,-123.1374855,48.17443953
930,Minnow,12,20180730,20180801,No,,,,No,0,0,Minnow-012_7/30/2018,48.17448613,-123.1375401,12/16/2020 4:23,KSO,12/16/2020 4:29,KSO,d185d3bc-713c-4736-b4e0-8901dd42b2ee,-123.1375401,48.17448613
931,Fukui,13,20180730,20180801,No,,,,No,0,0,Fukui-013_7/30/2018,48.17454625,-123.1379317,12/16/2020 4:23,KSO,12/16/2020 4:29,KSO,95253663-dcbf-42fc-bd83-b27516e91db7,-123.1379317,48.17454625
932,Minnow,13,20180730,20180801,No,,,,No,0,0,Minnow-013_7/30/2018,48.17459121,-123.1380251,12/16/2020 4:23,KSO,12/16/2020 4:29,KSO,d9cbafa6-3bf3-4447-b16b-2aad3c49e7e0,-123.1380251,48.17459121
933,Minnow,14,20180730,20180801,No,,,,No,0,0,Minnow-014_7/30/2018,48.17489695,-123.1380006,12/16/2020 4:23,KSO,12/16/2020 4:29,KSO,bbb29641-8407-4d17-984e-de6b5091af67,-123.1380006,48.17489695
935,Minnow,15,20180730,20180801,No,,,,No,0,0,Minnow-015_7/30/2018,48.17501044,-123.1383361,12/16/2020 4:23,KSO,12/16/2020 4:29,KSO,19c3972b-2087-4c3c-934c-baf08e228c57,-123.1383361,48.17501044
936,Fukui,16,20180730,20180801,No,,,,No,0,0,Fukui-016_7/30/2018,48.17506725,-123.1384407,12/16/2020 4:23,KSO,12/16/2020 4:29,KSO,f5ae2ccc-7e57-48b7-9c95-3d6417e68481,-123.1384407,48.17506725
937,Minnow,16,20180730,20180801,No,,,,No,0,0,Minnow-016_7/30/2018,48.17502609,-123.1385637,12/16/2020 4:23,KSO,12/16/2020 4:29,KSO,f4b6fd99-b051-44a9-8b8e-7d96b6537818,-123.1385637,48.17502609
938,Fukui,17,20180730,20180801,No,,,,No,0,0,Fukui-017_7/30/2018,48.17473318,-123.1386003,12/16/2020 4:23,KSO,12/16/2020 4:29,KSO,3e96d0f0-427c-44ac-8eb8-36b054bcea3c,-123.1386003,48.17473318
939,Minnow,17,20180730,20180801,No,,,,No,0,0,Minnow-017_7/30/2018,48.17466397,-123.1386243,12/16/2020 4:23,KSO,12/16/2020 4:29,KSO,868d7a58-7660-470c-877d-620715f7e811,-123.1386243,48.17466397
940,Fukui,18,20180730,20180801,No,,,,No,0,0,Fukui-018_7/30/2018,48.17471556,-123.1387902,12/16/2020 4:23,KSO,12/16/2020 4:29,KSO,a0b3e667-6c44-4456-8290-566b171e4e2b,-123.1387902,48.17471556
941,Fukui,8,20180730,20180801,No,,,,No,0,0,Fukui-008_7/30/2018,48.17376019,-123.136382,12/16/2020 4:23,KSO,12/16/2020 4:29,KSO,d960a97a-1144-4e7e-a1e1-c17544a4c965,-123.136382,48.17376019
942,Minnow,8,20180730,20180801,No,,,,No,0,0,Minnow-008_7/30/2018,48.17372094,-123.1362387,12/16/2020 4:23,KSO,12/16/2020 4:29,KSO,98bcfc7c-c26d-4c2e-8688-1798fccbb2c4,-123.1362387,48.17372094
943,Fukui,14,20180730,20180801,No,,,,No,0,0,Fukui-014_7/30/2018,48.17469541,-123.1379567,12/16/2020 4:23,KSO,12/16/2020 4:29,KSO,e651e6fb-6f53-4c70-b1c0-4eac2ab75714,-123.1379567,48.17469541
944,Minnow,301,20180730,20180801,No,Prospecting Trap #1,,,No,0,0,Minnow-301_7/30/2018,48.17483942,-123.1388245,12/16/2020 4:23,KSO,12/16/2020 4:29,KSO,92333bca-9895-4c4d-8da9-3c44916f17bc,-123.1388245,48.17483942
945,Minnow,305,20180730,20180801,No,Prospecting Trap #5,,,No,0,0,Minnow-305_7/30/2018,48.17527726,-123.1392022,12/16/2020 4:23,KSO,12/16/2020 4:29,KSO,1d1d3b54-11e1-45ac-b96e-6feee0a67dde,-123.1392022,48.17527726
946,Fukui,306,20180730,20180801,No,Prospecting Trap #6,,,No,0,0,Fukui-306_7/30/2018,48.17538789,-123.1390158,12/16/2020 4:23,KSO,12/16/2020 4:29,KSO,dbe42ff0-ae8d-4fe6-a78f-7488ca59e74a,-123.1390158,48.17538789
947,Fukui,304,20180730,20180801,No,Prospecting Trap #4,,,No,0,0,Fukui-304_7/30/2018,48.17529076,-123.1394059,12/16/2020 4:23,KSO,12/16/2020 4:29,KSO,eedab74a-4a71-468b-b057-d51c2e26e568,-123.1394059,48.17529076
948,Minnow,303,20180730,20180801,No,Prospecting Trap #3,,,No,0,0,Minnow-303_7/30/2018,48.17513579,-123.1393569,12/16/2020 4:23,KSO,12/16/2020 4:29,KSO,b2a24ef7-f4cc-483d-87c2-f0954084b465,-123.1393569,48.17513579
949,Fukui,302,20180730,20180801,No,Prospecting Trap #2,,,No,0,0,Fukui-302_7/30/2018,48.17497528,-123.1390709,12/16/2020 4:23,KSO,12/16/2020 4:29,KSO,18c5097c-ee92-4c4c-b933-72bca352442e,-123.1390709,48.17497528
950,Minnow,102,20180730,20180801,No,,,,No,0,0,Minnow-102_7/30/2018,48.14651874,-123.1835083,12/16/2020 4:23,KSO,12/16/2020 4:29,KSO,66ec386e-f5df-411b-892e-6a14c34b6e60,-123.1835083,48.14651874
951,Fukui,102,20180730,20180801,No,,,,No,0,0,Fukui-102_7/30/2018,48.14647411,-123.1835971,12/16/2020 4:23,KSO,12/16/2020 4:29,KSO,4fea4bb9-635c-4239-9a1f-f612725cdd38,-123.1835971,48.14647411
952,Minnow,101,20180730,20180801,No,,,,No,0,0,Minnow-101_7/30/2018,48.14649474,-123.1836975,12/16/2020 4:23,KSO,12/16/2020 4:29,KSO,9fa5e6a5-466f-458e-8ef6-25cc4ec991f2,-123.1836975,48.14649474
953,Fukui,101,20180730,20180801,No,,,,No,0,0,Fukui-101_7/30/2018,48.14651761,-123.1838004,12/16/2020 4:23,KSO,12/16/2020 4:29,KSO,f17dfd11-b238-40df-a4fd-68ae72d32d5b,-123.1838004,48.14651761
954,Minnow,102,20180716,20180718,No,,,,No,0,0,Minnow-102_7/16/2018,48.14651874,-123.1835083,12/16/2020 4:23,KSO,12/16/2020 4:29,KSO,b122b71d-cd41-4f41-9c7e-8195961120db,-123.1835083,48.14651874
955,Fukui,102,20180716,20180718,No,,,,No,0,0,Fukui-102_7/16/2018,48.14647411,-123.1835971,12/16/2020 4:23,KSO,12/16/2020 4:29,KSO,a42801fc-b1f3-4ec5-94f0-83b11780ba0c,-123.1835971,48.14647411
956,Minnow,101,20180716,20180718,No,,,,No,0,0,Minnow-101_7/16/2018,48.14649474,-123.1836975,12/16/2020 4:23,KSO,12/16/2020 4:29,KSO,e2ca379d-e572-480e-95f0-9b86bd979dd0,-123.1836975,48.14649474
957,Fukui,101,20180716,20180718,No,,,,No,0,0,Fukui-101_7/16/2018,48.14651761,-123.1838004,12/16/2020 4:23,KSO,12/16/2020 4:29,KSO,c4146a84-180e-4ac8-b5a6-1174aa961240,-123.1838004,48.14651761
958,Minnow,102,20180724,20180727,No,,,,No,0,0,Minnow-102_7/24/2018,48.14651874,-123.1835083,12/16/2020 4:23,KSO,12/16/2020 4:29,KSO,73d2e274-30fb-4869-a876-2ac1b1f0b179,-123.1835083,48.14651874
959,Fukui,102,20180724,20180727,No,,,,No,0,0,Fukui-102_7/24/2018,48.14647411,-123.1835971,12/16/2020 4:23,KSO,12/16/2020 4:29,KSO,1bfac36b-d09f-44e0-9d0e-b4ac2b9f0639,-123.1835971,48.14647411
960,Minnow,101,20180724,20180727,No,,,,No,0,0,Minnow-101_7/24/2018,48.14649474,-123.1836975,12/16/2020 4:23,KSO,12/16/2020 4:29,KSO,1461615f-166b-4aa2-acd7-dccd29a84c6c,-123.1836975,48.14649474
961,Fukui,101,20180724,20180727,No,,,,No,0,0,Fukui-101_7/24/2018,48.14651761,-123.1838004,12/16/2020 4:23,KSO,12/16/2020 4:29,KSO,537349b9-ff2f-4f5d-872b-895054e1a1c4,-123.1838004,48.14651761
962,Minnow,11,20180808,20180810,No,,,,No,0,0,Minnow-011_8/8/2018,48.17385994,-123.1360798,12/16/2020 4:23,KSO,12/16/2020 4:29,KSO,9172eec4-83b3-42d5-9893-d6906e1b285a,-123.1360798,48.17385994
963,Fukui,1,20180808,20180810,No,,,,No,0,0,Fukui-001_8/8/2018,48.1732705,-123.1374289,12/16/2020 4:23,KSO,12/16/2020 4:29,KSO,7e7317b8-01d2-4c66-a7a6-80f4da81d149,-123.1374289,48.1732705
964,Minnow,1,20180808,20180810,No,,,,No,0,0,Minnow-001_8/8/2018,48.17336181,-123.1374728,12/16/2020 4:23,KSO,12/16/2020 4:29,KSO,96b57a77-c873-4761-aada-e6ed5cd7ab40,-123.1374728,48.17336181
965,Fukui,2,20180808,20180810,No,,,,No,0,0,Fukui-002_8/8/2018,48.17344058,-123.137489,12/16/2020 4:23,KSO,12/16/2020 4:29,KSO,b589ddaf-7a93-40aa-b813-93977a0b8747,-123.137489,48.17344058
966,Minnow,2,20180808,20180810,No,,,,No,0,0,Minnow-002_8/8/2018,48.17352193,-123.1374981,12/16/2020 4:23,KSO,12/16/2020 4:29,KSO,a3734e04-d7d2-4c66-9ade-9fdc555e1ecb,-123.1374981,48.17352193
967,Fukui,3,20180808,20180810,No,,,,No,0,0,Fukui-003_8/8/2018,48.17358009,-123.137485,12/16/2020 4:23,KSO,12/16/2020 4:29,KSO,39958c0e-0b8d-463d-a25e-184cae750da9,-123.137485,48.17358009
968,Minnow,3,20180808,20180810,No,,,,No,0,0,Minnow-003_8/8/2018,48.1736586,-123.1374355,12/16/2020 4:23,KSO,12/16/2020 4:29,KSO,ea89a112-ff38-4acd-b29f-48a22347eb88,-123.1374355,48.1736586
969,Fukui,4,20180808,20180810,No,,,,No,0,0,Fukui-004_8/8/2018,48.17370759,-123.1373586,12/16/2020 4:23,KSO,12/16/2020 4:29,KSO,2f714e41-eb4e-46cb-90d6-02eb800a2dfd,-123.1373586,48.17370759
970,Minnow,4,20180808,20180810,No,,,,No,0,0,Minnow-004_8/8/2018,48.17351788,-123.1370704,12/16/2020 4:23,KSO,12/16/2020 4:29,KSO,5c923061-a68a-4503-816c-da178da3c30b,-123.1370704,48.17351788
971,Fukui,5,20180808,20180810,No,,,,No,0,0,Fukui-005_8/8/2018,48.17346247,-123.137026,12/16/2020 4:23,KSO,12/16/2020 4:29,KSO,ab2b303f-7912-4f97-a1d8-fe09ca50de13,-123.137026,48.17346247
972,Minnow,5,20180808,20180810,No,,,,No,0,0,Minnow-005_8/8/2018,48.17340715,-123.1369494,12/16/2020 4:23,KSO,12/16/2020 4:29,KSO,aa8dc241-bb2d-41b8-b0c4-ad978a1b0850,-123.1369494,48.17340715
973,Fukui,6,20180808,20180810,No,,,,No,0,0,Fukui-006_8/8/2018,48.17349668,-123.1366631,12/16/2020 4:23,KSO,12/16/2020 4:29,KSO,4319013f-d85f-4560-b7ff-a6bd8915c941,-123.1366631,48.17349668
974,Minnow,6,20180808,20180810,No,,,,No,0,0,Minnow-006_8/8/2018,48.17356201,-123.136627,12/16/2020 4:23,KSO,12/16/2020 4:29,KSO,96b8d4a5-8a98-4d74-b97c-f9a282919169,-123.136627,48.17356201
975,Fukui,7,20180808,20180810,No,,,,No,0,0,Fukui-007_8/8/2018,48.17363537,-123.1365817,12/16/2020 4:23,KSO,12/16/2020 4:29,KSO,9b582236-88d4-4fab-af2a-2dfe1b6aafc1,-123.1365817,48.17363537
976,Minnow,7,20180808,20180810,No,,,,No,0,0,Minnow-007_8/8/2018,48.1737049,-123.1364987,12/16/2020 4:23,KSO,12/16/2020 4:29,KSO,165d7a9e-206c-44e9-8af7-f97acf4924fe,-123.1364987,48.1737049
978,Minnow,9,20180808,20180810,No,,,,No,0,0,Minnow-009_8/8/2018,48.17390025,-123.1366909,12/16/2020 4:23,KSO,12/16/2020 4:29,KSO,a3222ec7-f2ed-4f3a-9b98-f7d462edd1b5,-123.1366909,48.17390025
979,Fukui,10,20180808,20180810,No,,,,No,0,0,Fukui-010_8/8/2018,48.17388743,-123.1367924,12/16/2020 4:23,KSO,12/16/2020 4:29,KSO,1f35508b-1682-4b50-a3ad-bf6f37e82ca9,-123.1367924,48.17388743
980,Minnow,10,20180808,20180810,No,,,,No,0,0,Minnow-010_8/8/2018,48.17388541,-123.1368864,12/16/2020 4:23,KSO,12/16/2020 4:29,KSO,2bf69cb7-42f5-45a2-aede-94e767d7773d,-123.1368864,48.17388541
981,Fukui,11,20180808,20180810,No,,,,No,0,0,Fukui-011_8/8/2018,48.17388929,-123.1370135,12/16/2020 4:23,KSO,12/16/2020 4:29,KSO,9b99dd61-3b72-413b-8301-3dffc9461239,-123.1370135,48.17388929
982,Fukui,12,20180808,20180810,No,,,,No,0,0,Fukui-012_8/8/2018,48.17443953,-123.1374855,12/16/2020 4:23,KSO,12/16/2020 4:29,KSO,17718eeb-b95b-43d8-88a2-dc493cfa872e,-123.1374855,48.17443953
983,Minnow,12,20180808,20180810,No,,,,No,0,0,Minnow-012_8/8/2018,48.17448613,-123.1375401,12/16/2020 4:23,KSO,12/16/2020 4:29,KSO,fa4c3d23-d628-4f60-a4e4-1ce92b214643,-123.1375401,48.17448613
985,Minnow,13,20180808,20180810,No,,,,No,0,0,Minnow-013_8/8/2018,48.17459121,-123.1380251,12/16/2020 4:23,KSO,12/16/2020 4:29,KSO,4a550ad9-0324-4713-9f53-fccb1d6cb249,-123.1380251,48.17459121
986,Minnow,14,20180808,20180810,No,,,,No,0,0,Minnow-014_8/8/2018,48.17489695,-123.1380006,12/16/2020 4:23,KSO,12/16/2020 4:29,KSO,fa172246-1596-41e0-8191-6978ab270048,-123.1380006,48.17489695
987,Fukui,15,20180808,20180810,No,,,,No,0,0,Fukui-015_8/8/2018,48.1749369,-123.1381723,12/16/2020 4:23,KSO,12/16/2020 4:29,KSO,abcd0856-7cdc-4b4f-8cf8-419780f54fa2,-123.1381723,48.1749369
988,Minnow,15,20180808,20180810,No,,,,No,0,0,Minnow-015_8/8/2018,48.17501044,-123.1383361,12/16/2020 4:23,KSO,12/16/2020 4:29,KSO,3a581d2c-1945-48e2-86dd-d5f9b2e7c341,-123.1383361,48.17501044
989,Fukui,16,20180808,20180810,No,,,,No,0,0,Fukui-016_8/8/2018,48.17506725,-123.1384407,12/16/2020 4:23,KSO,12/16/2020 4:29,KSO,341f123f-1cb5-4606-b25f-a00a068b8c21,-123.1384407,48.17506725
990,Minnow,16,20180808,20180810,No,,,,No,0,0,Minnow-016_8/8/2018,48.17502609,-123.1385637,12/16/2020 4:23,KSO,12/16/2020 4:29,KSO,1b5cc7c5-1e01-4c0f-9bc4-7d4dfdfaaf0f,-123.1385637,48.17502609
991,Fukui,17,20180808,20180810,No,,,,No,0,0,Fukui-017_8/8/2018,48.17473318,-123.1386003,12/16/2020 4:23,KSO,12/16/2020 4:29,KSO,640e3ce3-8e8a-4e13-b02d-ff88a5460d1d,-123.1386003,48.17473318
992,Minnow,17,20180808,20180810,No,,,,No,0,0,Minnow-017_8/8/2018,48.17466397,-123.1386243,12/16/2020 4:23,KSO,12/16/2020 4:29,KSO,ad348632-ceac-46ed-b1dc-41abda8592da,-123.1386243,48.17466397
993,Fukui,18,20180808,20180810,No,,,,No,0,0,Fukui-018_8/8/2018,48.17471556,-123.1387902,12/16/2020 4:23,KSO,12/16/2020 4:29,KSO,68323579-f7f0-4338-963b-8745b0e851b0,-123.1387902,48.17471556
994,Fukui,8,20180808,20180810,No,,,,No,0,0,Fukui-008_8/8/2018,48.17376019,-123.136382,12/16/2020 4:23,KSO,12/16/2020 4:29,KSO,78da2dbd-e97e-4e18-b54e-b74ebcb89114,-123.136382,48.17376019
995,Minnow,8,20180808,20180810,No,,,,No,0,0,Minnow-008_8/8/2018,48.17372094,-123.1362387,12/16/2020 4:23,KSO,12/16/2020 4:29,KSO,d67236fe-847a-4b88-a369-ac8a85324d45,-123.1362387,48.17372094
996,Fukui,14,20180808,20180810,No,,,,No,0,0,Fukui-014_8/8/2018,48.17469541,-123.1379567,12/16/2020 4:23,KSO,12/16/2020 4:29,KSO,d5d4e97c-8b54-402d-b1e1-16ec5fea5ca2,-123.1379567,48.17469541
997,Minnow,301,20180808,20180810,No,Prospecting Trap #1,,,No,0,0,Minnow-301_8/8/2018,48.17483942,-123.1388245,12/16/2020 4:23,KSO,12/16/2020 4:29,KSO,f1e4062e-7d9b-4d51-b6cb-08893ada6ad7,-123.1388245,48.17483942
998,Minnow,305,20180808,20180810,No,Prospecting Trap #5,,,No,0,0,Minnow-305_8/8/2018,48.17527726,-123.1392022,12/16/2020 4:23,KSO,12/16/2020 4:29,KSO,68de1ad9-0a0a-4931-969c-c20cec110a46,-123.1392022,48.17527726
999,Fukui,306,20180808,20180810,No,Prospecting Trap #6,,,No,0,0,Fukui-306_8/8/2018,48.17538789,-123.1390158,12/16/2020 4:23,KSO,12/16/2020 4:29,KSO,03c9542f-03e9-4554-9b01-268d973729b5,-123.1390158,48.17538789
1000,Fukui,304,20180808,20180810,No,Prospecting Trap #4,,,No,0,0,Fukui-304_8/8/2018,48.17529076,-123.1394059,12/16/2020 4:23,KSO,12/16/2020 4:29,KSO,7c822c75-8b72-4335-b2e5-4ce90d29cbc2,-123.1394059,48.17529076
1001,Minnow,303,20180808,20180810,No,Prospecting Trap #3,,,No,0,0,Minnow-303_8/8/2018,48.17513579,-123.1393569,12/16/2020 4:23,KSO,12/16/2020 4:29,KSO,d582567e-fbc5-471f-9740-3b401892c537,-123.1393569,48.17513579
1002,Fukui,302,20180808,20180810,No,Prospecting Trap #2,,,No,0,0,Fukui-302_8/8/2018,48.17497528,-123.1390709,12/16/2020 4:23,KSO,12/16/2020 4:29,KSO,ae15c840-71d2-4e5b-8761-9c56e37f32f7,-123.1390709,48.17497528
1003,Minnow,103,20180808,20180810,No,MMP 385,,,No,0,0,Minnow-103_8/8/2018,48.14665801,-123.1835593,12/16/2020 4:23,KSO,12/16/2020 4:29,KSO,f2097c2d-856b-41fb-82ae-79fd9fdaef22,-123.1835592,48.14665801
1004,Fukui,103,20180808,20180810,No,MMP 385,,,No,0,0,Fukui-103_8/8/2018,48.14660129,-123.1834839,12/16/2020 4:23,KSO,12/16/2020 4:29,KSO,22040586-5b0b-4f3c-bceb-10c80d1689a4,-123.1834839,48.14660129
1005,Minnow,102,20180808,20180810,No,MMP 385,,,No,0,0,Minnow-102_8/8/2018,48.14651874,-123.1835083,12/16/2020 4:23,KSO,12/16/2020 4:29,KSO,17c244eb-b1b9-4774-a22d-fae970aa30a4,-123.1835083,48.14651874
1006,Fukui,102,20180808,20180810,No,MMP 385,,,No,0,0,Fukui-102_8/8/2018,48.14647411,-123.1835971,12/16/2020 4:23,KSO,12/16/2020 4:29,KSO,4a9d13c3-0526-47d5-815e-eba7ed635d61,-123.1835971,48.14647411
1007,Minnow,101,20180808,20180810,No,MMP 385,,,No,0,0,Minnow-101_8/8/2018,48.14649474,-123.1836975,12/16/2020 4:23,KSO,12/16/2020 4:29,KSO,893b5ef2-09b1-43a2-ad95-92fdd07b262c,-123.1836975,48.14649474
1008,Fukui,101,20180808,20180810,No,MMP 385,,,No,0,0,Fukui-101_8/8/2018,48.14651761,-123.1838004,12/16/2020 4:23,KSO,12/16/2020 4:29,KSO,6cab3b88-d136-4ece-8164-518e9ceb5bcf,-123.1838004,48.14651761
1009,Minnow,11,20180813,20180815,No,,,,No,0,0,Minnow-011_8/13/2018,48.17385994,-123.1360798,12/16/2020 4:23,KSO,12/16/2020 4:29,KSO,eae3586b-b0d6-4977-90d0-6cc2b32c6cdd,-123.1360798,48.17385994
1010,Fukui,1,20180813,20180815,No,,,,No,0,0,Fukui-001_8/13/2018,48.1732705,-123.1374289,12/16/2020 4:23,KSO,12/16/2020 4:29,KSO,e726a359-a375-4cb1-8a3f-b0bcfb825ea5,-123.1374289,48.1732705
1011,Minnow,1,20180813,20180815,No,,,,No,0,0,Minnow-001_8/13/2018,48.17336181,-123.1374728,12/16/2020 4:23,KSO,12/16/2020 4:29,KSO,90759ae8-6ef5-4f1f-9e86-4d9fad2de2b0,-123.1374728,48.17336181
1012,Fukui,2,20180813,20180815,No,,,,No,0,0,Fukui-002_8/13/2018,48.17344058,-123.137489,12/16/2020 4:23,KSO,12/16/2020 4:29,KSO,8dcd0a5c-93b6-486d-af70-21fc9b2447dc,-123.137489,48.17344058
1013,Minnow,2,20180813,20180815,No,,,,No,0,0,Minnow-002_8/13/2018,48.17352193,-123.1374981,12/16/2020 4:23,KSO,12/16/2020 4:29,KSO,63592448-dbd9-4b05-ab37-40d342426296,-123.1374981,48.17352193
1014,Fukui,3,20180813,20180815,No,,,,No,0,0,Fukui-003_8/13/2018,48.17358009,-123.137485,12/16/2020 4:23,KSO,12/16/2020 4:29,KSO,e0249631-f0a4-4c37-809c-35c3544e177a,-123.137485,48.17358009
1015,Minnow,3,20180813,20180815,No,,,,No,0,0,Minnow-003_8/13/2018,48.1736586,-123.1374355,12/16/2020 4:23,KSO,12/16/2020 4:29,KSO,1d9f1e7d-0a6d-4988-b220-c37f5efb402d,-123.1374355,48.1736586
1016,Fukui,4,20180813,20180815,No,,,,No,0,0,Fukui-004_8/13/2018,48.17370759,-123.1373586,12/16/2020 4:23,KSO,12/16/2020 4:29,KSO,89ef5de5-4921-4de2-ae2f-5592c43e13df,-123.1373586,48.17370759
1017,Minnow,4,20180813,20180815,No,,,,No,0,0,Minnow-004_8/13/2018,48.17351788,-123.1370704,12/16/2020 4:23,KSO,12/16/2020 4:29,KSO,6397543f-5360-4a0a-9142-4ad69edafdbc,-123.1370704,48.17351788
1018,Fukui,5,20180813,20180815,No,,,,No,0,0,Fukui-005_8/13/2018,48.17346247,-123.137026,12/16/2020 4:23,KSO,12/16/2020 4:29,KSO,68c748dc-df3f-4459-bb73-5f915caaf987,-123.137026,48.17346247
1019,Minnow,5,20180813,20180815,No,,,,No,0,0,Minnow-005_8/13/2018,48.17340715,-123.1369494,12/16/2020 4:23,KSO,12/16/2020 4:29,KSO,41989b34-16a5-4fc1-938b-838d6e92061f,-123.1369494,48.17340715
1020,Fukui,6,20180813,20180815,No,,,,No,0,0,Fukui-006_8/13/2018,48.17349668,-123.1366631,12/16/2020 4:23,KSO,12/16/2020 4:29,KSO,e96f4719-6915-4fba-9080-14229999c6a1,-123.1366631,48.17349668
1021,Minnow,6,20180813,20180815,No,,,,No,0,0,Minnow-006_8/13/2018,48.17356201,-123.136627,12/16/2020 4:23,KSO,12/16/2020 4:29,KSO,331c8de8-7fc6-4eae-8f8c-8ffc73f3260e,-123.136627,48.17356201
1022,Fukui,7,20180813,20180815,No,,,,No,0,0,Fukui-007_8/13/2018,48.17363537,-123.1365817,12/16/2020 4:23,KSO,12/16/2020 4:29,KSO,814d5d5e-5b6f-4d17-8a1b-acc0a2d074f1,-123.1365817,48.17363537
1023,Minnow,7,20180813,20180815,No,,,,No,0,0,Minnow-007_8/13/2018,48.1737049,-123.1364987,12/16/2020 4:23,KSO,12/16/2020 4:29,KSO,8ecf7ed3-4efb-4e8f-927b-8faffdcb31ce,-123.1364987,48.1737049
1024,Fukui,9,20180813,20180815,No,,,,No,0,0,Fukui-009_8/13/2018,48.17381197,-123.1360518,12/16/2020 4:23,KSO,12/16/2020 4:29,KSO,a39d2b31-12dd-4ac7-86ff-741304d77bfa,-123.1360518,48.17381197
1025,Minnow,9,20180813,20180815,No,,,,No,0,0,Minnow-009_8/13/2018,48.17390025,-123.1366909,12/16/2020 4:23,KSO,12/16/2020 4:29,KSO,6eecdf78-6fe0-4132-a71c-7c952c7df467,-123.1366909,48.17390025
1026,Fukui,10,20180813,20180815,No,,,,No,0,0,Fukui-010_8/13/2018,48.17388743,-123.1367924,12/16/2020 4:23,KSO,12/16/2020 4:29,KSO,eb1331d9-688f-4ccd-8cfc-407b0c17bd9d,-123.1367924,48.17388743
1027,Minnow,10,20180813,20180815,No,,,,No,0,0,Minnow-010_8/13/2018,48.17388541,-123.1368864,12/16/2020 4:23,KSO,12/16/2020 4:29,KSO,354dd051-3e37-4b65-9da2-962a4f24efdc,-123.1368864,48.17388541
1028,Fukui,11,20180813,20180815,No,,,,No,0,0,Fukui-011_8/13/2018,48.17388929,-123.1370135,12/16/2020 4:23,KSO,12/16/2020 4:29,KSO,1f1596fa-c19d-4ff4-9253-c90cc3fcb1cc,-123.1370135,48.17388929
1029,Fukui,12,20180813,20180815,No,,,,No,0,0,Fukui-012_8/13/2018,48.17443953,-123.1374855,12/16/2020 4:23,KSO,12/16/2020 4:29,KSO,09dbbd58-736d-44d3-a0ec-602706ae6f4d,-123.1374855,48.17443953
1030,Minnow,12,20180813,20180815,No,,,,No,0,0,Minnow-012_8/13/2018,48.17448613,-123.1375401,12/16/2020 4:23,KSO,12/16/2020 4:29,KSO,62fdff79-1b9d-4728-b24c-798caf8a76d6,-123.1375401,48.17448613
1031,Fukui,13,20180813,20180815,No,,,,No,0,0,Fukui-013_8/13/2018,48.17454625,-123.1379317,12/16/2020 4:23,KSO,12/16/2020 4:29,KSO,69d1aaf2-4516-4d88-83c1-1548aa9c660a,-123.1379317,48.17454625
1032,Minnow,13,20180813,20180815,No,,,,No,0,0,Minnow-013_8/13/2018,48.17459121,-123.1380251,12/16/2020 4:23,KSO,12/16/2020 4:29,KSO,b4b66030-c9f2-47a2-9e20-6cf62f0e4ecc,-123.1380251,48.17459121
1033,Minnow,14,20180813,20180815,No,,,,No,0,0,Minnow-014_8/13/2018,48.17489695,-123.1380006,12/16/2020 4:23,KSO,12/16/2020 4:29,KSO,40b0f762-27b7-4b01-81b4-a31281de4854,-123.1380006,48.17489695
1034,Fukui,15,20180813,20180815,No,,,,No,0,0,Fukui-015_8/13/2018,48.1749369,-123.1381723,12/16/2020 4:23,KSO,12/16/2020 4:29,KSO,d4a8fbf0-3b46-4ff6-93b3-dbd392a19a82,-123.1381723,48.1749369
1035,Minnow,15,20180813,20180815,No,,,,No,0,0,Minnow-015_8/13/2018,48.17501044,-123.1383361,12/16/2020 4:23,KSO,12/16/2020 4:29,KSO,f30e9633-55e7-4e47-bda9-f4ac1847311a,-123.1383361,48.17501044
1036,Fukui,16,20180813,20180815,No,,,,No,0,0,Fukui-016_8/13/2018,48.17506725,-123.1384407,12/16/2020 4:23,KSO,12/16/2020 4:29,KSO,746e2588-e7b9-4ada-933e-ad4c19199355,-123.1384407,48.17506725
1037,Minnow,16,20180813,20180815,No,,,,No,0,0,Minnow-016_8/13/2018,48.17502609,-123.1385637,12/16/2020 4:23,KSO,12/16/2020 4:29,KSO,ac8e078d-660b-4522-806a-deb98bb977e3,-123.1385637,48.17502609
1038,Fukui,17,20180813,20180815,No,,,,No,0,0,Fukui-017_8/13/2018,48.17473318,-123.1386003,12/16/2020 4:23,KSO,12/16/2020 4:29,KSO,4f4ee079-1574-4f9e-9f3b-f93dc2d0ce6d,-123.1386003,48.17473318
1039,Minnow,17,20180813,20180815,No,,,,No,0,0,Minnow-017_8/13/2018,48.17466397,-123.1386243,12/16/2020 4:23,KSO,12/16/2020 4:29,KSO,3fd2f5eb-01fc-4766-b32f-b9e77a63fec0,-123.1386243,48.17466397
1040,Fukui,18,20180813,20180815,No,,,,No,0,0,Fukui-018_8/13/2018,48.17471556,-123.1387902,12/16/2020 4:23,KSO,12/16/2020 4:29,KSO,cefd9b2b-78a3-4879-a3d9-e9209309471c,-123.1387902,48.17471556
1041,Fukui,8,20180813,20180815,No,,,,No,0,0,Fukui-008_8/13/2018,48.17376019,-123.136382,12/16/2020 4:23,KSO,12/16/2020 4:29,KSO,ad5e29e0-c3a8-41e3-8a6b-bd5673318a77,-123.136382,48.17376019
1042,Minnow,8,20180813,20180815,No,,,,No,0,0,Minnow-008_8/13/2018,48.17372094,-123.1362387,12/16/2020 4:23,KSO,12/16/2020 4:29,KSO,bd011eca-8132-4a24-94bf-108d8a7afaa7,-123.1362387,48.17372094
1043,Fukui,14,20180813,20180815,No,,,,No,0,0,Fukui-014_8/13/2018,48.17469541,-123.1379567,12/16/2020 4:23,KSO,12/16/2020 4:29,KSO,f6c0e81b-873b-4652-bbae-18a55bdbb6c3,-123.1379567,48.17469541
1044,Minnow,301,20180813,20180815,No,Prospecting Trap #1,,,No,0,0,Minnow-301_8/13/2018,48.17483942,-123.1388245,12/16/2020 4:23,KSO,12/16/2020 4:29,KSO,3f26e53c-757b-4790-8486-69c2e6934742,-123.1388245,48.17483942
1045,Minnow,305,20180813,20180815,No,Prospecting Trap #5,,,No,0,0,Minnow-305_8/13/2018,48.17527726,-123.1392022,12/16/2020 4:23,KSO,12/16/2020 4:29,KSO,242c70e3-469e-4613-9a1f-d61629ff08a5,-123.1392022,48.17527726
1046,Fukui,306,20180813,20180815,No,Prospecting Trap #6,,,No,0,0,Fukui-306_8/13/2018,48.17538789,-123.1390158,12/16/2020 4:23,KSO,12/16/2020 4:29,KSO,7325ace5-0c54-40c0-9034-e9d402b44a93,-123.1390158,48.17538789
1047,Fukui,304,20180813,20180815,No,Prospecting Trap #4,,,No,0,0,Fukui-304_8/13/2018,48.17529076,-123.1394059,12/16/2020 4:23,KSO,12/16/2020 4:29,KSO,cd90a1b0-2ac7-4106-b59a-1c62ec33a8d8,-123.1394059,48.17529076
1048,Minnow,303,20180813,20180815,No,Prospecting Trap #3,,,No,0,0,Minnow-303_8/13/2018,48.17513579,-123.1393569,12/16/2020 4:23,KSO,12/16/2020 4:29,KSO,c8c1b70c-2737-4e17-90d4-77b3d0c59f44,-123.1393569,48.17513579
1049,Fukui,302,20180813,20180815,No,Prospecting Trap #2,,,No,0,0,Fukui-302_8/13/2018,48.17497528,-123.1390709,12/16/2020 4:23,KSO,12/16/2020 4:29,KSO,c83dd3e6-c106-4e96-b9d9-f762ba668996,-123.1390709,48.17497528
1050,Fukui,201,20180813,20180814,No,MMP 383,,,No,0,0,Fukui-201_8/13/2018,48.17653012,-123.1279037,12/16/2020 4:23,KSO,12/16/2020 4:29,KSO,b55215d0-db33-4f7c-bcc4-5a8aa80778a3,-123.1279037,48.17653012
1051,Minnow,201,20180813,20180814,No,MMP 383,,,No,0,0,Minnow-201_8/13/2018,48.17653986,-123.1277789,12/16/2020 4:23,KSO,12/16/2020 4:29,KSO,836d2229-c6b4-4bc6-bb38-05913439d0d3,-123.1277789,48.17653986
1052,Minnow,202,20180813,20180814,No,MMP 383,,,No,0,0,Minnow-202_8/13/2018,48.17650869,-123.128026,12/16/2020 4:23,KSO,12/16/2020 4:29,KSO,48005f24-fc66-44c6-a2e9-4d5cd8c09229,-123.128026,48.17650869
1053,Fukui,202,20180813,20180814,No,MMP 383,,,No,0,0,Fukui-202_8/13/2018,48.1764825,-123.1281358,12/16/2020 4:23,KSO,12/16/2020 4:29,KSO,5e887939-482e-4a35-bd1a-88304cc7c1bf,-123.1281358,48.1764825
1054,Minnow,203,20180813,20180814,No,MMP 383,,,No,0,0,Minnow-203_8/13/2018,48.17642933,-123.1282775,12/16/2020 4:23,KSO,12/16/2020 4:29,KSO,809474ac-28f9-4e0e-9f60-3ea2fb0810eb,-123.1282775,48.17642933
1055,Fukui,203,20180813,20180814,No,MMP 383,,,No,0,0,Fukui-203_8/13/2018,48.1763934,-123.1284157,12/16/2020 4:23,KSO,12/16/2020 4:29,KSO,ebf82e7c-4e29-489a-870e-72b45df42181,-123.1284157,48.1763934
1056,Minnow,102,20180813,20180815,No,,,,No,0,0,Minnow-102_8/13/2018,48.14651874,-123.1835083,12/16/2020 4:23,KSO,12/16/2020 4:29,KSO,8226d2d5-c120-4929-8454-01d601bc9726,-123.1835083,48.14651874
1057,Fukui,102,20180813,20180815,No,,,,No,0,0,Fukui-102_8/13/2018,48.14647411,-123.1835971,12/16/2020 4:23,KSO,12/16/2020 4:29,KSO,c85dde85-2a67-4053-bffa-f83bcbddd676,-123.1835971,48.14647411
1058,Minnow,101,20180813,20180815,No,,,,No,0,0,Minnow-101_8/13/2018,48.14649474,-123.1836975,12/16/2020 4:23,KSO,12/16/2020 4:29,KSO,2fd210a4-75f9-436e-a966-303d6595c605,-123.1836975,48.14649474
1059,Fukui,101,20180813,20180815,No,,,,No,0,0,Fukui-101_8/13/2018,48.14651761,-123.1838004,12/16/2020 4:23,KSO,12/16/2020 4:29,KSO,906c8864-5996-4c1d-bffb-b09b1575c5a8,-123.1838004,48.14651761
1060,Minnow,102,20180827,20180830,No,,,,No,0,0,Minnow-102_8/27/2018,48.14651874,-123.1835083,12/16/2020 4:23,KSO,12/16/2020 4:29,KSO,cb2a10ac-2d83-4db9-aa12-4b3e6a28c212,-123.1835083,48.14651874
1061,Fukui,102,20180827,20180830,No,,,,No,0,0,Fukui-102_8/27/2018,48.14647411,-123.1835971,12/16/2020 4:23,KSO,12/16/2020 4:29,KSO,021cb486-8d1d-47ca-90d8-f7fc06e10671,-123.1835971,48.14647411
1062,Minnow,101,20180827,20180830,No,,,,No,0,0,Minnow-101_8/27/2018,48.14649474,-123.1836975,12/16/2020 4:23,KSO,12/16/2020 4:29,KSO,34448a54-07cf-4faa-83ad-8f6bfd36467f,-123.1836975,48.14649474
1063,Fukui,101,20180827,20180830,No,,,,No,0,0,Fukui-101_8/27/2018,48.14651761,-123.1838004,12/16/2020 4:23,KSO,12/16/2020 4:29,KSO,9c284af9-a10f-4356-bfb4-399f039aa2e5,-123.1838004,48.14651761
1064,Minnow,11,20180827,20180830,No,,,,No,0,0,Minnow-011_8/27/2018,48.17385994,-123.1360798,12/16/2020 4:23,KSO,12/16/2020 4:29,KSO,f1a95546-4c0d-4d5a-802b-fb40aac077b6,-123.1360798,48.17385994
1065,Fukui,1,20180827,20180830,No,,,,No,0,0,Fukui-001_8/27/2018,48.1732705,-123.1374289,12/16/2020 4:23,KSO,12/16/2020 4:29,KSO,b98ba13b-437b-468e-8ed9-f132bdd5ec94,-123.1374289,48.1732705
1066,Minnow,1,20180827,20180830,No,,,,No,0,0,Minnow-001_8/27/2018,48.17336181,-123.1374728,12/16/2020 4:23,KSO,12/16/2020 4:29,KSO,55562d98-807d-40be-9f9d-89bfffbea44c,-123.1374728,48.17336181
1067,Fukui,2,20180827,20180830,No,,,,No,0,0,Fukui-002_8/27/2018,48.17344058,-123.137489,12/16/2020 4:23,KSO,12/16/2020 4:29,KSO,f6f3a56b-b3d9-486b-8e9c-a250a8b100e4,-123.137489,48.17344058
1068,Minnow,2,20180827,20180830,No,,,,No,0,0,Minnow-002_8/27/2018,48.17352193,-123.1374981,12/16/2020 4:23,KSO,12/16/2020 4:29,KSO,ccb17992-e34d-47ba-bd37-53a6ee0a8b54,-123.1374981,48.17352193
1069,Fukui,3,20180827,20180830,No,,,,No,0,0,Fukui-003_8/27/2018,48.17358009,-123.137485,12/16/2020 4:23,KSO,12/16/2020 4:29,KSO,4db99de9-bea8-41f8-a714-0129da9d5efa,-123.137485,48.17358009
1070,Minnow,3,20180827,20180830,No,,,,No,0,0,Minnow-003_8/27/2018,48.1736586,-123.1374355,12/16/2020 4:23,KSO,12/16/2020 4:29,KSO,0ce913aa-aaa2-4655-8346-ea7d3e900a54,-123.1374355,48.1736586
1071,Fukui,4,20180827,20180830,No,,,,No,0,0,Fukui-004_8/27/2018,48.17370759,-123.1373586,12/16/2020 4:23,KSO,12/16/2020 4:29,KSO,15375653-6cc0-4a80-9e24-4c7e69b4b70d,-123.1373586,48.17370759
1072,Minnow,4,20180827,20180830,No,,,,No,0,0,Minnow-004_8/27/2018,48.17351788,-123.1370704,12/16/2020 4:23,KSO,12/16/2020 4:29,KSO,b77cb924-80cb-42aa-84a0-6d68f01ba153,-123.1370704,48.17351788
1073,Fukui,5,20180827,20180830,No,,,,No,0,0,Fukui-005_8/27/2018,48.17346247,-123.137026,12/16/2020 4:23,KSO,12/16/2020 4:29,KSO,c2e8e796-7c92-4973-b011-934eb6beefa1,-123.137026,48.17346247
1074,Minnow,5,20180827,20180830,No,,,,No,0,0,Minnow-005_8/27/2018,48.17340715,-123.1369494,12/16/2020 4:23,KSO,12/16/2020 4:29,KSO,bab260d1-4490-4ce7-96be-4eb63da69979,-123.1369494,48.17340715
1075,Fukui,6,20180827,20180830,No,,,,No,0,0,Fukui-006_8/27/2018,48.17349668,-123.1366631,12/16/2020 4:23,KSO,12/16/2020 4:29,KSO,f1560a71-45a2-4ee0-bc75-5a4346ce725d,-123.1366631,48.17349668
1076,Minnow,6,20180827,20180830,No,,,,No,0,0,Minnow-006_8/27/2018,48.17356201,-123.136627,12/16/2020 4:23,KSO,12/16/2020 4:29,KSO,42cef1ec-0261-4e32-a63f-f5bdd751bbbd,-123.136627,48.17356201
1077,Fukui,7,20180827,20180830,No,,,,No,0,0,Fukui-007_8/27/2018,48.17363537,-123.1365817,12/16/2020 4:23,KSO,12/16/2020 4:29,KSO,73cafa7e-3741-4375-8f18-89b6d670395a,-123.1365817,48.17363537
1078,Minnow,7,20180827,20180830,No,,,,No,0,0,Minnow-007_8/27/2018,48.1737049,-123.1364987,12/16/2020 4:23,KSO,12/16/2020 4:29,KSO,8b647d60-9b40-4125-a46c-2120e78a654b,-123.1364987,48.1737049
1079,Fukui,9,20180827,20180830,No,,,,No,0,0,Fukui-009_8/27/2018,48.17381197,-123.1360518,12/16/2020 4:23,KSO,12/16/2020 4:29,KSO,33bcbfed-4acd-4c09-8336-d3a3bd5540bf,-123.1360518,48.17381197
1080,Minnow,9,20180827,20180830,No,,,,No,0,0,Minnow-009_8/27/2018,48.17390025,-123.1366909,12/16/2020 4:23,KSO,12/16/2020 4:29,KSO,5c2f18a3-a50a-473d-8129-249295c2c431,-123.1366909,48.17390025
1081,Fukui,10,20180827,20180830,No,,,,No,0,0,Fukui-010_8/27/2018,48.17388743,-123.1367924,12/16/2020 4:23,KSO,12/16/2020 4:29,KSO,d0331e35-7493-4619-9f13-0bf2412ca3be,-123.1367924,48.17388743
1082,Minnow,10,20180827,20180830,No,,,,No,0,0,Minnow-010_8/27/2018,48.17388541,-123.1368864,12/16/2020 4:23,KSO,12/16/2020 4:29,KSO,637af07b-c0c5-416f-bf58-424bdb425899,-123.1368864,48.17388541
1083,Fukui,11,20180827,20180830,No,,,,No,0,0,Fukui-011_8/27/2018,48.17388929,-123.1370135,12/16/2020 4:23,KSO,12/16/2020 4:29,KSO,cef9bd28-afd9-4337-8d3b-326177ac28f2,-123.1370135,48.17388929
1084,Fukui,12,20180827,20180830,No,,,,No,0,0,Fukui-012_8/27/2018,48.17443953,-123.1374855,12/16/2020 4:23,KSO,12/16/2020 4:29,KSO,206b9762-859d-49e3-a9f0-596e9619ad8d,-123.1374855,48.17443953
1086,Fukui,13,20180827,20180830,No,,,,No,0,0,Fukui-013_8/27/2018,48.17454625,-123.1379317,12/16/2020 4:23,KSO,12/16/2020 4:29,KSO,c4becc1f-762f-4b78-9e44-1668b7eac3c0,-123.1379317,48.17454625
1087,Minnow,13,20180827,20180830,No,,,,No,0,0,Minnow-013_8/27/2018,48.17459121,-123.1380251,12/16/2020 4:23,KSO,12/16/2020 4:29,KSO,a14a3485-1d25-4c87-a60f-cf11fdeebbb9,-123.1380251,48.17459121
1088,Minnow,14,20180827,20180830,No,,,,No,0,0,Minnow-014_8/27/2018,48.17489695,-123.1380006,12/16/2020 4:23,KSO,12/16/2020 4:29,KSO,2e5ce736-01f9-4f4e-be5a-558755b3d3b9,-123.1380006,48.17489695
1089,Fukui,15,20180827,20180830,No,,,,No,0,0,Fukui-015_8/27/2018,48.1749369,-123.1381723,12/16/2020 4:23,KSO,12/16/2020 4:29,KSO,b18499d3-6327-4a9f-8e2e-79883a6f43f3,-123.1381723,48.1749369
1090,Minnow,15,20180827,20180830,No,,,,No,0,0,Minnow-015_8/27/2018,48.17501044,-123.1383361,12/16/2020 4:23,KSO,12/16/2020 4:29,KSO,cc6926a3-fedb-4e41-a30a-d50138dbc95d,-123.1383361,48.17501044
1091,Fukui,16,20180827,20180830,No,,,,No,0,0,Fukui-016_8/27/2018,48.17506725,-123.1384407,12/16/2020 4:23,KSO,12/16/2020 4:29,KSO,fe2f2d71-ab41-4c08-8109-f66620a1b66d,-123.1384407,48.17506725
1092,Minnow,16,20180827,20180830,No,,,,No,0,0,Minnow-016_8/27/2018,48.17502609,-123.1385637,12/16/2020 4:23,KSO,12/16/2020 4:29,KSO,3be31f38-9afa-450d-b94e-eab17c8c58e9,-123.1385637,48.17502609
1093,Fukui,17,20180827,20180830,No,,,,No,0,0,Fukui-017_8/27/2018,48.17473318,-123.1386003,12/16/2020 4:23,KSO,12/16/2020 4:29,KSO,59f7c3df-4b51-4da3-a566-47e1a4c29cdc,-123.1386003,48.17473318
1094,Minnow,17,20180827,20180830,No,,,,No,0,0,Minnow-017_8/27/2018,48.17466397,-123.1386243,12/16/2020 4:23,KSO,12/16/2020 4:29,KSO,68d78fad-12ed-4b7d-bf6c-8620968923c3,-123.1386243,48.17466397
1095,Fukui,18,20180827,20180830,No,,,,No,0,0,Fukui-018_8/27/2018,48.17471556,-123.1387902,12/16/2020 4:23,KSO,12/16/2020 4:29,KSO,c8c7661a-a851-467f-9a7d-b1b73f20c4a2,-123.1387902,48.17471556
1096,Fukui,8,20180827,20180830,No,,,,No,0,0,Fukui-008_8/27/2018,48.17376019,-123.136382,12/16/2020 4:23,KSO,12/16/2020 4:29,KSO,32c87bce-f4d5-4a8c-8b59-9d7a0f9dcffe,-123.136382,48.17376019
1097,Minnow,8,20180827,20180830,No,,,,No,0,0,Minnow-008_8/27/2018,48.17372094,-123.1362387,12/16/2020 4:23,KSO,12/16/2020 4:29,KSO,9686c289-88d7-434e-a4d9-61bd1529a657,-123.1362387,48.17372094
1098,Fukui,14,20180827,20180830,No,,,,No,0,0,Fukui-014_8/27/2018,48.17469541,-123.1379567,12/16/2020 4:23,KSO,12/16/2020 4:29,KSO,64fad0ff-c805-4d3f-b398-eaeeec757469,-123.1379567,48.17469541
1099,Minnow,301,20180717,20180718,No,Prospecting Trap #1,,,No,0,0,Minnow-301_7/17/2018,48.17483942,-123.1388245,12/16/2020 4:23,KSO,12/16/2020 4:29,KSO,8318c514-f2c1-42b7-b2eb-0385e5de032c,-123.1388245,48.17483942
1100,Minnow,305,20180717,20180718,No,Prospecting Trap #5,,,No,0,0,Minnow-305_7/17/2018,48.17527726,-123.1392022,12/16/2020 4:23,KSO,12/16/2020 4:29,KSO,20664ca8-d73a-468c-8584-492263f4bdb1,-123.1392022,48.17527726
1101,Fukui,306,20180717,20180718,No,Prospecting Trap #6,,,No,0,0,Fukui-306_7/17/2018,48.17538789,-123.1390158,12/16/2020 4:23,KSO,12/16/2020 4:29,KSO,e13df056-e845-44c2-a49f-73273449512d,-123.1390158,48.17538789
1102,Fukui,304,20180716,20180718,No,Prospecting Trap #4,,,No,0,0,Fukui-304_7/16/2018,48.17529076,-123.1394059,12/16/2020 4:23,KSO,12/16/2020 4:29,KSO,defce5bd-c370-4353-86a5-a51142d278fb,-123.1394059,48.17529076
1103,Minnow,303,20180717,20180718,No,Prospecting Trap #3,,,No,0,0,Minnow-303_7/17/2018,48.17513579,-123.1393569,12/16/2020 4:23,KSO,12/16/2020 4:29,KSO,01c83652-2fb0-4851-adc1-4e7683073d51,-123.1393569,48.17513579
1104,Fukui,302,20180716,20180717,No,Prospecting Trap #2,,,No,0,0,Fukui-302_7/16/2018,48.17497528,-123.1390709,12/16/2020 4:23,KSO,12/16/2020 4:29,KSO,b0339b27-3014-4673-b35f-b5403031725e,-123.1390709,48.17497528
1105,Minnow,301,20180920,20180921,No,Prospecting Trap #1,,,No,0,0,Minnow-301_9/20/2018,48.1742348,-123.1372217,12/16/2020 4:23,KSO,12/16/2020 4:29,KSO,bd66efee-a5a8-4ade-a69a-d5e78c997bd9,-123.1372217,48.1742348
1106,Fukui,302,20180920,20180921,No,Prospecting Trap #2,,,No,0,0,Fukui-302_9/20/2018,48.17434728,-123.1374645,12/16/2020 4:23,KSO,12/16/2020 4:29,KSO,2f753575-decb-4a2a-ae4a-545006aef7aa,-123.1374645,48.17434728
1107,Minnow,303,20180920,20180921,No,Prospecting Trap #3,,,No,0,0,Minnow-303_9/20/2018,48.17449131,-123.1378321,12/16/2020 4:23,KSO,12/16/2020 4:29,KSO,7b2d1c86-b0e6-4aec-9f1f-707814ca052e,-123.1378321,48.17449131
1108,Fukui,304,20180920,20180921,No,Prospecting Trap #4,,,No,0,0,Fukui-304_9/20/2018,48.1748252,-123.1379469,12/16/2020 4:23,KSO,12/16/2020 4:29,KSO,9b27d6cb-5c7c-45c4-9da8-4760bfbdabbf,-123.1379469,48.1748252
1109,Fukui,305,20180920,20180921,No,Prospecting Trap #5,,,No,0,0,Fukui-305_9/20/2018,48.1749615,-123.1380869,12/16/2020 4:23,KSO,12/16/2020 4:29,KSO,26b2e6d5-a15c-4661-b838-dbb963d48a44,-123.1380869,48.1749615
1110,Minnow,11,20180924,20180925,No,,,,No,0,0,Minnow-011_9/24/2018,48.17385994,-123.1360798,12/16/2020 4:23,KSO,12/16/2020 4:29,KSO,e2d075f3-725d-482f-89b8-a527df65b7b3,-123.1360798,48.17385994
1111,Fukui,1,20180924,20180925,No,,,,No,0,0,Fukui-001_9/24/2018,48.1732705,-123.1374289,12/16/2020 4:23,KSO,12/16/2020 4:29,KSO,560450b4-850f-4120-aae1-755e7e391209,-123.1374289,48.1732705
1112,Minnow,1,20180924,20180925,No,,,,No,0,0,Minnow-001_9/24/2018,48.17336181,-123.1374728,12/16/2020 4:23,KSO,12/16/2020 4:29,KSO,b95f68c7-8e94-403a-82c0-b7084f7d5d96,-123.1374728,48.17336181
1113,Fukui,2,20180924,20180925,No,,,,No,0,0,Fukui-002_9/24/2018,48.17344058,-123.137489,12/16/2020 4:23,KSO,12/16/2020 4:29,KSO,641e9731-a2bc-4b98-9143-11eed9dab665,-123.137489,48.17344058
1114,Minnow,2,20180924,20180925,No,,,,No,0,0,Minnow-002_9/24/2018,48.17352193,-123.1374981,12/16/2020 4:23,KSO,12/16/2020 4:29,KSO,5a633e21-486c-41d7-8c7d-a3b822e042ca,-123.1374981,48.17352193
1115,Fukui,3,20180924,20180925,No,,,,No,0,0,Fukui-003_9/24/2018,48.17358009,-123.137485,12/16/2020 4:23,KSO,12/16/2020 4:29,KSO,dc564c5b-1785-4f5a-86fe-197f99a7b373,-123.137485,48.17358009
1116,Minnow,3,20180924,20180925,No,,,,No,0,0,Minnow-003_9/24/2018,48.1736586,-123.1374355,12/16/2020 4:23,KSO,12/16/2020 4:29,KSO,6cba38ef-bfbf-4dca-8c64-0bf9c3c3f320,-123.1374355,48.1736586
1117,Fukui,4,20180924,20180925,No,,,,No,0,0,Fukui-004_9/24/2018,48.17370759,-123.1373586,12/16/2020 4:23,KSO,12/16/2020 4:29,KSO,fdff5aab-de6d-40a8-a5c9-bb4e1ebc1693,-123.1373586,48.17370759
1118,Minnow,4,20180924,20180925,No,,,,No,0,0,Minnow-004_9/24/2018,48.17351788,-123.1370704,12/16/2020 4:23,KSO,12/16/2020 4:29,KSO,a875d991-20d1-413f-ac69-ac2a5c3224ad,-123.1370704,48.17351788
1119,Fukui,5,20180924,20180925,No,,,,No,0,0,Fukui-005_9/24/2018,48.17346247,-123.137026,12/16/2020 4:23,KSO,12/16/2020 4:29,KSO,026289ed-bc21-4003-b419-c08128bfb998,-123.137026,48.17346247
1120,Minnow,5,20180924,20180925,No,,,,No,0,0,Minnow-005_9/24/2018,48.17340715,-123.1369494,12/16/2020 4:23,KSO,12/16/2020 4:29,KSO,dab26abe-2788-461a-985f-03840f1aff3b,-123.1369494,48.17340715
1121,Fukui,6,20180924,20180925,No,,,,No,0,0,Fukui-006_9/24/2018,48.17349668,-123.1366631,12/16/2020 4:23,KSO,12/16/2020 4:29,KSO,e7c331e0-f87d-4fe5-8406-24513aa567dd,-123.1366631,48.17349668
1122,Minnow,6,20180924,20180925,No,,,,No,0,0,Minnow-006_9/24/2018,48.17356201,-123.136627,12/16/2020 4:23,KSO,12/16/2020 4:29,KSO,597e402d-eb5b-4911-b6d3-3fa6c636beeb,-123.136627,48.17356201
1123,Fukui,7,20180924,20180925,No,,,,No,0,0,Fukui-007_9/24/2018,48.17363537,-123.1365817,12/16/2020 4:23,KSO,12/16/2020 4:29,KSO,a52dfcac-b857-4c07-a754-6506123353a4,-123.1365817,48.17363537
1124,Minnow,7,20180924,20180925,No,,,,No,0,0,Minnow-007_9/24/2018,48.1737049,-123.1364987,12/16/2020 4:23,KSO,12/16/2020 4:29,KSO,03aaf8f2-8525-426b-9b1b-aadd1ddc1bfd,-123.1364987,48.1737049
1125,Fukui,9,20180924,20180925,No,,,,No,0,0,Fukui-009_9/24/2018,48.17381197,-123.1360518,12/16/2020 4:23,KSO,12/16/2020 4:29,KSO,c879e4ac-4a46-49fa-8d51-c49e8f56101f,-123.1360518,48.17381197
1126,Minnow,9,20180924,20180925,No,,,,No,0,0,Minnow-009_9/24/2018,48.17390025,-123.1366909,12/16/2020 4:23,KSO,12/16/2020 4:29,KSO,9a6e2532-13d6-4ed2-9294-9842f8483772,-123.1366909,48.17390025
1127,Fukui,10,20180924,20180925,No,,,,No,0,0,Fukui-010_9/24/2018,48.17388743,-123.1367924,12/16/2020 4:23,KSO,12/16/2020 4:29,KSO,ad4c2aae-6133-40a8-8920-7f381a865dce,-123.1367924,48.17388743
1128,Minnow,10,20180924,20180925,No,,,,No,0,0,Minnow-010_9/24/2018,48.17388541,-123.1368864,12/16/2020 4:23,KSO,12/16/2020 4:29,KSO,dafed292-a457-461d-82bc-b79ea1837741,-123.1368864,48.17388541
1129,Fukui,11,20180924,20180925,No,,,,No,0,0,Fukui-011_9/24/2018,48.17388929,-123.1370135,12/16/2020 4:23,KSO,12/16/2020 4:29,KSO,9ed58867-19a7-49a9-a185-f3b167681fd7,-123.1370135,48.17388929
1130,Fukui,12,20180924,20180925,No,,,,No,0,0,Fukui-012_9/24/2018,48.17443953,-123.1374855,12/16/2020 4:23,KSO,12/16/2020 4:29,KSO,dffe351b-dee0-49d7-a8e6-b5aec03af64b,-123.1374855,48.17443953
1131,Minnow,12,20180924,20180925,No,,,,No,0,0,Minnow-012_9/24/2018,48.17448613,-123.1375401,12/16/2020 4:23,KSO,12/16/2020 4:29,KSO,07253311-0703-474f-917a-bf5d3c627211,-123.1375401,48.17448613
1132,Fukui,13,20180924,20180925,No,,,,No,0,0,Fukui-013_9/24/2018,48.17454625,-123.1379317,12/16/2020 4:23,KSO,12/16/2020 4:29,KSO,1b0e7088-8b9d-4711-a52e-10e568fc4f57,-123.1379317,48.17454625
1133,Minnow,13,20180924,20180925,No,,,,No,0,0,Minnow-013_9/24/2018,48.17459121,-123.1380251,12/16/2020 4:23,KSO,12/16/2020 4:29,KSO,7423d081-9d8a-4547-85dd-d6b104f00406,-123.1380251,48.17459121
1134,Minnow,14,20180924,20180925,No,,,,No,0,0,Minnow-014_9/24/2018,48.17489695,-123.1380006,12/16/2020 4:23,KSO,12/16/2020 4:29,KSO,f216736c-82f7-4dfb-a118-bfb73178f575,-123.1380006,48.17489695
1135,Fukui,15,20180924,20180925,No,,,,No,0,0,Fukui-015_9/24/2018,48.1749369,-123.1381723,12/16/2020 4:23,KSO,12/16/2020 4:29,KSO,a6d66ea6-e03f-42da-a49a-4b3ab4ebb8f9,-123.1381723,48.1749369
1136,Minnow,15,20180924,20180925,No,,,,No,0,0,Minnow-015_9/24/2018,48.17501044,-123.1383361,12/16/2020 4:23,KSO,12/16/2020 4:29,KSO,a1cd7710-052e-4ce2-a9d4-eb9fcaf12f77,-123.1383361,48.17501044
1137,Fukui,16,20180924,20180925,No,,,,No,0,0,Fukui-016_9/24/2018,48.17506725,-123.1384407,12/16/2020 4:23,KSO,12/16/2020 4:29,KSO,eba1ed1e-a2e2-4ce7-a487-bbbad00777d3,-123.1384407,48.17506725
1138,Minnow,16,20180924,20180925,No,,,,No,0,0,Minnow-016_9/24/2018,48.17502609,-123.1385637,12/16/2020 4:23,KSO,12/16/2020 4:29,KSO,34dce539-7bfc-4be1-9dc6-6ffd1a3fec62,-123.1385637,48.17502609
1139,Fukui,17,20180924,20180925,No,,,,No,0,0,Fukui-017_9/24/2018,48.17473318,-123.1386003,12/16/2020 4:23,KSO,12/16/2020 4:29,KSO,6b39038a-a851-4f7f-9b4a-914c76576622,-123.1386003,48.17473318
1140,Minnow,17,20180924,20180925,No,,,,No,0,0,Minnow-017_9/24/2018,48.17466397,-123.1386243,12/16/2020 4:23,KSO,12/16/2020 4:29,KSO,f91a3cf4-cdef-4b61-b1e8-795cec2c0024,-123.1386243,48.17466397
1141,Fukui,18,20180924,20180925,No,,,,No,0,0,Fukui-018_9/24/2018,48.17471556,-123.1387902,12/16/2020 4:23,KSO,12/16/2020 4:29,KSO,4a07edb7-69bf-4265-8b3c-3343f613e67f,-123.1387902,48.17471556
1142,Fukui,8,20180924,20180925,No,,,,No,0,0,Fukui-008_9/24/2018,48.17376019,-123.136382,12/16/2020 4:23,KSO,12/16/2020 4:29,KSO,f2c1b8de-5234-4a4c-b87c-0e228d5d784a,-123.136382,48.17376019
1143,Minnow,8,20180924,20180925,No,,,,No,0,0,Minnow-008_9/24/2018,48.17372094,-123.1362387,12/16/2020 4:23,KSO,12/16/2020 4:29,KSO,0c2904b8-141b-42a9-bd4b-a1b896fecb14,-123.1362387,48.17372094
1144,Fukui,14,20180924,20180925,No,,,,No,0,0,Fukui-014_9/24/2018,48.17469541,-123.1379567,12/16/2020 4:23,KSO,12/16/2020 4:29,KSO,c58796b0-890a-4f1f-ab1c-cfd1861f4c94,-123.1379567,48.17469541
1145,Minnow,102,20180924,20180925,No,,,,No,0,0,Minnow-102_9/24/2018,48.14651874,-123.1835083,12/16/2020 4:23,KSO,12/16/2020 4:29,KSO,ef97f4ad-f779-4873-8b82-cea3bc3e16cc,-123.1835083,48.14651874
1146,Fukui,102,20180924,20180925,No,,,,No,0,0,Fukui-102_9/24/2018,48.14647411,-123.1835971,12/16/2020 4:23,KSO,12/16/2020 4:29,KSO,44320a86-470c-4d40-b264-418720322527,-123.1835971,48.14647411
1147,Minnow,101,20180924,20180925,No,,,,No,0,0,Minnow-101_9/24/2018,48.14649474,-123.1836975,12/16/2020 4:23,KSO,12/16/2020 4:29,KSO,3dc40e21-2122-4105-a082-c11e5e1d3fb0,-123.1836975,48.14649474
1148,Fukui,101,20180924,20180925,No,,,,No,0,0,Fukui-101_9/24/2018,48.14651761,-123.1838004,12/16/2020 4:23,KSO,12/16/2020 4:29,KSO,025a9627-853d-4e4b-a851-eaebf6700249,-123.1838004,48.14651761
1149,Minnow,305,20180924,20180925,No,Prospecting Trap #5,,,No,0,0,Minnow-305_9/24/2018,48.1749458,-123.1380631,12/16/2020 4:23,KSO,12/16/2020 4:29,KSO,0207e427-a1c2-496b-84bf-c33c70b4ae0e,-123.1380631,48.1749458
1150,Fukui,304,20180924,20180925,No,Prospecting Trap #4,,,No,0,0,Fukui-304_9/24/2018,48.1748242,-123.1379533,12/16/2020 4:23,KSO,12/16/2020 4:29,KSO,d8136f53-319f-47a1-9ac9-1757adc4c660,-123.1379533,48.1748242
1151,Minnow,303,20180924,20180925,No,Prospecting Trap #3,,,No,0,0,Minnow-303_9/24/2018,48.17449004,-123.1378342,12/16/2020 4:23,KSO,12/16/2020 4:29,KSO,8b5149cd-3a3b-4198-a935-56bd15bd826c,-123.1378342,48.17449004
1152,Fukui,302,20180924,20180925,No,Prospecting Trap #2,,,No,0,0,Fukui-302_9/24/2018,48.17434041,-123.1374573,12/16/2020 4:23,KSO,12/16/2020 4:29,KSO,ce7c2ca7-6099-42cb-a124-bf244a7cf711,-123.1374573,48.17434041
1153,Fukui,301,20180924,20180925,No,Prospecting Trap #1,,,No,0,0,Fukui-301_9/24/2018,48.17420542,-123.1372392,12/16/2020 4:23,KSO,12/16/2020 4:29,KSO,bcb168f2-f8d6-4352-a0d0-7a1259a33459,-123.1372392,48.17420542
1154,Minnow,306,20180924,20180925,No,Prospecting Trap #6,,,No,0,0,Minnow-306_9/24/2018,48.17394769,-123.1371563,12/16/2020 4:23,KSO,12/16/2020 4:29,KSO,2f758222-18a4-49b0-b1d5-6be2d1bb9752,-123.1371563,48.17394769
1155,Minnow,11,20181005,20181007,No,,,,No,0,0,Minnow-011_10/5/2018,48.17385994,-123.1360798,12/16/2020 4:23,KSO,12/16/2020 4:29,KSO,48c34061-acb0-4f3a-88a4-964c59bdf7c5,-123.1360798,48.17385994
1156,Fukui,1,20181005,20181007,No,,,,No,0,0,Fukui-001_10/5/2018,48.1732705,-123.1374289,12/16/2020 4:23,KSO,12/16/2020 4:29,KSO,2996dd40-6ca8-49a2-89f8-5b9819d63b24,-123.1374289,48.1732705
1157,Fukui,2,20181005,20181007,No,,,,No,0,0,Fukui-002_10/5/2018,48.17344058,-123.137489,12/16/2020 4:23,KSO,12/16/2020 4:29,KSO,5f07887b-7f35-4080-b719-e637b8762eee,-123.137489,48.17344058
1158,Minnow,1,20181005,20181007,No,,,,No,0,0,Minnow-001_10/5/2018,48.17358009,-123.137485,12/16/2020 4:23,KSO,12/16/2020 4:29,KSO,9202f36c-a5a2-4e6c-9aca-b0ef98077f68,-123.137485,48.17358009
1159,Fukui,4,20181005,20181007,No,,,,No,0,0,Fukui-004_10/5/2018,48.17370759,-123.1373586,12/16/2020 4:23,KSO,12/16/2020 4:29,KSO,e6b16b65-f418-4bfa-9852-7d2f3d3f1724,-123.1373586,48.17370759
1160,Fukui,3,20181005,20181007,No,,,,No,0,0,Fukui-003_10/5/2018,48.17351788,-123.1370704,12/16/2020 4:23,KSO,12/16/2020 4:29,KSO,36415903-588a-4e70-a9d5-adc54e242948,-123.1370704,48.17351788
1161,Minnow,5,20181005,20181007,No,,,,No,0,0,Minnow-005_10/5/2018,48.17340715,-123.1369494,12/16/2020 4:23,KSO,12/16/2020 4:29,KSO,9fb5afcd-7973-488f-969f-981a37d01d3c,-123.1369494,48.17340715
1162,Fukui,6,20181005,20181007,No,,,,No,0,0,Fukui-006_10/5/2018,48.17349668,-123.1366631,12/16/2020 4:23,KSO,12/16/2020 4:29,KSO,773f99a2-3b69-4fb4-8aff-a6cf5c3df46c,-123.1366631,48.17349668
1163,Fukui,7,20181005,20181007,No,,,,No,0,0,Fukui-007_10/5/2018,48.17363537,-123.1365817,12/16/2020 4:23,KSO,12/16/2020 4:29,KSO,250b25be-778a-49a8-99b6-54a5be2d8074,-123.1365817,48.17363537
1164,Minnow,7,20181005,20181007,No,,,,No,0,0,Minnow-007_10/5/2018,48.1737049,-123.1364987,12/16/2020 4:23,KSO,12/16/2020 4:29,KSO,44bbc20c-5ccb-4d99-b87f-75e44ecd6178,-123.1364987,48.1737049
1165,Minnow,9,20181005,20181007,No,,,,No,0,0,Minnow-009_10/5/2018,48.17390025,-123.1366909,12/16/2020 4:23,KSO,12/16/2020 4:29,KSO,61a68620-2adc-4b2d-a6f1-49205964f030,-123.1366909,48.17390025
1166,Fukui,11,20181005,20181007,No,,,,No,0,0,Fukui-011_10/5/2018,48.17388929,-123.1370135,12/16/2020 4:23,KSO,12/16/2020 4:29,KSO,fb6d1e44-77cb-451f-9a13-30880d8d4c3a,-123.1370135,48.17388929
1167,Fukui,10,20181005,20181007,No,,,,No,0,0,Fukui-010_10/5/2018,48.17443953,-123.1374855,12/16/2020 4:23,KSO,12/16/2020 4:29,KSO,e9ab3fe7-975b-477d-a640-c23be9adb57b,-123.1374855,48.17443953
1168,Fukui,13,20181005,20181007,No,,,,No,0,0,Fukui-013_10/5/2018,48.17454625,-123.1379317,12/16/2020 4:23,KSO,12/16/2020 4:29,KSO,f813a0ee-0eed-471d-8a91-87a6ca43fac6,-123.1379317,48.17454625
1169,Minnow,14,20181005,20181007,No,,,,No,0,0,Minnow-014_10/5/2018,48.17489695,-123.1380006,12/16/2020 4:23,KSO,12/16/2020 4:29,KSO,3bfa0780-9451-4936-919d-37993c559f95,-123.1380006,48.17489695
1170,Fukui,15,20181005,20181007,No,,,,No,0,0,Fukui-015_10/5/2018,48.1749369,-123.1381723,12/16/2020 4:23,KSO,12/16/2020 4:29,KSO,43b9ed89-c02d-4124-811c-08331b8f7822,-123.1381723,48.1749369
1171,Minnow,15,20181005,20181007,No,,,,No,0,0,Minnow-015_10/5/2018,48.17501044,-123.1383361,12/16/2020 4:23,KSO,12/16/2020 4:29,KSO,0ee4a3c9-2524-499b-ac88-7d39cf104543,-123.1383361,48.17501044
1172,Minnow,16,20181005,20181007,No,,,,No,0,0,Minnow-016_10/5/2018,48.17502609,-123.1385637,12/16/2020 4:23,KSO,12/16/2020 4:29,KSO,503a5c2f-b60c-408e-bdc5-20cddc635fa0,-123.1385637,48.17502609
1173,Fukui,17,20181005,20181007,No,,,,No,0,0,Fukui-017_10/5/2018,48.17473318,-123.1386003,12/16/2020 4:23,KSO,12/16/2020 4:29,KSO,f3713887-ab1d-41fe-806f-980d7bb3c108,-123.1386003,48.17473318
1174,Fukui,8,20181005,20181007,No,,,,No,0,0,Fukui-008_10/5/2018,48.17376019,-123.136382,12/16/2020 4:23,KSO,12/16/2020 4:29,KSO,906ec574-3342-41d0-9f05-a95ffc3f3bfe,-123.136382,48.17376019
1175,Fukui,9,20181005,20181007,No,,,,No,0,0,Fukui-009_10/5/2018,48.17469541,-123.1379567,12/16/2020 4:23,KSO,12/16/2020 4:29,KSO,9833500f-71c0-4689-8dee-8ad2776a8b65,-123.1379567,48.17469541
1176,Minnow,102,20181005,20181007,No,,,,No,0,0,Minnow-102_10/5/2018,48.14651874,-123.1835083,12/16/2020 4:23,KSO,12/16/2020 4:29,KSO,d24eb179-55f0-4afc-b8d0-42db18ab5347,-123.1835083,48.14651874
1177,Fukui,102,20181005,20181007,No,,,,No,0,0,Fukui-102_10/5/2018,48.14647411,-123.1835971,12/16/2020 4:23,KSO,12/16/2020 4:29,KSO,2c178738-163f-4f91-bbe8-7f3c3a3cfd09,-123.1835971,48.14647411
1178,Minnow,101,20181005,20181007,No,,,,No,0,0,Minnow-101_10/5/2018,48.14649474,-123.1836975,12/16/2020 4:23,KSO,12/16/2020 4:29,KSO,feaf8163-1a99-4ff7-8048-13c44c7e4244,-123.1836975,48.14649474
1179,Fukui,101,20181005,20181007,No,,,,No,0,0,Fukui-101_10/5/2018,48.14651761,-123.1838004,12/16/2020 4:23,KSO,12/16/2020 4:29,KSO,9f04a208-0304-4cd0-9e0a-182b1572b721,-123.1838004,48.14651761
1180,Minnow,301,20181005,20181007,No,Prospecting Trap #1,,,No,0,0,Minnow-301_10/5/2018,48.17420541,-123.1372391,12/16/2020 4:23,KSO,12/16/2020 4:29,KSO,c3e9d730-7102-454a-b2a6-e32d92a0daf9,-123.1372391,48.17420541
1181,Fukui,103,20180430,20180504,No,,,,No,0,0,Fukui-103_4/30/2018,48.14652229,-123.1838274,12/16/2020 4:23,KSO,12/16/2020 4:29,KSO,82b82e2b-7798-45f7-b805-fe663e50be73,-123.1838274,48.14652229
1182,Fukui,102,20180430,20180504,No,,,,No,0,0,Fukui-102_4/30/2018,48.14647092,-123.1836689,12/16/2020 4:23,KSO,12/16/2020 4:29,KSO,d4f93081-2e94-4a81-b69a-950da0d75a50,-123.1836689,48.14647092
1183,Fukui,101,20180430,20180504,No,,,,No,0,0,Fukui-101_4/30/2018,48.14653086,-123.1835111,12/16/2020 4:23,KSO,12/16/2020 4:29,KSO,8b38afa9-6fbf-479d-86c2-c9bc38fe690f,-123.1835111,48.14653086
1184,Minnow,103,20180430,20180504,No,,,,No,0,0,Minnow-103_4/30/2018,48.14648722,-123.183749,12/16/2020 4:23,KSO,12/16/2020 4:29,KSO,dfbc70ae-d943-497d-9576-f0db18a649a6,-123.183749,48.14648722
1185,Minnow,102,20180430,20180504,No,,,,No,0,0,Minnow-102_4/30/2018,48.14645776,-123.1835714,12/16/2020 4:23,KSO,12/16/2020 4:29,KSO,7dc641df-cf03-4b54-b0b8-b5adb5a1cb14,-123.1835714,48.14645776
1186,Minnow,101,20180430,20180504,No,,,,No,0,0,Minnow-101_4/30/2018,48.14660785,-123.1835033,12/16/2020 4:23,KSO,12/16/2020 4:29,KSO,8f3ed1a6-4c78-4318-af68-bb8ca9157436,-123.1835033,48.14660785
1187,Fukui,102,20180423,20180425,No,,,,No,0,0,Fukui-102_4/23/2018,48.14647092,-123.1836689,12/16/2020 4:23,KSO,12/16/2020 4:29,KSO,2c242a67-66d0-4ace-b886-baf199c83d69,-123.1836689,48.14647092
1188,Fukui,101,20180423,20180425,No,,,,No,0,0,Fukui-101_4/23/2018,48.14653086,-123.1835111,12/16/2020 4:23,KSO,12/16/2020 4:29,KSO,7a262fa6-b899-4113-9275-61f0c8aa2955,-123.1835111,48.14653086
1189,Minnow,103,20180423,20180425,No,,,,No,0,0,Minnow-103_4/23/2018,48.14648722,-123.183749,12/16/2020 4:23,KSO,12/16/2020 4:29,KSO,f23427c6-06aa-4147-99d0-12a1c2ef58d4,-123.183749,48.14648722
1190,Minnow,102,20180423,20180425,No,,,,No,0,0,Minnow-102_4/23/2018,48.14645776,-123.1835714,12/16/2020 4:23,KSO,12/16/2020 4:29,KSO,95560708-d4ec-4fb0-bb7a-efcdc8873e15,-123.1835714,48.14645776
1191,Fukui,102,20180507,20180508,No,,,,No,0,0,Fukui-102_5/7/2018,48.14647092,-123.1836689,12/16/2020 4:23,KSO,12/16/2020 4:29,KSO,d497f507-ff81-436f-a84c-837792e35291,-123.1836689,48.14647092
1192,Fukui,101,20180507,20180508,No,,,,No,0,0,Fukui-101_5/7/2018,48.14653086,-123.1835111,12/16/2020 4:23,KSO,12/16/2020 4:29,KSO,a1ae8a22-0c2c-4a24-a0fe-32e00d0d7457,-123.1835111,48.14653086
1193,Minnow,103,20180507,20180508,No,,,,No,0,0,Minnow-103_5/7/2018,48.14648722,-123.183749,12/16/2020 4:23,KSO,12/16/2020 4:29,KSO,a376ac52-0e39-4a22-afc2-b1ce0095d20a,-123.183749,48.14648722
1194,Minnow,102,20180507,20180508,No,,,,No,0,0,Minnow-102_5/7/2018,48.14645776,-123.1835714,12/16/2020 4:23,KSO,12/16/2020 4:29,KSO,d11297a5-bf3c-4de8-b3ba-6ac4e317f770,-123.1835714,48.14645776
1195,Fukui,102,20180514,20180518,No,,,,No,0,0,Fukui-102_5/14/2018,48.14647092,-123.1836689,12/16/2020 4:23,KSO,12/16/2020 4:29,KSO,c43d924a-7af3-46d1-8f4c-9898b8f5d924,-123.1836689,48.14647092
1196,Fukui,101,20180514,20180518,No,,,,No,0,0,Fukui-101_5/14/2018,48.14653086,-123.1835111,12/16/2020 4:23,KSO,12/16/2020 4:29,KSO,bb51f748-3312-4557-9bb2-61b9136162d3,-123.1835111,48.14653086
1197,Minnow,103,20180514,20180518,No,,,,No,0,0,Minnow-103_5/14/2018,48.14648722,-123.183749,12/16/2020 4:23,KSO,12/16/2020 4:29,KSO,3e65a23c-fb69-4c12-94e9-6d7c72f4544a,-123.183749,48.14648722
1199,Fukui,102,20180521,20180523,No,,,,No,0,0,Fukui-102_5/21/2018,48.14647092,-123.1836689,12/16/2020 4:23,KSO,12/16/2020 4:29,KSO,6b5b34b8-dd7d-4449-a773-b43939fde35d,-123.1836689,48.14647092
1200,Fukui,101,20180521,20180523,No,,,,No,0,0,Fukui-101_5/21/2018,48.14653086,-123.1835111,12/16/2020 4:23,KSO,12/16/2020 4:29,KSO,d3c1a543-2429-4565-a204-c0018f5adcd5,-123.1835111,48.14653086
1201,Minnow,103,20180521,20180523,No,,,,No,0,0,Minnow-103_5/21/2018,48.14648722,-123.183749,12/16/2020 4:23,KSO,12/16/2020 4:29,KSO,17bf5bd3-ca1a-4bae-be40-04906fe63c78,-123.183749,48.14648722
30,Fukui,13,20180320,20180321,No,Caught green crab on 3/21,,,Yes,0,0,Fukui-013_3/20/2018,48.17479538,-123.1385858,12/16/2020 4:23,KSO,12/16/2020 4:28,KSO,0c197c3d-e925-4ee6-a91f-67763ee723ba,-123.1385858,48.17479538
70,Minnow,6,20180409,20180411,No,,,,Yes,0,0,Minnow-006_4/9/2018,48.17356201,-123.136627,12/16/2020 4:23,KSO,12/16/2020 4:28,KSO,d3e32f62-0b56-4c29-b798-0ffaa08822e8,-123.136627,48.17356201
82,Minnow,12,20180409,20180411,No,,,,Yes,0,0,Minnow-012_4/9/2018,48.17448613,-123.1375401,12/16/2020 4:23,KSO,12/16/2020 4:28,KSO,442fe895-8cd2-4359-8b02-1db6bc15e868,-123.1375401,48.17448613
102,Fukui,2,20180416,20180420,No,,,,Yes,0,0,Fukui-002_4/16/2018,48.17344058,-123.137489,12/16/2020 4:23,KSO,12/16/2020 4:28,KSO,13437d56-aa90-47e2-99ea-c2cd40661966,-123.137489,48.17344058
127,Fukui,16,20180416,20180420,No,,,,Yes,0,0,Fukui-016_4/16/2018,48.17506725,-123.1384407,12/16/2020 4:23,KSO,12/16/2020 4:28,KSO,a9edf073-c51b-4f41-810a-d327bf36f964,-123.1384407,48.17506725
130,Minnow,17,20180416,20180420,No,,,,Yes,0,0,Minnow-017_4/16/2018,48.17466397,-123.1386243,12/16/2020 4:23,KSO,12/16/2020 4:28,KSO,d6f27263-8ad1-49bb-839a-d02610145e9b,-123.1386243,48.17466397
138,Fukui,8,20180416,20180420,No,,,,Yes,0,0,Fukui-008_4/16/2018,48.17376019,-123.136382,12/16/2020 4:23,KSO,12/16/2020 4:28,KSO,581598c5-f456-4a02-b3d1-22b41dfe70b5,-123.136382,48.17376019
163,Fukui,9,20180423,20180425,No,,,,Yes,0,0,Fukui-009_4/23/2018,48.17381197,-123.1360518,12/16/2020 4:23,KSO,12/16/2020 4:28,KSO,a4d49875-2cf1-43e5-b169-cad73616c256,-123.1360518,48.17381197
182,Fukui,302,20180423,20180425,No,Prospecting Trap,,,Yes,0,0,Fukui-302_4/23/2018,48.17539012,-123.1390232,12/16/2020 4:23,KSO,12/16/2020 4:28,KSO,21186443-76c7-43a4-b5ea-d2d16abed03f,-123.1390232,48.17539012
195,Minnow,3,20180430,20180504,No,,,,Yes,0,0,Minnow-003_4/30/2018,48.1736586,-123.1374355,12/16/2020 4:23,KSO,12/16/2020 4:28,KSO,7bfae953-0196-4d09-896a-b1349c4ba148,-123.1374355,48.1736586
196,Fukui,4,20180430,20180504,No,,,,Yes,0,0,Fukui-004_4/30/2018,48.17370759,-123.1373586,12/16/2020 4:23,KSO,12/16/2020 4:28,KSO,9b1d3fa4-f734-45f3-9f6f-521af7dd7856,-123.1373586,48.17370759
202,Fukui,7,20180430,20180504,No,,,,Yes,0,0,Fukui-007_4/30/2018,48.17363537,-123.1365817,12/16/2020 4:23,KSO,12/16/2020 4:28,KSO,ddfa1e63-ea4c-4933-b2de-598f96bf6f74,-123.1365817,48.17363537
204,Fukui,9,20180430,20180504,No,,,,Yes,0,0,Fukui-009_4/30/2018,48.17381197,-123.1360518,12/16/2020 4:23,KSO,12/16/2020 4:28,KSO,e31096ba-09e4-4032-ae75-57886616bb05,-123.1360518,48.17381197
215,Fukui,15,20180430,20180504,No,,,,Yes,0,0,Fukui-015_4/30/2018,48.1749369,-123.1381723,12/16/2020 4:23,KSO,12/16/2020 4:28,KSO,611c8a1f-a4c8-4a42-88de-97881e51cdae,-123.1381723,48.1749369
219,Fukui,17,20180430,20180504,No,,,,Yes,0,0,Fukui-017_4/30/2018,48.17473318,-123.1386003,12/16/2020 4:23,KSO,12/16/2020 4:28,KSO,2d522aa5-93fc-42d5-94d6-9536c251ccbf,-123.1386003,48.17473318
255,Fukui,7,20180507,20180508,No,,,,Yes,0,0,Fukui-007_5/7/2018,48.17363537,-123.1365817,12/16/2020 4:23,KSO,12/16/2020 4:28,KSO,c9188b3b-b1dc-4619-a735-c0ed9d9621ac,-123.1365817,48.17363537
263,Minnow,12,20180507,20180508,No,,,,Yes,0,0,Minnow-012_5/7/2018,48.17448613,-123.1375401,12/16/2020 4:23,KSO,12/16/2020 4:28,KSO,5df72ba0-19a0-460a-95bc-8f9ddc9c9b00,-123.1375401,48.17448613
266,Fukui,14,20180507,20180508,No,,,,Yes,0,0,Fukui-014_5/7/2018,48.17481288,-123.137963,12/16/2020 4:23,KSO,12/16/2020 4:28,KSO,4bd521f2-1772-4834-b2ed-3a47ca100b39,-123.137963,48.17481288
274,Fukui,18,20180507,20180508,No,,,,Yes,0,0,Fukui-018_5/7/2018,48.17471556,-123.1387902,12/16/2020 4:23,KSO,12/16/2020 4:28,KSO,e28d9954-6c60-49c5-b886-fb9d71e187da,-123.1387902,48.17471556
275,Minnow,301,20180507,20180508,No,Prospecting Trap,,,Yes,0,0,Minnow-301_5/7/2018,48.17527883,-123.1391478,12/16/2020 4:23,KSO,12/16/2020 4:28,KSO,85871a9b-780c-473a-88c8-6eb1b1ab1acd,-123.1391477,48.17527883
287,Minnow,2,20180514,20180518,No,,,,Yes,0,0,Minnow-002_5/14/2018,48.17352193,-123.1374981,12/16/2020 4:23,KSO,12/16/2020 4:28,KSO,daa9d25f-dce0-417d-bd4d-09060d10d297,-123.1374981,48.17352193
292,Fukui,5,20180514,20180518,No,,,,Yes,0,0,Fukui-005_5/14/2018,48.17346247,-123.137026,12/16/2020 4:23,KSO,12/16/2020 4:28,KSO,c7d83ba5-8586-446c-8bf3-8c5f57682e06,-123.137026,48.17346247
300,Fukui,10,20180514,20180518,No,,,,Yes,0,0,Fukui-010_5/14/2018,48.17388743,-123.1367924,12/16/2020 4:23,KSO,12/16/2020 4:28,KSO,964e5738-1161-48c1-8ea0-e440f31bc028,-123.1367924,48.17388743
331,Fukui,4,20180521,20180523,No,,,,Yes,0,0,Fukui-004_5/21/2018,48.17370759,-123.1373586,12/16/2020 4:23,KSO,12/16/2020 4:28,KSO,5e3ed74b-508e-41ee-9c64-5bcda1c7162f,-123.1373586,48.17370759
343,Fukui,11,20180521,20180523,No,,,,Yes,0,0,Fukui-011_5/21/2018,48.17388929,-123.1370135,12/16/2020 4:23,KSO,12/16/2020 4:28,KSO,967c1af0-af77-4498-94b2-5f74cc71db4a,-123.1370135,48.17388929
346,Fukui,13,20180521,20180523,No,,,,Yes,0,0,Fukui-013_5/21/2018,48.17454625,-123.1379317,12/16/2020 4:23,KSO,12/16/2020 4:28,KSO,13a1c5aa-2aba-4a46-a60e-0d37038f6954,-123.1379317,48.17454625
354,Fukui,17,20180521,20180523,No,,,,Yes,0,0,Fukui-017_5/21/2018,48.17473318,-123.1386003,12/16/2020 4:23,KSO,12/16/2020 4:28,KSO,aee5ab4c-33ba-4631-98ff-4fcf3c23cef6,-123.1386003,48.17473318
366,Fukui,1,20180529,20180531,No,,,,Yes,0,0,Fukui-001_5/29/2018,48.1732705,-123.1374289,12/16/2020 4:23,KSO,12/16/2020 4:28,KSO,195ae4f5-14eb-4e40-92db-773358e61141,-123.1374289,48.1732705
378,Fukui,7,20180529,20180531,No,,,,Yes,0,0,Fukui-007_5/29/2018,48.17363537,-123.1365817,12/16/2020 4:23,KSO,12/16/2020 4:28,KSO,ca527a32-460c-4336-a22c-cdd8b0a315d3,-123.1365817,48.17363537
384,Fukui,11,20180529,20180531,No,,,,Yes,0,0,Fukui-011_5/29/2018,48.17388929,-123.1370135,12/16/2020 4:23,KSO,12/16/2020 4:28,KSO,b78ad0e5-2fd3-46b4-a6ce-6f74ea2e086d,-123.1370135,48.17388929
398,Fukui,8,20180529,20180531,No,,,,Yes,0,0,Fukui-008_5/29/2018,48.17376019,-123.136382,12/16/2020 4:23,KSO,12/16/2020 4:28,KSO,9b10c440-a77e-48c2-914d-e0621ca22183,-123.136382,48.17376019
412,Minnow,3,20180604,20180606,No,,,,Yes,0,0,Minnow-003_6/4/2018,48.1736586,-123.1374355,12/16/2020 4:23,KSO,12/16/2020 4:28,KSO,e74098e7-3e60-42a7-bf95-c6071ec6bcbe,-123.1374355,48.1736586
430,Fukui,14,20180604,20180606,No,,,,Yes,0,0,Fukui-014_6/4/2018,48.17481288,-123.137963,12/16/2020 4:23,KSO,12/16/2020 4:28,KSO,3c716ec1-9708-4dba-ac7d-41916c9faac9,-123.137963,48.17481288
462,Fukui,10,20180611,20180615,No,,,,Yes,0,0,Fukui-010_6/11/2018,48.17388743,-123.1367924,12/16/2020 4:23,KSO,12/16/2020 4:28,KSO,893b123a-e9b1-4420-95af-218683b05878,-123.1367924,48.17388743
477,Fukui,18,20180611,20180615,No,,,,Yes,0,0,Fukui-018_6/11/2018,48.17471556,-123.1387902,12/16/2020 4:23,KSO,12/16/2020 4:28,KSO,9d883255-a386-43e8-b747-7b1c34608c07,-123.1387902,48.17471556
478,Fukui,8,20180611,20180615,No,,,,Yes,0,0,Fukui-008_6/11/2018,48.17376019,-123.136382,12/16/2020 4:23,KSO,12/16/2020 4:28,KSO,96f6b860-178c-4267-ba54-210210a6fd97,-123.136382,48.17376019
497,Fukui,7,20180618,20180620,No,,,,Yes,0,0,Fukui-007_6/18/2018,48.17363537,-123.1365817,12/16/2020 4:23,KSO,12/16/2020 4:28,KSO,f48e4c45-e83a-47ad-a714-2682701950fa,-123.1365817,48.17363537
543,Minnow,10,20180625,20180629,No,,,,Yes,0,0,Minnow-010_6/25/2018,48.17388541,-123.1368864,12/16/2020 4:23,KSO,12/16/2020 4:28,KSO,e65c7b5e-2a0f-49de-a9bd-b842fdddfca9,-123.1368864,48.17388541
553,Fukui,16,20180625,20180629,No,,,,Yes,0,0,Fukui-016_6/25/2018,48.17506725,-123.1384407,12/16/2020 4:23,KSO,12/16/2020 4:28,KSO,1fbd148d-33b0-4120-80cd-eeae32c58598,-123.1384407,48.17506725
560,Fukui,102,20180625,20180629,No,,,,Yes,0,0,Fukui-102_6/25/2018,48.14647092,-123.1836689,12/16/2020 4:23,KSO,12/16/2020 4:28,KSO,acd7136e-fe97-41e5-b6d7-1a4fe54ed602,-123.1836689,48.14647092
580,Fukui,302,20180625,20180629,No,Prospecting Trap #2,,,Yes,0,0,Fukui-302_6/25/2018,48.1746995,-123.1379582,12/16/2020 4:23,KSO,12/16/2020 4:28,KSO,5c6b3f3a-a41a-48b0-a9cb-1d0bbf6c77e4,-123.1379582,48.1746995
593,Fukui,1,20180702,20180703,No,,,,Yes,0,0,Fukui-001_7/2/2018,48.1732705,-123.1374289,12/16/2020 4:23,KSO,12/16/2020 4:28,KSO,6388b4c8-3771-49c0-9c04-afa0eec1da7a,-123.1374289,48.1732705
614,Fukui,13,20180702,20180703,No,,,,Yes,0,0,Fukui-013_7/2/2018,48.17454625,-123.1379317,12/16/2020 4:23,KSO,12/16/2020 4:28,KSO,58317d7c-db07-4e9c-91a2-1cf7325d2157,-123.1379317,48.17454625
641,Fukui,3,20180710,20180713,No,,,,Yes,0,0,Fukui-003_7/10/2018,48.17358009,-123.137485,12/16/2020 4:23,KSO,12/16/2020 4:28,KSO,53c8e859-2454-4fcd-b2ba-95fcee294262,-123.137485,48.17358009
661,Fukui,15,20180710,20180713,No,,,,Yes,0,0,Fukui-015_7/10/2018,48.1749369,-123.1381723,12/16/2020 4:23,KSO,12/16/2020 4:28,KSO,9eaf2aa0-3703-4453-8eb7-4ac4adee8a7c,-123.1381723,48.1749369
663,Fukui,16,20180710,20180713,No,,,,Yes,0,0,Fukui-016_7/10/2018,48.17506725,-123.1384407,12/16/2020 4:23,KSO,12/16/2020 4:28,KSO,ae602e4e-539b-4a1b-b546-c46689ac09a8,-123.1384407,48.17506725
670,Fukui,14,20180710,20180713,No,"New location for Fukui #14, got two EGC here when this was a prospecting site during week 12.",,,Yes,0,0,Fukui-014_7/10/2018,48.17469541,-123.1379567,12/16/2020 4:23,KSO,12/16/2020 4:28,KSO,3dc14700-8ba6-432b-ac96-e32ee214ba18,-123.1379567,48.17469541
724,Minnow,16,20180716,20180718,No,,,,Yes,0,0,Minnow-016_7/16/2018,48.17502609,-123.1385637,12/16/2020 4:23,KSO,12/16/2020 4:28,KSO,20d61220-deb8-4fa4-8ffb-43844f6cac4c,-123.1385637,48.17502609
736,Fukui,3,20180724,20180727,No,,,,Yes,0,0,Fukui-003_7/24/2018,48.17358009,-123.137485,12/16/2020 4:23,KSO,12/16/2020 4:28,KSO,14ac1873-5abf-4c3e-b865-21c680b0c064,-123.137485,48.17358009
748,Fukui,10,20180724,20180727,No,,,,Yes,0,0,Fukui-010_7/24/2018,48.17388743,-123.1367924,12/16/2020 4:23,KSO,12/16/2020 4:28,KSO,098edba4-e880-46b8-9894-2c287c620b72,-123.1367924,48.17388743
765,Fukui,14,20180724,20180727,No,,,,Yes,0,0,Fukui-014_7/24/2018,48.17469541,-123.1379567,12/16/2020 4:23,KSO,12/16/2020 4:28,KSO,0d5062c3-60e8-41ff-9fdd-95ef17fdc331,-123.1379567,48.17469541
791,Fukui,11,20180910,20180912,No,,,,Yes,0,0,Fukui-011_9/10/2018,48.17388929,-123.1370135,12/16/2020 4:23,KSO,12/16/2020 4:28,KSO,8a2d3b36-47c6-4a1a-8732-5c26c2f60315,-123.1370135,48.17388929
889,Fukui,11,20180920,20180921,No,,,,Yes,0,0,Fukui-011_9/20/2018,48.17388929,-123.1370135,12/16/2020 4:23,KSO,12/16/2020 4:28,KSO,70e0c41e-5d91-4298-a40a-8092d54e080a,-123.1370135,48.17388929
934,Fukui,15,20180730,20180801,No,,,,Yes,0,0,Fukui-015_7/30/2018,48.1749369,-123.1381723,12/16/2020 4:23,KSO,12/16/2020 4:28,KSO,d87f45f9-ee06-48d5-a41d-cb17a2d7c555,-123.1381723,48.1749369
977,Fukui,9,20180808,20180810,No,,,,Yes,0,0,Fukui-009_8/8/2018,48.17381197,-123.1360518,12/16/2020 4:23,KSO,12/16/2020 4:28,KSO,634b2827-3abe-4ef7-a3b0-0d5ca7a1e081,-123.1360518,48.17381197
984,Fukui,13,20180808,20180810,No,,,,Yes,0,0,Fukui-013_8/8/2018,48.17454625,-123.1379317,12/16/2020 4:23,KSO,12/16/2020 4:28,KSO,9ff6c071-ab8d-43c2-bc29-d642abf3438d,-123.1379317,48.17454625
1085,Minnow,12,20180827,20180830,No,,,,Yes,0,0,Minnow-012_8/27/2018,48.17448613,-123.1375401,12/16/2020 4:23,KSO,12/16/2020 4:28,KSO,3ea38c89-a32c-49d6-9e17-c3ff4b4a23de,-123.1375401,48.17448613
1198,Minnow,102,20180514,20180518,No,,,,Yes,0,0,Minnow-102_5/14/2018,48.14645776,-123.1835714,12/16/2020 4:23,KSO,12/16/2020 4:28,KSO,c28982d9-bf96-40c3-9e40-b8365270eaf1,-123.1835714,48.14645776
1202,Minnow,102,20180521,20180523,No,,,,Yes,0,0,Minnow-102_5/21/2018,48.14645776,-123.1835714,12/16/2020 4:23,KSO,12/16/2020 4:28,KSO,d1163c27-cbc0-49e8-bff9-f9f157bbcdbf,-123.1835714,48.14645776
1,Minnow,101,20180319,20180321,No,,,,No,0,0,Minnow-101_3/19/2018,48.14641244,-123.1835519,12/16/2020 4:23,KSO,12/16/2020 4:29,KSO,a1f2f6aa-aeea-4463-9418-f96bc0d0544b,-123.1835519,48.14641244
2,Fukui,101,20180319,20180321,No,,,,No,0,0,Fukui-101_3/19/2018,48.14644224,-123.1836251,12/16/2020 4:23,KSO,12/16/2020 4:29,KSO,2808dae9-9cf4-4210-a9dd-ec92c9a4a0b5,-123.1836251,48.14644224
3,Minnow,102,20180319,20180321,No,,,,No,0,0,Minnow-102_3/19/2018,48.14648299,-123.1837126,12/16/2020 4:23,KSO,12/16/2020 4:29,KSO,aa99d01b-77a0-4ce5-8cac-38a49556addd,-123.1837126,48.14648299
4,Fukui,102,20180319,20180321,No,,,,No,0,0,Fukui-102_3/19/2018,48.14648864,-123.1837857,12/16/2020 4:23,KSO,12/16/2020 4:29,KSO,8d4e8aac-d212-4e5e-b60b-7542ce4c7c00,-123.1837857,48.14648864
5,Minnow,1,20180320,20180321,No,,,,No,0,0,Minnow-001_3/20/2018,48.17333339,-123.1374407,12/16/2020 4:23,KSO,12/16/2020 4:29,KSO,c443d329-e0c2-416f-a5ea-7ba51f8a8e11,-123.1374407,48.17333339
6,Fukui,1,20180320,20180321,No,,,,No,0,0,Fukui-001_3/20/2018,48.17344592,-123.1374561,12/16/2020 4:23,KSO,12/16/2020 4:29,KSO,ddd56920-9031-4875-b730-46cfaf0b259f,-123.1374561,48.17344592
7,Minnow,2,20180320,20180321,No,,,,No,0,0,Minnow-002_3/20/2018,48.17352743,-123.1374636,12/16/2020 4:23,KSO,12/16/2020 4:29,KSO,7473bfff-73ed-4919-b582-8c21594f9e35,-123.1374636,48.17352743
8,Fukui,2,20180320,20180321,No,"Have not seen a single crab, native otherwise.",,,No,0,0,Fukui-002_3/20/2018,48.17358623,-123.1374544,12/16/2020 4:23,KSO,12/16/2020 4:29,KSO,96b4bccd-60f1-4b2a-a55f-04a8be4134cb,-123.1374544,48.17358623
9,Minnow,3,20180320,20180321,No,,,,No,0,0,Minnow-003_3/20/2018,48.17366424,-123.1374278,12/16/2020 4:23,KSO,12/16/2020 4:29,KSO,f98f3040-8dc8-4626-97a0-d74ca5d44e04,-123.1374278,48.17366424
10,Fukui,3,20180320,20180321,No,,,,No,0,0,Fukui-003_3/20/2018,48.17373634,-123.1372752,12/16/2020 4:23,KSO,12/16/2020 4:29,KSO,5274f437-0bdb-47ef-a79b-941ba58914b6,-123.1372752,48.17373634
11,Minnow,4,20180320,20180321,No,,,,No,0,0,Minnow-004_3/20/2018,48.17358967,-123.1371185,12/16/2020 4:23,KSO,12/16/2020 4:29,KSO,7ee49476-97ae-46e3-80c8-d9c1690245b3,-123.1371185,48.17358967
12,Fukui,4,20180320,20180321,No,,,,No,0,0,Fukui-004_3/20/2018,48.17336739,-123.1367727,12/16/2020 4:23,KSO,12/16/2020 4:29,KSO,99baf305-554e-4d98-afb5-a8758013f128,-123.1367727,48.17336739
13,Minnow,5,20180320,20180321,No,,,,No,0,0,Minnow-005_3/20/2018,48.17360219,-123.1365893,12/16/2020 4:23,KSO,12/16/2020 4:29,KSO,b8867707-2f94-4c27-a8a3-69d47c2674b0,-123.1365893,48.17360219
14,Fukui,5,20180320,20180321,No,,,,No,0,0,Fukui-005_3/20/2018,48.17371341,-123.1364975,12/16/2020 4:23,KSO,12/16/2020 4:29,KSO,dfcd6823-e8f0-4e95-8b68-363a93f0293d,-123.1364975,48.17371341
15,Minnow,6,20180320,20180321,No,,,,No,0,0,Minnow-006_3/20/2018,48.17371759,-123.1361322,12/16/2020 4:23,KSO,12/16/2020 4:29,KSO,2bd559ac-08d7-4e8a-aaae-68a1e1fd1dc1,-123.1361322,48.17371759
16,Fukui,6,20180320,20180321,No,,,,No,0,0,Fukui-006_3/20/2018,48.17392915,-123.1364105,12/16/2020 4:23,KSO,12/16/2020 4:29,KSO,2f8e9a7b-cd3f-4b71-9017-cfeeb5550c58,-123.1364105,48.17392915
17,Minnow,6,20180320,20180321,No,,,,No,0,0,Minnow-006_3/20/2018,48.17390007,-123.1366342,12/16/2020 4:23,KSO,12/16/2020 4:29,KSO,541d6c19-e220-4efe-acca-cbf3666fa7f6,-123.1366342,48.17390007
18,Fukui,7,20180320,20180321,No,,,,No,0,0,Fukui-007_3/20/2018,48.17388057,-123.1369007,12/16/2020 4:23,KSO,12/16/2020 4:29,KSO,36b791ed-3ffc-4da0-a46a-fb48022c515e,-123.1369007,48.17388057
19,Minnow,8,20180320,20180321,No,,,,No,0,0,Minnow-008_3/20/2018,48.17401048,-123.1371978,12/16/2020 4:23,KSO,12/16/2020 4:29,KSO,c39d4bec-322d-4684-8a65-d20516a5efc3,-123.1371978,48.17401048
20,Fukui,8,20180320,20180321,No,,,,No,0,0,Fukui-008_3/20/2018,48.17421551,-123.1372263,12/16/2020 4:23,KSO,12/16/2020 4:29,KSO,6a0aab09-477b-40bb-85ff-123e80b24dcf,-123.1372263,48.17421551
21,Minnow,9,20180320,20180321,No,,,,No,0,0,Minnow-009_3/20/2018,48.17443188,-123.1374637,12/16/2020 4:23,KSO,12/16/2020 4:29,KSO,984a76d4-681a-4231-bcc4-b93b2b30d96d,-123.1374637,48.17443188
22,Fukui,9,20180320,20180321,No,,,,No,0,0,Fukui-009_3/20/2018,48.17449498,-123.1377195,12/16/2020 4:23,KSO,12/16/2020 4:29,KSO,abb654cc-ddec-4def-ba1f-a8ab9cbd4d7c,-123.1377195,48.17449498
23,Minnow,10,20180320,20180321,No,,,,No,0,0,Minnow-010_3/20/2018,48.17460261,-123.1379989,12/16/2020 4:23,KSO,12/16/2020 4:29,KSO,d234f4be-376e-4aaa-a3ca-267247f79797,-123.1379989,48.17460261
24,Fukui,10,20180320,20180321,No,,,,No,0,0,Fukui-010_3/20/2018,48.17480729,-123.1379511,12/16/2020 4:23,KSO,12/16/2020 4:29,KSO,4f4c4c45-b528-4c40-b378-99ceb5e1ca1a,-123.1379511,48.17480729
25,Minnow,11,20180320,20180321,No,,,,No,0,0,Minnow-011_3/20/2018,48.17489542,-123.1379812,12/16/2020 4:23,KSO,12/16/2020 4:29,KSO,4bd805ff-3160-42b1-98b4-f0a738bc56f8,-123.1379812,48.17489542
26,Fukui,11,20180320,20180321,No,,,,No,0,0,Fukui-011_3/20/2018,48.17493555,-123.1381803,12/16/2020 4:23,KSO,12/16/2020 4:29,KSO,682fbe67-17c7-4a60-a1d1-6f127baf34fe,-123.1381803,48.17493555
27,Minnow,12,20180320,20180321,No,,,,No,0,0,Minnow-012_3/20/2018,48.17499658,-123.1383149,12/16/2020 4:23,KSO,12/16/2020 4:29,KSO,e8ef4146-926b-4173-9c83-403518588862,-123.1383149,48.17499658
28,Fukui,12,20180320,20180321,No,,,,No,0,0,Fukui-012_3/20/2018,48.1750585,-123.1384663,12/16/2020 4:23,KSO,12/16/2020 4:29,KSO,48ba99e7-4cb6-49f5-97f8-14ea7d21e5cd,-123.1384663,48.1750585
29,Minnow,13,20180320,20180321,No,,,,No,0,0,Minnow-013_3/20/2018,48.1749398,-123.1385867,12/16/2020 4:23,KSO,12/16/2020 4:29,KSO,f06d763f-dd48-4d7a-bfe8-7d8714b4c6d8,-123.1385867,48.1749398
31,Minnow,14,20180320,20180321,No,,,,No,0,0,Minnow-014_3/20/2018,48.17468707,-123.1385953,12/16/2020 4:23,KSO,12/16/2020 4:29,KSO,4436824a-68e6-48de-aa37-90b776d5b198,-123.1385953,48.17468707
32,Fukui,14,20180320,20180321,No,,,,No,0,0,Fukui-014_3/20/2018,48.17463833,-123.1387171,12/16/2020 4:23,KSO,12/16/2020 4:29,KSO,3ee65fdc-665f-4242-82cd-bd85ccb4e18c,-123.1387171,48.17463833
33,Minnow,15,20180320,20180321,No,,,,No,0,0,Minnow-015_3/20/2018,48.17473944,-123.1387823,12/16/2020 4:23,KSO,12/16/2020 4:29,KSO,891f6e0d-7abb-4f1a-b304-1a96ef8e9ada,-123.1387823,48.17473944
34,Fukui,15,20180320,20180321,No,,,,No,0,0,Fukui-015_3/20/2018,48.17483118,-123.1388439,12/16/2020 4:23,KSO,12/16/2020 4:29,KSO,d0dda7e8-061a-4ca1-8bc9-490703c51070,-123.1388439,48.17483117
35,Minnow,16,20180320,20180321,No,,,,No,0,0,Minnow-016_3/20/2018,48.17494763,-123.1390424,12/16/2020 4:23,KSO,12/16/2020 4:29,KSO,327c60b0-c3d7-4eb5-8b4e-4b63e564f7f6,-123.1390424,48.17494763
36,Fukui,16,20180320,20180321,No,,,,No,0,0,Fukui-016_3/20/2018,48.17498644,-123.1392163,12/16/2020 4:23,KSO,12/16/2020 4:29,KSO,21947675-f139-4cbf-9f54-131b2a96e3db,-123.1392163,48.17498644
37,Minnow,17,20180320,20180321,No,,,,No,0,0,Minnow-017_3/20/2018,48.17506369,-123.1393682,12/16/2020 4:23,KSO,12/16/2020 4:29,KSO,d7ef6c43-e4ba-43a9-8171-a8466a6d2d3c,-123.1393682,48.17506369
38,Fukui,17,20180320,20180321,No,,,,No,0,0,Fukui-017_3/20/2018,48.17523423,-123.1394008,12/16/2020 4:23,KSO,12/16/2020 4:29,KSO,786d1f53-6f8d-4680-8215-47bd0df9e398,-123.1394008,48.17523423
39,Minnow,18,20180320,20180321,No,,,,No,0,0,Minnow-018_3/20/2018,48.17529913,-123.1392027,12/16/2020 4:23,KSO,12/16/2020 4:29,KSO,3c592c15-a1df-47a2-8460-d05b2cded26e,-123.1392027,48.17529913
40,Fukui,18,20180320,20180321,No,,,,No,0,0,Fukui-018_3/20/2018,48.17534509,-123.1390497,12/16/2020 4:23,KSO,12/16/2020 4:29,KSO,0d2d6e3a-ac41-4922-8f07-577c46ea87d0,-123.1390497,48.17534509
41,Minnow,19,20180320,20180321,No,,,,No,0,0,Minnow-019_3/20/2018,48.17538837,-123.1389931,12/16/2020 4:23,KSO,12/16/2020 4:29,KSO,52f29112-6b41-442f-8e26-0a397c9d7ab4,-123.1389931,48.17538837
42,Fukui,19,20180320,20180321,No,,,,No,0,0,Fukui-019_3/20/2018,48.17549401,-123.1388164,12/16/2020 4:23,KSO,12/16/2020 4:29,KSO,ba906052-a1e8-480d-9639-6eea439f06f2,-123.1388164,48.17549401
43,Minnow,20,20180320,20180321,No,,,,No,0,0,Minnow-020_3/20/2018,48.17555885,-123.1387187,12/16/2020 4:23,KSO,12/16/2020 4:29,KSO,8fe67e30-d81a-4da9-a0fe-b72f17b25fd2,-123.1387187,48.17555885
44,Fukui,20,20180320,20180321,No,,,,No,0,0,Fukui-020_3/20/2018,48.17558,-123.138507,12/16/2020 4:23,KSO,12/16/2020 4:29,KSO,52e71cae-51ec-4240-9596-8a2fe497776c,-123.138507,48.17558
45,Fukui,21,20180320,20180321,No,,,,No,0,0,Fukui-021_3/20/2018,48.17349729,-123.1366412,12/16/2020 4:23,KSO,12/16/2020 4:29,KSO,94fd35e2-ec44-421e-ac50-742238082796,-123.1366412,48.17349729
46,Fukui,201,20180423,20180424,No,MMP 383,,,No,0,0,Fukui-201_4/23/2018,48.17658244,-123.1278326,12/16/2020 4:23,KSO,12/16/2020 4:29,KSO,6f78dc38-7512-4a93-9a25-dae9496e43ff,-123.1278326,48.17658243
47,Minnow,201,20180423,20180424,No,MMP 383,,,No,0,0,Minnow-201_4/23/2018,48.17654059,-123.1279312,12/16/2020 4:23,KSO,12/16/2020 4:29,KSO,763f4d77-988e-4264-8312-c0f75c5350b9,-123.1279312,48.17654059
48,Fukui,202,20180423,20180424,No,MMP 383,,,No,0,0,Fukui-202_4/23/2018,48.17651747,-123.1280657,12/16/2020 4:23,KSO,12/16/2020 4:29,KSO,7eecec33-069e-4f18-8eec-8e457212fc0e,-123.1280657,48.17651747
49,Minnow,202,20180423,20180424,No,MMP 383,,,No,0,0,Minnow-202_4/23/2018,48.17647818,-123.1281637,12/16/2020 4:23,KSO,12/16/2020 4:29,KSO,73ee823b-d894-462b-824e-fa54e6f26a35,-123.1281637,48.17647818
50,Fukui,203,20180423,20180424,No,MMP 383,,,No,0,0,Fukui-203_4/23/2018,48.17644498,-123.1282775,12/16/2020 4:23,KSO,12/16/2020 4:29,KSO,c2e84886-7b2a-4806-9a98-7dea9dd69e37,-123.1282775,48.17644498
51,Minnow,203,20180423,20180424,No,MMP 383,,,No,0,0,Minnow-203_4/23/2018,48.17641078,-123.1284112,12/16/2020 4:23,KSO,12/16/2020 4:29,KSO,09f96428-74d3-449e-a230-1ae7369ddae3,-123.1284112,48.17641078
52,Minnow,11,20180423,20180425,No,Minnow moved from flagged location set on 4/9 in section DS-1g becuase section doesn't hold water. ,,,No,0,0,Minnow-011_4/23/2018,48.17385994,-123.1360798,12/16/2020 4:23,KSO,12/16/2020 4:29,KSO,4d6aee0f-e178-459c-b943-af00b73b7832,-123.1360798,48.17385994
53,Fukui,102,20180529,20180531,No,,,,No,0,0,Fukui-102_5/29/2018,48.14651101,-123.1839402,12/16/2020 4:23,KSO,12/16/2020 4:29,KSO,963ffa68-ac23-47bb-95a3-21ab99306210,-123.1839402,48.14651101
54,Minnow,101,20180529,20180531,No,,,,No,0,0,Minnow-101_5/29/2018,48.1465025,-123.1838142,12/16/2020 4:23,KSO,12/16/2020 4:29,KSO,da9d7d0d-05e1-4211-b832-9edbee61e159,-123.1838142,48.1465025
55,Fukui,102,20180529,20180531,No,,,,No,0,0,Fukui-102_5/29/2018,48.14648648,-123.1837134,12/16/2020 4:23,KSO,12/16/2020 4:29,KSO,c08cdc85-daa5-498c-830c-b4250b9c0fd1,-123.1837134,48.14648648
56,Fukui,103,20180529,20180531,No,,,,No,0,0,Fukui-103_5/29/2018,48.14650142,-123.1835115,12/16/2020 4:23,KSO,12/16/2020 4:29,KSO,1ae2433a-18d9-4020-9a53-099acdf58eee,-123.1835115,48.14650142
57,Minnow,103,20180529,20180531,No,,,,No,0,0,Minnow-103_5/29/2018,48.14659309,-123.1834862,12/16/2020 4:23,KSO,12/16/2020 4:29,KSO,7833ad57-280e-48fa-b90e-4e7a8f9130bd,-123.1834862,48.14659309
58,Minnow,102,20180529,20180531,No,,,,No,0,0,Minnow-102_5/29/2018,48.14644001,-123.1836147,12/16/2020 4:23,KSO,12/16/2020 4:29,KSO,dafbdf21-a94f-46aa-abf5-98144ca2bae7,-123.1836147,48.14644001
59,Fukui,1,20180409,20180411,No,,,,No,0,0,Fukui-001_4/9/2018,48.1732705,-123.1374289,12/16/2020 4:23,KSO,12/16/2020 4:29,KSO,4ddc2a70-ab7a-41b7-9ba6-143eee8f33ab,-123.1374289,48.1732705
60,Minnow,1,20180409,20180411,No,,,,No,0,0,Minnow-001_4/9/2018,48.17336181,-123.1374728,12/16/2020 4:23,KSO,12/16/2020 4:29,KSO,889f0a5b-a2cc-4b9b-a2da-2fb66e9a09f4,-123.1374728,48.17336181
61,Fukui,2,20180409,20180411,No,,,,No,0,0,Fukui-002_4/9/2018,48.17344058,-123.137489,12/16/2020 4:23,KSO,12/16/2020 4:29,KSO,62f8e337-ad36-4fd3-8b40-3185036602cb,-123.137489,48.17344058
62,Minnow,2,20180409,20180411,No,,,,No,0,0,Minnow-002_4/9/2018,48.17352193,-123.1374981,12/16/2020 4:23,KSO,12/16/2020 4:29,KSO,891494fc-53fd-43a9-a16c-00ecd1825fa6,-123.1374981,48.17352193
63,Fukui,3,20180409,20180411,No,,,,No,0,0,Fukui-003_4/9/2018,48.17358009,-123.137485,12/16/2020 4:23,KSO,12/16/2020 4:29,KSO,82b29e64-21d8-4c2e-a112-86848434ebbe,-123.137485,48.17358009
64,Minnow,3,20180409,20180411,No,,,,No,0,0,Minnow-003_4/9/2018,48.1736586,-123.1374355,12/16/2020 4:23,KSO,12/16/2020 4:29,KSO,91f189cb-869d-4a00-8a3b-5b2436bdcb35,-123.1374355,48.1736586
65,Fukui,4,20180409,20180411,No,,,,No,0,0,Fukui-004_4/9/2018,48.17370759,-123.1373586,12/16/2020 4:23,KSO,12/16/2020 4:29,KSO,5b1137d9-dce6-4a27-9e9e-5cdfdcb8ceaf,-123.1373586,48.17370759
66,Minnow,4,20180409,20180411,No,,,,No,0,0,Minnow-004_4/9/2018,48.17351788,-123.1370704,12/16/2020 4:23,KSO,12/16/2020 4:29,KSO,25c02536-2240-4e38-ae6a-d163dfea4840,-123.1370704,48.17351788
67,Fukui,5,20180409,20180411,No,,,,No,0,0,Fukui-005_4/9/2018,48.17346247,-123.137026,12/16/2020 4:23,KSO,12/16/2020 4:29,KSO,6487c75b-1ff1-41bd-9915-77785bd9e80e,-123.137026,48.17346247
68,Minnow,5,20180409,20180411,No,,,,No,0,0,Minnow-005_4/9/2018,48.17340715,-123.1369494,12/16/2020 4:23,KSO,12/16/2020 4:29,KSO,eab29d54-aa79-4a78-af58-2a466bc91dbc,-123.1369494,48.17340715
69,Fukui,6,20180409,20180411,No,,,,No,0,0,Fukui-006_4/9/2018,48.17349668,-123.1366631,12/16/2020 4:23,KSO,12/16/2020 4:29,KSO,413fb938-fec2-4ea6-94ee-db5d0cdc342f,-123.1366631,48.17349668
71,Fukui,7,20180409,20180411,No,,,,No,0,0,Fukui-007_4/9/2018,48.17363537,-123.1365817,12/16/2020 4:23,KSO,12/16/2020 4:29,KSO,e9c2309f-8cdb-40cf-88b6-c190769e608a,-123.1365817,48.17363537
72,Minnow,7,20180409,20180411,No,,,,No,0,0,Minnow-007_4/9/2018,48.1737049,-123.1364987,12/16/2020 4:23,KSO,12/16/2020 4:29,KSO,7158bd76-3ee6-4427-bad1-7167eac28af3,-123.1364987,48.1737049
73,Fukui,8,20180409,20180411,No,,,,No,0,0,Fukui-008_4/9/2018,48.17371413,-123.1362155,12/16/2020 4:23,KSO,12/16/2020 4:29,KSO,33e14661-468d-46f3-8bbb-5e3773aa55fe,-123.1362155,48.17371412
74,Minnow,8,20180409,20180411,No,,,,No,0,0,Minnow-008_4/9/2018,48.17374601,-123.1360941,12/16/2020 4:23,KSO,12/16/2020 4:29,KSO,0bef4e33-c74b-4022-a7f2-20e34ef7ff6d,-123.1360941,48.17374601
75,Fukui,9,20180409,20180411,No,,,,No,0,0,Fukui-009_4/9/2018,48.17381197,-123.1360518,12/16/2020 4:23,KSO,12/16/2020 4:29,KSO,92db726d-2821-4c51-8485-653e53bc51a1,-123.1360518,48.17381197
76,Minnow,9,20180409,20180411,No,,,,No,0,0,Minnow-009_4/9/2018,48.17390025,-123.1366909,12/16/2020 4:23,KSO,12/16/2020 4:29,KSO,5af1e679-875a-416f-aa19-a802fa003452,-123.1366909,48.17390025
77,Fukui,10,20180409,20180411,No,,,,No,0,0,Fukui-010_4/9/2018,48.17388743,-123.1367924,12/16/2020 4:23,KSO,12/16/2020 4:29,KSO,b5404ae1-9f7d-4d53-bb31-f141bc6c6a37,-123.1367924,48.17388743
78,Minnow,10,20180409,20180411,No,,,,No,0,0,Minnow-010_4/9/2018,48.17388541,-123.1368864,12/16/2020 4:23,KSO,12/16/2020 4:29,KSO,29fcc1a2-95d8-4316-a8ca-fab8a719821c,-123.1368864,48.17388541
79,Fukui,11,20180409,20180411,No,,,,No,0,0,Fukui-011_4/9/2018,48.17388929,-123.1370135,12/16/2020 4:23,KSO,12/16/2020 4:29,KSO,cfbedb21-5dc1-4216-903e-f0ecff91771b,-123.1370135,48.17388929
80,Minnow,11,20180409,20180411,No,,,,No,0,0,Minnow-011_4/9/2018,48.17422371,-123.137247,12/16/2020 4:23,KSO,12/16/2020 4:29,KSO,8ba9e074-5fc7-48f9-9413-68256f0899f3,-123.137247,48.17422371
81,Fukui,12,20180409,20180411,No,,,,No,0,0,Fukui-012_4/9/2018,48.17443953,-123.1374855,12/16/2020 4:23,KSO,12/16/2020 4:29,KSO,f0ac0373-b7b2-4f76-a043-8672dacc021a,-123.1374855,48.17443953
83,Fukui,13,20180409,20180411,No,,,,No,0,0,Fukui-013_4/9/2018,48.17454625,-123.1379317,12/16/2020 4:23,KSO,12/16/2020 4:29,KSO,e1044376-cc85-4a81-a605-5cd90b461f9a,-123.1379317,48.17454625
84,Minnow,13,20180409,20180411,No,,,,No,0,0,Minnow-013_4/9/2018,48.17459121,-123.1380251,12/16/2020 4:23,KSO,12/16/2020 4:29,KSO,ad329d4e-5bef-452b-87e1-926ceb7d2d0b,-123.1380251,48.17459121
85,Fukui,14,20180409,20180411,No,,,,No,0,0,Fukui-014_4/9/2018,48.17481288,-123.137963,12/16/2020 4:23,KSO,12/16/2020 4:29,KSO,517f2224-d047-4e62-993c-cd5c4bd7415f,-123.137963,48.17481288
86,Minnow,14,20180409,20180411,No,,,,No,0,0,Minnow-014_4/9/2018,48.17489695,-123.1380006,12/16/2020 4:23,KSO,12/16/2020 4:29,KSO,201a2ed9-dff7-442c-bae2-badf76d86b97,-123.1380006,48.17489695
87,Fukui,15,20180409,20180411,No,,,,No,0,0,Fukui-015_4/9/2018,48.1749369,-123.1381723,12/16/2020 4:23,KSO,12/16/2020 4:29,KSO,6410f223-44ed-4869-8905-aaec0228d499,-123.1381723,48.1749369
88,Minnow,15,20180409,20180411,No,,,,No,0,0,Minnow-015_4/9/2018,48.17501044,-123.1383361,12/16/2020 4:23,KSO,12/16/2020 4:29,KSO,85051e05-6044-41d5-a5f7-49594ee022a2,-123.1383361,48.17501044
89,Fukui,16,20180409,20180411,No,,,,No,0,0,Fukui-016_4/9/2018,48.17506725,-123.1384407,12/16/2020 4:23,KSO,12/16/2020 4:29,KSO,6df8895c-0012-462f-800d-40ba1635c19c,-123.1384407,48.17506725
90,Minnow,16,20180409,20180411,No,,,,No,0,0,Minnow-016_4/9/2018,48.17502609,-123.1385637,12/16/2020 4:23,KSO,12/16/2020 4:29,KSO,eb75e3e2-9080-4cc6-914b-b0dd95a86b69,-123.1385637,48.17502609
91,Fukui,17,20180409,20180411,No,,,,No,0,0,Fukui-017_4/9/2018,48.17473318,-123.1386003,12/16/2020 4:23,KSO,12/16/2020 4:29,KSO,1581ba58-9172-418c-bea6-9db56de58704,-123.1386003,48.17473318
92,Minnow,17,20180409,20180411,No,,,,No,0,0,Minnow-017_4/9/2018,48.17466397,-123.1386243,12/16/2020 4:23,KSO,12/16/2020 4:29,KSO,528617a1-4f3f-4220-a406-108912518ed5,-123.1386243,48.17466397
93,Fukui,18,20180409,20180411,No,,,,No,0,0,Fukui-018_4/9/2018,48.17471556,-123.1387902,12/16/2020 4:23,KSO,12/16/2020 4:29,KSO,aa210458-c073-49f9-9a5a-213a9d4ae9e0,-123.1387902,48.17471556
94,Minnow,301,20180409,20180411,No,Prospecting Trap,,,No,0,0,Minnow-301_4/9/2018,48.17527883,-123.1391478,12/16/2020 4:23,KSO,12/16/2020 4:29,KSO,ae4783d4-69aa-4624-b970-bbcf7178d75c,-123.1391477,48.17527883
95,Fukui,302,20180409,20180411,No,Prospecting Trap,,,No,0,0,Fukui-302_4/9/2018,48.17539012,-123.1390232,12/16/2020 4:23,KSO,12/16/2020 4:29,KSO,3566b425-18f1-46b6-835e-7ce5b3a9ac2b,-123.1390232,48.17539012
96,Minnow,303,20180409,20180411,No,Prospecting Trap,,,No,0,0,Minnow-303_4/9/2018,48.17549542,-123.1388212,12/16/2020 4:23,KSO,12/16/2020 4:29,KSO,c4b299c5-b8a3-4c2a-a0b7-302a257133c8,-123.1388212,48.17549542
97,Fukui,304,20180409,20180411,No,Prospecting Trap,,,No,0,0,Fukui-304_4/9/2018,48.17553095,-123.1383256,12/16/2020 4:23,KSO,12/16/2020 4:29,KSO,d122b249-e822-4563-a535-b787ae3209a3,-123.1383256,48.17553095
98,Minnow,305,20180409,20180411,No,Prospecting Trap,,,No,0,0,Minnow-305_4/9/2018,48.17539865,-123.1383563,12/16/2020 4:23,KSO,12/16/2020 4:29,KSO,154843bf-b87c-42b4-b28d-698a3010892e,-123.1383563,48.17539865
99,Fukui,306,20180409,20180411,No,Prospecting Trap,,,No,0,0,Fukui-306_4/9/2018,48.17536815,-123.138271,12/16/2020 4:23,KSO,12/16/2020 4:29,KSO,e0a3ed1a-1ec3-44de-8c2d-9223fe64b45f,-123.138271,48.17536815
100,Fukui,1,20180416,20180420,No,,,,No,0,0,Fukui-001_4/16/2018,48.1732705,-123.1374289,12/16/2020 4:23,KSO,12/16/2020 4:29,KSO,575ee0fd-99ff-45e0-aada-e147396fc233,-123.1374289,48.1732705
101,Minnow,1,20180416,20180420,No,,,,No,0,0,Minnow-001_4/16/2018,48.17336181,-123.1374728,12/16/2020 4:23,KSO,12/16/2020 4:29,KSO,4fb4bcfa-1658-47ef-952a-97c41216983a,-123.1374728,48.17336181
103,Minnow,2,20180416,20180420,No,,,,No,0,0,Minnow-002_4/16/2018,48.17352193,-123.1374981,12/16/2020 4:23,KSO,12/16/2020 4:29,KSO,6b1afd55-4929-41b3-939c-37064060582a,-123.1374981,48.17352193
104,Fukui,3,20180416,20180420,No,,,,No,0,0,Fukui-003_4/16/2018,48.17358009,-123.137485,12/16/2020 4:23,KSO,12/16/2020 4:29,KSO,dff8cb3a-5db9-4797-b1b1-7fec8c656263,-123.137485,48.17358009
105,Minnow,3,20180416,20180420,No,,,,No,0,0,Minnow-003_4/16/2018,48.1736586,-123.1374355,12/16/2020 4:23,KSO,12/16/2020 4:29,KSO,eec686a3-01d3-4e34-b109-621e32228a8e,-123.1374355,48.1736586
106,Fukui,4,20180416,20180420,No,,,,No,0,0,Fukui-004_4/16/2018,48.17370759,-123.1373586,12/16/2020 4:23,KSO,12/16/2020 4:29,KSO,876d1a36-cea9-4e00-b423-440742f1d90e,-123.1373586,48.17370759
107,Minnow,4,20180416,20180420,No,,,,No,0,0,Minnow-004_4/16/2018,48.17351788,-123.1370704,12/16/2020 4:23,KSO,12/16/2020 4:29,KSO,0e58357d-a884-4ff3-8b80-810c46ace35d,-123.1370704,48.17351788
108,Fukui,5,20180416,20180420,No,,,,No,0,0,Fukui-005_4/16/2018,48.17346247,-123.137026,12/16/2020 4:23,KSO,12/16/2020 4:29,KSO,921d8230-6e45-4c18-9d83-e3714fc77b69,-123.137026,48.17346247
109,Minnow,5,20180416,20180420,No,,,,No,0,0,Minnow-005_4/16/2018,48.17340715,-123.1369494,12/16/2020 4:23,KSO,12/16/2020 4:29,KSO,43dd471e-b3ce-4a66-b091-b7fa856eb35f,-123.1369494,48.17340715
110,Fukui,6,20180416,20180420,No,,,,No,0,0,Fukui-006_4/16/2018,48.17349668,-123.1366631,12/16/2020 4:23,KSO,12/16/2020 4:29,KSO,cb77de0f-1a42-4ce4-a88b-54ce03487bd7,-123.1366631,48.17349668
111,Minnow,6,20180416,20180420,No,,,,No,0,0,Minnow-006_4/16/2018,48.17356201,-123.136627,12/16/2020 4:23,KSO,12/16/2020 4:29,KSO,9c66672e-1897-444d-85e9-4f734e48f4a9,-123.136627,48.17356201
112,Fukui,7,20180416,20180420,No,,,,No,0,0,Fukui-007_4/16/2018,48.17363537,-123.1365817,12/16/2020 4:23,KSO,12/16/2020 4:29,KSO,80893c9f-9a25-415b-8143-6343cd6d223e,-123.1365817,48.17363537
113,Minnow,7,20180416,20180420,No,,,,No,0,0,Minnow-007_4/16/2018,48.1737049,-123.1364987,12/16/2020 4:23,KSO,12/16/2020 4:29,KSO,68a36b83-aa40-4f1b-94a9-20a034023e5c,-123.1364987,48.1737049
114,Fukui,9,20180416,20180420,No,,,,No,0,0,Fukui-009_4/16/2018,48.17381197,-123.1360518,12/16/2020 4:23,KSO,12/16/2020 4:29,KSO,a543a21b-a4ab-4460-b390-dcd87bef0395,-123.1360518,48.17381197
115,Minnow,9,20180416,20180420,No,,,,No,0,0,Minnow-009_4/16/2018,48.17390025,-123.1366909,12/16/2020 4:23,KSO,12/16/2020 4:29,KSO,4225451d-3f72-4ffb-bb84-4083aad6a484,-123.1366909,48.17390025
116,Fukui,10,20180416,20180420,No,,,,No,0,0,Fukui-010_4/16/2018,48.17388743,-123.1367924,12/16/2020 4:23,KSO,12/16/2020 4:29,KSO,92dffe40-4ddb-4f3f-95ef-b7b2d2c7f0a5,-123.1367924,48.17388743
117,Minnow,10,20180416,20180420,No,,,,No,0,0,Minnow-010_4/16/2018,48.17388541,-123.1368864,12/16/2020 4:23,KSO,12/16/2020 4:29,KSO,ac6bf91e-4ff3-4676-918e-f10e235d413e,-123.1368864,48.17388541
118,Fukui,11,20180416,20180420,No,,,,No,0,0,Fukui-011_4/16/2018,48.17388929,-123.1370135,12/16/2020 4:23,KSO,12/16/2020 4:29,KSO,a30c8b19-b326-4a59-b246-25813f370d34,-123.1370135,48.17388929
119,Fukui,12,20180416,20180420,No,,,,No,0,0,Fukui-012_4/16/2018,48.17443953,-123.1374855,12/16/2020 4:23,KSO,12/16/2020 4:29,KSO,c8a80e9c-bb65-431a-92ec-9d183ceb51bb,-123.1374855,48.17443953
120,Minnow,12,20180416,20180420,No,,,,No,0,0,Minnow-012_4/16/2018,48.17448613,-123.1375401,12/16/2020 4:23,KSO,12/16/2020 4:29,KSO,65de3919-2010-4c80-8c24-9ea676d4a03f,-123.1375401,48.17448613
121,Fukui,13,20180416,20180420,No,,,,No,0,0,Fukui-013_4/16/2018,48.17454625,-123.1379317,12/16/2020 4:23,KSO,12/16/2020 4:29,KSO,64138c98-a8fe-4fd8-8028-ae4af2ad42eb,-123.1379317,48.17454625
122,Minnow,13,20180416,20180420,No,,,,No,0,0,Minnow-013_4/16/2018,48.17459121,-123.1380251,12/16/2020 4:23,KSO,12/16/2020 4:29,KSO,04f20832-9d74-4692-867b-00a6961dc82a,-123.1380251,48.17459121
123,Fukui,14,20180416,20180420,No,,,,No,0,0,Fukui-014_4/16/2018,48.17481288,-123.137963,12/16/2020 4:23,KSO,12/16/2020 4:29,KSO,a010aeca-d766-4a72-9544-54daf3c0c669,-123.137963,48.17481288
124,Minnow,14,20180416,20180420,No,,,,No,0,0,Minnow-014_4/16/2018,48.17489695,-123.1380006,12/16/2020 4:23,KSO,12/16/2020 4:29,KSO,779fa8b8-5013-4658-89e9-14ae231904ef,-123.1380006,48.17489695
125,Fukui,15,20180416,20180420,No,,,,No,0,0,Fukui-015_4/16/2018,48.1749369,-123.1381723,12/16/2020 4:23,KSO,12/16/2020 4:29,KSO,66065033-3e19-4577-9d75-6f8827ae9621,-123.1381723,48.1749369
126,Minnow,15,20180416,20180420,No,,,,No,0,0,Minnow-015_4/16/2018,48.17501044,-123.1383361,12/16/2020 4:23,KSO,12/16/2020 4:29,KSO,2fe92968-e4bb-42cf-8380-833f1383f728,-123.1383361,48.17501044
128,Minnow,16,20180416,20180420,No,,,,No,0,0,Minnow-016_4/16/2018,48.17502609,-123.1385637,12/16/2020 4:23,KSO,12/16/2020 4:29,KSO,1ac275c9-5256-4c1c-ad08-6b5f56709c36,-123.1385637,48.17502609
129,Fukui,17,20180416,20180420,No,,,,No,0,0,Fukui-017_4/16/2018,48.17473318,-123.1386003,12/16/2020 4:23,KSO,12/16/2020 4:29,KSO,2faf11c2-16ad-4c2e-86e1-1bfb032b6116,-123.1386003,48.17473318
131,Fukui,18,20180416,20180420,No,,,,No,0,0,Fukui-018_4/16/2018,48.17471556,-123.1387902,12/16/2020 4:23,KSO,12/16/2020 4:29,KSO,a2b95764-6e61-40e8-9ce5-e9bf7368b374,-123.1387902,48.17471556
132,Minnow,301,20180416,20180420,No,Prospecting Trap,,,No,0,0,Minnow-301_4/16/2018,48.17527883,-123.1391478,12/16/2020 4:23,KSO,12/16/2020 4:29,KSO,11f92810-7b10-4e8a-b1e9-94a706d89b0b,-123.1391477,48.17527883
133,Fukui,302,20180416,20180420,No,Prospecting Trap,,,No,0,0,Fukui-302_4/16/2018,48.17539012,-123.1390232,12/16/2020 4:23,KSO,12/16/2020 4:29,KSO,8b3f1ccd-be5e-465d-949a-7cb4df601ac7,-123.1390232,48.17539012
134,Minnow,303,20180416,20180420,No,Prospecting Trap,,,No,0,0,Minnow-303_4/16/2018,48.17549542,-123.1388212,12/16/2020 4:23,KSO,12/16/2020 4:29,KSO,c30140e0-2cff-45d3-8b68-b1cf83c98719,-123.1388212,48.17549542
135,Fukui,304,20180416,20180420,No,Prospecting Trap,,,No,0,0,Fukui-304_4/16/2018,48.17553095,-123.1383256,12/16/2020 4:23,KSO,12/16/2020 4:29,KSO,3a03411d-5b05-400c-9f74-83939b4f68d3,-123.1383256,48.17553095
136,Minnow,305,20180416,20180420,No,Prospecting Trap,,,No,0,0,Minnow-305_4/16/2018,48.17539865,-123.1383563,12/16/2020 4:23,KSO,12/16/2020 4:29,KSO,3a31f7c9-fa98-48d9-94ea-6214d381ce2a,-123.1383563,48.17539865
137,Fukui,306,20180416,20180420,No,Prospecting Trap,,,No,0,0,Fukui-306_4/16/2018,48.17536815,-123.138271,12/16/2020 4:23,KSO,12/16/2020 4:29,KSO,e5970d1d-89ab-4a96-a411-a4766390cae2,-123.138271,48.17536815
