OBJECTID,Trap Type,Trap Number,Trap Set Date,Trap Pull Date,Active,Location Notes,Week,Site Name,EGC Captured?,Prospecting Trap?,MMP Trap?,TrapIDJoin,Latitude,Longitude,created_date,created_user,last_edited_date,last_edited_user,GlobalID,x,y
46,Minnow,11,20190422,20190423,No,Moved bc site became dry,3,Channel (DS-1),No,No,No,Minnow-11_4/22/2019,48.17396,-123.13716,12/16/2020 4:26,KSO,12/16/2020 4:26,KSO,708d5d3f-a0c9-48bc-b19e-78b9966d24a2,-123.13716,48.17396
47,Minnow,11,20190423,20190424,No,Moved bc site was dry upon return next day,3,Channel (DS-1),No,No,No,Minnow-11_4/23/2019,48.17400333,-123.1372067,12/16/2020 4:26,KSO,12/16/2020 4:26,KSO,14b99999-192f-4fe7-a0a6-cdb0a63d5cb7,-123.1372067,48.17400333
48,Minnow,11,20190424,20190425,No,Moved bc site was dry upon return the next day,3,Channel (DS-1),No,No,No,Minnow-11_4/24/2019,48.17407333,-123.13719,12/16/2020 4:26,KSO,12/16/2020 4:26,KSO,f9e539ec-0808-4fbc-9cee-2cf853517886,-123.13719,48.17407333
49,Minnow,11,20190425,20190426,No,Moved from previous location bc site was dry,3,Channel (DS-1),No,No,No,Minnow-11_4/25/2019,48.17379,-123.1360533,12/16/2020 4:26,KSO,12/16/2020 4:26,KSO,9e9f2920-7439-4a95-8d4a-e9937d975fce,-123.1360533,48.17379
45,Minnow,4,20190425,20190426,No,Previously further west but no water so moved it east,3,Channel (DS-1),No,No,No,Minnow-4_4/25/2019,48.1736,-123.1371517,12/16/2020 4:26,KSO,12/16/2020 4:26,KSO,b9deb65d-571e-4747-b714-cb4e6c734131,-123.1371517,48.1736
5,Minnow,1,20190417,20190419,No,,2,Channel (DS-1),No,No,No,Minnow-1_4/17/2019,48.17339833,-123.1374467,12/16/2020 4:26,KSO,12/16/2020 4:26,KSO,06389bd3-8e8c-4784-9b86-223d0f7c7fe0,-123.1374467,48.17339833
6,Fukui,1,20190417,20190419,No,,2,Channel (DS-1),No,No,No,Fukui-1_4/17/2019,48.17347167,-123.1374617,12/16/2020 4:26,KSO,12/16/2020 4:26,KSO,99419484-0d3c-4589-8826-9183c202716d,-123.1374617,48.17347167
8,Fukui,2,20190417,20190419,No,,2,Channel (DS-1),No,No,No,Fukui-2_4/17/2019,48.17364167,-123.13744,12/16/2020 4:26,KSO,12/16/2020 4:26,KSO,25c059dd-0958-44c8-a79f-04b90fd84aaa,-123.13744,48.17364167
9,Minnow,3,20190417,20190419,No,,2,Channel (DS-1),No,No,No,Minnow-3_4/17/2019,48.17373277,-123.1374177,12/16/2020 4:26,KSO,12/16/2020 4:26,KSO,8a017671-5fd4-496f-ba39-8cab2e0c3eb7,-123.1374177,48.17373276
10,Fukui,3,20190417,20190419,No,,2,Channel (DS-1),No,No,No,Fukui-3_4/17/2019,48.17374,-123.137335,12/16/2020 4:26,KSO,12/16/2020 4:26,KSO,e95e5cc9-c368-48b6-a8d6-539f42fea604,-123.137335,48.17374
11,Minnow,4,20190417,20190419,No,,2,Channel (DS-1),No,No,No,Minnow-4_4/17/2019,48.17366667,-123.1371417,12/16/2020 4:26,KSO,12/16/2020 4:26,KSO,9188af55-9cdd-4426-ba5c-f7250a81008f,-123.1371417,48.17366667
12,Fukui,4,20190417,20190419,No,,2,Channel (DS-1),No,No,No,Fukui-4_4/17/2019,48.17354833,-123.1370517,12/16/2020 4:26,KSO,12/16/2020 4:26,KSO,f0f2df15-145b-497d-987d-512247571c1f,-123.1370517,48.17354833
13,Minnow,5,20190417,20190419,No,,2,Channel (DS-1),No,No,No,Minnow-5_4/17/2019,48.17347667,-123.1370017,12/16/2020 4:26,KSO,12/16/2020 4:26,KSO,bf2c2818-86cb-4bd0-b241-57fc0edd7665,-123.1370017,48.17347667
20,Minnow,9,20190417,20190419,No,,2,Channel (DS-1),No,No,No,Minnow-9_4/17/2019,48.173915,-123.1366617,12/16/2020 4:26,KSO,12/16/2020 4:26,KSO,3b29fc86-e1e5-4741-9484-63ee0cc30faa,-123.1366617,48.173915
21,Fukui,9,20190417,20190419,No,,2,Channel (DS-1),No,No,No,Fukui-9_4/17/2019,48.17390167,-123.1367717,12/16/2020 4:26,KSO,12/16/2020 4:26,KSO,96b75713-7caf-4866-800f-3f9249eaaca1,-123.1367717,48.17390167
22,Minnow,10,20190417,20190419,No,,2,Channel (DS-1),No,No,No,Minnow-10_4/17/2019,48.17389667,-123.1369133,12/16/2020 4:26,KSO,12/16/2020 4:26,KSO,de8125c2-f8b3-441f-b7a1-b694a2312292,-123.1369133,48.17389667
24,Minnow,11,20190417,20190419,No,,2,Channel (DS-1),No,No,No,Minnow-11_4/17/2019,48.17396,-123.13713,12/16/2020 4:26,KSO,12/16/2020 4:26,KSO,d98a3ec6-f23e-4112-9060-2f07d1c0ac4f,-123.13713,48.17396
25,Fukui,11,20190417,20190419,No,,2,Channel (DS-1),No,No,No,Fukui-11_4/17/2019,48.17421667,-123.1372333,12/16/2020 4:26,KSO,12/16/2020 4:26,KSO,c0e5f0aa-14a0-42e6-aa8e-6e6e5e339c31,-123.1372333,48.17421667
26,Minnow,12,20190417,20190419,No,,2,Channel (DS-1),No,No,No,Minnow-12_4/17/2019,48.17430333,-123.1372833,12/16/2020 4:26,KSO,12/16/2020 4:26,KSO,d2d0f61f-0df0-45ab-b357-92319012dbd1,-123.1372833,48.17430333
27,Fukui,12,20190417,20190419,No,,2,Channel (DS-1),No,No,No,Fukui-12_4/17/2019,48.17435667,-123.13739,12/16/2020 4:26,KSO,12/16/2020 4:26,KSO,1790739f-c582-45ca-b62e-853c3b7c9921,-123.13739,48.17435667
28,Minnow,13,20190417,20190419,No,,2,Channel (DS-1),No,No,No,Minnow-13_4/17/2019,48.17443667,-123.137455,12/16/2020 4:26,KSO,12/16/2020 4:26,KSO,64432952-41b5-44fa-8834-63d6d88181d3,-123.137455,48.17443667
29,Fukui,13,20190417,20190419,No,,2,Channel (DS-1),No,No,No,Fukui-13_4/17/2019,48.17451667,-123.1375483,12/16/2020 4:26,KSO,12/16/2020 4:26,KSO,016db38f-f33e-4043-9890-bce4c6d73b13,-123.1375483,48.17451667
30,Minnow,14,20190417,20190419,No,,2,Channel (DS-1),No,No,No,Minnow-14_4/17/2019,48.174505,-123.137655,12/16/2020 4:26,KSO,12/16/2020 4:26,KSO,e35bb6db-da91-436a-825b-313237e3c8ce,-123.137655,48.174505
31,Fukui,14,20190417,20190419,No,,2,Channel (DS-1),No,No,No,Fukui-14_4/17/2019,48.17452,-123.137825,12/16/2020 4:26,KSO,12/16/2020 4:26,KSO,d650ec03-827c-4240-a4c3-cda8120ce1c9,-123.137825,48.17452
32,Minnow,15,20190417,20190419,No,,2,Channel (DS-1),No,No,No,Minnow-15_4/17/2019,48.174595,-123.13795,12/16/2020 4:26,KSO,12/16/2020 4:26,KSO,23432c77-97c8-4cc0-b835-0a21a60dcc19,-123.13795,48.174595
33,Fukui,15,20190417,20190419,No,,2,Channel (DS-1),No,No,No,Fukui-15_4/17/2019,48.17463833,-123.1380017,12/16/2020 4:26,KSO,12/16/2020 4:26,KSO,2f5ee1ff-063a-4e09-9c5e-1e250a49fdb0,-123.1380017,48.17463833
34,Minnow,16,20190417,20190419,No,,2,Channel (DS-1),No,No,No,Minnow-16_4/17/2019,48.1747,-123.1379567,12/16/2020 4:26,KSO,12/16/2020 4:26,KSO,84553b92-fd98-45bb-b026-b3c52b97d73c,-123.1379567,48.1747
35,Fukui,16,20190417,20190419,No,,2,Channel (DS-1),No,No,No,Fukui-16_4/17/2019,48.17480333,-123.1379567,12/16/2020 4:26,KSO,12/16/2020 4:26,KSO,0186554d-1ec4-4e13-a52d-63f0d102cbc8,-123.1379567,48.17480333
36,Minnow,17,20190417,20190419,No,,2,Channel (DS-1),No,No,No,Minnow-17_4/17/2019,48.174855,-123.1379783,12/16/2020 4:26,KSO,12/16/2020 4:26,KSO,66bf6fd1-be91-4473-a88c-10cb42f024da,-123.1379783,48.174855
37,Fukui,17,20190417,20190419,No,,2,Channel (DS-1),No,No,No,Fukui-17_4/17/2019,48.174935,-123.13809,12/16/2020 4:26,KSO,12/16/2020 4:26,KSO,46693d12-2e65-46ee-832b-3c5bd844904a,-123.13809,48.174935
38,Minnow,18,20190417,20190419,No,,2,Channel (DS-1),No,No,No,Minnow-18_4/17/2019,48.17493333,-123.1382133,12/16/2020 4:26,KSO,12/16/2020 4:26,KSO,ed203799-2377-4250-97fd-ec3134ee6230,-123.1382133,48.17493333
40,Minnow,19,20190417,20190419,No,,2,Channel (DS-1),No,No,No,Minnow-19_4/17/2019,48.17506955,-123.1385865,12/16/2020 4:26,KSO,12/16/2020 4:26,KSO,dde0786b-f287-4574-9a03-8385503e22db,-123.1385865,48.17506955
41,Fukui,19,20190417,20190419,No,,2,Channel (DS-1),No,No,No,Fukui-19_4/17/2019,48.17496041,-123.1386508,12/16/2020 4:26,KSO,12/16/2020 4:26,KSO,9755b3bd-ea3d-4903-8d2b-71b45514edd6,-123.1386508,48.17496041
42,Minnow,20,20190417,20190419,No,,2,Channel (DS-1),No,No,No,Minnow-20_4/17/2019,48.17479529,-123.1386423,12/16/2020 4:26,KSO,12/16/2020 4:26,KSO,251d967a-8f7d-47e1-b5f5-5b86666302af,-123.1386423,48.17479529
44,Fukui,5,20190417,20190419,No,,2,Channel (DS-1),No,No,No,Fukui-5_4/17/2019,48.17338415,-123.1368828,12/16/2020 4:26,KSO,12/16/2020 4:26,KSO,672238f2-5dd4-4770-bd2a-243c588c1a8b,-123.1368828,48.17338415
53,Minnow,102,20190501,20190503,No,,4,Base Lagoon,No,No,No,Minnow-102_5/1/2019,48.146455,-123.1836617,12/16/2020 4:26,KSO,12/16/2020 4:26,KSO,f7e913cd-3f66-4eda-a920-f505eaad786f,-123.1836617,48.146455
54,Minnow,103,20190501,20190503,No,,4,Base Lagoon,No,No,No,Minnow-103_5/1/2019,48.14649253,-123.1837979,12/16/2020 4:26,KSO,12/16/2020 4:26,KSO,b24ac10c-84c0-44de-9b56-bca8e5ad57fc,-123.1837979,48.14649253
55,Fukui,102,20190501,20190503,No,,4,Base Lagoon,No,No,No,Fukui-102_5/1/2019,48.14648167,-123.1837567,12/16/2020 4:26,KSO,12/16/2020 4:26,KSO,f240a42a-34be-4323-8ea6-42c76797d17f,-123.1837567,48.14648167
56,Fukui,103,20190501,20190503,No,,4,Base Lagoon,No,No,No,Fukui-103_5/1/2019,48.14650667,-123.1838867,12/16/2020 4:26,KSO,12/16/2020 4:26,KSO,08b2d821-447d-43b9-b140-adfcd9a89563,-123.1838867,48.14650667
57,Minnow,1,20190501,20190503,No,,4,Channel (DS-1),No,No,No,Minnow-1_5/1/2019,48.17339833,-123.1374467,12/16/2020 4:26,KSO,12/16/2020 4:26,KSO,2c62add9-781c-4830-abce-5a917dd81896,-123.1374467,48.17339833
58,Fukui,1,20190501,20190503,No,,4,Channel (DS-1),No,No,No,Fukui-1_5/1/2019,48.17347167,-123.1374617,12/16/2020 4:26,KSO,12/16/2020 4:26,KSO,2b81746a-51f4-4c5b-8c01-3bd25f3c1d2c,-123.1374617,48.17347167
60,Fukui,2,20190501,20190503,No,,4,Channel (DS-1),No,No,No,Fukui-2_5/1/2019,48.17364167,-123.13744,12/16/2020 4:26,KSO,12/16/2020 4:26,KSO,78861c20-4079-4aa3-9b11-fd546d5c8580,-123.13744,48.17364167
61,Minnow,3,20190501,20190503,No,,4,Channel (DS-1),No,No,No,Minnow-3_5/1/2019,48.17373277,-123.1374177,12/16/2020 4:26,KSO,12/16/2020 4:26,KSO,48430931-0042-4c08-865d-dc2bd4d946ed,-123.1374177,48.17373276
62,Fukui,3,20190501,20190503,No,,4,Channel (DS-1),No,No,No,Fukui-3_5/1/2019,48.17374,-123.137335,12/16/2020 4:26,KSO,12/16/2020 4:26,KSO,6a00486d-d666-4ce4-b7c0-22a0722bb9f3,-123.137335,48.17374
63,Fukui,4,20190501,20190503,No,,4,Channel (DS-1),No,No,No,Fukui-4_5/1/2019,48.17354833,-123.1370517,12/16/2020 4:26,KSO,12/16/2020 4:26,KSO,ef2e361a-5cf6-4b44-812f-c823dd041792,-123.1370517,48.17354833
64,Minnow,5,20190501,20190503,No,,4,Channel (DS-1),No,No,No,Minnow-5_5/1/2019,48.17347667,-123.1370017,12/16/2020 4:26,KSO,12/16/2020 4:26,KSO,fb9d6e27-9ca3-49e3-91a9-be1ba0c6fe19,-123.1370017,48.17347667
65,Minnow,6,20190501,20190503,No,,4,Channel (DS-1),No,No,No,Minnow-6_5/1/2019,48.173485,-123.136645,12/16/2020 4:26,KSO,12/16/2020 4:26,KSO,4765edf6-968c-4a5e-baa3-8c0d934e001e,-123.136645,48.173485
66,Fukui,6,20190501,20190503,No,,4,Channel (DS-1),No,No,No,Fukui-6_5/1/2019,48.173555,-123.1366017,12/16/2020 4:26,KSO,12/16/2020 4:26,KSO,bc62b8ef-1f15-48e0-8222-ff0aa15a12db,-123.1366017,48.173555
67,Minnow,7,20190501,20190503,No,,4,Channel (DS-1),No,No,No,Minnow-7_5/1/2019,48.17363667,-123.1365433,12/16/2020 4:26,KSO,12/16/2020 4:26,KSO,0a8c9d3b-db02-4fc4-a0af-a5d1b0560fd2,-123.1365433,48.17363667
68,Fukui,7,20190501,20190503,No,,4,Channel (DS-1),No,No,No,Fukui-7_5/1/2019,48.173705,-123.1364833,12/16/2020 4:26,KSO,12/16/2020 4:26,KSO,de0d3e7f-a7c5-4cc4-8b21-56928f4d4a22,-123.1364833,48.173705
69,Minnow,8,20190501,20190503,No,,4,Channel (DS-1),No,No,No,Minnow-8_5/1/2019,48.17375636,-123.1364174,12/16/2020 4:26,KSO,12/16/2020 4:26,KSO,848ced27-c512-4fc2-b87c-fa7f3fab724e,-123.1364174,48.17375636
70,Fukui,8,20190501,20190503,No,,4,Channel (DS-1),No,No,No,Fukui-8_5/1/2019,48.17374833,-123.1363267,12/16/2020 4:26,KSO,12/16/2020 4:26,KSO,ef1b0d27-52de-4beb-a449-601a247c8dbe,-123.1363267,48.17374833
71,Minnow,9,20190501,20190503,No,,4,Channel (DS-1),No,No,No,Minnow-9_5/1/2019,48.173915,-123.1366617,12/16/2020 4:26,KSO,12/16/2020 4:26,KSO,f59d9c1a-d427-4c88-9b49-abaf5adc8787,-123.1366617,48.173915
72,Fukui,9,20190501,20190503,No,,4,Channel (DS-1),No,No,No,Fukui-9_5/1/2019,48.17390167,-123.1367717,12/16/2020 4:26,KSO,12/16/2020 4:26,KSO,8284341c-5050-439d-b019-b483f56b3a4b,-123.1367717,48.17390167
73,Minnow,10,20190501,20190503,No,,4,Channel (DS-1),No,No,No,Minnow-10_5/1/2019,48.17389667,-123.1369133,12/16/2020 4:26,KSO,12/16/2020 4:26,KSO,f50ace47-98bd-4d44-8286-7f796c9176c0,-123.1369133,48.17389667
74,Fukui,10,20190501,20190503,No,,4,Channel (DS-1),No,No,No,Fukui-10_5/1/2019,48.17391667,-123.1370533,12/16/2020 4:26,KSO,12/16/2020 4:26,KSO,c9d79a47-4b52-4f43-9ecc-b4ebb0afb73e,-123.1370533,48.17391667
75,Fukui,11,20190501,20190503,No,,4,Channel (DS-1),No,No,No,Fukui-11_5/1/2019,48.17421667,-123.1372333,12/16/2020 4:26,KSO,12/16/2020 4:26,KSO,f87dd62c-da30-46e6-a6bd-158ed302ff9a,-123.1372333,48.17421667
76,Minnow,12,20190501,20190503,No,,4,Channel (DS-1),No,No,No,Minnow-12_5/1/2019,48.17430333,-123.1372833,12/16/2020 4:26,KSO,12/16/2020 4:26,KSO,5420c3d0-6e19-4185-a1dd-df749f86208f,-123.1372833,48.17430333
77,Fukui,12,20190501,20190503,No,,4,Channel (DS-1),No,No,No,Fukui-12_5/1/2019,48.17435667,-123.13739,12/16/2020 4:26,KSO,12/16/2020 4:26,KSO,7e443180-5217-4fee-88dd-4c3eb9aa5b46,-123.13739,48.17435667
78,Minnow,13,20190501,20190503,No,,4,Channel (DS-1),No,No,No,Minnow-13_5/1/2019,48.17443667,-123.137455,12/16/2020 4:26,KSO,12/16/2020 4:26,KSO,878e38e0-43d8-4ced-b641-5438bf0d61fe,-123.137455,48.17443667
79,Fukui,13,20190501,20190503,No,,4,Channel (DS-1),No,No,No,Fukui-13_5/1/2019,48.17451667,-123.1375483,12/16/2020 4:26,KSO,12/16/2020 4:26,KSO,9dc612c6-d899-46a9-9fdb-0c31343edb89,-123.1375483,48.17451667
80,Minnow,14,20190501,20190503,No,,4,Channel (DS-1),No,No,No,Minnow-14_5/1/2019,48.174505,-123.137655,12/16/2020 4:26,KSO,12/16/2020 4:26,KSO,74fb130d-7852-4b8f-af58-c4671058a74a,-123.137655,48.174505
81,Fukui,14,20190501,20190503,No,,4,Channel (DS-1),No,No,No,Fukui-14_5/1/2019,48.17452,-123.137825,12/16/2020 4:26,KSO,12/16/2020 4:26,KSO,61c59dbc-ec43-4525-bb72-2ef2d783bd7f,-123.137825,48.17452
82,Minnow,15,20190501,20190503,No,,4,Channel (DS-1),No,No,No,Minnow-15_5/1/2019,48.174595,-123.13795,12/16/2020 4:26,KSO,12/16/2020 4:26,KSO,c0612321-b431-452e-a192-ac2597f4a166,-123.13795,48.174595
83,Fukui,15,20190501,20190503,No,,4,Channel (DS-1),No,No,No,Fukui-15_5/1/2019,48.17463833,-123.1380017,12/16/2020 4:26,KSO,12/16/2020 4:26,KSO,99f5fb01-2691-4133-8a5a-1146db6b53df,-123.1380017,48.17463833
84,Minnow,16,20190501,20190503,No,,4,Channel (DS-1),No,No,No,Minnow-16_5/1/2019,48.1747,-123.1379567,12/16/2020 4:26,KSO,12/16/2020 4:26,KSO,b88fc5a8-a2f5-4cbc-b76e-f80250a0861d,-123.1379567,48.1747
85,Fukui,16,20190501,20190503,No,,4,Channel (DS-1),No,No,No,Fukui-16_5/1/2019,48.17480333,-123.1379567,12/16/2020 4:26,KSO,12/16/2020 4:26,KSO,d472ccb3-917a-413a-90f4-d463c384f0a2,-123.1379567,48.17480333
86,Minnow,17,20190501,20190503,No,,4,Channel (DS-1),No,No,No,Minnow-17_5/1/2019,48.174855,-123.1379783,12/16/2020 4:26,KSO,12/16/2020 4:26,KSO,d9ba3bfa-140e-4c9b-8771-a03e32bd1230,-123.1379783,48.174855
87,Fukui,17,20190501,20190503,No,,4,Channel (DS-1),No,No,No,Fukui-17_5/1/2019,48.174935,-123.13809,12/16/2020 4:26,KSO,12/16/2020 4:26,KSO,ae1939fd-5373-4384-984a-66378f0ebc37,-123.13809,48.174935
88,Minnow,18,20190501,20190503,No,,4,Channel (DS-1),No,No,No,Minnow-18_5/1/2019,48.17493333,-123.1382133,12/16/2020 4:26,KSO,12/16/2020 4:26,KSO,f1829513-4ce1-45e5-896b-9cbe13ee9c1d,-123.1382133,48.17493333
89,Fukui,18,20190501,20190503,No,,4,Channel (DS-1),No,No,No,Fukui-18_5/1/2019,48.17507313,-123.1384281,12/16/2020 4:26,KSO,12/16/2020 4:26,KSO,2a266fbf-6126-48ff-853c-6bbc35467582,-123.1384281,48.17507313
90,Minnow,19,20190501,20190503,No,,4,Channel (DS-1),No,No,No,Minnow-19_5/1/2019,48.17506955,-123.1385865,12/16/2020 4:26,KSO,12/16/2020 4:26,KSO,2f566775-9bcd-42d4-a45f-6eed8c1cbb5c,-123.1385865,48.17506955
91,Fukui,19,20190501,20190503,No,,4,Channel (DS-1),No,No,No,Fukui-19_5/1/2019,48.17496041,-123.1386508,12/16/2020 4:26,KSO,12/16/2020 4:26,KSO,6888452d-8b0a-4799-b60c-c4e1afcd708a,-123.1386508,48.17496041
92,Minnow,20,20190501,20190503,No,,4,Channel (DS-1),No,No,No,Minnow-20_5/1/2019,48.17479529,-123.1386423,12/16/2020 4:26,KSO,12/16/2020 4:26,KSO,09973d47-5ad7-4f63-a233-01682d4bba3e,-123.1386423,48.17479529
93,Fukui,20,20190501,20190503,No,,4,Channel (DS-1),No,No,No,Fukui-20_5/1/2019,48.17473207,-123.1386551,12/16/2020 4:26,KSO,12/16/2020 4:26,KSO,acf4963c-768a-43ba-858e-abd213bfb8f4,-123.1386551,48.17473207
95,Minnow,4,20190501,20190503,No,,4,Channel (DS-1),No,No,No,Minnow-4_5/1/2019,48.1736,-123.1371517,12/16/2020 4:26,KSO,12/16/2020 4:26,KSO,fc91b6ad-a270-4ce8-ba77-e4c15d08a8c0,-123.1371517,48.1736
96,Minnow,11,20190501,20190503,No,,4,Channel (DS-1),No,No,No,Minnow-11_5/1/2019,48.17379,-123.1360533,12/16/2020 4:26,KSO,12/16/2020 4:26,KSO,eff4be80-3d6c-4b77-b856-40e5eac84a27,-123.1360533,48.17379
103,Minnow,2,20190506,20190510,No,,5,Channel (DS-1),No,No,No,Minnow-2_5/6/2019,48.17353833,-123.1374533,12/16/2020 4:26,KSO,12/16/2020 4:26,KSO,6d774dd1-195f-4b0c-a646-6612579ab177,-123.1374533,48.17353833
105,Minnow,3,20190506,20190510,No,,5,Channel (DS-1),No,No,No,Minnow-3_5/6/2019,48.17373277,-123.1374177,12/16/2020 4:26,KSO,12/16/2020 4:26,KSO,e55a7d57-1e3e-4474-b6d5-b33776b6957a,-123.1374177,48.17373276
106,Fukui,3,20190506,20190510,No,,5,Channel (DS-1),No,No,No,Fukui-3_5/6/2019,48.17374,-123.137335,12/16/2020 4:26,KSO,12/16/2020 4:26,KSO,6b769eb3-5dba-47bb-82c8-bcb776996f2a,-123.137335,48.17374
108,Minnow,5,20190506,20190510,No,,5,Channel (DS-1),No,No,No,Minnow-5_5/6/2019,48.17347667,-123.1370017,12/16/2020 4:26,KSO,12/16/2020 4:26,KSO,9932c20b-f385-4fd5-94fa-4bdaf03c0c1c,-123.1370017,48.17347667
115,Minnow,9,20190506,20190510,No,,5,Channel (DS-1),No,No,No,Minnow-9_5/6/2019,48.173915,-123.1366617,12/16/2020 4:26,KSO,12/16/2020 4:26,KSO,c758d3c3-7801-421f-90fc-ca92803effaa,-123.1366617,48.173915
116,Fukui,9,20190506,20190510,No,,5,Channel (DS-1),No,No,No,Fukui-9_5/6/2019,48.17390167,-123.1367717,12/16/2020 4:26,KSO,12/16/2020 4:26,KSO,2ff64569-f174-4683-8644-151094e3a033,-123.1367717,48.17390167
117,Minnow,10,20190506,20190510,No,,5,Channel (DS-1),No,No,No,Minnow-10_5/6/2019,48.17389667,-123.1369133,12/16/2020 4:26,KSO,12/16/2020 4:26,KSO,033e6240-4925-4868-8a03-f5bda4122f5a,-123.1369133,48.17389667
118,Fukui,10,20190506,20190510,No,,5,Channel (DS-1),No,No,No,Fukui-10_5/6/2019,48.17391667,-123.1370533,12/16/2020 4:26,KSO,12/16/2020 4:26,KSO,d5bee67f-c486-4183-9e39-353db9d75c3b,-123.1370533,48.17391667
119,Fukui,11,20190506,20190510,No,,5,Channel (DS-1),No,No,No,Fukui-11_5/6/2019,48.17421667,-123.1372333,12/16/2020 4:26,KSO,12/16/2020 4:26,KSO,c9ebde9d-f68d-4be0-a2bc-90408e5fe5ca,-123.1372333,48.17421667
120,Minnow,12,20190506,20190510,No,,5,Channel (DS-1),No,No,No,Minnow-12_5/6/2019,48.17430333,-123.1372833,12/16/2020 4:26,KSO,12/16/2020 4:26,KSO,e03cdff1-4d86-4c79-b504-026f0b5c736d,-123.1372833,48.17430333
121,Fukui,12,20190506,20190510,No,,5,Channel (DS-1),No,No,No,Fukui-12_5/6/2019,48.17435667,-123.13739,12/16/2020 4:26,KSO,12/16/2020 4:26,KSO,7c9465f6-c8df-4f50-a4fb-70734751ed2a,-123.13739,48.17435667
122,Minnow,13,20190506,20190510,No,,5,Channel (DS-1),No,No,No,Minnow-13_5/6/2019,48.17443667,-123.137455,12/16/2020 4:26,KSO,12/16/2020 4:26,KSO,0d7595a9-4122-4878-90a0-0ec00fb804c0,-123.137455,48.17443667
123,Fukui,13,20190506,20190510,No,,5,Channel (DS-1),No,No,No,Fukui-13_5/6/2019,48.17451667,-123.1375483,12/16/2020 4:26,KSO,12/16/2020 4:26,KSO,ed12acd5-2a2d-42ad-b2b2-649add0101c6,-123.1375483,48.17451667
124,Minnow,14,20190506,20190510,No,,5,Channel (DS-1),No,No,No,Minnow-14_5/6/2019,48.174505,-123.137655,12/16/2020 4:26,KSO,12/16/2020 4:26,KSO,a139dbd1-ed2e-4da3-927e-b5d1e9b24e5c,-123.137655,48.174505
125,Fukui,14,20190506,20190510,No,,5,Channel (DS-1),No,No,No,Fukui-14_5/6/2019,48.17452,-123.137825,12/16/2020 4:26,KSO,12/16/2020 4:26,KSO,19b1b823-5e2f-440b-83e8-29f3adef08ca,-123.137825,48.17452
126,Minnow,15,20190506,20190510,No,,5,Channel (DS-1),No,No,No,Minnow-15_5/6/2019,48.174595,-123.13795,12/16/2020 4:26,KSO,12/16/2020 4:26,KSO,fe0d98f7-ebfc-4267-a929-55aecc91e227,-123.13795,48.174595
127,Fukui,15,20190506,20190510,No,,5,Channel (DS-1),No,No,No,Fukui-15_5/6/2019,48.17463833,-123.1380017,12/16/2020 4:26,KSO,12/16/2020 4:26,KSO,2684af81-ef05-433d-8e9c-6b14e055eeb2,-123.1380017,48.17463833
128,Minnow,16,20190506,20190510,No,,5,Channel (DS-1),No,No,No,Minnow-16_5/6/2019,48.1747,-123.1379567,12/16/2020 4:26,KSO,12/16/2020 4:26,KSO,16bd621a-32b7-4806-b35e-3a0fb6ae77df,-123.1379567,48.1747
129,Fukui,16,20190506,20190510,No,,5,Channel (DS-1),No,No,No,Fukui-16_5/6/2019,48.17480333,-123.1379567,12/16/2020 4:26,KSO,12/16/2020 4:26,KSO,27976b5c-93a2-4139-9759-d6377d08bcd1,-123.1379567,48.17480333
130,Minnow,17,20190506,20190510,No,,5,Channel (DS-1),No,No,No,Minnow-17_5/6/2019,48.174855,-123.1379783,12/16/2020 4:26,KSO,12/16/2020 4:26,KSO,12c3b945-a95e-4b38-bdad-41bbd59926bc,-123.1379783,48.174855
132,Minnow,18,20190506,20190510,No,,5,Channel (DS-1),No,No,No,Minnow-18_5/6/2019,48.17493333,-123.1382133,12/16/2020 4:26,KSO,12/16/2020 4:26,KSO,8fc4e141-6454-452e-a9f4-70d52d7841f4,-123.1382133,48.17493333
133,Fukui,18,20190506,20190510,No,,5,Channel (DS-1),No,No,No,Fukui-18_5/6/2019,48.17507313,-123.1384281,12/16/2020 4:26,KSO,12/16/2020 4:26,KSO,8660d960-4a2e-489a-bd13-0d5e704768d9,-123.1384281,48.17507313
134,Minnow,19,20190506,20190510,No,,5,Channel (DS-1),No,No,No,Minnow-19_5/6/2019,48.17506955,-123.1385865,12/16/2020 4:26,KSO,12/16/2020 4:26,KSO,7d023aaa-a6c0-4f96-b127-468911031272,-123.1385865,48.17506955
135,Fukui,19,20190506,20190510,No,,5,Channel (DS-1),No,No,No,Fukui-19_5/6/2019,48.17496041,-123.1386508,12/16/2020 4:26,KSO,12/16/2020 4:26,KSO,77c0f640-7478-41fb-873a-5f17ddf0dbe1,-123.1386508,48.17496041
136,Minnow,20,20190506,20190510,No,,5,Channel (DS-1),No,No,No,Minnow-20_5/6/2019,48.17479529,-123.1386423,12/16/2020 4:26,KSO,12/16/2020 4:26,KSO,d2b4b479-6da5-4c8f-b012-9b8a47551e54,-123.1386423,48.17479529
137,Fukui,20,20190506,20190510,No,,5,Channel (DS-1),No,No,No,Fukui-20_5/6/2019,48.17473207,-123.1386551,12/16/2020 4:26,KSO,12/16/2020 4:26,KSO,3afe092c-2604-498d-b70f-32585e316a8a,-123.1386551,48.17473207
138,Fukui,5,20190506,20190510,No,,5,Channel (DS-1),No,No,No,Fukui-5_5/6/2019,48.17338415,-123.1368828,12/16/2020 4:26,KSO,12/16/2020 4:26,KSO,88685c26-c3c2-4463-97c1-a5adce746f0e,-123.1368828,48.17338415
139,Minnow,4,20190506,20190510,No,,5,Channel (DS-1),No,No,No,Minnow-4_5/6/2019,48.1736,-123.1371517,12/16/2020 4:26,KSO,12/16/2020 4:26,KSO,0267e1b2-68a5-42a7-8bf4-b7b9d1319d77,-123.1371517,48.1736
140,Minnow,11,20190506,20190510,No,,5,Channel (DS-1),No,No,No,Minnow-11_5/6/2019,48.17379,-123.1360533,12/16/2020 4:26,KSO,12/16/2020 4:26,KSO,e17375a9-36d6-4cd2-a281-9afd357b2396,-123.1360533,48.17379
157,Minnow,1,20190422,20190426,No,,3,Channel (DS-1),No,No,No,Minnow-1_4/22/2019,48.17339833,-123.1374467,12/16/2020 4:26,KSO,12/16/2020 4:26,KSO,39f403a2-707d-4c70-a312-387b6fc766a0,-123.1374467,48.17339833
158,Fukui,1,20190422,20190426,No,,3,Channel (DS-1),No,No,No,Fukui-1_4/22/2019,48.17347167,-123.1374617,12/16/2020 4:26,KSO,12/16/2020 4:26,KSO,1e537b5c-b807-4647-9c2a-15cfd4c4fdbc,-123.1374617,48.17347167
159,Minnow,2,20190422,20190426,No,,3,Channel (DS-1),No,No,No,Minnow-2_4/22/2019,48.17353833,-123.1374533,12/16/2020 4:26,KSO,12/16/2020 4:26,KSO,4a34e4f1-a4d4-4fb4-bbc8-583926a16987,-123.1374533,48.17353833
160,Fukui,2,20190422,20190426,No,,3,Channel (DS-1),No,No,No,Fukui-2_4/22/2019,48.17364167,-123.13744,12/16/2020 4:26,KSO,12/16/2020 4:26,KSO,60ac86d3-f250-40dc-978f-7a6f9543239e,-123.13744,48.17364167
161,Minnow,3,20190422,20190426,No,,3,Channel (DS-1),No,No,No,Minnow-3_4/22/2019,48.17373277,-123.1374177,12/16/2020 4:26,KSO,12/16/2020 4:26,KSO,0968e2b4-4234-4861-b88c-d8d5b8544f4f,-123.1374177,48.17373276
162,Fukui,3,20190422,20190426,No,,3,Channel (DS-1),No,No,No,Fukui-3_4/22/2019,48.17374,-123.137335,12/16/2020 4:26,KSO,12/16/2020 4:26,KSO,31af654e-676b-4696-82d3-cc49ef7c40a5,-123.137335,48.17374
163,Minnow,4,20190422,20190426,No,,3,Channel (DS-1),No,No,No,Minnow-4_4/22/2019,48.17366667,-123.1371417,12/16/2020 4:26,KSO,12/16/2020 4:26,KSO,59a6c7b2-969c-4efa-b5e4-ee211c048a6b,-123.1371417,48.17366667
165,Minnow,5,20190422,20190426,No,,3,Channel (DS-1),No,No,No,Minnow-5_4/22/2019,48.17347667,-123.1370017,12/16/2020 4:26,KSO,12/16/2020 4:26,KSO,5dfdc329-f2b5-4b0e-a08e-b4d84839a953,-123.1370017,48.17347667
166,Minnow,6,20190422,20190426,No,,3,Channel (DS-1),No,No,No,Minnow-6_4/22/2019,48.173485,-123.136645,12/16/2020 4:26,KSO,12/16/2020 4:26,KSO,23c66073-59e8-414a-b13a-4c4f93a22829,-123.136645,48.173485
167,Fukui,6,20190422,20190426,No,,3,Channel (DS-1),No,No,No,Fukui-6_4/22/2019,48.173555,-123.1366017,12/16/2020 4:26,KSO,12/16/2020 4:26,KSO,c469e10c-56e3-41c9-99e1-dcf6c50c54bb,-123.1366017,48.173555
168,Minnow,7,20190422,20190426,No,,3,Channel (DS-1),No,No,No,Minnow-7_4/22/2019,48.17363667,-123.1365433,12/16/2020 4:26,KSO,12/16/2020 4:26,KSO,bb6bd337-7747-4252-8dac-933d42d458e8,-123.1365433,48.17363667
169,Fukui,7,20190422,20190426,No,,3,Channel (DS-1),No,No,No,Fukui-7_4/22/2019,48.173705,-123.1364833,12/16/2020 4:26,KSO,12/16/2020 4:26,KSO,b3329513-40df-42c5-93ca-314eb7c3bda5,-123.1364833,48.173705
170,Minnow,8,20190422,20190426,No,,3,Channel (DS-1),No,No,No,Minnow-8_4/22/2019,48.17375636,-123.1364174,12/16/2020 4:26,KSO,12/16/2020 4:26,KSO,fefe8a57-42bc-46b6-8b46-afd57b8861b4,-123.1364174,48.17375636
171,Fukui,8,20190422,20190426,No,,3,Channel (DS-1),No,No,No,Fukui-8_4/22/2019,48.17374833,-123.1363267,12/16/2020 4:26,KSO,12/16/2020 4:26,KSO,acd460d1-1bc2-4317-814a-c6f2316944a7,-123.1363267,48.17374833
172,Minnow,9,20190422,20190426,No,,3,Channel (DS-1),No,No,No,Minnow-9_4/22/2019,48.173915,-123.1366617,12/16/2020 4:26,KSO,12/16/2020 4:26,KSO,e87acd4f-9dfa-41bd-8bb3-13159cea5a0d,-123.1366617,48.173915
173,Fukui,9,20190422,20190426,No,,3,Channel (DS-1),No,No,No,Fukui-9_4/22/2019,48.17390167,-123.1367717,12/16/2020 4:26,KSO,12/16/2020 4:26,KSO,fb678021-b03b-4db4-b225-595cc4953e06,-123.1367717,48.17390167
174,Minnow,10,20190422,20190426,No,,3,Channel (DS-1),No,No,No,Minnow-10_4/22/2019,48.17389667,-123.1369133,12/16/2020 4:26,KSO,12/16/2020 4:26,KSO,831cc1bb-53c7-4112-bea9-71a8058c4f2a,-123.1369133,48.17389667
175,Fukui,10,20190422,20190426,No,,3,Channel (DS-1),No,No,No,Fukui-10_4/22/2019,48.17391667,-123.1370533,12/16/2020 4:26,KSO,12/16/2020 4:26,KSO,775c9213-9fef-48d8-9971-3891ae7fa168,-123.1370533,48.17391667
176,Fukui,11,20190422,20190426,No,,3,Channel (DS-1),No,No,No,Fukui-11_4/22/2019,48.17421667,-123.1372333,12/16/2020 4:26,KSO,12/16/2020 4:26,KSO,66b088b7-4723-4acf-9deb-09917697fcc5,-123.1372333,48.17421667
177,Minnow,12,20190422,20190426,No,,3,Channel (DS-1),No,No,No,Minnow-12_4/22/2019,48.17430333,-123.1372833,12/16/2020 4:26,KSO,12/16/2020 4:26,KSO,dac6e09e-e1d6-498a-a563-9f8292dcee53,-123.1372833,48.17430333
178,Fukui,12,20190422,20190426,No,,3,Channel (DS-1),No,No,No,Fukui-12_4/22/2019,48.17435667,-123.13739,12/16/2020 4:26,KSO,12/16/2020 4:26,KSO,9d35338b-5e7e-4d34-95bd-41f19de93004,-123.13739,48.17435667
179,Minnow,13,20190422,20190426,No,,3,Channel (DS-1),No,No,No,Minnow-13_4/22/2019,48.17443667,-123.137455,12/16/2020 4:26,KSO,12/16/2020 4:26,KSO,954752ce-6612-4472-afa1-058625392ef8,-123.137455,48.17443667
180,Fukui,13,20190422,20190426,No,,3,Channel (DS-1),No,No,No,Fukui-13_4/22/2019,48.17451667,-123.1375483,12/16/2020 4:26,KSO,12/16/2020 4:26,KSO,ff5e3097-055a-49dd-a1f6-c78809ad9a68,-123.1375483,48.17451667
182,Fukui,14,20190422,20190426,No,,3,Channel (DS-1),No,No,No,Fukui-14_4/22/2019,48.17452,-123.137825,12/16/2020 4:26,KSO,12/16/2020 4:26,KSO,1e5f6c2f-5829-4a6b-924d-e07f2717e10b,-123.137825,48.17452
183,Minnow,15,20190422,20190426,No,,3,Channel (DS-1),No,No,No,Minnow-15_4/22/2019,48.174595,-123.13795,12/16/2020 4:26,KSO,12/16/2020 4:26,KSO,3d9f2fe0-0a27-4b86-930a-a49de624909d,-123.13795,48.174595
184,Fukui,15,20190422,20190426,No,,3,Channel (DS-1),No,No,No,Fukui-15_4/22/2019,48.17463833,-123.1380017,12/16/2020 4:26,KSO,12/16/2020 4:26,KSO,404fd6f4-68f9-41fb-8bc5-97dda7b37b52,-123.1380017,48.17463833
185,Minnow,16,20190422,20190426,No,,3,Channel (DS-1),No,No,No,Minnow-16_4/22/2019,48.1747,-123.1379567,12/16/2020 4:26,KSO,12/16/2020 4:26,KSO,00ed43d5-86e1-4f3e-b580-2957ef354c9a,-123.1379567,48.1747
186,Fukui,16,20190422,20190426,No,,3,Channel (DS-1),No,No,No,Fukui-16_4/22/2019,48.17480333,-123.1379567,12/16/2020 4:26,KSO,12/16/2020 4:26,KSO,7634758f-ca48-47f7-8ebf-c71d55370d73,-123.1379567,48.17480333
187,Minnow,17,20190422,20190426,No,,3,Channel (DS-1),No,No,No,Minnow-17_4/22/2019,48.174855,-123.1379783,12/16/2020 4:26,KSO,12/16/2020 4:26,KSO,ed1a0c30-c85b-476b-8194-248d0c94b7b2,-123.1379783,48.174855
188,Fukui,17,20190422,20190426,No,,3,Channel (DS-1),No,No,No,Fukui-17_4/22/2019,48.174935,-123.13809,12/16/2020 4:26,KSO,12/16/2020 4:26,KSO,2529e5af-753e-41db-89cd-e478609540b3,-123.13809,48.174935
189,Minnow,18,20190422,20190426,No,,3,Channel (DS-1),No,No,No,Minnow-18_4/22/2019,48.17493333,-123.1382133,12/16/2020 4:26,KSO,12/16/2020 4:26,KSO,b4538751-97b6-4b9e-bef4-706e31889db8,-123.1382133,48.17493333
191,Minnow,19,20190422,20190426,No,,3,Channel (DS-1),No,No,No,Minnow-19_4/22/2019,48.17506955,-123.1385865,12/16/2020 4:26,KSO,12/16/2020 4:26,KSO,f5d85164-b332-488d-9c4f-656a3d88ccc1,-123.1385865,48.17506955
192,Fukui,19,20190422,20190426,No,,3,Channel (DS-1),No,No,No,Fukui-19_4/22/2019,48.17496041,-123.1386508,12/16/2020 4:26,KSO,12/16/2020 4:26,KSO,7bc6ccb6-7e63-428a-a5ea-3538c7a846f5,-123.1386508,48.17496041
193,Minnow,20,20190422,20190426,No,,3,Channel (DS-1),No,No,No,Minnow-20_4/22/2019,48.17479529,-123.1386423,12/16/2020 4:26,KSO,12/16/2020 4:26,KSO,3749025e-2d96-4d45-a94c-211039550b1d,-123.1386423,48.17479529
194,Fukui,20,20190422,20190426,No,,3,Channel (DS-1),No,No,No,Fukui-20_4/22/2019,48.17473207,-123.1386551,12/16/2020 4:26,KSO,12/16/2020 4:26,KSO,d345e98e-a6e5-4d16-9983-0aa621c0ee27,-123.1386551,48.17473207
195,Fukui,5,20190422,20190426,No,,3,Channel (DS-1),No,No,No,Fukui-5_4/22/2019,48.17338415,-123.1368828,12/16/2020 4:26,KSO,12/16/2020 4:26,KSO,413b5242-fa45-44d7-91ed-3de2b4d0080d,-123.1368828,48.17338415
196,Minnow,102,20190422,20190426,No,,3,Base Lagoon,No,No,No,Minnow-102_4/22/2019,48.146455,-123.1836617,12/16/2020 4:26,KSO,12/16/2020 4:26,KSO,0b58eb09-dc8a-4cf5-9718-af11c16dd369,-123.1836617,48.146455
197,Minnow,103,20190422,20190426,No,,3,Base Lagoon,No,No,No,Minnow-103_4/22/2019,48.14649253,-123.1837979,12/16/2020 4:26,KSO,12/16/2020 4:26,KSO,9bfdac69-7784-47eb-be71-441c395289fe,-123.1837979,48.14649253
198,Fukui,102,20190422,20190426,No,,3,Base Lagoon,No,No,No,Fukui-102_4/22/2019,48.14648167,-123.1837567,12/16/2020 4:26,KSO,12/16/2020 4:26,KSO,35ab762d-3208-4796-a599-a69b7fad9d8b,-123.1837567,48.14648167
200,Minnow,4,20190516,20190517,No,,6,Channel (DS-1),No,No,No,Minnow-4_5/16/2019,48.1736,-123.1371517,12/16/2020 4:26,KSO,12/16/2020 4:26,KSO,4ceac87b-8251-4ce0-ab0f-9321a2668e92,-123.1371517,48.1736
201,Minnow,11,20190516,20190517,No,,6,Channel (DS-1),No,No,No,Minnow-11_5/16/2019,48.17379,-123.1360533,12/16/2020 4:26,KSO,12/16/2020 4:26,KSO,7bb35b69-6693-4c0e-bb3e-584b81b4626a,-123.1360533,48.17379
202,Minnow,1,20190516,20190517,No,,6,Channel (DS-1),No,No,No,Minnow-1_5/16/2019,48.17339833,-123.1374467,12/16/2020 4:26,KSO,12/16/2020 4:26,KSO,26326974-765e-4004-b502-7709c81563b1,-123.1374467,48.17339833
203,Fukui,1,20190516,20190517,No,,6,Channel (DS-1),No,No,No,Fukui-1_5/16/2019,48.17347167,-123.1374617,12/16/2020 4:26,KSO,12/16/2020 4:26,KSO,5bde678c-daf9-45f3-b730-2329f94df5c6,-123.1374617,48.17347167
204,Minnow,2,20190516,20190517,No,,6,Channel (DS-1),No,No,No,Minnow-2_5/16/2019,48.17353833,-123.1374533,12/16/2020 4:26,KSO,12/16/2020 4:26,KSO,a35a49ab-54ca-4b27-a625-b3d117d0ec0f,-123.1374533,48.17353833
205,Fukui,2,20190516,20190517,No,,6,Channel (DS-1),No,No,No,Fukui-2_5/16/2019,48.17364167,-123.13744,12/16/2020 4:26,KSO,12/16/2020 4:26,KSO,411556fb-999f-421c-b357-2aa3cddd6e51,-123.13744,48.17364167
206,Minnow,3,20190516,20190517,No,,6,Channel (DS-1),No,No,No,Minnow-3_5/16/2019,48.17373277,-123.1374177,12/16/2020 4:26,KSO,12/16/2020 4:26,KSO,e5877810-3946-4ef9-a160-048bbe1c8190,-123.1374177,48.17373276
207,Fukui,3,20190516,20190517,No,,6,Channel (DS-1),No,No,No,Fukui-3_5/16/2019,48.17374,-123.137335,12/16/2020 4:26,KSO,12/16/2020 4:26,KSO,bafbf05f-8526-442f-97e1-e27399f5ee64,-123.137335,48.17374
208,Fukui,4,20190516,20190517,No,,6,Channel (DS-1),No,No,No,Fukui-4_5/16/2019,48.17354833,-123.1370517,12/16/2020 4:26,KSO,12/16/2020 4:26,KSO,43fb61aa-71b1-4b3b-9c1a-b89ce3e7e2db,-123.1370517,48.17354833
209,Minnow,5,20190516,20190517,No,,6,Channel (DS-1),No,No,No,Minnow-5_5/16/2019,48.17347667,-123.1370017,12/16/2020 4:26,KSO,12/16/2020 4:26,KSO,0fcb1a03-f7bf-41f6-8f68-af8ee771062c,-123.1370017,48.17347667
210,Minnow,6,20190516,20190517,No,,6,Channel (DS-1),No,No,No,Minnow-6_5/16/2019,48.173485,-123.136645,12/16/2020 4:26,KSO,12/16/2020 4:26,KSO,ea0ac550-a5e6-4868-8a4a-5cd36e10394a,-123.136645,48.173485
212,Minnow,7,20190516,20190517,No,,6,Channel (DS-1),No,No,No,Minnow-7_5/16/2019,48.17363667,-123.1365433,12/16/2020 4:26,KSO,12/16/2020 4:26,KSO,f34c2843-aebf-43aa-8240-9da3f929838b,-123.1365433,48.17363667
213,Fukui,7,20190516,20190517,No,,6,Channel (DS-1),No,No,No,Fukui-7_5/16/2019,48.173705,-123.1364833,12/16/2020 4:26,KSO,12/16/2020 4:26,KSO,78f43a86-0dd1-4e63-aef7-492f77c82365,-123.1364833,48.173705
214,Minnow,8,20190516,20190517,No,,6,Channel (DS-1),No,No,No,Minnow-8_5/16/2019,48.17375636,-123.1364174,12/16/2020 4:26,KSO,12/16/2020 4:26,KSO,c8170e06-98cf-4453-a2c3-ad805adf95e8,-123.1364174,48.17375636
216,Minnow,9,20190516,20190517,No,,6,Channel (DS-1),No,No,No,Minnow-9_5/16/2019,48.173915,-123.1366617,12/16/2020 4:26,KSO,12/16/2020 4:26,KSO,b77f3335-68b4-4f52-b691-d8f2bef3fb87,-123.1366617,48.173915
217,Fukui,9,20190516,20190517,No,,6,Channel (DS-1),No,No,No,Fukui-9_5/16/2019,48.17390167,-123.1367717,12/16/2020 4:26,KSO,12/16/2020 4:26,KSO,425a08c1-0ca5-4146-a34a-159e7d642bf8,-123.1367717,48.17390167
218,Minnow,10,20190516,20190517,No,,6,Channel (DS-1),No,No,No,Minnow-10_5/16/2019,48.17389667,-123.1369133,12/16/2020 4:26,KSO,12/16/2020 4:26,KSO,961eb9d2-b75b-43f1-bb20-46565029c08a,-123.1369133,48.17389667
219,Fukui,10,20190516,20190517,No,,6,Channel (DS-1),No,No,No,Fukui-10_5/16/2019,48.17391667,-123.1370533,12/16/2020 4:26,KSO,12/16/2020 4:26,KSO,c2fea82f-314d-4245-bcb1-e08d965bd3bd,-123.1370533,48.17391667
220,Fukui,11,20190516,20190517,No,,6,Channel (DS-1),No,No,No,Fukui-11_5/16/2019,48.17421667,-123.1372333,12/16/2020 4:26,KSO,12/16/2020 4:26,KSO,5b142079-91c9-487c-9452-429291b8cd71,-123.1372333,48.17421667
221,Minnow,12,20190516,20190517,No,,6,Channel (DS-1),No,No,No,Minnow-12_5/16/2019,48.17430333,-123.1372833,12/16/2020 4:26,KSO,12/16/2020 4:26,KSO,fa7ed3b5-cf2c-4d51-8e56-9f5f9a3af77d,-123.1372833,48.17430333
222,Fukui,12,20190516,20190517,No,,6,Channel (DS-1),No,No,No,Fukui-12_5/16/2019,48.17435667,-123.13739,12/16/2020 4:26,KSO,12/16/2020 4:26,KSO,a4a98c76-a74c-4898-8b03-6920eeac1bd0,-123.13739,48.17435667
223,Minnow,13,20190516,20190517,No,,6,Channel (DS-1),No,No,No,Minnow-13_5/16/2019,48.17443667,-123.137455,12/16/2020 4:26,KSO,12/16/2020 4:26,KSO,0cce8926-29ec-4f01-9f08-4eab2ad06537,-123.137455,48.17443667
224,Fukui,13,20190516,20190517,No,,6,Channel (DS-1),No,No,No,Fukui-13_5/16/2019,48.17451667,-123.1375483,12/16/2020 4:26,KSO,12/16/2020 4:26,KSO,4d584860-eb47-4350-8542-ef0f7c008a62,-123.1375483,48.17451667
225,Minnow,14,20190516,20190517,No,,6,Channel (DS-1),No,No,No,Minnow-14_5/16/2019,48.174505,-123.137655,12/16/2020 4:26,KSO,12/16/2020 4:26,KSO,63395f8c-4786-49c9-b302-c340bf0966d9,-123.137655,48.174505
227,Minnow,15,20190516,20190517,No,,6,Channel (DS-1),No,No,No,Minnow-15_5/16/2019,48.174595,-123.13795,12/16/2020 4:26,KSO,12/16/2020 4:26,KSO,66941012-0cbb-4f0b-bed7-47b5cd4de4f2,-123.13795,48.174595
228,Fukui,15,20190516,20190517,No,,6,Channel (DS-1),No,No,No,Fukui-15_5/16/2019,48.17463833,-123.1380017,12/16/2020 4:26,KSO,12/16/2020 4:26,KSO,28becfed-5dd6-4824-8a03-88e22fb4ff70,-123.1380017,48.17463833
229,Minnow,16,20190516,20190517,No,,6,Channel (DS-1),No,No,No,Minnow-16_5/16/2019,48.1747,-123.1379567,12/16/2020 4:26,KSO,12/16/2020 4:26,KSO,3fd59701-785c-4829-9dd4-d6b5c6e17578,-123.1379567,48.1747
230,Fukui,16,20190516,20190517,No,,6,Channel (DS-1),No,No,No,Fukui-16_5/16/2019,48.17480333,-123.1379567,12/16/2020 4:26,KSO,12/16/2020 4:26,KSO,bb9cf500-98d9-49dd-9c04-bf8cfeb84a92,-123.1379567,48.17480333
231,Minnow,17,20190516,20190517,No,,6,Channel (DS-1),No,No,No,Minnow-17_5/16/2019,48.174855,-123.1379783,12/16/2020 4:26,KSO,12/16/2020 4:26,KSO,ddbda52b-9fae-4be2-9dcd-8a55760e6534,-123.1379783,48.174855
232,Fukui,17,20190516,20190517,No,,6,Channel (DS-1),No,No,No,Fukui-17_5/16/2019,48.174935,-123.13809,12/16/2020 4:26,KSO,12/16/2020 4:26,KSO,d43b0366-1980-4293-8911-a871165d61c7,-123.13809,48.174935
233,Fukui,18,20190516,20190517,No,,6,Channel (DS-1),No,No,No,Fukui-18_5/16/2019,48.17507313,-123.1384281,12/16/2020 4:26,KSO,12/16/2020 4:26,KSO,2739fd8d-603d-49ce-b7db-73485e002ae0,-123.1384281,48.17507313
234,Fukui,19,20190516,20190517,No,,6,Channel (DS-1),No,No,No,Fukui-19_5/16/2019,48.17496041,-123.1386508,12/16/2020 4:26,KSO,12/16/2020 4:26,KSO,a3fada7b-46ad-4b41-b367-eb20157e3486,-123.1386508,48.17496041
236,Fukui,5,20190516,20190517,No,,6,Channel (DS-1),No,No,No,Fukui-5_5/16/2019,48.17338415,-123.1368828,12/16/2020 4:26,KSO,12/16/2020 4:26,KSO,9d868ba7-6e0f-41d9-80d0-bd018458e147,-123.1368828,48.17338415
237,Minnow,102,20190516,20190517,No,,6,Base Lagoon,No,No,No,Minnow-102_5/16/2019,48.146455,-123.1836617,12/16/2020 4:26,KSO,12/16/2020 4:26,KSO,12035e44-9d64-4256-b138-f75f871ed7d1,-123.1836617,48.146455
238,Minnow,103,20190516,20190517,No,,6,Base Lagoon,No,No,No,Minnow-103_5/16/2019,48.14649253,-123.1837979,12/16/2020 4:26,KSO,12/16/2020 4:26,KSO,9e8fd425-316c-4ad4-a153-10530213140e,-123.1837979,48.14649253
239,Fukui,102,20190516,20190517,No,,6,Base Lagoon,No,No,No,Fukui-102_5/16/2019,48.14648167,-123.1837567,12/16/2020 4:26,KSO,12/16/2020 4:26,KSO,8a43ec7e-5649-4d22-ab0f-8c3ef3eab03c,-123.1837567,48.14648167
240,Fukui,103,20190516,20190517,No,,6,Base Lagoon,No,No,No,Fukui-103_5/16/2019,48.14650667,-123.1838867,12/16/2020 4:26,KSO,12/16/2020 4:26,KSO,599fdbb6-d3b4-49fe-bd1b-974761e3bc1a,-123.1838867,48.14650667
248,Minnow,4,20190603,20190607,No,,9,Channel (DS-1),No,No,No,Minnow-4_6/3/2019,48.1736,-123.1371517,12/16/2020 4:26,KSO,12/16/2020 4:26,KSO,e44f9b87-f70a-4fd6-bac7-73201367ffaf,-123.1371517,48.1736
249,Minnow,11,20190603,20190607,No,,9,Channel (DS-1),No,No,No,Minnow-11_6/3/2019,48.17379,-123.1360533,12/16/2020 4:26,KSO,12/16/2020 4:26,KSO,9d851c55-bdcc-4226-974b-caec91759039,-123.1360533,48.17379
250,Minnow,1,20190603,20190607,No,,9,Channel (DS-1),No,No,No,Minnow-1_6/3/2019,48.17339833,-123.1374467,12/16/2020 4:26,KSO,12/16/2020 4:26,KSO,f4862ec2-8096-45fa-a258-9efffcd5edc7,-123.1374467,48.17339833
251,Fukui,1,20190603,20190607,No,,9,Channel (DS-1),No,No,No,Fukui-1_6/3/2019,48.17347167,-123.1374617,12/16/2020 4:26,KSO,12/16/2020 4:26,KSO,37c3f1a3-21a7-4ca6-8b62-68b8cc4eafa4,-123.1374617,48.17347167
252,Minnow,2,20190603,20190607,No,,9,Channel (DS-1),No,No,No,Minnow-2_6/3/2019,48.17353833,-123.1374533,12/16/2020 4:26,KSO,12/16/2020 4:26,KSO,9505b08f-6d1c-4da4-84ef-5a213f4787f1,-123.1374533,48.17353833
253,Fukui,2,20190603,20190607,No,,9,Channel (DS-1),No,No,No,Fukui-2_6/3/2019,48.17364167,-123.13744,12/16/2020 4:26,KSO,12/16/2020 4:26,KSO,2b2957e8-3121-414b-bea5-de8ebfe2aa21,-123.13744,48.17364167
254,Minnow,3,20190603,20190607,No,,9,Channel (DS-1),No,No,No,Minnow-3_6/3/2019,48.17373277,-123.1374177,12/16/2020 4:26,KSO,12/16/2020 4:26,KSO,17e12bde-4230-46c9-bd31-76570cdf1bb8,-123.1374177,48.17373276
255,Fukui,3,20190603,20190607,No,,9,Channel (DS-1),No,No,No,Fukui-3_6/3/2019,48.17374,-123.137335,12/16/2020 4:26,KSO,12/16/2020 4:26,KSO,c82138c0-23a7-42d2-a6bb-395bac1f1417,-123.137335,48.17374
256,Fukui,4,20190603,20190607,No,,9,Channel (DS-1),No,No,No,Fukui-4_6/3/2019,48.17354833,-123.1370517,12/16/2020 4:26,KSO,12/16/2020 4:26,KSO,3c77224e-bea8-4df9-a6f0-2a90496e16f1,-123.1370517,48.17354833
257,Minnow,5,20190603,20190607,No,,9,Channel (DS-1),No,No,No,Minnow-5_6/3/2019,48.17347667,-123.1370017,12/16/2020 4:26,KSO,12/16/2020 4:26,KSO,f1d46324-7332-4f1d-9aa3-ce021d67a9a0,-123.1370017,48.17347667
264,Minnow,9,20190603,20190607,No,,9,Channel (DS-1),No,No,No,Minnow-9_6/3/2019,48.173915,-123.1366617,12/16/2020 4:26,KSO,12/16/2020 4:26,KSO,d6b0ab83-f694-40f4-a69a-6af9ff313370,-123.1366617,48.173915
265,Fukui,9,20190603,20190607,No,,9,Channel (DS-1),No,No,No,Fukui-9_6/3/2019,48.17390167,-123.1367717,12/16/2020 4:26,KSO,12/16/2020 4:26,KSO,4b9d4d63-97e0-44b4-a13a-a6be09763e51,-123.1367717,48.17390167
266,Minnow,10,20190603,20190607,No,,9,Channel (DS-1),No,No,No,Minnow-10_6/3/2019,48.17389667,-123.1369133,12/16/2020 4:26,KSO,12/16/2020 4:26,KSO,464777ee-6a82-4ebe-9814-5946797b9f08,-123.1369133,48.17389667
267,Fukui,10,20190603,20190607,No,,9,Channel (DS-1),No,No,No,Fukui-10_6/3/2019,48.17391667,-123.1370533,12/16/2020 4:26,KSO,12/16/2020 4:26,KSO,2f44c7fb-fa62-42a5-adb2-c21c29738f88,-123.1370533,48.17391667
268,Fukui,11,20190603,20190607,No,,9,Channel (DS-1),No,No,No,Fukui-11_6/3/2019,48.17421667,-123.1372333,12/16/2020 4:26,KSO,12/16/2020 4:26,KSO,226fdd1e-4018-4400-94b0-2c1a2822b29a,-123.1372333,48.17421667
269,Minnow,12,20190603,20190607,No,,9,Channel (DS-1),No,No,No,Minnow-12_6/3/2019,48.17430333,-123.1372833,12/16/2020 4:26,KSO,12/16/2020 4:26,KSO,68e2cc5f-ae5b-4628-92ab-d83b11633afc,-123.1372833,48.17430333
270,Fukui,12,20190603,20190607,No,,9,Channel (DS-1),No,No,No,Fukui-12_6/3/2019,48.17435667,-123.13739,12/16/2020 4:26,KSO,12/16/2020 4:26,KSO,f94387fe-880a-468c-ad11-f7c914451209,-123.13739,48.17435667
271,Minnow,13,20190603,20190607,No,,9,Channel (DS-1),No,No,No,Minnow-13_6/3/2019,48.17443667,-123.137455,12/16/2020 4:26,KSO,12/16/2020 4:26,KSO,41d41ebf-cc1b-4f29-b065-6dd93560984e,-123.137455,48.17443667
272,Fukui,13,20190603,20190607,No,,9,Channel (DS-1),No,No,No,Fukui-13_6/3/2019,48.17451667,-123.1375483,12/16/2020 4:26,KSO,12/16/2020 4:26,KSO,fd5cc961-9f34-4b9f-ac4a-f9792251094e,-123.1375483,48.17451667
273,Minnow,14,20190603,20190607,No,,9,Channel (DS-1),No,No,No,Minnow-14_6/3/2019,48.174505,-123.137655,12/16/2020 4:26,KSO,12/16/2020 4:26,KSO,a01a1453-722e-4950-bedd-8e303e4063fd,-123.137655,48.174505
274,Fukui,14,20190603,20190607,No,,9,Channel (DS-1),No,No,No,Fukui-14_6/3/2019,48.17452,-123.137825,12/16/2020 4:26,KSO,12/16/2020 4:26,KSO,631206dc-3135-4ee2-98d2-18e89691872e,-123.137825,48.17452
275,Minnow,15,20190603,20190607,No,,9,Channel (DS-1),No,No,No,Minnow-15_6/3/2019,48.174595,-123.13795,12/16/2020 4:26,KSO,12/16/2020 4:26,KSO,8937bc02-8246-4802-a7f1-b40439422b18,-123.13795,48.174595
276,Fukui,15,20190603,20190607,No,,9,Channel (DS-1),No,No,No,Fukui-15_6/3/2019,48.17463833,-123.1380017,12/16/2020 4:26,KSO,12/16/2020 4:26,KSO,4030de4f-6c5d-45a3-9167-38ec79f3ee34,-123.1380017,48.17463833
277,Minnow,16,20190603,20190607,No,,9,Channel (DS-1),No,No,No,Minnow-16_6/3/2019,48.1747,-123.1379567,12/16/2020 4:26,KSO,12/16/2020 4:26,KSO,9cb2dcc8-669c-4d86-bdb9-b16266195578,-123.1379567,48.1747
278,Fukui,16,20190603,20190607,No,,9,Channel (DS-1),No,No,No,Fukui-16_6/3/2019,48.17480333,-123.1379567,12/16/2020 4:26,KSO,12/16/2020 4:26,KSO,7b1216f5-b150-4b0e-aa41-2c2262e6c9c3,-123.1379567,48.17480333
279,Minnow,17,20190603,20190607,No,,9,Channel (DS-1),No,No,No,Minnow-17_6/3/2019,48.174855,-123.1379783,12/16/2020 4:26,KSO,12/16/2020 4:26,KSO,7b683673-fd8c-475b-88cd-15c7afa8e279,-123.1379783,48.174855
280,Fukui,17,20190603,20190607,No,,9,Channel (DS-1),No,No,No,Fukui-17_6/3/2019,48.174935,-123.13809,12/16/2020 4:26,KSO,12/16/2020 4:26,KSO,16f1cd49-272e-480f-9cf8-12278b4a3764,-123.13809,48.174935
281,Minnow,18,20190603,20190607,No,,9,Channel (DS-1),No,No,No,Minnow-18_6/3/2019,48.17493333,-123.1382133,12/16/2020 4:26,KSO,12/16/2020 4:26,KSO,6e684ce0-7b58-431e-bb07-2e3ee8d09ac0,-123.1382133,48.17493333
283,Minnow,19,20190603,20190607,No,,9,Channel (DS-1),No,No,No,Minnow-19_6/3/2019,48.17506955,-123.1385865,12/16/2020 4:26,KSO,12/16/2020 4:26,KSO,4c9d92c3-e516-45fe-93c3-d6ee89532e8a,-123.1385865,48.17506955
284,Fukui,19,20190603,20190607,No,,9,Channel (DS-1),No,No,No,Fukui-19_6/3/2019,48.17496041,-123.1386508,12/16/2020 4:26,KSO,12/16/2020 4:26,KSO,6e58d5e0-650c-41bc-a11d-0bf370a1a9e5,-123.1386508,48.17496041
285,Minnow,20,20190603,20190607,No,,9,Channel (DS-1),No,No,No,Minnow-20_6/3/2019,48.17479529,-123.1386423,12/16/2020 4:26,KSO,12/16/2020 4:26,KSO,c55f9da3-6919-4741-951a-45bf89424f18,-123.1386423,48.17479529
286,Fukui,20,20190603,20190607,No,,9,Channel (DS-1),No,No,No,Fukui-20_6/3/2019,48.17473207,-123.1386551,12/16/2020 4:26,KSO,12/16/2020 4:26,KSO,6f058d2e-e0d0-4a1b-9a47-0e1d48c23e25,-123.1386551,48.17473207
287,Fukui,5,20190603,20190607,No,,9,Channel (DS-1),No,No,No,Fukui-5_6/3/2019,48.17338415,-123.1368828,12/16/2020 4:26,KSO,12/16/2020 4:26,KSO,ce597de8-ba7f-4d0e-9def-3158ef4d90f4,-123.1368828,48.17338415
294,Minnow,4,20190610,20190611,No,,10,Channel (DS-1),No,No,No,Minnow-4_6/10/2019,48.1736,-123.1371517,12/16/2020 4:26,KSO,12/16/2020 4:26,KSO,90c0977a-eb5b-40d1-a6c2-8fd2d65fb448,-123.1371517,48.1736
295,Minnow,11,20190610,20190611,No,,10,Channel (DS-1),No,No,No,Minnow-11_6/10/2019,48.17379,-123.1360533,12/16/2020 4:26,KSO,12/16/2020 4:26,KSO,eb020bef-5e4b-4350-9b00-e86eb959f733,-123.1360533,48.17379
296,Minnow,1,20190610,20190611,No,,10,Channel (DS-1),No,No,No,Minnow-1_6/10/2019,48.17339833,-123.1374467,12/16/2020 4:26,KSO,12/16/2020 4:26,KSO,a5922ff3-9078-4110-aa5a-7c98639becb1,-123.1374467,48.17339833
297,Fukui,1,20190610,20190611,No,,10,Channel (DS-1),No,No,No,Fukui-1_6/10/2019,48.17347167,-123.1374617,12/16/2020 4:26,KSO,12/16/2020 4:26,KSO,a7228621-817d-4356-aed2-638e95ac56ba,-123.1374617,48.17347167
298,Minnow,2,20190610,20190611,No,,10,Channel (DS-1),No,No,No,Minnow-2_6/10/2019,48.17353833,-123.1374533,12/16/2020 4:26,KSO,12/16/2020 4:26,KSO,01500409-e624-4874-b03c-32723d1aad45,-123.1374533,48.17353833
299,Fukui,2,20190610,20190611,No,,10,Channel (DS-1),No,No,No,Fukui-2_6/10/2019,48.17364167,-123.13744,12/16/2020 4:26,KSO,12/16/2020 4:26,KSO,e0e9495d-65a9-442d-b5de-fb2c261cdd25,-123.13744,48.17364167
300,Minnow,3,20190610,20190611,No,,10,Channel (DS-1),No,No,No,Minnow-3_6/10/2019,48.17373277,-123.1374177,12/16/2020 4:26,KSO,12/16/2020 4:26,KSO,b95a4a9b-0caa-44fb-a5e4-ea98edc9c39d,-123.1374177,48.17373276
301,Fukui,3,20190610,20190611,No,,10,Channel (DS-1),No,No,No,Fukui-3_6/10/2019,48.17374,-123.137335,12/16/2020 4:26,KSO,12/16/2020 4:26,KSO,5cc3991c-c38b-4a23-a0c3-04042a2c7921,-123.137335,48.17374
302,Fukui,4,20190610,20190611,No,,10,Channel (DS-1),No,No,No,Fukui-4_6/10/2019,48.17354833,-123.1370517,12/16/2020 4:26,KSO,12/16/2020 4:26,KSO,536b8733-1a64-476d-8c0a-1aa2cf48f512,-123.1370517,48.17354833
303,Minnow,5,20190610,20190611,No,,10,Channel (DS-1),No,No,No,Minnow-5_6/10/2019,48.17347667,-123.1370017,12/16/2020 4:26,KSO,12/16/2020 4:26,KSO,a9b986ad-f92a-4f7c-b882-f181d464761e,-123.1370017,48.17347667
304,Minnow,6,20190610,20190611,No,,10,Channel (DS-1),No,No,No,Minnow-6_6/10/2019,48.173485,-123.136645,12/16/2020 4:26,KSO,12/16/2020 4:26,KSO,2d3234bd-7791-4d36-9db9-f2f7c139dd1f,-123.136645,48.173485
305,Fukui,6,20190610,20190611,No,,10,Channel (DS-1),No,No,No,Fukui-6_6/10/2019,48.173555,-123.1366017,12/16/2020 4:26,KSO,12/16/2020 4:26,KSO,b3b857d4-7dc4-4f89-a762-3a300a0cf872,-123.1366017,48.173555
306,Minnow,7,20190610,20190611,No,,10,Channel (DS-1),No,No,No,Minnow-7_6/10/2019,48.17363667,-123.1365433,12/16/2020 4:26,KSO,12/16/2020 4:26,KSO,eb5f219e-e6ee-468a-b51f-52ca9cec6345,-123.1365433,48.17363667
307,Fukui,7,20190610,20190611,No,,10,Channel (DS-1),No,No,No,Fukui-7_6/10/2019,48.173705,-123.1364833,12/16/2020 4:26,KSO,12/16/2020 4:26,KSO,c715375c-d0af-458f-ab07-51bfa1968e90,-123.1364833,48.173705
308,Minnow,8,20190610,20190611,No,,10,Channel (DS-1),No,No,No,Minnow-8_6/10/2019,48.17375636,-123.1364174,12/16/2020 4:26,KSO,12/16/2020 4:26,KSO,d9be71ff-18f2-4421-a678-5c4824c45357,-123.1364174,48.17375636
309,Fukui,8,20190610,20190611,No,,10,Channel (DS-1),No,No,No,Fukui-8_6/10/2019,48.17374833,-123.1363267,12/16/2020 4:26,KSO,12/16/2020 4:26,KSO,6d33bc89-ab32-4cb0-b34d-cd83430af403,-123.1363267,48.17374833
310,Minnow,9,20190610,20190611,No,,10,Channel (DS-1),No,No,No,Minnow-9_6/10/2019,48.173915,-123.1366617,12/16/2020 4:26,KSO,12/16/2020 4:26,KSO,160872fa-2987-4d9a-a9dc-3b78d6a23a3f,-123.1366617,48.173915
311,Fukui,9,20190610,20190611,No,,10,Channel (DS-1),No,No,No,Fukui-9_6/10/2019,48.17390167,-123.1367717,12/16/2020 4:26,KSO,12/16/2020 4:26,KSO,368057be-42bc-45fd-ad24-55783d61e345,-123.1367717,48.17390167
312,Minnow,10,20190610,20190611,No,,10,Channel (DS-1),No,No,No,Minnow-10_6/10/2019,48.17389667,-123.1369133,12/16/2020 4:26,KSO,12/16/2020 4:26,KSO,dc59950f-76e9-42d8-8451-9874beba7ea0,-123.1369133,48.17389667
313,Fukui,10,20190610,20190611,No,,10,Channel (DS-1),No,No,No,Fukui-10_6/10/2019,48.17391667,-123.1370533,12/16/2020 4:26,KSO,12/16/2020 4:26,KSO,f9ddad7d-3d5c-4039-a6fd-db6e4e4b1d6b,-123.1370533,48.17391667
314,Fukui,11,20190610,20190611,No,,10,Channel (DS-1),No,No,No,Fukui-11_6/10/2019,48.17421667,-123.1372333,12/16/2020 4:26,KSO,12/16/2020 4:26,KSO,4fab4293-f845-43e6-88b9-356fd50fede0,-123.1372333,48.17421667
315,Minnow,12,20190610,20190611,No,,10,Channel (DS-1),No,No,No,Minnow-12_6/10/2019,48.17430333,-123.1372833,12/16/2020 4:26,KSO,12/16/2020 4:26,KSO,a2cc1901-8272-4c65-8bbd-8f166f8d282e,-123.1372833,48.17430333
316,Fukui,12,20190610,20190611,No,,10,Channel (DS-1),No,No,No,Fukui-12_6/10/2019,48.17435667,-123.13739,12/16/2020 4:26,KSO,12/16/2020 4:26,KSO,ff86530c-8b47-44c3-9bea-37c46f9dcf1b,-123.13739,48.17435667
317,Minnow,13,20190610,20190611,No,,10,Channel (DS-1),No,No,No,Minnow-13_6/10/2019,48.17443667,-123.137455,12/16/2020 4:26,KSO,12/16/2020 4:26,KSO,05ae9cfa-16a9-479a-bdab-dbf6dbc9c54c,-123.137455,48.17443667
318,Fukui,13,20190610,20190611,No,,10,Channel (DS-1),No,No,No,Fukui-13_6/10/2019,48.17451667,-123.1375483,12/16/2020 4:26,KSO,12/16/2020 4:26,KSO,9728829b-2539-4416-9457-b7aab59720c0,-123.1375483,48.17451667
319,Minnow,14,20190610,20190611,No,,10,Channel (DS-1),No,No,No,Minnow-14_6/10/2019,48.174505,-123.137655,12/16/2020 4:26,KSO,12/16/2020 4:26,KSO,af82af63-35c0-4795-976f-06de4375fbe9,-123.137655,48.174505
320,Fukui,14,20190610,20190611,No,,10,Channel (DS-1),No,No,No,Fukui-14_6/10/2019,48.17452,-123.137825,12/16/2020 4:26,KSO,12/16/2020 4:26,KSO,6af71715-ccf2-4257-ac43-3c8f05370579,-123.137825,48.17452
321,Minnow,15,20190610,20190611,No,,10,Channel (DS-1),No,No,No,Minnow-15_6/10/2019,48.174595,-123.13795,12/16/2020 4:26,KSO,12/16/2020 4:26,KSO,853adba7-9b74-4b50-a5a7-8150d4410256,-123.13795,48.174595
322,Fukui,15,20190610,20190611,No,,10,Channel (DS-1),No,No,No,Fukui-15_6/10/2019,48.17463833,-123.1380017,12/16/2020 4:26,KSO,12/16/2020 4:26,KSO,05d8f018-a4f6-403d-8ea1-d464a61b3232,-123.1380017,48.17463833
323,Minnow,16,20190610,20190611,No,,10,Channel (DS-1),No,No,No,Minnow-16_6/10/2019,48.1747,-123.1379567,12/16/2020 4:26,KSO,12/16/2020 4:26,KSO,60633838-0599-49b1-9013-ddce04a9ae7d,-123.1379567,48.1747
324,Fukui,16,20190610,20190611,No,,10,Channel (DS-1),No,No,No,Fukui-16_6/10/2019,48.17480333,-123.1379567,12/16/2020 4:26,KSO,12/16/2020 4:26,KSO,e12c1abe-0886-4733-a480-a2a213121aac,-123.1379567,48.17480333
325,Minnow,17,20190610,20190611,No,,10,Channel (DS-1),No,No,No,Minnow-17_6/10/2019,48.174855,-123.1379783,12/16/2020 4:26,KSO,12/16/2020 4:26,KSO,434d5b6a-9ba7-497f-bf12-d90b3c52065a,-123.1379783,48.174855
326,Fukui,17,20190610,20190611,No,,10,Channel (DS-1),No,No,No,Fukui-17_6/10/2019,48.174935,-123.13809,12/16/2020 4:26,KSO,12/16/2020 4:26,KSO,67ea7bbc-4c97-40c1-a2a5-df3b4ac6a1e6,-123.13809,48.174935
327,Minnow,18,20190610,20190611,No,,10,Channel (DS-1),No,No,No,Minnow-18_6/10/2019,48.17493333,-123.1382133,12/16/2020 4:26,KSO,12/16/2020 4:26,KSO,1f2f8df2-cac2-46b2-803e-65a0f9533c3b,-123.1382133,48.17493333
328,Fukui,18,20190610,20190611,No,,10,Channel (DS-1),No,No,No,Fukui-18_6/10/2019,48.17507313,-123.1384281,12/16/2020 4:26,KSO,12/16/2020 4:26,KSO,97042112-46c4-4df0-9f58-befb4a8debf0,-123.1384281,48.17507313
329,Minnow,19,20190610,20190611,No,,10,Channel (DS-1),No,No,No,Minnow-19_6/10/2019,48.17506955,-123.1385865,12/16/2020 4:26,KSO,12/16/2020 4:26,KSO,2199335e-fdc7-473a-8537-fb622469c824,-123.1385865,48.17506955
330,Fukui,19,20190610,20190611,No,,10,Channel (DS-1),No,No,No,Fukui-19_6/10/2019,48.17496041,-123.1386508,12/16/2020 4:26,KSO,12/16/2020 4:26,KSO,4bcd9fd5-c1dc-41e4-917e-d1ce050804b9,-123.1386508,48.17496041
331,Minnow,20,20190610,20190611,No,,10,Channel (DS-1),No,No,No,Minnow-20_6/10/2019,48.17479529,-123.1386423,12/16/2020 4:26,KSO,12/16/2020 4:26,KSO,7a1e1a5e-08b7-48d8-89c3-67ce24e0a717,-123.1386423,48.17479529
332,Fukui,20,20190610,20190611,No,,10,Channel (DS-1),No,No,No,Fukui-20_6/10/2019,48.17473207,-123.1386551,12/16/2020 4:26,KSO,12/16/2020 4:26,KSO,8be8fbb3-7c14-47e7-a921-8c171a7904f6,-123.1386551,48.17473207
333,Fukui,5,20190610,20190611,No,,10,Channel (DS-1),No,No,No,Fukui-5_6/10/2019,48.17338415,-123.1368828,12/16/2020 4:26,KSO,12/16/2020 4:26,KSO,32d48586-00d0-41a8-bbbe-d4982afb83a1,-123.1368828,48.17338415
334,Minnow,102,20190610,20190611,No,,10,Base Lagoon,No,No,No,Minnow-102_6/10/2019,48.146455,-123.1836617,12/16/2020 4:26,KSO,12/16/2020 4:26,KSO,020b184a-0a76-4ae3-bb32-58c1d3a860b7,-123.1836617,48.146455
335,Minnow,103,20190610,20190611,No,,10,Base Lagoon,No,No,No,Minnow-103_6/10/2019,48.14649253,-123.1837979,12/16/2020 4:26,KSO,12/16/2020 4:26,KSO,174c1c3c-d408-4599-9cd8-671072311d0b,-123.1837979,48.14649253
336,Fukui,102,20190610,20190611,No,,10,Base Lagoon,No,No,No,Fukui-102_6/10/2019,48.14648167,-123.1837567,12/16/2020 4:26,KSO,12/16/2020 4:26,KSO,00390385-d8c3-4409-a313-76212440edb6,-123.1837567,48.14648167
337,Fukui,103,20190610,20190611,No,,10,Base Lagoon,No,No,No,Fukui-103_6/10/2019,48.14650667,-123.1838867,12/16/2020 4:26,KSO,12/16/2020 4:26,KSO,c6ff5d59-a002-48cd-be3d-23f3bb793f82,-123.1838867,48.14650667
352,Minnow,102,20190617,20190621,No,,11,Base Lagoon,No,No,No,Minnow-102_6/17/2019,48.146455,-123.1836617,12/16/2020 4:26,KSO,12/16/2020 4:26,KSO,0c0838a5-f4d2-47b5-b109-927840153dbf,-123.1836617,48.146455
353,Minnow,103,20190617,20190621,No,,11,Base Lagoon,No,No,No,Minnow-103_6/17/2019,48.14649253,-123.1837979,12/16/2020 4:26,KSO,12/16/2020 4:26,KSO,d8bd2821-cf77-4c52-9f5a-85463c66eeaa,-123.1837979,48.14649253
354,Fukui,102,20190617,20190621,No,,11,Base Lagoon,No,No,No,Fukui-102_6/17/2019,48.14648167,-123.1837567,12/16/2020 4:26,KSO,12/16/2020 4:26,KSO,b73bb9ef-766b-40dd-b8b9-8f45a664ef2f,-123.1837567,48.14648167
355,Fukui,103,20190617,20190621,No,,11,Base Lagoon,No,No,No,Fukui-103_6/17/2019,48.14650667,-123.1838867,12/16/2020 4:26,KSO,12/16/2020 4:26,KSO,c2c9e579-75c2-44fa-991e-d0eb0519b2e2,-123.1838867,48.14650667
356,Minnow,4,20190617,20190621,No,,11,Channel (DS-1),No,No,No,Minnow-4_6/17/2019,48.1736,-123.1371517,12/16/2020 4:26,KSO,12/16/2020 4:26,KSO,ac7aa669-240a-4115-9e37-f04abc74d6ec,-123.1371517,48.1736
357,Minnow,11,20190617,20190621,No,,11,Channel (DS-1),No,No,No,Minnow-11_6/17/2019,48.17379,-123.1360533,12/16/2020 4:26,KSO,12/16/2020 4:26,KSO,0fe61923-da54-4455-9b85-48e07a06b8c8,-123.1360533,48.17379
358,Minnow,1,20190617,20190621,No,,11,Channel (DS-1),No,No,No,Minnow-1_6/17/2019,48.17339833,-123.1374467,12/16/2020 4:26,KSO,12/16/2020 4:26,KSO,bd76a7bb-99e6-45f9-9c88-719b0e28cb3a,-123.1374467,48.17339833
359,Fukui,1,20190617,20190621,No,,11,Channel (DS-1),No,No,No,Fukui-1_6/17/2019,48.17347167,-123.1374617,12/16/2020 4:26,KSO,12/16/2020 4:26,KSO,e8fc2d6f-bd77-4b35-b5c7-ecc62b78de53,-123.1374617,48.17347167
360,Minnow,2,20190617,20190621,No,,11,Channel (DS-1),No,No,No,Minnow-2_6/17/2019,48.17353833,-123.1374533,12/16/2020 4:26,KSO,12/16/2020 4:26,KSO,b5b3aed9-1bf7-41a1-b1f4-11d1fc418665,-123.1374533,48.17353833
361,Fukui,2,20190617,20190621,No,,11,Channel (DS-1),No,No,No,Fukui-2_6/17/2019,48.17364167,-123.13744,12/16/2020 4:26,KSO,12/16/2020 4:26,KSO,2a0b07fd-2e0d-4bd8-94d0-7c8630ea8b7b,-123.13744,48.17364167
362,Minnow,3,20190617,20190621,No,,11,Channel (DS-1),No,No,No,Minnow-3_6/17/2019,48.17373277,-123.1374177,12/16/2020 4:26,KSO,12/16/2020 4:26,KSO,2329b000-c3c3-4cc0-910b-e6665ae5fd50,-123.1374177,48.17373276
363,Fukui,3,20190617,20190621,No,,11,Channel (DS-1),No,No,No,Fukui-3_6/17/2019,48.17374,-123.137335,12/16/2020 4:26,KSO,12/16/2020 4:26,KSO,14eca02f-f18e-4c1a-8335-9b6ee705d34e,-123.137335,48.17374
365,Minnow,5,20190617,20190621,No,,11,Channel (DS-1),No,No,No,Minnow-5_6/17/2019,48.17347667,-123.1370017,12/16/2020 4:26,KSO,12/16/2020 4:26,KSO,3846ccec-8ba9-424c-b70e-4a3ab1709247,-123.1370017,48.17347667
366,Minnow,6,20190617,20190621,No,,11,Channel (DS-1),No,No,No,Minnow-6_6/17/2019,48.173485,-123.136645,12/16/2020 4:26,KSO,12/16/2020 4:26,KSO,fc857bc4-4181-4ee7-913f-487cd125004a,-123.136645,48.173485
367,Fukui,6,20190617,20190621,No,,11,Channel (DS-1),No,No,No,Fukui-6_6/17/2019,48.173555,-123.1366017,12/16/2020 4:26,KSO,12/16/2020 4:26,KSO,800d36ea-2021-48c3-810b-c5e6ad0cf5ca,-123.1366017,48.173555
368,Minnow,7,20190617,20190621,No,,11,Channel (DS-1),No,No,No,Minnow-7_6/17/2019,48.17363667,-123.1365433,12/16/2020 4:26,KSO,12/16/2020 4:26,KSO,fed5baea-96ef-4e5a-96f3-9fe7d86b8f5b,-123.1365433,48.17363667
369,Fukui,7,20190617,20190621,No,,11,Channel (DS-1),No,No,No,Fukui-7_6/17/2019,48.173705,-123.1364833,12/16/2020 4:26,KSO,12/16/2020 4:26,KSO,f05bbf10-40c4-4206-8fe2-78fbe6ce7466,-123.1364833,48.173705
370,Minnow,8,20190617,20190621,No,,11,Channel (DS-1),No,No,No,Minnow-8_6/17/2019,48.17375636,-123.1364174,12/16/2020 4:26,KSO,12/16/2020 4:26,KSO,a659c516-0eaf-4125-8964-8d4396227719,-123.1364174,48.17375636
371,Fukui,8,20190617,20190621,No,,11,Channel (DS-1),No,No,No,Fukui-8_6/17/2019,48.17374833,-123.1363267,12/16/2020 4:26,KSO,12/16/2020 4:26,KSO,6aca9853-39b4-45f8-a8e7-7f5386727c76,-123.1363267,48.17374833
372,Minnow,9,20190617,20190621,No,,11,Channel (DS-1),No,No,No,Minnow-9_6/17/2019,48.173915,-123.1366617,12/16/2020 4:26,KSO,12/16/2020 4:26,KSO,7efda8ee-d593-4593-b4a0-81e7797bef3e,-123.1366617,48.173915
373,Fukui,9,20190617,20190621,No,,11,Channel (DS-1),No,No,No,Fukui-9_6/17/2019,48.17390167,-123.1367717,12/16/2020 4:26,KSO,12/16/2020 4:26,KSO,6edb5f7c-153f-40aa-83c2-cf155468ccd4,-123.1367717,48.17390167
374,Minnow,10,20190617,20190621,No,,11,Channel (DS-1),No,No,No,Minnow-10_6/17/2019,48.17389667,-123.1369133,12/16/2020 4:26,KSO,12/16/2020 4:26,KSO,9314e7dd-fc45-4768-ad9e-e780274fd669,-123.1369133,48.17389667
375,Fukui,10,20190617,20190621,No,,11,Channel (DS-1),No,No,No,Fukui-10_6/17/2019,48.17391667,-123.1370533,12/16/2020 4:26,KSO,12/16/2020 4:26,KSO,79786e8f-42e7-45b7-a0a2-c91a41b49afd,-123.1370533,48.17391667
376,Fukui,11,20190617,20190621,No,,11,Channel (DS-1),No,No,No,Fukui-11_6/17/2019,48.17421667,-123.1372333,12/16/2020 4:26,KSO,12/16/2020 4:26,KSO,d7a2e3ba-1fc8-4e18-9924-0e9073c28b1f,-123.1372333,48.17421667
377,Minnow,12,20190617,20190621,No,,11,Channel (DS-1),No,No,No,Minnow-12_6/17/2019,48.17430333,-123.1372833,12/16/2020 4:26,KSO,12/16/2020 4:26,KSO,ee22335e-b9ca-496e-af22-c40a93222a42,-123.1372833,48.17430333
378,Fukui,12,20190617,20190621,No,,11,Channel (DS-1),No,No,No,Fukui-12_6/17/2019,48.17435667,-123.13739,12/16/2020 4:26,KSO,12/16/2020 4:26,KSO,3b6c7cb9-abb7-493a-8cc9-8a64d089d195,-123.13739,48.17435667
379,Minnow,13,20190617,20190621,No,,11,Channel (DS-1),No,No,No,Minnow-13_6/17/2019,48.17443667,-123.137455,12/16/2020 4:26,KSO,12/16/2020 4:26,KSO,f956c231-65d4-4716-92b4-c7c27e067232,-123.137455,48.17443667
381,Minnow,14,20190617,20190621,No,,11,Channel (DS-1),No,No,No,Minnow-14_6/17/2019,48.174505,-123.137655,12/16/2020 4:26,KSO,12/16/2020 4:26,KSO,9c3514b0-dd8f-44c7-8af9-1e82449ac7a9,-123.137655,48.174505
382,Fukui,14,20190617,20190621,No,,11,Channel (DS-1),No,No,No,Fukui-14_6/17/2019,48.17452,-123.137825,12/16/2020 4:26,KSO,12/16/2020 4:26,KSO,5e386218-f594-418f-9ded-d933a0dc52a4,-123.137825,48.17452
383,Minnow,15,20190617,20190621,No,,11,Channel (DS-1),No,No,No,Minnow-15_6/17/2019,48.174595,-123.13795,12/16/2020 4:26,KSO,12/16/2020 4:26,KSO,7c0a5961-c016-423f-bef9-286c722a83fd,-123.13795,48.174595
384,Fukui,15,20190617,20190621,No,,11,Channel (DS-1),No,No,No,Fukui-15_6/17/2019,48.17463833,-123.1380017,12/16/2020 4:26,KSO,12/16/2020 4:26,KSO,e295b014-42cf-4bc0-8b93-440a0b8a12b6,-123.1380017,48.17463833
385,Minnow,16,20190617,20190621,No,,11,Channel (DS-1),No,No,No,Minnow-16_6/17/2019,48.1747,-123.1379567,12/16/2020 4:26,KSO,12/16/2020 4:26,KSO,69f17979-8a12-4d0b-83fd-a1e6a1e59771,-123.1379567,48.1747
386,Fukui,16,20190617,20190621,No,,11,Channel (DS-1),No,No,No,Fukui-16_6/17/2019,48.17480333,-123.1379567,12/16/2020 4:26,KSO,12/16/2020 4:26,KSO,e8752f3b-79b6-4fd6-83ad-589321664172,-123.1379567,48.17480333
387,Minnow,17,20190617,20190621,No,,11,Channel (DS-1),No,No,No,Minnow-17_6/17/2019,48.174855,-123.1379783,12/16/2020 4:26,KSO,12/16/2020 4:26,KSO,d1ae0e75-c5ed-43dd-934d-ce1255428fde,-123.1379783,48.174855
388,Fukui,17,20190617,20190621,No,,11,Channel (DS-1),No,No,No,Fukui-17_6/17/2019,48.174935,-123.13809,12/16/2020 4:26,KSO,12/16/2020 4:26,KSO,a5ed84ff-b88d-4ba0-833b-6fd7bb6bdb64,-123.13809,48.174935
389,Minnow,18,20190617,20190621,No,,11,Channel (DS-1),No,No,No,Minnow-18_6/17/2019,48.17493333,-123.1382133,12/16/2020 4:26,KSO,12/16/2020 4:26,KSO,33d353c6-86ab-4230-ab35-c5ba8a15201c,-123.1382133,48.17493333
391,Minnow,19,20190617,20190621,No,,11,Channel (DS-1),No,No,No,Minnow-19_6/17/2019,48.17506955,-123.1385865,12/16/2020 4:26,KSO,12/16/2020 4:26,KSO,aa66ed71-8ac3-497d-bf14-b805bf2e26d9,-123.1385865,48.17506955
392,Fukui,19,20190617,20190621,No,,11,Channel (DS-1),No,No,No,Fukui-19_6/17/2019,48.17496041,-123.1386508,12/16/2020 4:26,KSO,12/16/2020 4:26,KSO,bd815913-e47c-410d-a237-e00f52475135,-123.1386508,48.17496041
393,Minnow,20,20190617,20190621,No,,11,Channel (DS-1),No,No,No,Minnow-20_6/17/2019,48.17479529,-123.1386423,12/16/2020 4:26,KSO,12/16/2020 4:26,KSO,3bc9c693-0183-4ad7-9f33-8f1f4953d9f3,-123.1386423,48.17479529
394,Fukui,20,20190617,20190621,No,,11,Channel (DS-1),No,No,No,Fukui-20_6/17/2019,48.17473207,-123.1386551,12/16/2020 4:26,KSO,12/16/2020 4:26,KSO,da9a6248-8986-4b6b-bea3-bb6855e03c22,-123.1386551,48.17473207
395,Fukui,5,20190617,20190621,No,,11,Channel (DS-1),No,No,No,Fukui-5_6/17/2019,48.17338415,-123.1368828,12/16/2020 4:26,KSO,12/16/2020 4:26,KSO,5ce1d18c-3294-46db-a5ff-989a0e9c9ec5,-123.1368828,48.17338415
396,Minnow,102,20190408,20190411,No,,1,Base Lagoon,No,No,No,Minnow-102_4/8/2019,48.146455,-123.1836617,12/16/2020 4:26,KSO,12/16/2020 4:26,KSO,9eeee521-4a2a-4035-ba17-8777bc9bd83c,-123.1836617,48.146455
397,Minnow,103,20190408,20190411,No,,1,Base Lagoon,No,No,No,Minnow-103_4/8/2019,48.14649253,-123.1837979,12/16/2020 4:26,KSO,12/16/2020 4:26,KSO,493b232c-87de-4b42-a80d-18d991d28da0,-123.1837979,48.14649253
398,Fukui,102,20190408,20190411,No,,1,Base Lagoon,No,No,No,Fukui-102_4/8/2019,48.14648167,-123.1837567,12/16/2020 4:26,KSO,12/16/2020 4:26,KSO,d61dbdb3-4d39-4b1d-aa6c-44d59b514616,-123.1837567,48.14648167
399,Fukui,103,20190408,20190411,No,,1,Base Lagoon,No,No,No,Fukui-103_4/8/2019,48.14650667,-123.1838867,12/16/2020 4:26,KSO,12/16/2020 4:26,KSO,7292dab9-fb8f-43b5-a5c9-317561fb260a,-123.1838867,48.14650667
400,Minnow,1,20190408,20190411,No,,1,Channel (DS-1),No,No,No,Minnow-1_4/8/2019,48.17339833,-123.1374467,12/16/2020 4:26,KSO,12/16/2020 4:26,KSO,1103d865-e152-4bda-b98c-ec84dcb5a59a,-123.1374467,48.17339833
401,Fukui,1,20190408,20190411,No,,1,Channel (DS-1),No,No,No,Fukui-1_4/8/2019,48.17347167,-123.1374617,12/16/2020 4:26,KSO,12/16/2020 4:26,KSO,14cc8a2c-d9c9-44b0-b603-e24f52e06718,-123.1374617,48.17347167
402,Minnow,2,20190408,20190411,No,,1,Channel (DS-1),No,No,No,Minnow-2_4/8/2019,48.17353833,-123.1374533,12/16/2020 4:26,KSO,12/16/2020 4:26,KSO,564abbcf-d33b-4dce-9f2f-4125d95b28d6,-123.1374533,48.17353833
404,Minnow,3,20190408,20190411,No,,1,Channel (DS-1),No,No,No,Minnow-3_4/8/2019,48.17373277,-123.1374177,12/16/2020 4:26,KSO,12/16/2020 4:26,KSO,5fe1b42d-4a82-4c1a-9bb0-ece2830c926c,-123.1374177,48.17373276
406,Minnow,4,20190408,20190411,No,,1,Channel (DS-1),No,No,No,Minnow-4_4/8/2019,48.17366667,-123.1371417,12/16/2020 4:26,KSO,12/16/2020 4:26,KSO,f0806507-ebbb-434a-b323-f7e99d9a7bed,-123.1371417,48.17366667
408,Minnow,5,20190408,20190411,No,,1,Channel (DS-1),No,No,No,Minnow-5_4/8/2019,48.17347667,-123.1370017,12/16/2020 4:26,KSO,12/16/2020 4:26,KSO,d5e7c03c-067f-4fa8-a2de-b36e33c3444b,-123.1370017,48.17347667
409,Minnow,6,20190408,20190411,No,,1,Channel (DS-1),No,No,No,Minnow-6_4/8/2019,48.17353447,-123.1366196,12/16/2020 4:26,KSO,12/16/2020 4:26,KSO,3622c2d9-854e-4c1f-8305-5bd2540b2c33,-123.1366196,48.17353447
410,Fukui,6,20190408,20190411,No,,1,Channel (DS-1),No,No,No,Fukui-6_4/8/2019,48.1735767,-123.1366079,12/16/2020 4:26,KSO,12/16/2020 4:26,KSO,0cec503a-992f-4e34-a67b-e9335f5d0b5d,-123.1366079,48.1735767
411,Minnow,7,20190408,20190411,No,,1,Channel (DS-1),No,No,No,Minnow-7_4/8/2019,48.17368784,-123.1365515,12/16/2020 4:26,KSO,12/16/2020 4:26,KSO,9eb1b10a-4b21-43f2-841c-7c9cfe372c73,-123.1365515,48.17368784
412,Fukui,7,20190408,20190411,No,,1,Channel (DS-1),No,No,No,Fukui-7_4/8/2019,48.17373797,-123.1364739,12/16/2020 4:26,KSO,12/16/2020 4:26,KSO,3ca7c520-4d96-4f13-b571-c5eee1bead57,-123.1364739,48.17373797
413,Minnow,8,20190408,20190411,No,,1,Channel (DS-1),No,No,No,Minnow-8_4/8/2019,48.173812,-123.136061,12/16/2020 4:26,KSO,12/16/2020 4:26,KSO,1308eabe-55ca-40c3-838e-0909b9fb799b,-123.136061,48.173812
414,Fukui,8,20190408,20190411,No,,1,Channel (DS-1),No,No,No,Fukui-8_4/8/2019,48.17374833,-123.1363267,12/16/2020 4:26,KSO,12/16/2020 4:26,KSO,45d4048e-8991-4280-b53d-c5e4313617ff,-123.1363267,48.17374833
415,Minnow,9,20190408,20190411,No,,1,Channel (DS-1),No,No,No,Minnow-9_4/8/2019,48.173915,-123.1366617,12/16/2020 4:26,KSO,12/16/2020 4:26,KSO,856672e7-7412-4e6e-9b4a-2870eee612ab,-123.1366617,48.173915
416,Fukui,9,20190408,20190411,No,,1,Channel (DS-1),No,No,No,Fukui-9_4/8/2019,48.17390167,-123.1367717,12/16/2020 4:26,KSO,12/16/2020 4:26,KSO,a8c28b17-f487-4a3b-82ce-d0b0a93c56eb,-123.1367717,48.17390167
417,Minnow,10,20190408,20190411,No,,1,Channel (DS-1),No,No,No,Minnow-10_4/8/2019,48.17389667,-123.1369133,12/16/2020 4:26,KSO,12/16/2020 4:26,KSO,c0663ed6-7d36-42f3-8027-d8c564e0bb64,-123.1369133,48.17389667
418,Fukui,10,20190408,20190411,No,,1,Channel (DS-1),No,No,No,Fukui-10_4/8/2019,48.17391667,-123.1370533,12/16/2020 4:26,KSO,12/16/2020 4:26,KSO,69f4186a-5b88-4f5f-8bf2-47e1800fc6eb,-123.1370533,48.17391667
419,Minnow,11,20190408,20190411,No,,1,Channel (DS-1),No,No,No,Minnow-11_4/8/2019,48.17396,-123.13713,12/16/2020 4:26,KSO,12/16/2020 4:26,KSO,45798d7e-29af-4706-9fac-0846b16d4834,-123.13713,48.17396
420,Fukui,11,20190408,20190411,No,,1,Channel (DS-1),No,No,No,Fukui-11_4/8/2019,48.17421667,-123.1372333,12/16/2020 4:26,KSO,12/16/2020 4:26,KSO,1b0a5e19-9bde-4d17-9564-2627eb84c35c,-123.1372333,48.17421667
421,Minnow,12,20190408,20190411,No,,1,Channel (DS-1),No,No,No,Minnow-12_4/8/2019,48.17430333,-123.1372833,12/16/2020 4:26,KSO,12/16/2020 4:26,KSO,4b582bda-089e-4fd0-b51b-8042852147dc,-123.1372833,48.17430333
422,Fukui,12,20190408,20190411,No,,1,Channel (DS-1),No,No,No,Fukui-12_4/8/2019,48.17435667,-123.13739,12/16/2020 4:26,KSO,12/16/2020 4:26,KSO,71166e97-e17d-471c-861d-1c9ff34bc03a,-123.13739,48.17435667
423,Minnow,13,20190408,20190411,No,,1,Channel (DS-1),No,No,No,Minnow-13_4/8/2019,48.17443667,-123.137455,12/16/2020 4:26,KSO,12/16/2020 4:26,KSO,f8aab66d-628f-47c2-957f-f8c641d85bf1,-123.137455,48.17443667
424,Fukui,13,20190408,20190411,No,,1,Channel (DS-1),No,No,No,Fukui-13_4/8/2019,48.17451667,-123.1375483,12/16/2020 4:26,KSO,12/16/2020 4:26,KSO,0cbddf32-fb22-4018-a889-deda58a8970a,-123.1375483,48.17451667
425,Minnow,14,20190408,20190411,No,,1,Channel (DS-1),No,No,No,Minnow-14_4/8/2019,48.174505,-123.137655,12/16/2020 4:26,KSO,12/16/2020 4:26,KSO,3eeb5c6a-8629-4888-8e07-444778db847b,-123.137655,48.174505
426,Fukui,14,20190408,20190411,No,,1,Channel (DS-1),No,No,No,Fukui-14_4/8/2019,48.17452,-123.137825,12/16/2020 4:26,KSO,12/16/2020 4:26,KSO,412ae4f9-cd41-4fda-b417-6c65473f3b3f,-123.137825,48.17452
428,Fukui,15,20190408,20190411,No,,1,Channel (DS-1),No,No,No,Fukui-15_4/8/2019,48.17463833,-123.1380017,12/16/2020 4:26,KSO,12/16/2020 4:26,KSO,4c17086e-c909-4daa-9247-b21cf4718e4c,-123.1380017,48.17463833
429,Minnow,16,20190408,20190411,No,,1,Channel (DS-1),No,No,No,Minnow-16_4/8/2019,48.1747,-123.1379567,12/16/2020 4:26,KSO,12/16/2020 4:26,KSO,61f26727-5c88-41c7-8939-e5d209b633b1,-123.1379567,48.1747
430,Fukui,16,20190408,20190411,No,,1,Channel (DS-1),No,No,No,Fukui-16_4/8/2019,48.17480333,-123.1379567,12/16/2020 4:26,KSO,12/16/2020 4:26,KSO,8ca777d8-09fc-4efb-87da-1f2ec73dda86,-123.1379567,48.17480333
431,Minnow,17,20190408,20190411,No,,1,Channel (DS-1),No,No,No,Minnow-17_4/8/2019,48.174855,-123.1379783,12/16/2020 4:26,KSO,12/16/2020 4:26,KSO,27239c30-f43d-4e7a-92be-dae3a71a2242,-123.1379783,48.174855
432,Fukui,17,20190408,20190411,No,,1,Channel (DS-1),No,No,No,Fukui-17_4/8/2019,48.174935,-123.13809,12/16/2020 4:26,KSO,12/16/2020 4:26,KSO,c36375da-5d45-49fd-a6ff-0269affabfad,-123.13809,48.174935
433,Minnow,18,20190408,20190411,No,,1,Channel (DS-1),No,No,No,Minnow-18_4/8/2019,48.17493333,-123.1382133,12/16/2020 4:26,KSO,12/16/2020 4:26,KSO,b958d1ae-3ec8-45a6-91d0-317b2fbfc135,-123.1382133,48.17493333
434,Fukui,18,20190408,20190411,No,,1,Channel (DS-1),No,No,No,Fukui-18_4/8/2019,48.17507313,-123.1384281,12/16/2020 4:26,KSO,12/16/2020 4:26,KSO,3ffefd6a-5022-42c3-ab65-5af9e2b0be46,-123.1384281,48.17507313
435,Minnow,19,20190408,20190411,No,,1,Channel (DS-1),No,No,No,Minnow-19_4/8/2019,48.17506955,-123.1385865,12/16/2020 4:26,KSO,12/16/2020 4:26,KSO,9163ed39-1a46-4d47-bed8-dcaa945a297d,-123.1385865,48.17506955
436,Fukui,19,20190408,20190411,No,,1,Channel (DS-1),No,No,No,Fukui-19_4/8/2019,48.17496041,-123.1386508,12/16/2020 4:26,KSO,12/16/2020 4:26,KSO,a04381dd-baf5-4117-8d11-079e34a6aa30,-123.1386508,48.17496041
438,Fukui,20,20190408,20190411,No,,1,Channel (DS-1),No,No,No,Fukui-20_4/8/2019,48.17473207,-123.1386551,12/16/2020 4:26,KSO,12/16/2020 4:26,KSO,4c808523-4232-4244-b6e1-7d501b814645,-123.1386551,48.17473207
439,Fukui,5,20190408,20190411,No,,1,Channel (DS-1),No,No,No,Fukui-5_4/8/2019,48.17338415,-123.1368828,12/16/2020 4:26,KSO,12/16/2020 4:26,KSO,22341354-13a7-43d1-8508-c97481ee0b90,-123.1368828,48.17338415
440,Fukui,101,20190408,20190411,No,,1,Base Lagoon,No,No,No,Fukui-101_4/8/2019,48.14651634,-123.1834633,12/16/2020 4:26,KSO,12/16/2020 4:26,KSO,0a3ce88a-431f-4aa4-a8e7-c991c567d652,-123.1834633,48.14651634
441,Minnow,101,20190408,20190411,No,,1,Base Lagoon,No,No,No,Minnow-101_4/8/2019,48.14662231,-123.183449,12/16/2020 4:26,KSO,12/16/2020 4:26,KSO,42c53e9d-bec2-48cf-af6e-0119cb96697a,-123.183449,48.1466223
448,Minnow,4,20190701,20190703,No,,13,Channel (DS-1),No,No,No,Minnow-4_7/1/2019,48.1736,-123.1371517,12/16/2020 4:26,KSO,12/16/2020 4:26,KSO,70381dbe-90bc-462d-875c-8fed13d419b1,-123.1371517,48.1736
449,Minnow,11,20190701,20190703,No,,13,Channel (DS-1),No,No,No,Minnow-11_7/1/2019,48.17379,-123.1360533,12/16/2020 4:26,KSO,12/16/2020 4:26,KSO,4621caa0-e858-426c-aef0-8bbc5162fc49,-123.1360533,48.17379
450,Minnow,1,20190701,20190703,No,,13,Channel (DS-1),No,No,No,Minnow-1_7/1/2019,48.17339833,-123.1374467,12/16/2020 4:26,KSO,12/16/2020 4:26,KSO,a4fc92ec-108d-48ae-b055-778cad075f39,-123.1374467,48.17339833
451,Fukui,1,20190701,20190703,No,,13,Channel (DS-1),No,No,No,Fukui-1_7/1/2019,48.17347167,-123.1374617,12/16/2020 4:26,KSO,12/16/2020 4:26,KSO,5dd63950-c2fd-4e3e-9d13-b62ccee28b9e,-123.1374617,48.17347167
452,Minnow,2,20190701,20190703,No,,13,Channel (DS-1),No,No,No,Minnow-2_7/1/2019,48.17353833,-123.1374533,12/16/2020 4:26,KSO,12/16/2020 4:26,KSO,0003f123-1034-4d90-ae38-d6b520a8e534,-123.1374533,48.17353833
453,Fukui,2,20190701,20190703,No,,13,Channel (DS-1),No,No,No,Fukui-2_7/1/2019,48.17364167,-123.13744,12/16/2020 4:26,KSO,12/16/2020 4:26,KSO,43dfe730-fb47-4645-bf3b-845d162651c4,-123.13744,48.17364167
454,Minnow,3,20190701,20190703,No,,13,Channel (DS-1),No,No,No,Minnow-3_7/1/2019,48.17373277,-123.1374177,12/16/2020 4:26,KSO,12/16/2020 4:26,KSO,1d04add4-b9de-45db-abed-400d0165c51b,-123.1374177,48.17373276
455,Fukui,3,20190701,20190703,No,,13,Channel (DS-1),No,No,No,Fukui-3_7/1/2019,48.17374,-123.137335,12/16/2020 4:26,KSO,12/16/2020 4:26,KSO,c693497b-3bae-4942-8db9-e9895e268f5b,-123.137335,48.17374
456,Fukui,4,20190701,20190703,No,,13,Channel (DS-1),No,No,No,Fukui-4_7/1/2019,48.17354833,-123.1370517,12/16/2020 4:26,KSO,12/16/2020 4:26,KSO,f070ab2a-0782-4f9e-9a84-e8cc111988bb,-123.1370517,48.17354833
457,Minnow,5,20190701,20190703,No,,13,Channel (DS-1),No,No,No,Minnow-5_7/1/2019,48.17347667,-123.1370017,12/16/2020 4:26,KSO,12/16/2020 4:26,KSO,a1826cb7-c4e8-492e-b170-155551e3e621,-123.1370017,48.17347667
464,Minnow,9,20190701,20190703,No,,13,Channel (DS-1),No,No,No,Minnow-9_7/1/2019,48.173915,-123.1366617,12/16/2020 4:26,KSO,12/16/2020 4:26,KSO,5fcfeaba-608f-4134-aaec-a052dcb155a4,-123.1366617,48.173915
465,Fukui,9,20190701,20190703,No,,13,Channel (DS-1),No,No,No,Fukui-9_7/1/2019,48.17390167,-123.1367717,12/16/2020 4:26,KSO,12/16/2020 4:26,KSO,80cae82a-bb8c-4a2c-8289-5c2f9a0a17f6,-123.1367717,48.17390167
466,Minnow,10,20190701,20190703,No,,13,Channel (DS-1),No,No,No,Minnow-10_7/1/2019,48.17389667,-123.1369133,12/16/2020 4:26,KSO,12/16/2020 4:26,KSO,d30c25ef-14e4-4644-91ac-95b419b90042,-123.1369133,48.17389667
467,Fukui,10,20190701,20190703,No,,13,Channel (DS-1),No,No,No,Fukui-10_7/1/2019,48.17391667,-123.1370533,12/16/2020 4:26,KSO,12/16/2020 4:26,KSO,4c525ea1-5202-4b3b-bc9e-1a4f7f12174d,-123.1370533,48.17391667
468,Fukui,11,20190701,20190703,No,,13,Channel (DS-1),No,No,No,Fukui-11_7/1/2019,48.17421667,-123.1372333,12/16/2020 4:26,KSO,12/16/2020 4:26,KSO,973cae9b-675c-4680-9173-296323ff0d2f,-123.1372333,48.17421667
469,Minnow,12,20190701,20190703,No,,13,Channel (DS-1),No,No,No,Minnow-12_7/1/2019,48.17430333,-123.1372833,12/16/2020 4:26,KSO,12/16/2020 4:26,KSO,4c5ba068-8881-4b6e-a7be-e881a248f777,-123.1372833,48.17430333
470,Fukui,12,20190701,20190703,No,,13,Channel (DS-1),No,No,No,Fukui-12_7/1/2019,48.17435667,-123.13739,12/16/2020 4:26,KSO,12/16/2020 4:26,KSO,6176f2c3-abfa-4993-9893-324fb82d8f1f,-123.13739,48.17435667
471,Minnow,13,20190701,20190703,No,,13,Channel (DS-1),No,No,No,Minnow-13_7/1/2019,48.17443667,-123.137455,12/16/2020 4:26,KSO,12/16/2020 4:26,KSO,98fd5cc2-5331-496e-b754-38955dab08d2,-123.137455,48.17443667
472,Fukui,13,20190701,20190703,No,,13,Channel (DS-1),No,No,No,Fukui-13_7/1/2019,48.17451667,-123.1375483,12/16/2020 4:26,KSO,12/16/2020 4:26,KSO,a39e9e63-863c-4e16-8ee1-138a6672fb8b,-123.1375483,48.17451667
473,Minnow,14,20190701,20190703,No,,13,Channel (DS-1),No,No,No,Minnow-14_7/1/2019,48.174505,-123.137655,12/16/2020 4:26,KSO,12/16/2020 4:26,KSO,2d97a537-82c6-4985-a334-b76cd053d086,-123.137655,48.174505
474,Fukui,14,20190701,20190703,No,,13,Channel (DS-1),No,No,No,Fukui-14_7/1/2019,48.17452,-123.137825,12/16/2020 4:26,KSO,12/16/2020 4:26,KSO,bf14870b-999d-490d-b920-5b4f5ae18225,-123.137825,48.17452
475,Minnow,15,20190701,20190703,No,,13,Channel (DS-1),No,No,No,Minnow-15_7/1/2019,48.174595,-123.13795,12/16/2020 4:26,KSO,12/16/2020 4:26,KSO,f544cfe2-becf-4d78-8722-d32609b17ff4,-123.13795,48.174595
476,Fukui,15,20190701,20190703,No,,13,Channel (DS-1),No,No,No,Fukui-15_7/1/2019,48.17463833,-123.1380017,12/16/2020 4:26,KSO,12/16/2020 4:26,KSO,7376876d-401f-47e3-b695-b2d4e3497a1f,-123.1380017,48.17463833
477,Minnow,16,20190701,20190703,No,,13,Channel (DS-1),No,No,No,Minnow-16_7/1/2019,48.1747,-123.1379567,12/16/2020 4:26,KSO,12/16/2020 4:26,KSO,0aee2c26-23b1-4753-9c98-897404cef0c8,-123.1379567,48.1747
478,Fukui,16,20190701,20190703,No,,13,Channel (DS-1),No,No,No,Fukui-16_7/1/2019,48.17480333,-123.1379567,12/16/2020 4:26,KSO,12/16/2020 4:26,KSO,f260e2e3-eccb-4894-81d7-c0dc2de73fd9,-123.1379567,48.17480333
479,Minnow,17,20190701,20190703,No,,13,Channel (DS-1),No,No,No,Minnow-17_7/1/2019,48.174855,-123.1379783,12/16/2020 4:26,KSO,12/16/2020 4:26,KSO,bd8f9c21-464c-44bf-b651-8561c1b02bcf,-123.1379783,48.174855
480,Fukui,17,20190701,20190703,No,,13,Channel (DS-1),No,No,No,Fukui-17_7/1/2019,48.174935,-123.13809,12/16/2020 4:26,KSO,12/16/2020 4:26,KSO,d59a5995-4e07-4f5a-933e-b0b941d80afd,-123.13809,48.174935
481,Minnow,18,20190701,20190703,No,,13,Channel (DS-1),No,No,No,Minnow-18_7/1/2019,48.17493333,-123.1382133,12/16/2020 4:26,KSO,12/16/2020 4:26,KSO,99f818e8-49b3-4b8c-a737-97b3f89cfec6,-123.1382133,48.17493333
482,Fukui,18,20190701,20190703,No,,13,Channel (DS-1),No,No,No,Fukui-18_7/1/2019,48.17507313,-123.1384281,12/16/2020 4:26,KSO,12/16/2020 4:26,KSO,38d577a9-c02b-448b-a2a3-b3d9b9b1e2ae,-123.1384281,48.17507313
483,Minnow,19,20190701,20190703,No,,13,Channel (DS-1),No,No,No,Minnow-19_7/1/2019,48.17506955,-123.1385865,12/16/2020 4:26,KSO,12/16/2020 4:26,KSO,2a2619ad-ab62-4365-8650-3ce77476d2a1,-123.1385865,48.17506955
484,Fukui,19,20190701,20190703,No,,13,Channel (DS-1),No,No,No,Fukui-19_7/1/2019,48.17496041,-123.1386508,12/16/2020 4:26,KSO,12/16/2020 4:26,KSO,c575ba0a-ce82-4113-ba83-b96059298ad2,-123.1386508,48.17496041
485,Minnow,20,20190701,20190703,No,,13,Channel (DS-1),No,No,No,Minnow-20_7/1/2019,48.17479529,-123.1386423,12/16/2020 4:26,KSO,12/16/2020 4:26,KSO,1cb32d89-d11d-4668-a5f7-75e3a3a428f7,-123.1386423,48.17479529
487,Fukui,5,20190701,20190703,No,,13,Channel (DS-1),No,No,No,Fukui-5_7/1/2019,48.17338415,-123.1368828,12/16/2020 4:26,KSO,12/16/2020 4:26,KSO,7603d173-732d-44f3-87fd-b6a959ac1531,-123.1368828,48.17338415
494,Minnow,4,20190715,20190719,No,,15,Channel (DS-1),No,No,No,Minnow-4_7/15/2019,48.1736,-123.1371517,12/16/2020 4:26,KSO,12/16/2020 4:26,KSO,7a44e0f7-c6fa-4395-910c-cb37528dfaba,-123.1371517,48.1736
495,Minnow,11,20190715,20190719,No,,15,Channel (DS-1),No,No,No,Minnow-11_7/15/2019,48.17379,-123.1360533,12/16/2020 4:26,KSO,12/16/2020 4:26,KSO,bee86f56-2b8e-461f-9342-74174aaae490,-123.1360533,48.17379
496,Minnow,1,20190715,20190719,No,,15,Channel (DS-1),No,No,No,Minnow-1_7/15/2019,48.17339833,-123.1374467,12/16/2020 4:26,KSO,12/16/2020 4:26,KSO,6542347d-d780-4eb5-8843-6627d4b71084,-123.1374467,48.17339833
497,Fukui,1,20190715,20190719,No,,15,Channel (DS-1),No,No,No,Fukui-1_7/15/2019,48.17347167,-123.1374617,12/16/2020 4:26,KSO,12/16/2020 4:26,KSO,5f3e4fbc-1f29-43fe-b3ab-fcde986ec3f2,-123.1374617,48.17347167
498,Minnow,2,20190715,20190719,No,,15,Channel (DS-1),No,No,No,Minnow-2_7/15/2019,48.17353833,-123.1374533,12/16/2020 4:26,KSO,12/16/2020 4:26,KSO,6eca2427-0ead-4f82-a4e5-8c4ff46a7b65,-123.1374533,48.17353833
499,Fukui,2,20190715,20190719,No,,15,Channel (DS-1),No,No,No,Fukui-2_7/15/2019,48.17364167,-123.13744,12/16/2020 4:26,KSO,12/16/2020 4:26,KSO,d6dc3fce-30f9-4f57-8446-787d2f2deb76,-123.13744,48.17364167
500,Minnow,3,20190715,20190719,No,,15,Channel (DS-1),No,No,No,Minnow-3_7/15/2019,48.17373277,-123.1374177,12/16/2020 4:26,KSO,12/16/2020 4:26,KSO,7a3f09d0-0666-4e88-a919-64981db12606,-123.1374177,48.17373276
501,Fukui,3,20190715,20190719,No,,15,Channel (DS-1),No,No,No,Fukui-3_7/15/2019,48.17374,-123.137335,12/16/2020 4:26,KSO,12/16/2020 4:26,KSO,70aa3593-6b38-4b14-aa9d-4dd1046c0e22,-123.137335,48.17374
502,Fukui,4,20190715,20190719,No,,15,Channel (DS-1),No,No,No,Fukui-4_7/15/2019,48.17354833,-123.1370517,12/16/2020 4:26,KSO,12/16/2020 4:26,KSO,70e89a26-2c5d-4a91-bce4-bceb3bca19d8,-123.1370517,48.17354833
503,Minnow,5,20190715,20190719,No,,15,Channel (DS-1),No,No,No,Minnow-5_7/15/2019,48.17347667,-123.1370017,12/16/2020 4:26,KSO,12/16/2020 4:26,KSO,d458f49a-7d8c-4a68-aa39-03dd846f4959,-123.1370017,48.17347667
504,Minnow,6,20190715,20190719,No,,15,Channel (DS-1),No,No,No,Minnow-6_7/15/2019,48.173485,-123.136645,12/16/2020 4:26,KSO,12/16/2020 4:26,KSO,29fdd2e5-9eaf-4ac5-867a-5d061cea0247,-123.136645,48.173485
505,Fukui,6,20190715,20190719,No,,15,Channel (DS-1),No,No,No,Fukui-6_7/15/2019,48.173555,-123.1366017,12/16/2020 4:26,KSO,12/16/2020 4:26,KSO,144272c5-f5b6-405c-9767-4641eab3e5bc,-123.1366017,48.173555
506,Minnow,7,20190715,20190719,No,,15,Channel (DS-1),No,No,No,Minnow-7_7/15/2019,48.17363667,-123.1365433,12/16/2020 4:26,KSO,12/16/2020 4:26,KSO,9f5510f8-990b-44e7-8d22-298cf5a0709a,-123.1365433,48.17363667
507,Fukui,7,20190715,20190719,No,,15,Channel (DS-1),No,No,No,Fukui-7_7/15/2019,48.173705,-123.1364833,12/16/2020 4:26,KSO,12/16/2020 4:26,KSO,8ef3381a-40da-4032-9a44-0d7a1ba336b0,-123.1364833,48.173705
508,Minnow,8,20190715,20190719,No,,15,Channel (DS-1),No,No,No,Minnow-8_7/15/2019,48.17375636,-123.1364174,12/16/2020 4:26,KSO,12/16/2020 4:26,KSO,558136cc-9aaa-40e6-b159-0a7379f3ee50,-123.1364174,48.17375636
509,Fukui,8,20190715,20190719,No,,15,Channel (DS-1),No,No,No,Fukui-8_7/15/2019,48.17374833,-123.1363267,12/16/2020 4:26,KSO,12/16/2020 4:26,KSO,9a8d9ef0-b2e3-4f6c-b305-e7716f6115b1,-123.1363267,48.17374833
510,Minnow,9,20190715,20190719,No,,15,Channel (DS-1),No,No,No,Minnow-9_7/15/2019,48.173915,-123.1366617,12/16/2020 4:26,KSO,12/16/2020 4:26,KSO,92439d8c-dc46-47d5-b926-22799e744a1a,-123.1366617,48.173915
511,Fukui,9,20190715,20190719,No,,15,Channel (DS-1),No,No,No,Fukui-9_7/15/2019,48.17390167,-123.1367717,12/16/2020 4:26,KSO,12/16/2020 4:26,KSO,619623e3-5ee4-4478-81de-f4d4172cf6f3,-123.1367717,48.17390167
512,Minnow,10,20190715,20190719,No,,15,Channel (DS-1),No,No,No,Minnow-10_7/15/2019,48.17389667,-123.1369133,12/16/2020 4:26,KSO,12/16/2020 4:26,KSO,ea4e04ed-28ce-4e96-a00c-f12547617ee5,-123.1369133,48.17389667
513,Fukui,10,20190715,20190719,No,,15,Channel (DS-1),No,No,No,Fukui-10_7/15/2019,48.17391667,-123.1370533,12/16/2020 4:26,KSO,12/16/2020 4:26,KSO,bd37beb0-629f-4cac-a429-e921dfd90011,-123.1370533,48.17391667
514,Fukui,11,20190715,20190719,No,,15,Channel (DS-1),No,No,No,Fukui-11_7/15/2019,48.17421667,-123.1372333,12/16/2020 4:26,KSO,12/16/2020 4:26,KSO,9a147105-2c6c-45db-9b3d-14dfb196be91,-123.1372333,48.17421667
515,Minnow,12,20190715,20190719,No,,15,Channel (DS-1),No,No,No,Minnow-12_7/15/2019,48.17430333,-123.1372833,12/16/2020 4:26,KSO,12/16/2020 4:26,KSO,fcfae8a7-cd86-4839-a1bf-76df8aeb3a52,-123.1372833,48.17430333
516,Fukui,12,20190715,20190719,No,,15,Channel (DS-1),No,No,No,Fukui-12_7/15/2019,48.17435667,-123.13739,12/16/2020 4:26,KSO,12/16/2020 4:26,KSO,11adfff9-eb83-4c5f-a136-a487e285125a,-123.13739,48.17435667
517,Minnow,13,20190715,20190719,No,,15,Channel (DS-1),No,No,No,Minnow-13_7/15/2019,48.17443667,-123.137455,12/16/2020 4:26,KSO,12/16/2020 4:26,KSO,cd75eb90-1d19-4c0f-b3cb-ad75cafb56aa,-123.137455,48.17443667
518,Fukui,13,20190715,20190719,No,,15,Channel (DS-1),No,No,No,Fukui-13_7/15/2019,48.17451667,-123.1375483,12/16/2020 4:26,KSO,12/16/2020 4:26,KSO,3fa43186-0a2d-48a8-99e4-045fb2d59ca6,-123.1375483,48.17451667
519,Minnow,14,20190715,20190719,No,,15,Channel (DS-1),No,No,No,Minnow-14_7/15/2019,48.174505,-123.137655,12/16/2020 4:26,KSO,12/16/2020 4:26,KSO,17079090-e3e7-4810-b3f9-ebb659d1a94e,-123.137655,48.174505
520,Fukui,14,20190715,20190719,No,,15,Channel (DS-1),No,No,No,Fukui-14_7/15/2019,48.17452,-123.137825,12/16/2020 4:26,KSO,12/16/2020 4:26,KSO,70fc2624-18ec-41da-b008-77de4a52d642,-123.137825,48.17452
521,Minnow,15,20190715,20190719,No,,15,Channel (DS-1),No,No,No,Minnow-15_7/15/2019,48.174595,-123.13795,12/16/2020 4:26,KSO,12/16/2020 4:26,KSO,dab0a8b6-6e9e-4175-95d1-cb793d562f5f,-123.13795,48.174595
522,Fukui,15,20190715,20190719,No,,15,Channel (DS-1),No,No,No,Fukui-15_7/15/2019,48.17463833,-123.1380017,12/16/2020 4:26,KSO,12/16/2020 4:26,KSO,66fc1a0a-41cc-421d-b204-f63576ceec6e,-123.1380017,48.17463833
523,Minnow,16,20190715,20190719,No,,15,Channel (DS-1),No,No,No,Minnow-16_7/15/2019,48.1747,-123.1379567,12/16/2020 4:26,KSO,12/16/2020 4:26,KSO,5100b0ad-d238-4b6d-ac9a-aad62109d262,-123.1379567,48.1747
524,Fukui,16,20190715,20190719,No,,15,Channel (DS-1),No,No,No,Fukui-16_7/15/2019,48.17480333,-123.1379567,12/16/2020 4:26,KSO,12/16/2020 4:26,KSO,72b2494f-6f2e-47a5-8538-6c3530b9d3d3,-123.1379567,48.17480333
525,Minnow,17,20190715,20190719,No,,15,Channel (DS-1),No,No,No,Minnow-17_7/15/2019,48.174855,-123.1379783,12/16/2020 4:26,KSO,12/16/2020 4:26,KSO,db989921-62d5-4176-a167-9ff9d14d48df,-123.1379783,48.174855
526,Fukui,17,20190715,20190719,No,,15,Channel (DS-1),No,No,No,Fukui-17_7/15/2019,48.174935,-123.13809,12/16/2020 4:26,KSO,12/16/2020 4:26,KSO,ba2ad602-eac3-4ea3-8888-9a71416efb38,-123.13809,48.174935
527,Minnow,18,20190715,20190719,No,,15,Channel (DS-1),No,No,No,Minnow-18_7/15/2019,48.17493333,-123.1382133,12/16/2020 4:26,KSO,12/16/2020 4:26,KSO,ab71d495-7af2-4869-a7ce-4e4327c4fdf7,-123.1382133,48.17493333
528,Fukui,18,20190715,20190719,No,,15,Channel (DS-1),No,No,No,Fukui-18_7/15/2019,48.17507313,-123.1384281,12/16/2020 4:26,KSO,12/16/2020 4:26,KSO,ad7e6652-f619-4980-ae7b-6a2bee9cbdcc,-123.1384281,48.17507313
529,Minnow,19,20190715,20190719,No,,15,Channel (DS-1),No,No,No,Minnow-19_7/15/2019,48.17506955,-123.1385865,12/16/2020 4:26,KSO,12/16/2020 4:26,KSO,e8852dc0-0ac5-4f57-b18f-ac307f42e16f,-123.1385865,48.17506955
530,Fukui,19,20190715,20190719,No,,15,Channel (DS-1),No,No,No,Fukui-19_7/15/2019,48.17496041,-123.1386508,12/16/2020 4:26,KSO,12/16/2020 4:26,KSO,a4375ec1-2050-4e27-a21a-31a723dde177,-123.1386508,48.17496041
531,Minnow,20,20190715,20190719,No,,15,Channel (DS-1),No,No,No,Minnow-20_7/15/2019,48.17479529,-123.1386423,12/16/2020 4:26,KSO,12/16/2020 4:26,KSO,360c553e-483c-41bc-befd-cfbbd15b14a4,-123.1386423,48.17479529
533,Fukui,5,20190715,20190719,No,,15,Channel (DS-1),No,No,No,Fukui-5_7/15/2019,48.17338415,-123.1368828,12/16/2020 4:26,KSO,12/16/2020 4:26,KSO,6f57157e-0dd1-4626-9995-7447edea4d9d,-123.1368828,48.17338415
534,Minnow,102,20190715,20190719,No,,15,Base Lagoon,No,No,No,Minnow-102_7/15/2019,48.146455,-123.1836617,12/16/2020 4:26,KSO,12/16/2020 4:26,KSO,a79093fe-67e8-4a69-a4c1-1b9e7727a62f,-123.1836617,48.146455
535,Minnow,103,20190715,20190719,No,,15,Base Lagoon,No,No,No,Minnow-103_7/15/2019,48.14649253,-123.1837979,12/16/2020 4:26,KSO,12/16/2020 4:26,KSO,78ca2736-b7a7-427d-854e-0b15bb9e7492,-123.1837979,48.14649253
536,Fukui,102,20190715,20190719,No,,15,Base Lagoon,No,No,No,Fukui-102_7/15/2019,48.14648167,-123.1837567,12/16/2020 4:26,KSO,12/16/2020 4:26,KSO,d11622e8-166d-48d8-8383-ff295383a606,-123.1837567,48.14648167
537,Fukui,103,20190715,20190719,No,,15,Base Lagoon,No,No,No,Fukui-103_7/15/2019,48.14650667,-123.1838867,12/16/2020 4:26,KSO,12/16/2020 4:26,KSO,af97e884-7577-4843-979e-49eb7672fe4a,-123.1838867,48.14650667
543,Minnow,4,20190729,20190802,No,,17,Channel (DS-1),No,No,No,Minnow-4_7/29/2019,48.1736,-123.1371517,12/16/2020 4:26,KSO,12/16/2020 4:26,KSO,9047c926-4bf4-45e3-b6ff-f9e0a8f71c0a,-123.1371517,48.1736
544,Minnow,11,20190729,20190802,No,,17,Channel (DS-1),No,No,No,Minnow-11_7/29/2019,48.17379,-123.1360533,12/16/2020 4:26,KSO,12/16/2020 4:26,KSO,8a90c47e-8551-44b9-8ea1-71a5b018d80d,-123.1360533,48.17379
545,Minnow,1,20190729,20190802,No,,17,Channel (DS-1),No,No,No,Minnow-1_7/29/2019,48.17339833,-123.1374467,12/16/2020 4:26,KSO,12/16/2020 4:26,KSO,25c13116-f9ce-4fcc-88c3-3606afb42ef5,-123.1374467,48.17339833
546,Fukui,1,20190729,20190802,No,,17,Channel (DS-1),No,No,No,Fukui-1_7/29/2019,48.17347167,-123.1374617,12/16/2020 4:26,KSO,12/16/2020 4:26,KSO,79825169-4161-4248-b7a6-a7330a76a4bd,-123.1374617,48.17347167
547,Minnow,2,20190729,20190802,No,,17,Channel (DS-1),No,No,No,Minnow-2_7/29/2019,48.17353833,-123.1374533,12/16/2020 4:26,KSO,12/16/2020 4:26,KSO,72c10f03-b859-456a-a016-10b3b154df4c,-123.1374533,48.17353833
548,Fukui,2,20190729,20190802,No,,17,Channel (DS-1),No,No,No,Fukui-2_7/29/2019,48.17364167,-123.13744,12/16/2020 4:26,KSO,12/16/2020 4:26,KSO,8d43aa59-7311-49e4-a806-3ddad7ba928c,-123.13744,48.17364167
549,Minnow,3,20190729,20190802,No,,17,Channel (DS-1),No,No,No,Minnow-3_7/29/2019,48.17373277,-123.1374177,12/16/2020 4:26,KSO,12/16/2020 4:26,KSO,d18daa7c-16d3-424a-9f9b-b72693ba78bf,-123.1374177,48.17373276
551,Fukui,4,20190729,20190802,No,,17,Channel (DS-1),No,No,No,Fukui-4_7/29/2019,48.17354833,-123.1370517,12/16/2020 4:26,KSO,12/16/2020 4:26,KSO,6c0b26a8-5804-4dc7-9cbd-0c59101a6dd6,-123.1370517,48.17354833
552,Minnow,5,20190729,20190802,No,,17,Channel (DS-1),No,No,No,Minnow-5_7/29/2019,48.17347667,-123.1370017,12/16/2020 4:26,KSO,12/16/2020 4:26,KSO,4435d036-e545-4f6c-a7b5-457f35a16251,-123.1370017,48.17347667
553,Minnow,6,20190729,20190802,No,,17,Channel (DS-1),No,No,No,Minnow-6_7/29/2019,48.173485,-123.136645,12/16/2020 4:26,KSO,12/16/2020 4:26,KSO,6d99361d-8951-40b5-bb99-9f7529d53d07,-123.136645,48.173485
554,Fukui,6,20190729,20190802,No,,17,Channel (DS-1),No,No,No,Fukui-6_7/29/2019,48.173555,-123.1366017,12/16/2020 4:26,KSO,12/16/2020 4:26,KSO,a3ef3773-e19f-4a1d-a0b8-3e3026478fe0,-123.1366017,48.173555
555,Minnow,7,20190729,20190802,No,,17,Channel (DS-1),No,No,No,Minnow-7_7/29/2019,48.17363667,-123.1365433,12/16/2020 4:26,KSO,12/16/2020 4:26,KSO,56d88238-797e-4444-a8c3-8faf21eb476f,-123.1365433,48.17363667
556,Fukui,7,20190729,20190802,No,,17,Channel (DS-1),No,No,No,Fukui-7_7/29/2019,48.173705,-123.1364833,12/16/2020 4:26,KSO,12/16/2020 4:26,KSO,0fed772f-e14c-4f78-bbe4-39c625056fac,-123.1364833,48.173705
557,Minnow,8,20190729,20190802,No,,17,Channel (DS-1),No,No,No,Minnow-8_7/29/2019,48.17375636,-123.1364174,12/16/2020 4:26,KSO,12/16/2020 4:26,KSO,ecc2e5c1-dc53-4db7-92f8-779c13ef52df,-123.1364174,48.17375636
559,Minnow,9,20190729,20190802,No,,17,Channel (DS-1),No,No,No,Minnow-9_7/29/2019,48.173915,-123.1366617,12/16/2020 4:26,KSO,12/16/2020 4:26,KSO,708a3f98-11d6-4392-9ea7-ce73073e499d,-123.1366617,48.173915
560,Fukui,9,20190729,20190802,No,,17,Channel (DS-1),No,No,No,Fukui-9_7/29/2019,48.17390167,-123.1367717,12/16/2020 4:26,KSO,12/16/2020 4:26,KSO,6bc3be56-a6cc-4140-85e4-293913e0b90d,-123.1367717,48.17390167
561,Minnow,10,20190729,20190802,No,,17,Channel (DS-1),No,No,No,Minnow-10_7/29/2019,48.17389667,-123.1369133,12/16/2020 4:26,KSO,12/16/2020 4:26,KSO,248b7177-af12-49e5-9c9d-5c67f5449e2a,-123.1369133,48.17389667
562,Fukui,10,20190729,20190802,No,,17,Channel (DS-1),No,No,No,Fukui-10_7/29/2019,48.17391667,-123.1370533,12/16/2020 4:26,KSO,12/16/2020 4:26,KSO,1ea03fe0-f61e-41d6-b2cb-c5fb7600832a,-123.1370533,48.17391667
563,Fukui,11,20190729,20190802,No,,17,Channel (DS-1),No,No,No,Fukui-11_7/29/2019,48.17421667,-123.1372333,12/16/2020 4:26,KSO,12/16/2020 4:26,KSO,8086974d-1815-4377-a6b6-51b95fae1a61,-123.1372333,48.17421667
564,Minnow,12,20190729,20190802,No,,17,Channel (DS-1),No,No,No,Minnow-12_7/29/2019,48.17430333,-123.1372833,12/16/2020 4:26,KSO,12/16/2020 4:26,KSO,d0ace7e8-760d-4ed4-b419-8ac48802b76d,-123.1372833,48.17430333
565,Fukui,12,20190729,20190802,No,,17,Channel (DS-1),No,No,No,Fukui-12_7/29/2019,48.17435667,-123.13739,12/16/2020 4:26,KSO,12/16/2020 4:26,KSO,6814dc40-2db7-4bda-9f46-17e305cd4246,-123.13739,48.17435667
566,Minnow,13,20190729,20190802,No,,17,Channel (DS-1),No,No,No,Minnow-13_7/29/2019,48.17443667,-123.137455,12/16/2020 4:26,KSO,12/16/2020 4:26,KSO,34e2f2fa-aa22-4f8d-92cf-f82bd6e1d4a5,-123.137455,48.17443667
567,Fukui,13,20190729,20190802,No,,17,Channel (DS-1),No,No,No,Fukui-13_7/29/2019,48.17451667,-123.1375483,12/16/2020 4:26,KSO,12/16/2020 4:26,KSO,761315d7-ee24-44b5-b014-e278da49b011,-123.1375483,48.17451667
568,Minnow,14,20190729,20190802,No,,17,Channel (DS-1),No,No,No,Minnow-14_7/29/2019,48.174505,-123.137655,12/16/2020 4:26,KSO,12/16/2020 4:26,KSO,cf79c51b-8d55-4179-a8f9-c25f4b1f974b,-123.137655,48.174505
569,Fukui,14,20190729,20190802,No,,17,Channel (DS-1),No,No,No,Fukui-14_7/29/2019,48.17452,-123.137825,12/16/2020 4:26,KSO,12/16/2020 4:26,KSO,a55350ce-d611-4a68-92c8-5caf37cfed76,-123.137825,48.17452
570,Minnow,15,20190729,20190802,No,,17,Channel (DS-1),No,No,No,Minnow-15_7/29/2019,48.174595,-123.13795,12/16/2020 4:26,KSO,12/16/2020 4:26,KSO,0c507354-4146-4a17-b7ad-cd86cdc3b0b9,-123.13795,48.174595
571,Fukui,15,20190729,20190802,No,,17,Channel (DS-1),No,No,No,Fukui-15_7/29/2019,48.17463833,-123.1380017,12/16/2020 4:26,KSO,12/16/2020 4:26,KSO,18c80f14-0e60-4047-8ad3-83620d5e8978,-123.1380017,48.17463833
572,Minnow,16,20190729,20190802,No,,17,Channel (DS-1),No,No,No,Minnow-16_7/29/2019,48.1747,-123.1379567,12/16/2020 4:26,KSO,12/16/2020 4:26,KSO,7e6aecdf-5889-49af-9b03-a6a1fccccad7,-123.1379567,48.1747
573,Fukui,16,20190729,20190802,No,,17,Channel (DS-1),No,No,No,Fukui-16_7/29/2019,48.17480333,-123.1379567,12/16/2020 4:26,KSO,12/16/2020 4:26,KSO,b055ca1e-62b9-4254-8662-75ad1caddf5c,-123.1379567,48.17480333
574,Minnow,17,20190729,20190802,No,,17,Channel (DS-1),No,No,No,Minnow-17_7/29/2019,48.174855,-123.1379783,12/16/2020 4:26,KSO,12/16/2020 4:26,KSO,c3b4c10c-240d-4686-809b-712381a1beae,-123.1379783,48.174855
575,Fukui,17,20190729,20190802,No,,17,Channel (DS-1),No,No,No,Fukui-17_7/29/2019,48.174935,-123.13809,12/16/2020 4:26,KSO,12/16/2020 4:26,KSO,ab27bee8-10de-4724-b390-ff28305e6cd0,-123.13809,48.174935
576,Minnow,18,20190729,20190802,No,,17,Channel (DS-1),No,No,No,Minnow-18_7/29/2019,48.17493333,-123.1382133,12/16/2020 4:26,KSO,12/16/2020 4:26,KSO,600c0455-3149-46bf-9d14-9174a19d11cd,-123.1382133,48.17493333
577,Fukui,18,20190729,20190802,No,,17,Channel (DS-1),No,No,No,Fukui-18_7/29/2019,48.17507313,-123.1384281,12/16/2020 4:26,KSO,12/16/2020 4:26,KSO,5357657a-d33b-4df8-a8d9-f69d4bedff85,-123.1384281,48.17507313
578,Minnow,19,20190729,20190802,No,,17,Channel (DS-1),No,No,No,Minnow-19_7/29/2019,48.17506955,-123.1385865,12/16/2020 4:26,KSO,12/16/2020 4:26,KSO,bc344a98-4db3-4d42-943f-b53802009bac,-123.1385865,48.17506955
579,Fukui,19,20190729,20190802,No,,17,Channel (DS-1),No,No,No,Fukui-19_7/29/2019,48.17496041,-123.1386508,12/16/2020 4:26,KSO,12/16/2020 4:26,KSO,da13d7db-7fb4-425e-a8e8-480f07c6df76,-123.1386508,48.17496041
580,Minnow,20,20190729,20190802,No,,17,Channel (DS-1),No,No,No,Minnow-20_7/29/2019,48.17479529,-123.1386423,12/16/2020 4:26,KSO,12/16/2020 4:26,KSO,86521eef-0e32-45ca-ae91-f52d36a3dd20,-123.1386423,48.17479529
581,Fukui,20,20190729,20190802,No,,17,Channel (DS-1),No,No,No,Fukui-20_7/29/2019,48.17473207,-123.1386551,12/16/2020 4:26,KSO,12/16/2020 4:26,KSO,267f0b38-8847-4dbd-afa3-577191e1cf00,-123.1386551,48.17473207
582,Fukui,5,20190729,20190802,No,,17,Channel (DS-1),No,No,No,Fukui-5_7/29/2019,48.17338415,-123.1368828,12/16/2020 4:26,KSO,12/16/2020 4:26,KSO,308f59a3-5b39-4815-9639-08e9933e8bba,-123.1368828,48.17338415
587,Minnow,102,20190729,20190802,No,,17,Base Lagoon,No,No,No,Minnow-102_7/29/2019,48.146455,-123.1836617,12/16/2020 4:26,KSO,12/16/2020 4:26,KSO,29a70d4d-aa95-46b7-a357-3453284a46e7,-123.1836617,48.146455
588,Minnow,103,20190729,20190802,No,,17,Base Lagoon,No,No,No,Minnow-103_7/29/2019,48.14649253,-123.1837979,12/16/2020 4:26,KSO,12/16/2020 4:26,KSO,22ef5a90-d39e-4a2f-bc69-eab9af4c2e4f,-123.1837979,48.14649253
589,Fukui,102,20190729,20190802,No,,17,Base Lagoon,No,No,No,Fukui-102_7/29/2019,48.14648167,-123.1837567,12/16/2020 4:26,KSO,12/16/2020 4:26,KSO,2c7c60cf-81e9-4349-bc6d-b436aa9de4f5,-123.1837567,48.14648167
590,Fukui,103,20190729,20190802,No,,17,Base Lagoon,No,No,No,Fukui-103_7/29/2019,48.14650667,-123.1838867,12/16/2020 4:26,KSO,12/16/2020 4:26,KSO,5573cb80-ecf9-462c-915f-a8bd25568833,-123.1838867,48.14650667
591,Minnow,4,20190520,20190524,No,,7,Channel (DS-1),No,No,No,Minnow-4_5/20/2019,48.1736,-123.1371517,12/16/2020 4:26,KSO,12/16/2020 4:26,KSO,cff440f6-fc88-433f-88de-30ee9eaa4915,-123.1371517,48.1736
592,Minnow,11,20190520,20190524,No,,7,Channel (DS-1),No,No,No,Minnow-11_5/20/2019,48.17379,-123.1360533,12/16/2020 4:26,KSO,12/16/2020 4:26,KSO,29c81c8f-b148-43ca-8435-2620896c80b9,-123.1360533,48.17379
593,Minnow,1,20190520,20190524,No,,7,Channel (DS-1),No,No,No,Minnow-1_5/20/2019,48.17339833,-123.1374467,12/16/2020 4:26,KSO,12/16/2020 4:26,KSO,d60cbd64-e93e-45a5-935c-44ab3671646c,-123.1374467,48.17339833
594,Fukui,1,20190520,20190524,No,,7,Channel (DS-1),No,No,No,Fukui-1_5/20/2019,48.17347167,-123.1374617,12/16/2020 4:26,KSO,12/16/2020 4:26,KSO,8100af9e-7f04-4c94-8a17-a616a97b810f,-123.1374617,48.17347167
595,Minnow,2,20190520,20190524,No,,7,Channel (DS-1),No,No,No,Minnow-2_5/20/2019,48.17353833,-123.1374533,12/16/2020 4:26,KSO,12/16/2020 4:26,KSO,f249fe9c-3767-4f82-b5bf-27a61fb9fb22,-123.1374533,48.17353833
596,Fukui,2,20190520,20190524,No,,7,Channel (DS-1),No,No,No,Fukui-2_5/20/2019,48.17364167,-123.13744,12/16/2020 4:26,KSO,12/16/2020 4:26,KSO,5d388399-6feb-45a5-a809-5ba91e6fd050,-123.13744,48.17364167
597,Minnow,3,20190520,20190524,No,,7,Channel (DS-1),No,No,No,Minnow-3_5/20/2019,48.17373277,-123.1374177,12/16/2020 4:26,KSO,12/16/2020 4:26,KSO,fb7a6db6-3d5d-4550-9d73-c784ea04f1d6,-123.1374177,48.17373276
599,Fukui,4,20190520,20190524,No,,7,Channel (DS-1),No,No,No,Fukui-4_5/20/2019,48.17354833,-123.1370517,12/16/2020 4:26,KSO,12/16/2020 4:26,KSO,a98d0757-1bfc-44b0-8819-667af9a119bf,-123.1370517,48.17354833
600,Minnow,5,20190520,20190524,No,,7,Channel (DS-1),No,No,No,Minnow-5_5/20/2019,48.17347667,-123.1370017,12/16/2020 4:26,KSO,12/16/2020 4:26,KSO,f2fdca52-e238-4fc1-8155-6382e7a6554c,-123.1370017,48.17347667
601,Minnow,6,20190520,20190524,No,,7,Channel (DS-1),No,No,No,Minnow-6_5/20/2019,48.173485,-123.136645,12/16/2020 4:26,KSO,12/16/2020 4:26,KSO,6995de3d-41c1-4956-9cc7-fe9208c7768f,-123.136645,48.173485
602,Fukui,6,20190520,20190524,No,,7,Channel (DS-1),No,No,No,Fukui-6_5/20/2019,48.173555,-123.1366017,12/16/2020 4:26,KSO,12/16/2020 4:26,KSO,a13b5cb0-53ff-451b-86b8-93e6e8866c84,-123.1366017,48.173555
603,Minnow,7,20190520,20190524,No,,7,Channel (DS-1),No,No,No,Minnow-7_5/20/2019,48.17363667,-123.1365433,12/16/2020 4:26,KSO,12/16/2020 4:26,KSO,65c0046b-94b3-43c9-a5ad-f9d33b1dd82d,-123.1365433,48.17363667
604,Fukui,7,20190520,20190524,No,,7,Channel (DS-1),No,No,No,Fukui-7_5/20/2019,48.173705,-123.1364833,12/16/2020 4:26,KSO,12/16/2020 4:26,KSO,b4cebfbb-00f1-48e2-b472-761487bf258a,-123.1364833,48.173705
605,Minnow,8,20190520,20190524,No,,7,Channel (DS-1),No,No,No,Minnow-8_5/20/2019,48.17375636,-123.1364174,12/16/2020 4:26,KSO,12/16/2020 4:26,KSO,dbd23c1a-96a7-4afb-9fe1-d06e74e218c9,-123.1364174,48.17375636
606,Fukui,8,20190520,20190524,No,,7,Channel (DS-1),No,No,No,Fukui-8_5/20/2019,48.17374833,-123.1363267,12/16/2020 4:26,KSO,12/16/2020 4:26,KSO,296f6125-5f50-4d08-93c7-428035c6c9ee,-123.1363267,48.17374833
607,Minnow,9,20190520,20190524,No,,7,Channel (DS-1),No,No,No,Minnow-9_5/20/2019,48.173915,-123.1366617,12/16/2020 4:26,KSO,12/16/2020 4:26,KSO,079d2f77-4a90-41cb-9ba1-c02fef22fe54,-123.1366617,48.173915
609,Minnow,10,20190520,20190524,No,,7,Channel (DS-1),No,No,No,Minnow-10_5/20/2019,48.17389667,-123.1369133,12/16/2020 4:26,KSO,12/16/2020 4:26,KSO,7146b30e-3ab2-491f-996d-28b632a81c22,-123.1369133,48.17389667
610,Fukui,10,20190520,20190524,No,,7,Channel (DS-1),No,No,No,Fukui-10_5/20/2019,48.17391667,-123.1370533,12/16/2020 4:26,KSO,12/16/2020 4:26,KSO,052e9501-a149-46f6-8a59-aec970c3db8a,-123.1370533,48.17391667
611,Fukui,11,20190520,20190524,No,,7,Channel (DS-1),No,No,No,Fukui-11_5/20/2019,48.17421667,-123.1372333,12/16/2020 4:26,KSO,12/16/2020 4:26,KSO,d1987217-845e-42c0-8104-556249c5c557,-123.1372333,48.17421667
612,Minnow,12,20190520,20190524,No,,7,Channel (DS-1),No,No,No,Minnow-12_5/20/2019,48.17430333,-123.1372833,12/16/2020 4:26,KSO,12/16/2020 4:26,KSO,c7a69ebe-49bb-4af6-bef4-4550af05753c,-123.1372833,48.17430333
613,Fukui,12,20190520,20190524,No,,7,Channel (DS-1),No,No,No,Fukui-12_5/20/2019,48.17435667,-123.13739,12/16/2020 4:26,KSO,12/16/2020 4:26,KSO,8d2cf5b1-a3cd-4497-9535-c4f87089ee57,-123.13739,48.17435667
614,Minnow,13,20190520,20190524,No,,7,Channel (DS-1),No,No,No,Minnow-13_5/20/2019,48.17443667,-123.137455,12/16/2020 4:26,KSO,12/16/2020 4:26,KSO,bcb99e8a-3d40-4369-b194-78bbc7fc5ba3,-123.137455,48.17443667
615,Fukui,13,20190520,20190524,No,,7,Channel (DS-1),No,No,No,Fukui-13_5/20/2019,48.17451667,-123.1375483,12/16/2020 4:26,KSO,12/16/2020 4:26,KSO,053402f2-ff54-4487-b1c8-7f3fbcf43380,-123.1375483,48.17451667
616,Minnow,14,20190520,20190524,No,,7,Channel (DS-1),No,No,No,Minnow-14_5/20/2019,48.174505,-123.137655,12/16/2020 4:26,KSO,12/16/2020 4:26,KSO,a31edb47-a828-476f-9ab1-d0f66df53dfc,-123.137655,48.174505
617,Fukui,14,20190520,20190524,No,,7,Channel (DS-1),No,No,No,Fukui-14_5/20/2019,48.17452,-123.137825,12/16/2020 4:26,KSO,12/16/2020 4:26,KSO,e8d18c33-5cb4-4d27-9a96-ae6c094f5189,-123.137825,48.17452
618,Minnow,15,20190520,20190524,No,,7,Channel (DS-1),No,No,No,Minnow-15_5/20/2019,48.174595,-123.13795,12/16/2020 4:26,KSO,12/16/2020 4:26,KSO,de9fbd04-e515-418a-af0a-c567be8ef04f,-123.13795,48.174595
619,Fukui,15,20190520,20190524,No,,7,Channel (DS-1),No,No,No,Fukui-15_5/20/2019,48.17463833,-123.1380017,12/16/2020 4:26,KSO,12/16/2020 4:26,KSO,c97e9b65-11e8-4d00-99c5-5993a0b5f3bf,-123.1380017,48.17463833
620,Minnow,16,20190520,20190524,No,,7,Channel (DS-1),No,No,No,Minnow-16_5/20/2019,48.1747,-123.1379567,12/16/2020 4:26,KSO,12/16/2020 4:26,KSO,5592f96e-2a8e-4eef-ad2f-2855cd8b6d91,-123.1379567,48.1747
621,Fukui,16,20190520,20190524,No,,7,Channel (DS-1),No,No,No,Fukui-16_5/20/2019,48.17480333,-123.1379567,12/16/2020 4:26,KSO,12/16/2020 4:26,KSO,bcfce26a-e73b-44f8-91bb-a6b2b0571b08,-123.1379567,48.17480333
622,Minnow,17,20190520,20190524,No,,7,Channel (DS-1),No,No,No,Minnow-17_5/20/2019,48.174855,-123.1379783,12/16/2020 4:26,KSO,12/16/2020 4:26,KSO,0a7f3d53-5acd-4a38-b158-238b4f557606,-123.1379783,48.174855
623,Fukui,17,20190520,20190524,No,,7,Channel (DS-1),No,No,No,Fukui-17_5/20/2019,48.174935,-123.13809,12/16/2020 4:26,KSO,12/16/2020 4:26,KSO,27396f02-4e01-42c1-8209-d78ac28b1e18,-123.13809,48.174935
624,Minnow,18,20190520,20190524,No,,7,Channel (DS-1),No,No,No,Minnow-18_5/20/2019,48.17493333,-123.1382133,12/16/2020 4:26,KSO,12/16/2020 4:26,KSO,5ab4b47f-3d8f-466f-a3f4-4a7bf0d0692f,-123.1382133,48.17493333
625,Fukui,18,20190520,20190524,No,,7,Channel (DS-1),No,No,No,Fukui-18_5/20/2019,48.17507313,-123.1384281,12/16/2020 4:26,KSO,12/16/2020 4:26,KSO,72a45ddf-0fbf-4302-8841-f2a344d70004,-123.1384281,48.17507313
626,Minnow,19,20190520,20190524,No,,7,Channel (DS-1),No,No,No,Minnow-19_5/20/2019,48.17506955,-123.1385865,12/16/2020 4:26,KSO,12/16/2020 4:26,KSO,83ae89e3-5b21-413d-8c74-80a0671c34a7,-123.1385865,48.17506955
628,Minnow,20,20190520,20190524,No,,7,Channel (DS-1),No,No,No,Minnow-20_5/20/2019,48.17479529,-123.1386423,12/16/2020 4:26,KSO,12/16/2020 4:26,KSO,ad610b82-82db-4df2-8a3e-e9eb3136a03a,-123.1386423,48.17479529
629,Fukui,20,20190520,20190524,No,,7,Channel (DS-1),No,No,No,Fukui-20_5/20/2019,48.17473207,-123.1386551,12/16/2020 4:26,KSO,12/16/2020 4:26,KSO,e7c5e0b7-0de7-4eff-8885-88847049a28a,-123.1386551,48.17473207
630,Fukui,5,20190520,20190524,No,,7,Channel (DS-1),No,No,No,Fukui-5_5/20/2019,48.17338415,-123.1368828,12/16/2020 4:26,KSO,12/16/2020 4:26,KSO,ac892df8-05a1-4724-b301-b47d6f2f6563,-123.1368828,48.17338415
631,Minnow,102,20190520,20190524,No,,7,Base Lagoon,No,No,No,Minnow-102_5/20/2019,48.146455,-123.1836617,12/16/2020 4:26,KSO,12/16/2020 4:26,KSO,8704469c-da89-4dcb-ba83-45daf926700b,-123.1836617,48.146455
632,Minnow,103,20190520,20190524,No,,7,Base Lagoon,No,No,No,Minnow-103_5/20/2019,48.14649253,-123.1837979,12/16/2020 4:26,KSO,12/16/2020 4:26,KSO,aa030e00-cbb6-44a5-8da1-2f7cff60225b,-123.1837979,48.14649253
633,Fukui,102,20190520,20190524,No,,7,Base Lagoon,No,No,No,Fukui-102_5/20/2019,48.14648167,-123.1837567,12/16/2020 4:26,KSO,12/16/2020 4:26,KSO,942bd504-213a-48cb-9909-5657cfaa8293,-123.1837567,48.14648167
634,Fukui,103,20190520,20190524,No,,7,Base Lagoon,No,No,No,Fukui-103_5/20/2019,48.14650667,-123.1838867,12/16/2020 4:26,KSO,12/16/2020 4:26,KSO,bf521750-0175-4ff8-9457-c69959238eef,-123.1838867,48.14650667
641,Minnow,4,20190805,20190806,No,,18,Channel (DS-1),No,No,No,Minnow-4_8/5/2019,48.1736,-123.1371517,12/16/2020 4:26,KSO,12/16/2020 4:26,KSO,0e1e8bd4-7089-42d6-9f3b-38b5dcadf28d,-123.1371517,48.1736
642,Minnow,11,20190805,20190806,No,,18,Channel (DS-1),No,No,No,Minnow-11_8/5/2019,48.17379,-123.1360533,12/16/2020 4:26,KSO,12/16/2020 4:26,KSO,57a64205-847c-4361-b993-e1b9e3169e53,-123.1360533,48.17379
643,Minnow,1,20190805,20190806,No,,18,Channel (DS-1),No,No,No,Minnow-1_8/5/2019,48.17339833,-123.1374467,12/16/2020 4:26,KSO,12/16/2020 4:26,KSO,e3c13b21-d0f3-4a6c-be82-07a2b4578917,-123.1374467,48.17339833
644,Fukui,1,20190805,20190806,No,,18,Channel (DS-1),No,No,No,Fukui-1_8/5/2019,48.17347167,-123.1374617,12/16/2020 4:26,KSO,12/16/2020 4:26,KSO,1563792f-f56f-459b-aa59-0f2c011baffa,-123.1374617,48.17347167
645,Minnow,2,20190805,20190806,No,,18,Channel (DS-1),No,No,No,Minnow-2_8/5/2019,48.17353833,-123.1374533,12/16/2020 4:26,KSO,12/16/2020 4:26,KSO,bab5d61a-6da6-4ce2-949e-02115edcd138,-123.1374533,48.17353833
646,Fukui,2,20190805,20190806,No,,18,Channel (DS-1),No,No,No,Fukui-2_8/5/2019,48.17364167,-123.13744,12/16/2020 4:26,KSO,12/16/2020 4:26,KSO,e7241b30-93de-4150-99f5-fe6976b599a2,-123.13744,48.17364167
647,Minnow,3,20190805,20190806,No,,18,Channel (DS-1),No,No,No,Minnow-3_8/5/2019,48.17373277,-123.1374177,12/16/2020 4:26,KSO,12/16/2020 4:26,KSO,ce1fdb94-309b-48a5-a906-521b21bbc6ee,-123.1374177,48.17373276
648,Fukui,3,20190805,20190806,No,,18,Channel (DS-1),No,No,No,Fukui-3_8/5/2019,48.17374,-123.137335,12/16/2020 4:26,KSO,12/16/2020 4:26,KSO,5c37fcae-ece2-4458-877e-9412c4c4d8ca,-123.137335,48.17374
649,Fukui,4,20190805,20190806,No,,18,Channel (DS-1),No,No,No,Fukui-4_8/5/2019,48.17354833,-123.1370517,12/16/2020 4:26,KSO,12/16/2020 4:26,KSO,d8225fb1-85e3-421b-8535-7b404df60543,-123.1370517,48.17354833
650,Minnow,5,20190805,20190806,No,,18,Channel (DS-1),No,No,No,Minnow-5_8/5/2019,48.17347667,-123.1370017,12/16/2020 4:26,KSO,12/16/2020 4:26,KSO,362b5573-7456-45b9-ba8a-6d078a80342d,-123.1370017,48.17347667
651,Minnow,6,20190805,20190806,No,,18,Channel (DS-1),No,No,No,Minnow-6_8/5/2019,48.173485,-123.136645,12/16/2020 4:26,KSO,12/16/2020 4:26,KSO,c0f1bd33-b2fe-44b3-8287-0f76d087d810,-123.136645,48.173485
652,Fukui,6,20190805,20190806,No,,18,Channel (DS-1),No,No,No,Fukui-6_8/5/2019,48.173555,-123.1366017,12/16/2020 4:26,KSO,12/16/2020 4:26,KSO,bc629e5e-6b93-4d51-b777-0509ed76c585,-123.1366017,48.173555
653,Minnow,7,20190805,20190806,No,,18,Channel (DS-1),No,No,No,Minnow-7_8/5/2019,48.17363667,-123.1365433,12/16/2020 4:26,KSO,12/16/2020 4:26,KSO,f035c8a8-2fa9-4656-be4d-7c66bc9e4a7d,-123.1365433,48.17363667
654,Fukui,7,20190805,20190806,No,,18,Channel (DS-1),No,No,No,Fukui-7_8/5/2019,48.173705,-123.1364833,12/16/2020 4:26,KSO,12/16/2020 4:26,KSO,61480de1-ff81-412a-a51e-e6be20b2663c,-123.1364833,48.173705
655,Minnow,8,20190805,20190806,No,,18,Channel (DS-1),No,No,No,Minnow-8_8/5/2019,48.17375636,-123.1364174,12/16/2020 4:26,KSO,12/16/2020 4:26,KSO,067d09d5-eb4d-411d-8270-8326888711a5,-123.1364174,48.17375636
656,Fukui,8,20190805,20190806,No,,18,Channel (DS-1),No,No,No,Fukui-8_8/5/2019,48.17374833,-123.1363267,12/16/2020 4:26,KSO,12/16/2020 4:26,KSO,1b9a93b4-d24d-491e-ae38-52ea13d9c345,-123.1363267,48.17374833
657,Minnow,9,20190805,20190806,No,,18,Channel (DS-1),No,No,No,Minnow-9_8/5/2019,48.173915,-123.1366617,12/16/2020 4:26,KSO,12/16/2020 4:26,KSO,bf79f004-1290-4cd5-b4dc-faaf96dc1956,-123.1366617,48.173915
658,Fukui,9,20190805,20190806,No,,18,Channel (DS-1),No,No,No,Fukui-9_8/5/2019,48.17390167,-123.1367717,12/16/2020 4:26,KSO,12/16/2020 4:26,KSO,8510c299-754c-4ec9-bf5b-db2a70d8ce12,-123.1367717,48.17390167
659,Minnow,10,20190805,20190806,No,,18,Channel (DS-1),No,No,No,Minnow-10_8/5/2019,48.17389667,-123.1369133,12/16/2020 4:26,KSO,12/16/2020 4:26,KSO,e5d6aa6c-e9a5-4f22-a45e-b89a0f081c26,-123.1369133,48.17389667
660,Fukui,10,20190805,20190806,No,,18,Channel (DS-1),No,No,No,Fukui-10_8/5/2019,48.17391667,-123.1370533,12/16/2020 4:26,KSO,12/16/2020 4:26,KSO,2255db21-c6e2-425c-8718-4e6347dd8437,-123.1370533,48.17391667
661,Fukui,11,20190805,20190806,No,,18,Channel (DS-1),No,No,No,Fukui-11_8/5/2019,48.17421667,-123.1372333,12/16/2020 4:26,KSO,12/16/2020 4:26,KSO,e97286f7-2388-4bbc-a1f3-0346f72b2533,-123.1372333,48.17421667
662,Minnow,12,20190805,20190806,No,,18,Channel (DS-1),No,No,No,Minnow-12_8/5/2019,48.17430333,-123.1372833,12/16/2020 4:26,KSO,12/16/2020 4:26,KSO,afbfa84e-c628-4e28-aae6-7b7b1d41613e,-123.1372833,48.17430333
663,Fukui,12,20190805,20190806,No,,18,Channel (DS-1),No,No,No,Fukui-12_8/5/2019,48.17435667,-123.13739,12/16/2020 4:26,KSO,12/16/2020 4:26,KSO,fd9e546c-a491-4127-ac7f-6f202b4a5f42,-123.13739,48.17435667
664,Minnow,13,20190805,20190806,No,,18,Channel (DS-1),No,No,No,Minnow-13_8/5/2019,48.17443667,-123.137455,12/16/2020 4:26,KSO,12/16/2020 4:26,KSO,d142cc40-0703-441b-91aa-a8c6a649b847,-123.137455,48.17443667
665,Fukui,13,20190805,20190806,No,,18,Channel (DS-1),No,No,No,Fukui-13_8/5/2019,48.17451667,-123.1375483,12/16/2020 4:26,KSO,12/16/2020 4:26,KSO,1cb564b3-bba6-4b1a-a9f1-9f5f8f5b3e35,-123.1375483,48.17451667
666,Minnow,14,20190805,20190806,No,,18,Channel (DS-1),No,No,No,Minnow-14_8/5/2019,48.174505,-123.137655,12/16/2020 4:26,KSO,12/16/2020 4:26,KSO,0bd24b4e-4af2-4f9b-8a82-c3e6a2663c1e,-123.137655,48.174505
667,Fukui,14,20190805,20190806,No,,18,Channel (DS-1),No,No,No,Fukui-14_8/5/2019,48.17452,-123.137825,12/16/2020 4:26,KSO,12/16/2020 4:26,KSO,1b00ab44-31a2-4193-b519-6bc0fb616fa0,-123.137825,48.17452
668,Minnow,15,20190805,20190806,No,,18,Channel (DS-1),No,No,No,Minnow-15_8/5/2019,48.174595,-123.13795,12/16/2020 4:26,KSO,12/16/2020 4:26,KSO,e10d81f5-868c-424c-952b-d176b728ee2d,-123.13795,48.174595
669,Fukui,15,20190805,20190806,No,,18,Channel (DS-1),No,No,No,Fukui-15_8/5/2019,48.17463833,-123.1380017,12/16/2020 4:26,KSO,12/16/2020 4:26,KSO,aee6ef00-57dc-4719-8702-e8b7b944f7b6,-123.1380017,48.17463833
670,Minnow,16,20190805,20190806,No,,18,Channel (DS-1),No,No,No,Minnow-16_8/5/2019,48.1747,-123.1379567,12/16/2020 4:26,KSO,12/16/2020 4:26,KSO,f74dfd05-c0f7-4704-aece-95d4c5a81344,-123.1379567,48.1747
671,Fukui,16,20190805,20190806,No,,18,Channel (DS-1),No,No,No,Fukui-16_8/5/2019,48.17480333,-123.1379567,12/16/2020 4:26,KSO,12/16/2020 4:26,KSO,ab2c06b9-94ed-44ad-8f85-24d645eee7c3,-123.1379567,48.17480333
672,Minnow,17,20190805,20190806,No,,18,Channel (DS-1),No,No,No,Minnow-17_8/5/2019,48.174855,-123.1379783,12/16/2020 4:26,KSO,12/16/2020 4:26,KSO,eed6d475-6767-40eb-b3d1-8ae87f2da2da,-123.1379783,48.174855
673,Fukui,17,20190805,20190806,No,,18,Channel (DS-1),No,No,No,Fukui-17_8/5/2019,48.174935,-123.13809,12/16/2020 4:26,KSO,12/16/2020 4:26,KSO,bc11437f-db58-4bf9-bbbb-b3e1fbf818b9,-123.13809,48.174935
674,Minnow,18,20190805,20190806,No,,18,Channel (DS-1),No,No,No,Minnow-18_8/5/2019,48.17493333,-123.1382133,12/16/2020 4:26,KSO,12/16/2020 4:26,KSO,0c25c619-4c2f-41a1-a0cb-945b0ec7e5a7,-123.1382133,48.17493333
675,Fukui,18,20190805,20190806,No,,18,Channel (DS-1),No,No,No,Fukui-18_8/5/2019,48.17507313,-123.1384281,12/16/2020 4:26,KSO,12/16/2020 4:26,KSO,e37ef662-7309-4fa8-9091-95ef25643226,-123.1384281,48.17507313
676,Minnow,19,20190805,20190806,No,,18,Channel (DS-1),No,No,No,Minnow-19_8/5/2019,48.17506955,-123.1385865,12/16/2020 4:26,KSO,12/16/2020 4:26,KSO,d6d87290-08c5-4f58-a4c2-912d43dcfdd7,-123.1385865,48.17506955
677,Fukui,19,20190805,20190806,No,,18,Channel (DS-1),No,No,No,Fukui-19_8/5/2019,48.17496041,-123.1386508,12/16/2020 4:26,KSO,12/16/2020 4:26,KSO,4d59b3e3-910d-4f21-b456-8578f740b588,-123.1386508,48.17496041
678,Minnow,20,20190805,20190806,No,,18,Channel (DS-1),No,No,No,Minnow-20_8/5/2019,48.17479529,-123.1386423,12/16/2020 4:26,KSO,12/16/2020 4:26,KSO,eb4b2c30-2e25-4380-ab24-c52efbcfcc77,-123.1386423,48.17479529
679,Fukui,20,20190805,20190806,No,,18,Channel (DS-1),No,No,No,Fukui-20_8/5/2019,48.17473207,-123.1386551,12/16/2020 4:26,KSO,12/16/2020 4:26,KSO,cfbb5ee1-3a4e-4049-bdf3-171b97790bd6,-123.1386551,48.17473207
680,Fukui,5,20190805,20190806,No,,18,Channel (DS-1),No,No,No,Fukui-5_8/5/2019,48.17338415,-123.1368828,12/16/2020 4:26,KSO,12/16/2020 4:26,KSO,bdb88f5b-0bbf-4178-9ce3-ce5bc748a672,-123.1368828,48.17338415
685,Minnow,102,20190805,20190806,No,,18,Base Lagoon,No,No,No,Minnow-102_8/5/2019,48.146455,-123.1836617,12/16/2020 4:26,KSO,12/16/2020 4:26,KSO,74bf9fcd-52cd-41b9-a974-eb2aaeaec3ed,-123.1836617,48.146455
686,Minnow,103,20190805,20190806,No,,18,Base Lagoon,No,No,No,Minnow-103_8/5/2019,48.14649253,-123.1837979,12/16/2020 4:26,KSO,12/16/2020 4:26,KSO,96a083a2-f522-4949-924f-00fe709e5581,-123.1837979,48.14649253
687,Fukui,102,20190805,20190806,No,,18,Base Lagoon,No,No,No,Fukui-102_8/5/2019,48.14648167,-123.1837567,12/16/2020 4:26,KSO,12/16/2020 4:26,KSO,e574c027-fa07-46ae-aab1-77e498e13d14,-123.1837567,48.14648167
688,Fukui,103,20190805,20190806,No,,18,Base Lagoon,No,No,No,Fukui-103_8/5/2019,48.14650667,-123.1838867,12/16/2020 4:26,KSO,12/16/2020 4:26,KSO,ead7eee6-b72c-4349-b52a-3142ee47cb63,-123.1838867,48.14650667
695,Minnow,4,20190812,20190816,No,,19,Channel (DS-1),No,No,No,Minnow-4_8/12/2019,48.1736,-123.1371517,12/16/2020 4:26,KSO,12/16/2020 4:26,KSO,d5b28a42-b457-4c31-9ff5-0438553d8a43,-123.1371517,48.1736
696,Minnow,11,20190812,20190816,No,,19,Channel (DS-1),No,No,No,Minnow-11_8/12/2019,48.17379,-123.1360533,12/16/2020 4:26,KSO,12/16/2020 4:26,KSO,c2d30c44-9988-4da9-8d5a-e7e67bd195d3,-123.1360533,48.17379
697,Minnow,1,20190812,20190816,No,,19,Channel (DS-1),No,No,No,Minnow-1_8/12/2019,48.17339833,-123.1374467,12/16/2020 4:26,KSO,12/16/2020 4:26,KSO,0405f1f5-6bec-4d0a-b7f7-c7c6df81c1ea,-123.1374467,48.17339833
698,Fukui,1,20190812,20190816,No,,19,Channel (DS-1),No,No,No,Fukui-1_8/12/2019,48.17347167,-123.1374617,12/16/2020 4:26,KSO,12/16/2020 4:26,KSO,8c8901f3-4709-4efd-931f-787e43267268,-123.1374617,48.17347167
699,Minnow,2,20190812,20190816,No,,19,Channel (DS-1),No,No,No,Minnow-2_8/12/2019,48.17353833,-123.1374533,12/16/2020 4:26,KSO,12/16/2020 4:26,KSO,5f7be9df-4a69-4ee4-b2c3-1242ca6b684a,-123.1374533,48.17353833
700,Fukui,2,20190812,20190816,No,,19,Channel (DS-1),No,No,No,Fukui-2_8/12/2019,48.17364167,-123.13744,12/16/2020 4:26,KSO,12/16/2020 4:26,KSO,4e1f7c52-e529-481f-870e-e58c5e08f9a0,-123.13744,48.17364167
701,Minnow,3,20190812,20190816,No,,19,Channel (DS-1),No,No,No,Minnow-3_8/12/2019,48.17373277,-123.1374177,12/16/2020 4:26,KSO,12/16/2020 4:26,KSO,15c63144-32c8-4a24-8129-bf0e579fb2d6,-123.1374177,48.17373276
702,Fukui,3,20190812,20190816,No,,19,Channel (DS-1),No,No,No,Fukui-3_8/12/2019,48.17374,-123.137335,12/16/2020 4:26,KSO,12/16/2020 4:26,KSO,63712643-6143-4e00-bcd8-f3253e118f53,-123.137335,48.17374
703,Fukui,4,20190812,20190816,No,,19,Channel (DS-1),No,No,No,Fukui-4_8/12/2019,48.17354833,-123.1370517,12/16/2020 4:26,KSO,12/16/2020 4:26,KSO,dd5a8f6e-561d-4158-b63e-4bdcb2bf23da,-123.1370517,48.17354833
704,Minnow,5,20190812,20190816,No,,19,Channel (DS-1),No,No,No,Minnow-5_8/12/2019,48.17347667,-123.1370017,12/16/2020 4:26,KSO,12/16/2020 4:26,KSO,b1e1d275-c3fe-4940-835d-919f8fe62867,-123.1370017,48.17347667
711,Minnow,9,20190812,20190816,No,,19,Channel (DS-1),No,No,No,Minnow-9_8/12/2019,48.173915,-123.1366617,12/16/2020 4:26,KSO,12/16/2020 4:26,KSO,25d3b71c-ae5e-4bda-8c3b-b9c10a9db470,-123.1366617,48.173915
713,Minnow,10,20190812,20190816,No,,19,Channel (DS-1),No,No,No,Minnow-10_8/12/2019,48.17389667,-123.1369133,12/16/2020 4:26,KSO,12/16/2020 4:26,KSO,0a4af312-3a35-4294-9041-e9a89cc19982,-123.1369133,48.17389667
715,Fukui,11,20190812,20190816,No,,19,Channel (DS-1),No,No,No,Fukui-11_8/12/2019,48.17421667,-123.1372333,12/16/2020 4:26,KSO,12/16/2020 4:26,KSO,d49e0a5f-91c3-477c-acaa-0a0f9a40752d,-123.1372333,48.17421667
716,Minnow,12,20190812,20190816,No,,19,Channel (DS-1),No,No,No,Minnow-12_8/12/2019,48.17430333,-123.1372833,12/16/2020 4:26,KSO,12/16/2020 4:26,KSO,987fe839-2390-49f6-b2a1-eea455ab1072,-123.1372833,48.17430333
717,Fukui,12,20190812,20190816,No,,19,Channel (DS-1),No,No,No,Fukui-12_8/12/2019,48.17435667,-123.13739,12/16/2020 4:26,KSO,12/16/2020 4:26,KSO,e6fbabc9-986c-4723-a850-bb9f26a93491,-123.13739,48.17435667
718,Minnow,13,20190812,20190816,No,,19,Channel (DS-1),No,No,No,Minnow-13_8/12/2019,48.17443667,-123.137455,12/16/2020 4:26,KSO,12/16/2020 4:26,KSO,83c23948-8d98-4c3c-8ea4-d0083026029f,-123.137455,48.17443667
719,Fukui,13,20190812,20190816,No,,19,Channel (DS-1),No,No,No,Fukui-13_8/12/2019,48.17451667,-123.1375483,12/16/2020 4:26,KSO,12/16/2020 4:26,KSO,3ba38596-4ec6-4c06-87c9-5845827e707b,-123.1375483,48.17451667
720,Minnow,14,20190812,20190816,No,,19,Channel (DS-1),No,No,No,Minnow-14_8/12/2019,48.174505,-123.137655,12/16/2020 4:26,KSO,12/16/2020 4:26,KSO,9ec8bda1-9145-4176-a4b1-a4f4c0c3d4d6,-123.137655,48.174505
721,Fukui,14,20190812,20190816,No,,19,Channel (DS-1),No,No,No,Fukui-14_8/12/2019,48.17452,-123.137825,12/16/2020 4:26,KSO,12/16/2020 4:26,KSO,e0ee0f49-dca4-4f67-8644-3648dd651761,-123.137825,48.17452
722,Minnow,15,20190812,20190816,No,,19,Channel (DS-1),No,No,No,Minnow-15_8/12/2019,48.174595,-123.13795,12/16/2020 4:26,KSO,12/16/2020 4:26,KSO,2c325fe0-abca-47ac-bd77-80e2218e15a5,-123.13795,48.174595
723,Fukui,15,20190812,20190816,No,,19,Channel (DS-1),No,No,No,Fukui-15_8/12/2019,48.17463833,-123.1380017,12/16/2020 4:26,KSO,12/16/2020 4:26,KSO,bfe54d0b-48a4-4e27-a7c6-9c6742e6922c,-123.1380017,48.17463833
724,Minnow,16,20190812,20190816,No,,19,Channel (DS-1),No,No,No,Minnow-16_8/12/2019,48.1747,-123.1379567,12/16/2020 4:26,KSO,12/16/2020 4:26,KSO,762cbac9-4e74-49a3-b499-26925736fc12,-123.1379567,48.1747
725,Fukui,16,20190812,20190816,No,,19,Channel (DS-1),No,No,No,Fukui-16_8/12/2019,48.17480333,-123.1379567,12/16/2020 4:26,KSO,12/16/2020 4:26,KSO,33b50b86-1675-4c84-9836-015cf59e2823,-123.1379567,48.17480333
726,Minnow,17,20190812,20190816,No,,19,Channel (DS-1),No,No,No,Minnow-17_8/12/2019,48.174855,-123.1379783,12/16/2020 4:26,KSO,12/16/2020 4:26,KSO,c891b99f-8502-494d-a14d-d2e34de6e480,-123.1379783,48.174855
727,Fukui,17,20190812,20190816,No,,19,Channel (DS-1),No,No,No,Fukui-17_8/12/2019,48.174935,-123.13809,12/16/2020 4:26,KSO,12/16/2020 4:26,KSO,6f8fb6ce-d53c-43d9-b9a8-2dbb6cba247d,-123.13809,48.174935
728,Minnow,18,20190812,20190816,No,,19,Channel (DS-1),No,No,No,Minnow-18_8/12/2019,48.17493333,-123.1382133,12/16/2020 4:26,KSO,12/16/2020 4:26,KSO,2f7442d3-cde3-4baf-b97d-ab10aa8b3347,-123.1382133,48.17493333
729,Fukui,18,20190812,20190816,No,,19,Channel (DS-1),No,No,No,Fukui-18_8/12/2019,48.17507313,-123.1384281,12/16/2020 4:26,KSO,12/16/2020 4:26,KSO,6ea85db6-92bc-4fd4-83fe-7394fe9198bf,-123.1384281,48.17507313
730,Minnow,19,20190812,20190816,No,,19,Channel (DS-1),No,No,No,Minnow-19_8/12/2019,48.17506955,-123.1385865,12/16/2020 4:26,KSO,12/16/2020 4:26,KSO,6455ecf2-79a2-46e3-bf01-378c74cd03d5,-123.1385865,48.17506955
731,Fukui,19,20190812,20190816,No,,19,Channel (DS-1),No,No,No,Fukui-19_8/12/2019,48.17496041,-123.1386508,12/16/2020 4:26,KSO,12/16/2020 4:26,KSO,475304d7-6a12-49f6-bba4-c408bae41263,-123.1386508,48.17496041
732,Minnow,20,20190812,20190816,No,,19,Channel (DS-1),No,No,No,Minnow-20_8/12/2019,48.17479529,-123.1386423,12/16/2020 4:26,KSO,12/16/2020 4:26,KSO,0563d692-8593-429e-92b1-1e6e9e00734a,-123.1386423,48.17479529
733,Fukui,20,20190812,20190816,No,,19,Channel (DS-1),No,No,No,Fukui-20_8/12/2019,48.17473207,-123.1386551,12/16/2020 4:26,KSO,12/16/2020 4:26,KSO,785a3104-c1b1-4708-a1c6-7005e65456ac,-123.1386551,48.17473207
734,Fukui,5,20190812,20190816,No,,19,Channel (DS-1),No,No,No,Fukui-5_8/12/2019,48.17338415,-123.1368828,12/16/2020 4:26,KSO,12/16/2020 4:26,KSO,eed3235a-2362-48f4-8567-fb936f01f585,-123.1368828,48.17338415
750,Minnow,102,20190819,20190820,No,,20,Base Lagoon,No,No,No,Minnow-102_8/19/2019,48.146455,-123.1836617,12/16/2020 4:26,KSO,12/16/2020 4:26,KSO,710b2c24-e18b-40d4-baf8-4655a4b3ddf5,-123.1836617,48.146455
751,Minnow,103,20190819,20190820,No,,20,Base Lagoon,No,No,No,Minnow-103_8/19/2019,48.14649253,-123.1837979,12/16/2020 4:26,KSO,12/16/2020 4:26,KSO,b25d6fab-fe2f-4679-95cc-55bca7115052,-123.1837979,48.14649253
752,Fukui,102,20190819,20190820,No,,20,Base Lagoon,No,No,No,Fukui-102_8/19/2019,48.14648167,-123.1837567,12/16/2020 4:26,KSO,12/16/2020 4:26,KSO,4465d3fe-a875-4a2a-aa6e-3132f18cbc59,-123.1837567,48.14648167
753,Fukui,103,20190819,20190820,No,,20,Base Lagoon,No,No,No,Fukui-103_8/19/2019,48.14650667,-123.1838867,12/16/2020 4:26,KSO,12/16/2020 4:26,KSO,1391ac2e-a561-4551-8279-f69b5dc1312b,-123.1838867,48.14650667
754,Minnow,4,20190819,20190820,No,,20,Channel (DS-1),No,No,No,Minnow-4_8/19/2019,48.1736,-123.1371517,12/16/2020 4:26,KSO,12/16/2020 4:26,KSO,587ad7e6-34bc-4bc1-9134-15748aaa9917,-123.1371517,48.1736
755,Minnow,11,20190819,20190820,No,,20,Channel (DS-1),No,No,No,Minnow-11_8/19/2019,48.17379,-123.1360533,12/16/2020 4:26,KSO,12/16/2020 4:26,KSO,727ffb7a-2d53-4be6-a614-fca40931aa9d,-123.1360533,48.17379
756,Minnow,1,20190819,20190820,No,,20,Channel (DS-1),No,No,No,Minnow-1_8/19/2019,48.17339833,-123.1374467,12/16/2020 4:26,KSO,12/16/2020 4:26,KSO,4d43a09e-7e62-4b8f-996e-fc6c9d313f06,-123.1374467,48.17339833
757,Fukui,1,20190819,20190820,No,,20,Channel (DS-1),No,No,No,Fukui-1_8/19/2019,48.17347167,-123.1374617,12/16/2020 4:26,KSO,12/16/2020 4:26,KSO,1cab912e-224f-4cce-a5fc-0b742d111a03,-123.1374617,48.17347167
758,Minnow,2,20190819,20190820,No,,20,Channel (DS-1),No,No,No,Minnow-2_8/19/2019,48.17353833,-123.1374533,12/16/2020 4:26,KSO,12/16/2020 4:26,KSO,39945a68-ab0f-4cb3-a5be-6c49568dd527,-123.1374533,48.17353833
759,Fukui,2,20190819,20190820,No,,20,Channel (DS-1),No,No,No,Fukui-2_8/19/2019,48.17364167,-123.13744,12/16/2020 4:26,KSO,12/16/2020 4:26,KSO,2c91ddff-aa06-46b8-86a7-2e8527f330aa,-123.13744,48.17364167
760,Minnow,3,20190819,20190820,No,,20,Channel (DS-1),No,No,No,Minnow-3_8/19/2019,48.17373277,-123.1374177,12/16/2020 4:26,KSO,12/16/2020 4:26,KSO,ea2ad457-b5e0-41f3-b694-8c4710cc33ac,-123.1374177,48.17373276
761,Fukui,3,20190819,20190820,No,,20,Channel (DS-1),No,No,No,Fukui-3_8/19/2019,48.17374,-123.137335,12/16/2020 4:26,KSO,12/16/2020 4:26,KSO,1688924d-70b3-49a7-a823-449b4b2ee1c6,-123.137335,48.17374
762,Fukui,4,20190819,20190820,No,,20,Channel (DS-1),No,No,No,Fukui-4_8/19/2019,48.17354833,-123.1370517,12/16/2020 4:26,KSO,12/16/2020 4:26,KSO,48712297-a992-4bf8-a711-feefca4a2020,-123.1370517,48.17354833
763,Minnow,5,20190819,20190820,No,,20,Channel (DS-1),No,No,No,Minnow-5_8/19/2019,48.17347667,-123.1370017,12/16/2020 4:26,KSO,12/16/2020 4:26,KSO,798d4b27-de7f-4666-9c88-7e9230d85599,-123.1370017,48.17347667
764,Minnow,6,20190819,20190820,No,,20,Channel (DS-1),No,No,No,Minnow-6_8/19/2019,48.173485,-123.136645,12/16/2020 4:26,KSO,12/16/2020 4:26,KSO,57cb03ed-9e44-4548-88a1-acc0d63e6ca8,-123.136645,48.173485
765,Fukui,6,20190819,20190820,No,,20,Channel (DS-1),No,No,No,Fukui-6_8/19/2019,48.173555,-123.1366017,12/16/2020 4:26,KSO,12/16/2020 4:26,KSO,b4d66963-3cc9-4820-9277-9e6f69650558,-123.1366017,48.173555
766,Minnow,7,20190819,20190820,No,,20,Channel (DS-1),No,No,No,Minnow-7_8/19/2019,48.17363667,-123.1365433,12/16/2020 4:26,KSO,12/16/2020 4:26,KSO,1f6bd775-7dcb-40d8-ad84-89c6abfd852b,-123.1365433,48.17363667
767,Fukui,7,20190819,20190820,No,,20,Channel (DS-1),No,No,No,Fukui-7_8/19/2019,48.173705,-123.1364833,12/16/2020 4:26,KSO,12/16/2020 4:26,KSO,7e72712b-21ff-4c42-8e29-01c55e6f78e5,-123.1364833,48.173705
768,Minnow,8,20190819,20190820,No,,20,Channel (DS-1),No,No,No,Minnow-8_8/19/2019,48.17375636,-123.1364174,12/16/2020 4:26,KSO,12/16/2020 4:26,KSO,84ad39a4-e3e6-43d6-ba1d-30e52b621451,-123.1364174,48.17375636
769,Fukui,8,20190819,20190820,No,,20,Channel (DS-1),No,No,No,Fukui-8_8/19/2019,48.17374833,-123.1363267,12/16/2020 4:26,KSO,12/16/2020 4:26,KSO,f3c219cd-526a-4c6f-9c94-1a886c69841c,-123.1363267,48.17374833
770,Minnow,9,20190819,20190820,No,,20,Channel (DS-1),No,No,No,Minnow-9_8/19/2019,48.173915,-123.1366617,12/16/2020 4:26,KSO,12/16/2020 4:26,KSO,13af892c-9c89-48b1-a3e7-3308f2fe78da,-123.1366617,48.173915
771,Fukui,9,20190819,20190820,No,,20,Channel (DS-1),No,No,No,Fukui-9_8/19/2019,48.17390167,-123.1367717,12/16/2020 4:26,KSO,12/16/2020 4:26,KSO,081ecb6c-c63b-482e-a148-af10c0625996,-123.1367717,48.17390167
772,Minnow,10,20190819,20190820,No,,20,Channel (DS-1),No,No,No,Minnow-10_8/19/2019,48.17389667,-123.1369133,12/16/2020 4:26,KSO,12/16/2020 4:26,KSO,d1685d02-64b7-40ce-91cd-c01c24d2b1bf,-123.1369133,48.17389667
773,Fukui,10,20190819,20190820,No,,20,Channel (DS-1),No,No,No,Fukui-10_8/19/2019,48.17391667,-123.1370533,12/16/2020 4:26,KSO,12/16/2020 4:26,KSO,fb09dbea-7af2-496a-b777-ac10ab037a86,-123.1370533,48.17391667
774,Fukui,11,20190819,20190820,No,,20,Channel (DS-1),No,No,No,Fukui-11_8/19/2019,48.17421667,-123.1372333,12/16/2020 4:26,KSO,12/16/2020 4:26,KSO,41ec2152-3219-42d9-a558-b11ae2ce7ed2,-123.1372333,48.17421667
775,Minnow,12,20190819,20190820,No,,20,Channel (DS-1),No,No,No,Minnow-12_8/19/2019,48.17430333,-123.1372833,12/16/2020 4:26,KSO,12/16/2020 4:26,KSO,9aec402a-ff3f-4c08-bff2-25da730f8daf,-123.1372833,48.17430333
776,Fukui,12,20190819,20190820,No,,20,Channel (DS-1),No,No,No,Fukui-12_8/19/2019,48.17435667,-123.13739,12/16/2020 4:26,KSO,12/16/2020 4:26,KSO,81b3414f-9ee2-44b6-bb6b-5d32548e5f11,-123.13739,48.17435667
777,Minnow,13,20190819,20190820,No,,20,Channel (DS-1),No,No,No,Minnow-13_8/19/2019,48.17443667,-123.137455,12/16/2020 4:26,KSO,12/16/2020 4:26,KSO,227fa7ab-0c66-4704-bbe6-4aa69d5c6a15,-123.137455,48.17443667
778,Fukui,13,20190819,20190820,No,,20,Channel (DS-1),No,No,No,Fukui-13_8/19/2019,48.17451667,-123.1375483,12/16/2020 4:26,KSO,12/16/2020 4:26,KSO,5515afcb-63cc-4ead-af18-7f12f7606276,-123.1375483,48.17451667
779,Minnow,14,20190819,20190820,No,,20,Channel (DS-1),No,No,No,Minnow-14_8/19/2019,48.174505,-123.137655,12/16/2020 4:26,KSO,12/16/2020 4:26,KSO,397543fe-8cea-48b3-99e2-9a56cfbe51cf,-123.137655,48.174505
780,Fukui,14,20190819,20190820,No,,20,Channel (DS-1),No,No,No,Fukui-14_8/19/2019,48.17452,-123.137825,12/16/2020 4:26,KSO,12/16/2020 4:26,KSO,beb742e8-3446-40fd-bb61-021b968c8f69,-123.137825,48.17452
781,Minnow,15,20190819,20190820,No,,20,Channel (DS-1),No,No,No,Minnow-15_8/19/2019,48.174595,-123.13795,12/16/2020 4:26,KSO,12/16/2020 4:26,KSO,a483fdc5-c260-4019-b215-c876a4d1c012,-123.13795,48.174595
782,Fukui,15,20190819,20190820,No,,20,Channel (DS-1),No,No,No,Fukui-15_8/19/2019,48.17463833,-123.1380017,12/16/2020 4:26,KSO,12/16/2020 4:26,KSO,099d7220-8915-4680-aed8-b223e7555b61,-123.1380017,48.17463833
783,Minnow,16,20190819,20190820,No,,20,Channel (DS-1),No,No,No,Minnow-16_8/19/2019,48.1747,-123.1379567,12/16/2020 4:26,KSO,12/16/2020 4:26,KSO,ef6e6589-a187-4cf9-aad9-3718bcdef9fc,-123.1379567,48.1747
784,Fukui,16,20190819,20190820,No,,20,Channel (DS-1),No,No,No,Fukui-16_8/19/2019,48.17480333,-123.1379567,12/16/2020 4:26,KSO,12/16/2020 4:26,KSO,1f0bc529-bf38-4944-9862-9ca65e389d57,-123.1379567,48.17480333
785,Minnow,17,20190819,20190820,No,,20,Channel (DS-1),No,No,No,Minnow-17_8/19/2019,48.174855,-123.1379783,12/16/2020 4:26,KSO,12/16/2020 4:26,KSO,a0832f59-0ba4-43f5-b26a-3111f5737e4c,-123.1379783,48.174855
786,Fukui,17,20190819,20190820,No,,20,Channel (DS-1),No,No,No,Fukui-17_8/19/2019,48.174935,-123.13809,12/16/2020 4:26,KSO,12/16/2020 4:26,KSO,97879343-3a43-44e5-8ea2-f3e487cb0304,-123.13809,48.174935
787,Minnow,18,20190819,20190820,No,,20,Channel (DS-1),No,No,No,Minnow-18_8/19/2019,48.17493333,-123.1382133,12/16/2020 4:26,KSO,12/16/2020 4:26,KSO,223c2ba7-be6f-4d6c-b22a-d8bdba3d5094,-123.1382133,48.17493333
788,Fukui,18,20190819,20190820,No,,20,Channel (DS-1),No,No,No,Fukui-18_8/19/2019,48.17507313,-123.1384281,12/16/2020 4:26,KSO,12/16/2020 4:26,KSO,4739ed12-f5ee-40e1-aa5b-dfa70d572ef1,-123.1384281,48.17507313
789,Minnow,19,20190819,20190820,No,,20,Channel (DS-1),No,No,No,Minnow-19_8/19/2019,48.17506955,-123.1385865,12/16/2020 4:26,KSO,12/16/2020 4:26,KSO,a70fe07c-51b3-4a1b-89bf-509f7bc7bbca,-123.1385865,48.17506955
790,Fukui,19,20190819,20190820,No,,20,Channel (DS-1),No,No,No,Fukui-19_8/19/2019,48.17496041,-123.1386508,12/16/2020 4:26,KSO,12/16/2020 4:26,KSO,d76e8429-72dd-4423-a4aa-8fbc9ce6c632,-123.1386508,48.17496041
791,Minnow,20,20190819,20190820,No,,20,Channel (DS-1),No,No,No,Minnow-20_8/19/2019,48.17479529,-123.1386423,12/16/2020 4:26,KSO,12/16/2020 4:26,KSO,fa935746-fb9e-4ffb-bdc2-c7d677acafcc,-123.1386423,48.17479529
792,Fukui,20,20190819,20190820,No,,20,Channel (DS-1),No,No,No,Fukui-20_8/19/2019,48.17473207,-123.1386551,12/16/2020 4:26,KSO,12/16/2020 4:26,KSO,48d981a9-4d65-477e-b733-78b45b3636e0,-123.1386551,48.17473207
793,Fukui,5,20190819,20190820,No,,20,Channel (DS-1),No,No,No,Fukui-5_8/19/2019,48.17338415,-123.1368828,12/16/2020 4:26,KSO,12/16/2020 4:26,KSO,e66c090e-9d72-40c1-a73e-7f712e8cb5cb,-123.1368828,48.17338415
794,Minnow,4,20190827,20190830,No,,21,Channel (DS-1),No,No,No,Minnow-4_8/27/2019,48.1736,-123.1371517,12/16/2020 4:26,KSO,12/16/2020 4:26,KSO,b36dcd86-524c-429c-a96a-7bf3fca07734,-123.1371517,48.1736
795,Minnow,11,20190827,20190830,No,,21,Channel (DS-1),No,No,No,Minnow-11_8/27/2019,48.17379,-123.1360533,12/16/2020 4:26,KSO,12/16/2020 4:26,KSO,d197bf23-a765-4cd1-a732-5934eac423e4,-123.1360533,48.17379
796,Minnow,1,20190827,20190830,No,,21,Channel (DS-1),No,No,No,Minnow-1_8/27/2019,48.17339833,-123.1374467,12/16/2020 4:26,KSO,12/16/2020 4:26,KSO,8a8cd82f-607e-4887-89a4-3e8765c2afac,-123.1374467,48.17339833
797,Fukui,1,20190827,20190830,No,,21,Channel (DS-1),No,No,No,Fukui-1_8/27/2019,48.17347167,-123.1374617,12/16/2020 4:26,KSO,12/16/2020 4:26,KSO,b2b58b91-e07e-4678-ae68-dd0e69e9d306,-123.1374617,48.17347167
798,Minnow,2,20190827,20190830,No,,21,Channel (DS-1),No,No,No,Minnow-2_8/27/2019,48.17353833,-123.1374533,12/16/2020 4:26,KSO,12/16/2020 4:26,KSO,3601dc9a-d76f-49b8-91ab-f410e0a08917,-123.1374533,48.17353833
799,Fukui,2,20190827,20190830,No,,21,Channel (DS-1),No,No,No,Fukui-2_8/27/2019,48.17364167,-123.13744,12/16/2020 4:26,KSO,12/16/2020 4:26,KSO,c1448eaf-f141-4cdc-8dbe-b40241024176,-123.13744,48.17364167
800,Minnow,3,20190827,20190830,No,,21,Channel (DS-1),No,No,No,Minnow-3_8/27/2019,48.17373277,-123.1374177,12/16/2020 4:26,KSO,12/16/2020 4:26,KSO,f52263e4-4c46-4243-9273-bd0cced37894,-123.1374177,48.17373276
801,Fukui,3,20190827,20190830,No,,21,Channel (DS-1),No,No,No,Fukui-3_8/27/2019,48.17374,-123.137335,12/16/2020 4:26,KSO,12/16/2020 4:26,KSO,a5f3f024-04eb-40c9-a04f-72501b474498,-123.137335,48.17374
802,Fukui,4,20190827,20190830,No,,21,Channel (DS-1),No,No,No,Fukui-4_8/27/2019,48.17354833,-123.1370517,12/16/2020 4:26,KSO,12/16/2020 4:26,KSO,411c4d0d-73d8-466d-8aa6-7d1e9ea9dfb0,-123.1370517,48.17354833
803,Minnow,5,20190827,20190830,No,,21,Channel (DS-1),No,No,No,Minnow-5_8/27/2019,48.17347667,-123.1370017,12/16/2020 4:26,KSO,12/16/2020 4:26,KSO,edb3f1f2-a5d3-4e9e-8a3a-fdd5ff4921dc,-123.1370017,48.17347667
804,Minnow,6,20190827,20190830,No,,21,Channel (DS-1),No,No,No,Minnow-6_8/27/2019,48.173485,-123.136645,12/16/2020 4:26,KSO,12/16/2020 4:26,KSO,87dad882-b03c-4329-8805-2db4462ed784,-123.136645,48.173485
805,Fukui,6,20190827,20190830,No,,21,Channel (DS-1),No,No,No,Fukui-6_8/27/2019,48.173555,-123.1366017,12/16/2020 4:26,KSO,12/16/2020 4:26,KSO,7732f502-929f-4f7c-b0b6-d823044e91f6,-123.1366017,48.173555
806,Minnow,7,20190827,20190830,No,,21,Channel (DS-1),No,No,No,Minnow-7_8/27/2019,48.17363667,-123.1365433,12/16/2020 4:26,KSO,12/16/2020 4:26,KSO,56eedc6a-aa6f-42f0-b402-e0c412301908,-123.1365433,48.17363667
807,Fukui,7,20190827,20190830,No,,21,Channel (DS-1),No,No,No,Fukui-7_8/27/2019,48.173705,-123.1364833,12/16/2020 4:26,KSO,12/16/2020 4:26,KSO,151dc069-8945-4493-bcb0-1f5ed8157eb6,-123.1364833,48.173705
808,Minnow,8,20190827,20190830,No,,21,Channel (DS-1),No,No,No,Minnow-8_8/27/2019,48.17375636,-123.1364174,12/16/2020 4:26,KSO,12/16/2020 4:26,KSO,71a3f79e-b752-4157-8272-f495df911c2c,-123.1364174,48.17375636
809,Fukui,8,20190827,20190830,No,,21,Channel (DS-1),No,No,No,Fukui-8_8/27/2019,48.17374833,-123.1363267,12/16/2020 4:26,KSO,12/16/2020 4:26,KSO,d32ff644-896c-4c75-a6a5-9d026364b961,-123.1363267,48.17374833
810,Minnow,9,20190827,20190830,No,,21,Channel (DS-1),No,No,No,Minnow-9_8/27/2019,48.173915,-123.1366617,12/16/2020 4:26,KSO,12/16/2020 4:26,KSO,55575fc0-c0f7-4010-8263-b72eacd03ccc,-123.1366617,48.173915
811,Fukui,9,20190827,20190830,No,,21,Channel (DS-1),No,No,No,Fukui-9_8/27/2019,48.17390167,-123.1367717,12/16/2020 4:26,KSO,12/16/2020 4:26,KSO,faea9b5c-323f-4e10-a81e-0a8ab159d745,-123.1367717,48.17390167
812,Minnow,10,20190827,20190830,No,,21,Channel (DS-1),No,No,No,Minnow-10_8/27/2019,48.17389667,-123.1369133,12/16/2020 4:26,KSO,12/16/2020 4:26,KSO,135a1472-a43b-4986-a380-24031af5c23b,-123.1369133,48.17389667
813,Fukui,10,20190827,20190830,No,,21,Channel (DS-1),No,No,No,Fukui-10_8/27/2019,48.17391667,-123.1370533,12/16/2020 4:26,KSO,12/16/2020 4:26,KSO,8ee2ab4d-f1b2-4bfe-b410-42a4962893f8,-123.1370533,48.17391667
814,Fukui,11,20190827,20190830,No,,21,Channel (DS-1),No,No,No,Fukui-11_8/27/2019,48.17421667,-123.1372333,12/16/2020 4:26,KSO,12/16/2020 4:26,KSO,6f2019a5-2284-4d61-9e27-355eae81ae41,-123.1372333,48.17421667
815,Minnow,12,20190827,20190830,No,,21,Channel (DS-1),No,No,No,Minnow-12_8/27/2019,48.17430333,-123.1372833,12/16/2020 4:26,KSO,12/16/2020 4:26,KSO,9956e21d-dc0f-4af6-aacd-32f60bd58f4d,-123.1372833,48.17430333
816,Fukui,12,20190827,20190830,No,,21,Channel (DS-1),No,No,No,Fukui-12_8/27/2019,48.17435667,-123.13739,12/16/2020 4:26,KSO,12/16/2020 4:26,KSO,4904c64b-56dc-4f7d-90ae-25a92e459ae7,-123.13739,48.17435667
817,Minnow,13,20190827,20190830,No,,21,Channel (DS-1),No,No,No,Minnow-13_8/27/2019,48.17443667,-123.137455,12/16/2020 4:26,KSO,12/16/2020 4:26,KSO,240d53f9-27da-4662-a10d-fd37bc1897a0,-123.137455,48.17443667
818,Fukui,13,20190827,20190830,No,,21,Channel (DS-1),No,No,No,Fukui-13_8/27/2019,48.17451667,-123.1375483,12/16/2020 4:26,KSO,12/16/2020 4:26,KSO,29869061-3679-4a06-bf14-053915d8776c,-123.1375483,48.17451667
819,Minnow,14,20190827,20190830,No,,21,Channel (DS-1),No,No,No,Minnow-14_8/27/2019,48.174505,-123.137655,12/16/2020 4:26,KSO,12/16/2020 4:26,KSO,50a297b4-41e4-4598-8a80-802ec066bb2d,-123.137655,48.174505
820,Fukui,14,20190827,20190830,No,,21,Channel (DS-1),No,No,No,Fukui-14_8/27/2019,48.17452,-123.137825,12/16/2020 4:26,KSO,12/16/2020 4:26,KSO,de6b60a9-bcc6-429d-a8dc-8bd24990ee5b,-123.137825,48.17452
821,Minnow,15,20190827,20190830,No,,21,Channel (DS-1),No,No,No,Minnow-15_8/27/2019,48.174595,-123.13795,12/16/2020 4:26,KSO,12/16/2020 4:26,KSO,d75cbe8c-c0d0-445d-b1f1-d87cdcfe33fc,-123.13795,48.174595
822,Fukui,15,20190827,20190830,No,,21,Channel (DS-1),No,No,No,Fukui-15_8/27/2019,48.17463833,-123.1380017,12/16/2020 4:26,KSO,12/16/2020 4:26,KSO,a2404781-10e8-4842-b5d0-6bb86772af2a,-123.1380017,48.17463833
823,Minnow,16,20190827,20190830,No,,21,Channel (DS-1),No,No,No,Minnow-16_8/27/2019,48.1747,-123.1379567,12/16/2020 4:26,KSO,12/16/2020 4:26,KSO,3e34fd73-1ba8-491d-b056-f4aaf651d306,-123.1379567,48.1747
824,Fukui,16,20190827,20190830,No,,21,Channel (DS-1),No,No,No,Fukui-16_8/27/2019,48.17480333,-123.1379567,12/16/2020 4:26,KSO,12/16/2020 4:26,KSO,724c344a-ae19-4d94-a0dc-6223941f94ca,-123.1379567,48.17480333
825,Minnow,17,20190827,20190830,No,,21,Channel (DS-1),No,No,No,Minnow-17_8/27/2019,48.174855,-123.1379783,12/16/2020 4:26,KSO,12/16/2020 4:26,KSO,85bfada5-5d10-463d-9074-c40a05233d6c,-123.1379783,48.174855
826,Fukui,17,20190827,20190830,No,,21,Channel (DS-1),No,No,No,Fukui-17_8/27/2019,48.174935,-123.13809,12/16/2020 4:26,KSO,12/16/2020 4:26,KSO,b7d14cf0-0fc2-4a8a-8d43-7049095579a3,-123.13809,48.174935
827,Minnow,18,20190827,20190830,No,,21,Channel (DS-1),No,No,No,Minnow-18_8/27/2019,48.17493333,-123.1382133,12/16/2020 4:26,KSO,12/16/2020 4:26,KSO,5e0e52c4-870c-4d83-ab69-b86336db4970,-123.1382133,48.17493333
828,Fukui,18,20190827,20190830,No,,21,Channel (DS-1),No,No,No,Fukui-18_8/27/2019,48.17507313,-123.1384281,12/16/2020 4:26,KSO,12/16/2020 4:26,KSO,012538c6-3741-4ddb-ba75-9a94be79656b,-123.1384281,48.17507313
829,Minnow,19,20190827,20190830,No,,21,Channel (DS-1),No,No,No,Minnow-19_8/27/2019,48.17506955,-123.1385865,12/16/2020 4:26,KSO,12/16/2020 4:26,KSO,3a988911-e209-455f-9cc3-4217989030fc,-123.1385865,48.17506955
830,Fukui,19,20190827,20190830,No,,21,Channel (DS-1),No,No,No,Fukui-19_8/27/2019,48.17496041,-123.1386508,12/16/2020 4:26,KSO,12/16/2020 4:26,KSO,dd87b662-5555-4fb6-ac3f-aee7f4db30fe,-123.1386508,48.17496041
831,Minnow,20,20190827,20190830,No,,21,Channel (DS-1),No,No,No,Minnow-20_8/27/2019,48.17479529,-123.1386423,12/16/2020 4:26,KSO,12/16/2020 4:26,KSO,21dfec9f-734e-44c4-aae4-2079b78fb4b7,-123.1386423,48.17479529
832,Fukui,20,20190827,20190830,No,,21,Channel (DS-1),No,No,No,Fukui-20_8/27/2019,48.17473207,-123.1386551,12/16/2020 4:26,KSO,12/16/2020 4:26,KSO,6b3d2f9b-359f-4021-80e9-10605cac5c23,-123.1386551,48.17473207
833,Fukui,5,20190827,20190830,No,,21,Channel (DS-1),No,No,No,Fukui-5_8/27/2019,48.17338415,-123.1368828,12/16/2020 4:26,KSO,12/16/2020 4:26,KSO,c4fdbd4b-ee84-4206-a987-0ee469202b36,-123.1368828,48.17338415
834,Minnow,102,20190827,20190830,No,,21,Base Lagoon,No,No,No,Minnow-102_8/27/2019,48.146455,-123.1836617,12/16/2020 4:26,KSO,12/16/2020 4:26,KSO,9a2c67c4-0957-468b-85d8-32f2b74fe6c2,-123.1836617,48.146455
835,Minnow,103,20190827,20190830,No,,21,Base Lagoon,No,No,No,Minnow-103_8/27/2019,48.14649253,-123.1837979,12/16/2020 4:26,KSO,12/16/2020 4:26,KSO,6ecff095-ffb8-4172-8f78-bd7caea1d5bb,-123.1837979,48.14649253
836,Fukui,102,20190827,20190830,No,,21,Base Lagoon,No,No,No,Fukui-102_8/27/2019,48.14648167,-123.1837567,12/16/2020 4:26,KSO,12/16/2020 4:26,KSO,7b73d1b1-c8c6-483b-8966-4fffc2832f6b,-123.1837567,48.14648167
837,Fukui,103,20190827,20190830,No,,21,Base Lagoon,No,No,No,Fukui-103_8/27/2019,48.14650667,-123.1838867,12/16/2020 4:26,KSO,12/16/2020 4:26,KSO,16a6b8c2-1d6e-4b8a-be8f-ad7550ea347b,-123.1838867,48.14650667
844,Minnow,4,20190909,20190913,No,,23,Channel (DS-1),No,No,No,Minnow-4_9/9/2019,48.1736,-123.1371517,12/16/2020 4:26,KSO,12/16/2020 4:26,KSO,9ee129c6-9fc7-4515-9488-299a87f1712c,-123.1371517,48.1736
845,Minnow,11,20190909,20190913,No,,23,Channel (DS-1),No,No,No,Minnow-11_9/9/2019,48.17379,-123.1360533,12/16/2020 4:26,KSO,12/16/2020 4:26,KSO,52d2b1b1-680e-4a29-a1f6-ccbaa7be1dda,-123.1360533,48.17379
846,Minnow,1,20190909,20190913,No,,23,Channel (DS-1),No,No,No,Minnow-1_9/9/2019,48.17339833,-123.1374467,12/16/2020 4:26,KSO,12/16/2020 4:26,KSO,e901245f-a89e-471c-8595-d7b4da7d91b4,-123.1374467,48.17339833
847,Fukui,1,20190909,20190913,No,,23,Channel (DS-1),No,No,No,Fukui-1_9/9/2019,48.17347167,-123.1374617,12/16/2020 4:26,KSO,12/16/2020 4:26,KSO,26a2d42a-7447-4169-a5d8-0b9ba6b343df,-123.1374617,48.17347167
848,Minnow,2,20190909,20190913,No,,23,Channel (DS-1),No,No,No,Minnow-2_9/9/2019,48.17353833,-123.1374533,12/16/2020 4:26,KSO,12/16/2020 4:26,KSO,d6f36ea1-00ac-44ad-9c06-eb0501ffa030,-123.1374533,48.17353833
849,Fukui,2,20190909,20190913,No,,23,Channel (DS-1),No,No,No,Fukui-2_9/9/2019,48.17364167,-123.13744,12/16/2020 4:26,KSO,12/16/2020 4:26,KSO,4aab9171-7bfb-4642-81f3-de90fd01accc,-123.13744,48.17364167
850,Minnow,3,20190909,20190913,No,,23,Channel (DS-1),No,No,No,Minnow-3_9/9/2019,48.17373277,-123.1374177,12/16/2020 4:26,KSO,12/16/2020 4:26,KSO,82b02b93-c2c7-45f9-8a6f-8e97fde7b29d,-123.1374177,48.17373276
851,Fukui,3,20190909,20190913,No,,23,Channel (DS-1),No,No,No,Fukui-3_9/9/2019,48.17374,-123.137335,12/16/2020 4:26,KSO,12/16/2020 4:26,KSO,962c8f0c-c3a7-4eea-8b42-ad0b8c898386,-123.137335,48.17374
852,Fukui,4,20190909,20190913,No,,23,Channel (DS-1),No,No,No,Fukui-4_9/9/2019,48.17354833,-123.1370517,12/16/2020 4:26,KSO,12/16/2020 4:26,KSO,3fc35971-ab43-4576-b320-83fe2347053c,-123.1370517,48.17354833
853,Minnow,5,20190909,20190913,No,,23,Channel (DS-1),No,No,No,Minnow-5_9/9/2019,48.17347667,-123.1370017,12/16/2020 4:26,KSO,12/16/2020 4:26,KSO,81254e94-62b1-4e39-92ff-300646970c43,-123.1370017,48.17347667
860,Minnow,9,20190909,20190913,No,,23,Channel (DS-1),No,No,No,Minnow-9_9/9/2019,48.173915,-123.1366617,12/16/2020 4:26,KSO,12/16/2020 4:26,KSO,c59f7482-d329-4ea1-9999-df2ec7f905d0,-123.1366617,48.173915
861,Fukui,9,20190909,20190913,No,,23,Channel (DS-1),No,No,No,Fukui-9_9/9/2019,48.17390167,-123.1367717,12/16/2020 4:26,KSO,12/16/2020 4:26,KSO,14bffb29-c491-4e5e-9ca5-340b8f53e546,-123.1367717,48.17390167
862,Minnow,10,20190909,20190913,No,,23,Channel (DS-1),No,No,No,Minnow-10_9/9/2019,48.17389667,-123.1369133,12/16/2020 4:26,KSO,12/16/2020 4:26,KSO,96e63af5-c0e1-4ffa-a04b-2db13e7bbea9,-123.1369133,48.17389667
863,Fukui,10,20190909,20190913,No,,23,Channel (DS-1),No,No,No,Fukui-10_9/9/2019,48.17391667,-123.1370533,12/16/2020 4:26,KSO,12/16/2020 4:26,KSO,ba12b0c5-b4be-415a-8ae1-26f21e630341,-123.1370533,48.17391667
864,Fukui,11,20190909,20190913,No,,23,Channel (DS-1),No,No,No,Fukui-11_9/9/2019,48.17421667,-123.1372333,12/16/2020 4:26,KSO,12/16/2020 4:26,KSO,e5ac4a60-b7a6-42b4-94fb-95864dd269fc,-123.1372333,48.17421667
865,Minnow,12,20190909,20190913,No,,23,Channel (DS-1),No,No,No,Minnow-12_9/9/2019,48.17430333,-123.1372833,12/16/2020 4:26,KSO,12/16/2020 4:26,KSO,6c160dee-e8bf-4fbe-82ec-afabc67b39c8,-123.1372833,48.17430333
866,Fukui,12,20190909,20190913,No,,23,Channel (DS-1),No,No,No,Fukui-12_9/9/2019,48.17435667,-123.13739,12/16/2020 4:26,KSO,12/16/2020 4:26,KSO,29e3e8fa-e478-457b-914e-b002406548df,-123.13739,48.17435667
867,Minnow,13,20190909,20190913,No,,23,Channel (DS-1),No,No,No,Minnow-13_9/9/2019,48.17443667,-123.137455,12/16/2020 4:26,KSO,12/16/2020 4:26,KSO,dab70ec5-544b-4121-a91b-5c61872f8cfa,-123.137455,48.17443667
868,Fukui,13,20190909,20190913,No,,23,Channel (DS-1),No,No,No,Fukui-13_9/9/2019,48.17451667,-123.1375483,12/16/2020 4:26,KSO,12/16/2020 4:26,KSO,751154fb-7e79-4afa-bb88-e37d19a47212,-123.1375483,48.17451667
869,Minnow,14,20190909,20190913,No,,23,Channel (DS-1),No,No,No,Minnow-14_9/9/2019,48.174505,-123.137655,12/16/2020 4:26,KSO,12/16/2020 4:26,KSO,18648bd5-01a9-4e1f-b78c-f9437565d2ab,-123.137655,48.174505
870,Fukui,14,20190909,20190913,No,,23,Channel (DS-1),No,No,No,Fukui-14_9/9/2019,48.17452,-123.137825,12/16/2020 4:26,KSO,12/16/2020 4:26,KSO,33172ae3-cbbb-4a66-a14b-e1a9d0f44c14,-123.137825,48.17452
871,Minnow,15,20190909,20190913,No,,23,Channel (DS-1),No,No,No,Minnow-15_9/9/2019,48.174595,-123.13795,12/16/2020 4:26,KSO,12/16/2020 4:26,KSO,77baa9c1-9f9e-40bc-9027-cc887c29cc69,-123.13795,48.174595
872,Fukui,15,20190909,20190913,No,,23,Channel (DS-1),No,No,No,Fukui-15_9/9/2019,48.17463833,-123.1380017,12/16/2020 4:26,KSO,12/16/2020 4:26,KSO,16dec5be-67e9-4969-b6a5-1c1a0273b9a0,-123.1380017,48.17463833
873,Minnow,16,20190909,20190913,No,,23,Channel (DS-1),No,No,No,Minnow-16_9/9/2019,48.1747,-123.1379567,12/16/2020 4:26,KSO,12/16/2020 4:26,KSO,da9418f2-5082-47b8-ab36-816d4b237f0b,-123.1379567,48.1747
874,Fukui,16,20190909,20190913,No,,23,Channel (DS-1),No,No,No,Fukui-16_9/9/2019,48.17480333,-123.1379567,12/16/2020 4:26,KSO,12/16/2020 4:26,KSO,720f3ec6-e08e-4eea-943c-c53c09bb4a56,-123.1379567,48.17480333
875,Minnow,17,20190909,20190913,No,,23,Channel (DS-1),No,No,No,Minnow-17_9/9/2019,48.174855,-123.1379783,12/16/2020 4:26,KSO,12/16/2020 4:26,KSO,72988505-d004-4d8d-b88f-c957ff9c224d,-123.1379783,48.174855
876,Fukui,17,20190909,20190913,No,,23,Channel (DS-1),No,No,No,Fukui-17_9/9/2019,48.174935,-123.13809,12/16/2020 4:26,KSO,12/16/2020 4:26,KSO,cf19c24e-e09d-4abd-afd9-4bdea98067c3,-123.13809,48.174935
877,Minnow,18,20190909,20190913,No,,23,Channel (DS-1),No,No,No,Minnow-18_9/9/2019,48.17493333,-123.1382133,12/16/2020 4:26,KSO,12/16/2020 4:26,KSO,5bcb30fd-a064-4352-9bdd-000ee9b8edab,-123.1382133,48.17493333
878,Fukui,18,20190909,20190913,No,,23,Channel (DS-1),No,No,No,Fukui-18_9/9/2019,48.17507313,-123.1384281,12/16/2020 4:26,KSO,12/16/2020 4:26,KSO,6a06d0f0-9948-45b4-80f2-91a741ac7eef,-123.1384281,48.17507313
879,Minnow,19,20190909,20190913,No,,23,Channel (DS-1),No,No,No,Minnow-19_9/9/2019,48.17506955,-123.1385865,12/16/2020 4:26,KSO,12/16/2020 4:26,KSO,413b5e15-6c15-4dae-8188-a29980c52113,-123.1385865,48.17506955
880,Fukui,19,20190909,20190913,No,,23,Channel (DS-1),No,No,No,Fukui-19_9/9/2019,48.17496041,-123.1386508,12/16/2020 4:26,KSO,12/16/2020 4:26,KSO,d510790b-557a-4f88-8e24-e3a78389210c,-123.1386508,48.17496041
881,Minnow,20,20190909,20190913,No,,23,Channel (DS-1),No,No,No,Minnow-20_9/9/2019,48.17479529,-123.1386423,12/16/2020 4:26,KSO,12/16/2020 4:26,KSO,ab6ec7e3-d482-4993-8529-d7be4d6d0915,-123.1386423,48.17479529
882,Fukui,20,20190909,20190913,No,,23,Channel (DS-1),No,No,No,Fukui-20_9/9/2019,48.17473207,-123.1386551,12/16/2020 4:26,KSO,12/16/2020 4:26,KSO,4f04c0ca-6fb2-442f-8b07-4f62d4d22253,-123.1386551,48.17473207
883,Fukui,5,20190909,20190913,No,,23,Channel (DS-1),No,No,No,Fukui-5_9/9/2019,48.17338415,-123.1368828,12/16/2020 4:26,KSO,12/16/2020 4:26,KSO,0ece7ed4-f007-4168-92b0-be1e75c77e29,-123.1368828,48.17338415
712,Fukui,9,20190812,20190816,No,Captured 4 EGC (#53-56),19,Channel (DS-1),Yes,No,No,Fukui-9_8/12/2019,48.17390167,-123.1367717,12/16/2020 4:26,KSO,12/16/2020 4:26,KSO,e18dbed5-ac50-4b25-b172-279111feb0b4,-123.1367717,48.17390167
102,Fukui,1,20190506,20190510,No,Got 1 EGC on 5/8 and 1 on 5/9,5,Channel (DS-1),Yes,No,No,Fukui-1_5/6/2019,48.17347167,-123.1374617,12/16/2020 4:26,KSO,12/16/2020 4:26,KSO,4cc86c14-1492-423e-bc9e-b6ac1183b675,-123.1374617,48.17347167
107,Fukui,4,20190506,20190510,No,Got 1 EGC on 5/8 and 4 on 5/9,5,Channel (DS-1),Yes,No,No,Fukui-4_5/6/2019,48.17354833,-123.1370517,12/16/2020 4:26,KSO,12/16/2020 4:26,KSO,9e8cc476-27c4-4214-9961-da83a929a747,-123.1370517,48.17354833
405,Fukui,3,20190408,20190411,No,Got 2 EGC on 4/9,1,Channel (DS-1),Yes,No,No,Fukui-3_4/8/2019,48.17374,-123.137335,12/16/2020 4:26,KSO,12/16/2020 4:26,KSO,a6ad2360-96c8-4185-853f-37defea22800,-123.137335,48.17374
598,Fukui,3,20190520,20190524,No,Got 2 on 5/21,7,Channel (DS-1),Yes,No,No,Fukui-3_5/20/2019,48.17374,-123.137335,12/16/2020 4:26,KSO,12/16/2020 4:26,KSO,54f2a200-1074-4e01-bd10-7a1b8e528020,-123.137335,48.17374
608,Fukui,9,20190520,20190524,No,Got 2 on 5/21,7,Channel (DS-1),Yes,No,No,Fukui-9_5/20/2019,48.17390167,-123.1367717,12/16/2020 4:26,KSO,12/16/2020 4:26,KSO,6c2ca493-70ac-402e-92bc-68d4ee1a3353,-123.1367717,48.17390167
190,Fukui,18,20190422,20190426,No,Got 3 EGC on 4//23,3,Channel (DS-1),Yes,No,No,Fukui-18_4/22/2019,48.17507313,-123.1384281,12/16/2020 4:26,KSO,12/16/2020 4:26,KSO,e69273b0-9532-404a-997e-61f3bb8dec5b,-123.1384281,48.17507313
7,Minnow,2,20190417,20190419,No,,2,Channel (DS-1),Yes,No,No,Minnow-2_4/17/2019,48.17353833,-123.1374533,12/16/2020 4:26,KSO,12/16/2020 4:26,KSO,111da89a-a9fa-4ab1-ab09-0d1f83180dd8,-123.1374533,48.17353833
23,Fukui,10,20190417,20190419,No,,2,Channel (DS-1),Yes,No,No,Fukui-10_4/17/2019,48.17391667,-123.1370533,12/16/2020 4:26,KSO,12/16/2020 4:26,KSO,f963ca59-9b29-4e76-9c9a-57e5c2273877,-123.1370533,48.17391667
39,Fukui,18,20190417,20190419,No,,2,Channel (DS-1),Yes,No,No,Fukui-18_4/17/2019,48.17507313,-123.1384281,12/16/2020 4:26,KSO,12/16/2020 4:26,KSO,a91d9433-264c-495a-82a0-d580c5ad271c,-123.1384281,48.17507313
43,Fukui,20,20190417,20190419,No,,2,Channel (DS-1),Yes,No,No,Fukui-20_4/17/2019,48.17473207,-123.1386551,12/16/2020 4:26,KSO,12/16/2020 4:26,KSO,938537ec-274b-4cbe-9df1-1e396e2b0525,-123.1386551,48.17473207
59,Minnow,2,20190501,20190503,No,,4,Channel (DS-1),Yes,No,No,Minnow-2_5/1/2019,48.17353833,-123.1374533,12/16/2020 4:26,KSO,12/16/2020 4:26,KSO,a14e4688-fb9c-47d5-907c-9d53c0da0b69,-123.1374533,48.17353833
94,Fukui,5,20190501,20190503,No,,4,Channel (DS-1),Yes,No,No,Fukui-5_5/1/2019,48.17338415,-123.1368828,12/16/2020 4:26,KSO,12/16/2020 4:26,KSO,dc2a0960-c716-4640-8d12-3cb20c0f5ff4,-123.1368828,48.17338415
101,Minnow,1,20190506,20190510,No,,5,Channel (DS-1),Yes,No,No,Minnow-1_5/6/2019,48.17339833,-123.1374467,12/16/2020 4:26,KSO,12/16/2020 4:26,KSO,dc188346-3ff8-472b-9f4a-c0306b620771,-123.1374467,48.17339833
104,Fukui,2,20190506,20190510,No,,5,Channel (DS-1),Yes,No,No,Fukui-2_5/6/2019,48.17364167,-123.13744,12/16/2020 4:26,KSO,12/16/2020 4:26,KSO,93de0718-d351-49df-8bcb-9c523c476ff2,-123.13744,48.17364167
131,Fukui,17,20190506,20190510,No,,5,Channel (DS-1),Yes,No,No,Fukui-17_5/6/2019,48.174935,-123.13809,12/16/2020 4:26,KSO,12/16/2020 4:26,KSO,a9e8fbc0-7815-4429-9d55-0df9cc1a19d7,-123.13809,48.174935
164,Fukui,4,20190422,20190426,No,,3,Channel (DS-1),Yes,No,No,Fukui-4_4/22/2019,48.17354833,-123.1370517,12/16/2020 4:26,KSO,12/16/2020 4:26,KSO,d5381820-4959-4a2b-bf58-88f0d54461f2,-123.1370517,48.17354833
181,Minnow,14,20190422,20190426,No,,3,Channel (DS-1),Yes,No,No,Minnow-14_4/22/2019,48.174505,-123.137655,12/16/2020 4:26,KSO,12/16/2020 4:26,KSO,5f27387d-f2d5-4770-9a31-c25bef39facb,-123.137655,48.174505
199,Fukui,103,20190422,20190426,No,,3,Base Lagoon,Yes,No,No,Fukui-103_4/22/2019,48.14650667,-123.1838867,12/16/2020 4:26,KSO,12/16/2020 4:26,KSO,ff91a665-a5cb-472e-8bb6-562edff0aaf2,-123.1838867,48.14650667
211,Fukui,6,20190516,20190517,No,,6,Channel (DS-1),Yes,No,No,Fukui-6_5/16/2019,48.173555,-123.1366017,12/16/2020 4:26,KSO,12/16/2020 4:26,KSO,1e4d6fba-173d-4dbe-8c27-45f2a05bba9a,-123.1366017,48.173555
215,Fukui,8,20190516,20190517,No,,6,Channel (DS-1),Yes,No,No,Fukui-8_5/16/2019,48.17374833,-123.1363267,12/16/2020 4:26,KSO,12/16/2020 4:26,KSO,7fa3101b-eb87-4898-b5ba-aa318160809c,-123.1363267,48.17374833
226,Fukui,14,20190516,20190517,No,,6,Channel (DS-1),Yes,No,No,Fukui-14_5/16/2019,48.17452,-123.137825,12/16/2020 4:26,KSO,12/16/2020 4:26,KSO,a6897293-cd6b-4858-8d1d-5c23cd64835a,-123.137825,48.17452
235,Fukui,20,20190516,20190517,No,,6,Channel (DS-1),Yes,No,No,Fukui-20_5/16/2019,48.17473207,-123.1386551,12/16/2020 4:26,KSO,12/16/2020 4:26,KSO,53d8af98-e4be-4e16-b7f9-95abf77fd333,-123.1386551,48.17473207
282,Fukui,18,20190603,20190607,No,,9,Channel (DS-1),Yes,No,No,Fukui-18_6/3/2019,48.17507313,-123.1384281,12/16/2020 4:26,KSO,12/16/2020 4:26,KSO,84a8db71-13db-42b9-bb49-15c94c4980d1,-123.1384281,48.17507313
364,Fukui,4,20190617,20190621,No,,11,Channel (DS-1),Yes,No,No,Fukui-4_6/17/2019,48.17354833,-123.1370517,12/16/2020 4:26,KSO,12/16/2020 4:26,KSO,b1fefe39-0b7b-4619-a422-cf4fc79f0b34,-123.1370517,48.17354833
380,Fukui,13,20190617,20190621,No,,11,Channel (DS-1),Yes,No,No,Fukui-13_6/17/2019,48.17451667,-123.1375483,12/16/2020 4:26,KSO,12/16/2020 4:26,KSO,8be10481-c177-498e-b92a-b41e9f1ae60c,-123.1375483,48.17451667
390,Fukui,18,20190617,20190621,No,,11,Channel (DS-1),Yes,No,No,Fukui-18_6/17/2019,48.17507313,-123.1384281,12/16/2020 4:26,KSO,12/16/2020 4:26,KSO,a4202982-2508-454d-8c76-ffd9389b3944,-123.1384281,48.17507313
403,Fukui,2,20190408,20190411,No,,1,Channel (DS-1),Yes,No,No,Fukui-2_4/8/2019,48.17364167,-123.13744,12/16/2020 4:26,KSO,12/16/2020 4:26,KSO,6ea8ef1a-4150-4b2d-a4b6-48f8983c8844,-123.13744,48.17364167
407,Fukui,4,20190408,20190411,No,,1,Channel (DS-1),Yes,No,No,Fukui-4_4/8/2019,48.17354833,-123.1370517,12/16/2020 4:26,KSO,12/16/2020 4:26,KSO,e099af1d-a967-4fc9-b7a9-77ed3cbd1f08,-123.1370517,48.17354833
427,Minnow,15,20190408,20190411,No,,1,Channel (DS-1),Yes,No,No,Minnow-15_4/8/2019,48.174595,-123.13795,12/16/2020 4:26,KSO,12/16/2020 4:26,KSO,cb8d1366-832e-4b7e-be8a-a5fe36c9e233,-123.13795,48.174595
437,Minnow,20,20190408,20190411,No,,1,Channel (DS-1),Yes,No,No,Minnow-20_4/8/2019,48.17479529,-123.1386423,12/16/2020 4:26,KSO,12/16/2020 4:26,KSO,bb9a60c1-edb0-4550-8d00-a7d1d45fc5d8,-123.1386423,48.17479529
486,Fukui,20,20190701,20190703,No,,13,Channel (DS-1),Yes,No,No,Fukui-20_7/1/2019,48.17473207,-123.1386551,12/16/2020 4:26,KSO,12/16/2020 4:26,KSO,4dfe119c-adf6-46be-9664-af6f09f5f473,-123.1386551,48.17473207
532,Fukui,20,20190715,20190719,No,,15,Channel (DS-1),Yes,No,No,Fukui-20_7/15/2019,48.17473207,-123.1386551,12/16/2020 4:26,KSO,12/16/2020 4:26,KSO,f791101d-d430-49df-9626-d7d52a56df85,-123.1386551,48.17473207
550,Fukui,3,20190729,20190802,No,,17,Channel (DS-1),Yes,No,No,Fukui-3_7/29/2019,48.17374,-123.137335,12/16/2020 4:26,KSO,12/16/2020 4:26,KSO,e47da939-b28e-41a0-8b1b-e4f8643fff12,-123.137335,48.17374
558,Fukui,8,20190729,20190802,No,,17,Channel (DS-1),Yes,No,No,Fukui-8_7/29/2019,48.17374833,-123.1363267,12/16/2020 4:26,KSO,12/16/2020 4:26,KSO,d8453d23-b5e3-4d45-baf4-7fc102a5cbd5,-123.1363267,48.17374833
627,Fukui,19,20190520,20190524,No,,7,Channel (DS-1),Yes,No,No,Fukui-19_5/20/2019,48.17496041,-123.1386508,12/16/2020 4:26,KSO,12/16/2020 4:26,KSO,5fd8917e-f299-4000-94f1-d5520658d771,-123.1386508,48.17496041
714,Fukui,10,20190812,20190816,No,,19,Channel (DS-1),Yes,No,No,Fukui-10_8/12/2019,48.17391667,-123.1370533,12/16/2020 4:26,KSO,12/16/2020 4:26,KSO,d71951e5-c45e-4b0b-b6e1-4466f3d423b9,-123.1370533,48.17391667
542,Burrow,301,20190729,20190830,No,"Set at location in week 17, stopped at location in week XXX",17,Channel (DS-1),No,Yes,No,Burrow-301_7/29/2019,48.17405967,-123.1371663,12/16/2020 4:26,KSO,12/16/2020 4:26,KSO,f45798ac-5a2e-4827-9982-3c96243ef668,-123.1371663,48.17405967
749,Burrow,301,20190830,20190912,No,Set at location in week 21 removed during week 23,21,Channel (DS-1),No,Yes,No,Burrow-301_8/30/2019,48.17453,-123.1376003,12/16/2020 4:26,KSO,12/16/2020 4:26,KSO,53e0080e-8d40-4d08-bee8-1852e32fed44,-123.1376003,48.17453
247,Burrow,301,20190603,20190729,No,"Set at location in week 9, stopped at location in week 17",9,Channel (DS-1),No,Yes,No,Burrow-301_6/3/2019,48.17392833,-123.1364783,12/16/2020 4:26,KSO,12/16/2020 4:26,KSO,44d44977-e753-46e7-bc7b-c8baec8d0cc9,-123.1364783,48.17392833
338,Fukui,301,20190610,20190611,No,"Water extremely low, had 0-15 dead LEAR",10,Base Lagoon,No,Yes,No,Fukui-301_6/10/2019,48.14676057,-123.1840939,12/16/2020 4:26,KSO,12/16/2020 4:26,KSO,74195f83-3366-42af-8d20-e14ab9eed5d7,-123.1840939,48.14676056
339,Minnow,301,20190610,20190611,No,"Water extremely low, had 0-15 dead LEAR",10,Base Lagoon,No,Yes,No,Minnow-301_6/10/2019,48.14647667,-123.1841283,12/16/2020 4:26,KSO,12/16/2020 4:26,KSO,c7e9a823-fc59-4c7d-b4c9-fd7871a0f26d,-123.1841283,48.14647667
340,Fukui,302,20190610,20190611,No,"Water extremely low, had 0-15 dead LEAR",10,Base Lagoon,No,Yes,No,Fukui-302_6/10/2019,48.14648333,-123.184085,12/16/2020 4:26,KSO,12/16/2020 4:26,KSO,ac46db89-1bac-4c7a-a405-5252d0bcd359,-123.184085,48.14648333
341,Minnow,302,20190610,20190611,No,"Water extremely low, had 0-15 dead LEAR",10,Base Lagoon,No,Yes,No,Minnow-302_6/10/2019,48.14648167,-123.1840267,12/16/2020 4:26,KSO,12/16/2020 4:26,KSO,d2b8049e-4440-43ca-abc4-ade5b28899b8,-123.1840267,48.14648167
342,Fukui,303,20190610,20190611,No,"Water extremely low, had 0-15 dead LEAR",10,Base Lagoon,No,Yes,No,Fukui-303_6/10/2019,48.14647667,-123.1839717,12/16/2020 4:26,KSO,12/16/2020 4:26,KSO,eb7e4e69-2b31-4fd4-aad7-93a8b782515c,-123.1839717,48.14647667
343,Minnow,303,20190610,20190611,No,"Water extremely low, had 0-15 dead LEAR",10,Base Lagoon,No,Yes,No,Minnow-303_6/10/2019,48.14646167,-123.18389,12/16/2020 4:26,KSO,12/16/2020 4:26,KSO,1b8a44d3-ad61-4853-8a3b-02f848beffd6,-123.18389,48.14646167
50,Minnow,302,20190501,20190503,No,,4,Channel (DS-1),No,Yes,No,Minnow-302_5/1/2019,48.175155,-123.13941,12/16/2020 4:26,KSO,12/16/2020 4:26,KSO,8edb6b0e-8800-480f-9f70-0e71bebb07aa,-123.13941,48.175155
51,Fukui,301,20190501,20190503,No,,4,Channel (DS-1),No,Yes,No,Fukui-301_5/1/2019,48.17491333,-123.138995,12/16/2020 4:26,KSO,12/16/2020 4:26,KSO,3c9ffa5c-465e-4281-b01d-73e5e92b5d56,-123.138995,48.17491333
52,Minnow,301,20190501,20190503,No,,4,Channel (DS-1),No,Yes,No,Minnow-301_5/1/2019,48.17479,-123.1388533,12/16/2020 4:26,KSO,12/16/2020 4:26,KSO,7d5d1f94-c29a-44d5-a177-c1157fb0b456,-123.1388533,48.17479
344,Fukui,301,20190408,20190411,No,,1,Channel (DS-1),No,Yes,No,Fukui-301_4/8/2019,48.17522218,-123.1394362,12/16/2020 4:26,KSO,12/16/2020 4:26,KSO,80507e9a-0b49-4917-8ffb-623cb4fe8735,-123.1394362,48.17522218
345,Minnow,301,20190408,20190411,No,,1,Channel (DS-1),No,Yes,No,Minnow-301_4/8/2019,48.17530919,-123.1391911,12/16/2020 4:26,KSO,12/16/2020 4:26,KSO,3b9effe5-abec-4caa-8e65-6bddd902c83c,-123.1391911,48.17530919
346,Fukui,302,20190408,20190411,No,,1,Channel (DS-1),No,Yes,No,Fukui-302_4/8/2019,48.17547195,-123.1388102,12/16/2020 4:26,KSO,12/16/2020 4:26,KSO,6602c703-be97-464e-994f-501cc6c88180,-123.1388102,48.17547195
347,Minnow,302,20190408,20190411,No,,1,Channel (DS-1),No,Yes,No,Minnow-302_4/8/2019,48.17555423,-123.1384025,12/16/2020 4:26,KSO,12/16/2020 4:26,KSO,8da26279-be18-494d-a575-b2e70a57b0cf,-123.1384025,48.17555423
348,Minnow,301,20190617,20190621,No,,11,Channel (DS-1),No,Yes,No,Minnow-301_6/17/2019,48.17272588,-123.1369227,12/16/2020 4:26,KSO,12/16/2020 4:26,KSO,a7885b64-2621-405f-86cc-d77e5445a485,-123.1369227,48.17272588
349,Fukui,301,20190617,20190621,No,,11,Channel (DS-1),No,Yes,No,Fukui-301_6/17/2019,48.17297501,-123.1369775,12/16/2020 4:26,KSO,12/16/2020 4:26,KSO,85f1083d-f38b-411c-ac06-bd2177874393,-123.1369775,48.17297501
350,Fukui,302,20190617,20190621,No,,11,Base Lagoon,No,Yes,No,Fukui-302_6/17/2019,48.14643584,-123.1841422,12/16/2020 4:26,KSO,12/16/2020 4:26,KSO,866122f3-b1c4-4a6a-9fa6-22ff2285cfb0,-123.1841422,48.14643584
351,Minnow,302,20190617,20190621,No,,11,Base Lagoon,No,Yes,No,Minnow-302_6/17/2019,48.14644379,-123.1839506,12/16/2020 4:26,KSO,12/16/2020 4:26,KSO,ddd2f43b-83c2-44dc-8a74-4303d0d0ec88,-123.1839506,48.14644379
538,Minnow,301,20190715,20190719,No,,15,Channel (DS-1),No,Yes,No,Minnow-301_7/15/2019,48.17472147,-123.1388191,12/16/2020 4:26,KSO,12/16/2020 4:26,KSO,78f81899-1a0b-4fb9-bf58-8a5a30f98dbe,-123.1388191,48.17472147
539,Fukui,301,20190715,20190719,No,,15,Channel (DS-1),No,Yes,No,Fukui-301_7/15/2019,48.1748191,-123.1388341,12/16/2020 4:26,KSO,12/16/2020 4:26,KSO,4c596cde-1ee1-477e-a10d-e3e07e22eedc,-123.1388341,48.1748191
540,Minnow,302,20190715,20190719,No,,15,Channel (DS-1),No,Yes,No,Minnow-302_7/15/2019,48.17519457,-123.1394256,12/16/2020 4:26,KSO,12/16/2020 4:26,KSO,8ad5a6df-8e04-4f20-ac9a-e0842cc2f60e,-123.1394256,48.17519457
541,Fukui,302,20190715,20190719,No,,15,Channel (DS-1),No,Yes,No,Fukui-302_7/15/2019,48.17526372,-123.1392142,12/16/2020 4:26,KSO,12/16/2020 4:26,KSO,b27754d6-22cd-4486-a621-f870a3fecece,-123.1392142,48.17526372
583,Minnow,301,20190729,20190802,No,,17,Channel (DS-1),No,Yes,No,Minnow-301_7/29/2019,48.17472147,-123.1388191,12/16/2020 4:26,KSO,12/16/2020 4:26,KSO,b64a5916-6ba7-4cf7-b1ea-561c911a280c,-123.1388191,48.17472147
584,Fukui,301,20190729,20190802,No,,17,Channel (DS-1),No,Yes,No,Fukui-301_7/29/2019,48.1748191,-123.1388341,12/16/2020 4:26,KSO,12/16/2020 4:26,KSO,b161b0e7-fe09-4738-8138-a51f9afdbbba,-123.1388341,48.1748191
585,Minnow,302,20190729,20190802,No,,17,Channel (DS-1),No,Yes,No,Minnow-302_7/29/2019,48.17519457,-123.1394256,12/16/2020 4:26,KSO,12/16/2020 4:26,KSO,ae3ed744-c683-4cfa-850f-a1e00004f657,-123.1394256,48.17519457
586,Fukui,302,20190729,20190802,No,,17,Channel (DS-1),No,Yes,No,Fukui-302_7/29/2019,48.17526372,-123.1392142,12/16/2020 4:26,KSO,12/16/2020 4:26,KSO,f565f0ec-5363-4281-a007-31cceda254dd,-123.1392142,48.17526372
635,Fukui,301,20190516,20190517,No,,6,Channel (DS-1),No,Yes,No,Fukui-301_5/16/2019,48.17324,-123.137395,12/16/2020 4:26,KSO,12/16/2020 4:26,KSO,65345fa4-dd78-48df-84df-7334ba46fef5,-123.137395,48.17324
636,Minnow,301,20190516,20190517,No,,6,Channel (DS-1),No,Yes,No,Minnow-301_5/16/2019,48.17273333,-123.1373217,12/16/2020 4:26,KSO,12/16/2020 4:26,KSO,d2cb58c1-0b47-4961-9963-d41cb099dcca,-123.1373217,48.17273333
637,Fukui,302,20190516,20190517,No,,6,Channel (DS-1),No,Yes,No,Fukui-302_5/16/2019,48.17303667,-123.137165,12/16/2020 4:26,KSO,12/16/2020 4:26,KSO,8a85b28c-6f34-4292-beea-690556c8b430,-123.137165,48.17303667
638,Minnow,302,20190516,20190517,No,,6,Channel (DS-1),No,Yes,No,Minnow-302_5/16/2019,48.17311667,-123.13735,12/16/2020 4:26,KSO,12/16/2020 4:26,KSO,93f38048-5cb6-41b6-be0c-ff0a87b60df8,-123.13735,48.17311667
639,Fukui,303,20190516,20190517,No,,6,Channel (DS-1),No,Yes,No,Fukui-303_5/16/2019,48.1737446,-123.1361692,12/16/2020 4:26,KSO,12/16/2020 4:26,KSO,a2d2780f-393a-4e2d-9be8-454d9cc8f8e9,-123.1361692,48.1737446
640,Minnow,303,20190516,20190517,No,,6,Channel (DS-1),No,Yes,No,Minnow-303_5/16/2019,48.17386833,-123.136105,12/16/2020 4:26,KSO,12/16/2020 4:26,KSO,b3b95b3c-9d72-4aa4-ba52-649975f56526,-123.136105,48.17386833
681,Minnow,301,20190805,20190806,No,,18,Channel (DS-1),No,Yes,No,Minnow-301_8/5/2019,48.17472147,-123.1388191,12/16/2020 4:26,KSO,12/16/2020 4:26,KSO,7af19d9a-fa9a-44fb-9382-a0b7609b5f2e,-123.1388191,48.17472147
682,Fukui,301,20190805,20190806,No,,18,Channel (DS-1),No,Yes,No,Fukui-301_8/5/2019,48.1748191,-123.1388341,12/16/2020 4:26,KSO,12/16/2020 4:26,KSO,0b3438a4-3931-4dd2-9c95-2b66de506a10,-123.1388341,48.1748191
683,Minnow,302,20190805,20190806,No,,18,Channel (DS-1),No,Yes,No,Minnow-302_8/5/2019,48.17519457,-123.1394256,12/16/2020 4:26,KSO,12/16/2020 4:26,KSO,f7d808e6-78a7-4d6b-99e9-fe1305c3a0a7,-123.1394256,48.17519457
684,Fukui,302,20190805,20190806,No,,18,Channel (DS-1),No,Yes,No,Fukui-302_8/5/2019,48.17526372,-123.1392142,12/16/2020 4:26,KSO,12/16/2020 4:26,KSO,aa251f3f-77e7-4b16-838c-0e25bfd4d703,-123.1392142,48.17526372
741,Minnow,301,20190819,20190820,No,,20,Base Lagoon,No,Yes,No,Minnow-301_8/19/2019,48.14651733,-123.183993,12/16/2020 4:26,KSO,12/16/2020 4:26,KSO,2b201cf1-721b-4077-bee3-f610840f9112,-123.183993,48.14651733
742,Fukui,301,20190819,20190820,No,,20,Base Lagoon,No,Yes,No,Fukui-301_8/19/2019,48.14648918,-123.184334,12/16/2020 4:26,KSO,12/16/2020 4:26,KSO,e01fd3f5-8a9d-45a1-86cf-78c460c86fa3,-123.184334,48.14648918
743,Minnow,302,20190819,20190820,No,,20,Base Lagoon,No,Yes,No,Minnow-302_8/19/2019,48.146408,-123.1854097,12/16/2020 4:26,KSO,12/16/2020 4:26,KSO,3612e320-a758-47dd-b5e6-595706b5fec9,-123.1854097,48.146408
744,Fukui,302,20190819,20190820,No,,20,Base Lagoon,No,Yes,No,Fukui-302_8/19/2019,48.14631933,-123.1854687,12/16/2020 4:26,KSO,12/16/2020 4:26,KSO,c509aa60-2baa-408e-b86a-fb6ae0c75fdc,-123.1854687,48.14631933
745,Minnow,301,20190829,20190830,No,,21,Channel (DS-1),No,Yes,No,Minnow-301_8/29/2019,48.17538367,-123.1383723,12/16/2020 4:26,KSO,12/16/2020 4:26,KSO,a6fbdf0d-1ed2-4e78-879d-2e9657651600,-123.1383723,48.17538367
746,Fukui,301,20190829,20190830,No,,21,Channel (DS-1),No,Yes,No,Fukui-301_8/29/2019,48.17555067,-123.138549,12/16/2020 4:26,KSO,12/16/2020 4:26,KSO,3e5686fa-78af-48b7-951b-5367f1fbcf8d,-123.138549,48.17555067
747,Fukui,302,20190829,20190830,No,,21,Channel (DS-1),No,Yes,No,Fukui-302_8/29/2019,48.175338,-123.1375943,12/16/2020 4:26,KSO,12/16/2020 4:26,KSO,4cc562f0-bd51-4164-a47c-7e9ba4d5e8f5,-123.1375943,48.175338
748,Minnow,302,20190829,20190830,No,,21,Channel (DS-1),No,Yes,No,Minnow-302_8/29/2019,48.17537167,-123.1373583,12/16/2020 4:26,KSO,12/16/2020 4:26,KSO,1b68da07-a3fa-4a9f-bf37-f9799ccae952,-123.1373583,48.17537167
14,Minnow,6,20190417,20190419,No,,2,Channel (DS-1),No,No,Yes,Minnow-6_4/17/2019,48.173485,-123.136645,12/16/2020 4:26,KSO,12/16/2020 4:26,KSO,c7a95a71-fa37-466d-a6e6-3fc1a3c76095,-123.136645,48.173485
15,Fukui,6,20190417,20190419,No,,2,Channel (DS-1),No,No,Yes,Fukui-6_4/17/2019,48.173555,-123.1366017,12/16/2020 4:26,KSO,12/16/2020 4:26,KSO,ed14a73b-827a-403b-b19a-c45d6bb6542e,-123.1366017,48.173555
16,Minnow,7,20190417,20190419,No,,2,Channel (DS-1),No,No,Yes,Minnow-7_4/17/2019,48.17363667,-123.1365433,12/16/2020 4:26,KSO,12/16/2020 4:26,KSO,73f68abb-a172-4953-9d7e-9ffa81b5ed8f,-123.1365433,48.17363667
17,Fukui,7,20190417,20190419,No,,2,Channel (DS-1),No,No,Yes,Fukui-7_4/17/2019,48.173705,-123.1364833,12/16/2020 4:26,KSO,12/16/2020 4:26,KSO,c84b1dd8-4cad-4150-881e-010c7607a128,-123.1364833,48.173705
18,Minnow,8,20190417,20190419,No,,2,Channel (DS-1),No,No,Yes,Minnow-8_4/17/2019,48.17375636,-123.1364174,12/16/2020 4:26,KSO,12/16/2020 4:26,KSO,eda20332-b193-4cd6-a068-005449195c60,-123.1364174,48.17375636
19,Fukui,8,20190417,20190419,No,,2,Channel (DS-1),No,No,Yes,Fukui-8_4/17/2019,48.17374833,-123.1363267,12/16/2020 4:26,KSO,12/16/2020 4:26,KSO,bc3f7516-ae78-4c37-8011-0b0baf4d6677,-123.1363267,48.17374833
109,Minnow,6,20190506,20190510,No,,5,Channel (DS-1),No,No,Yes,Minnow-6_5/6/2019,48.173485,-123.136645,12/16/2020 4:26,KSO,12/16/2020 4:26,KSO,41577d2a-ecd5-42a9-a339-00012ca35a1b,-123.136645,48.173485
110,Fukui,6,20190506,20190510,No,,5,Channel (DS-1),No,No,Yes,Fukui-6_5/6/2019,48.173555,-123.1366017,12/16/2020 4:26,KSO,12/16/2020 4:26,KSO,f729c001-d47e-4064-a9fa-18bcd7a98271,-123.1366017,48.173555
111,Minnow,7,20190506,20190510,No,,5,Channel (DS-1),No,No,Yes,Minnow-7_5/6/2019,48.17363667,-123.1365433,12/16/2020 4:26,KSO,12/16/2020 4:26,KSO,4fe4fd1b-234e-4113-8700-6a4ca3577b67,-123.1365433,48.17363667
113,Minnow,8,20190506,20190510,No,,5,Channel (DS-1),No,No,Yes,Minnow-8_5/6/2019,48.17375636,-123.1364174,12/16/2020 4:26,KSO,12/16/2020 4:26,KSO,dd6de2a3-de53-4ac0-9e04-42cb753ea638,-123.1364174,48.17375636
114,Fukui,8,20190506,20190510,No,,5,Channel (DS-1),No,No,Yes,Fukui-8_5/6/2019,48.17374833,-123.1363267,12/16/2020 4:26,KSO,12/16/2020 4:26,KSO,e5ecc8ea-084c-4da7-897c-e674b61d47af,-123.1363267,48.17374833
258,Minnow,6,20190603,20190607,No,,9,Channel (DS-1),No,No,Yes,Minnow-6_6/3/2019,48.173485,-123.136645,12/16/2020 4:26,KSO,12/16/2020 4:26,KSO,50863309-27b2-4b02-80ab-3b672cfa7b56,-123.136645,48.173485
259,Fukui,6,20190603,20190607,No,,9,Channel (DS-1),No,No,Yes,Fukui-6_6/3/2019,48.173555,-123.1366017,12/16/2020 4:26,KSO,12/16/2020 4:26,KSO,1d0baef3-01a1-461c-905b-06829bc40a97,-123.1366017,48.173555
260,Minnow,7,20190603,20190607,No,,9,Channel (DS-1),No,No,Yes,Minnow-7_6/3/2019,48.17363667,-123.1365433,12/16/2020 4:26,KSO,12/16/2020 4:26,KSO,1a4c63b4-93e6-4085-8d3a-88398486e499,-123.1365433,48.17363667
262,Minnow,8,20190603,20190607,No,,9,Channel (DS-1),No,No,Yes,Minnow-8_6/3/2019,48.17375636,-123.1364174,12/16/2020 4:26,KSO,12/16/2020 4:26,KSO,b5725d13-18be-464d-bda5-0ce90f9cf3cb,-123.1364174,48.17375636
263,Fukui,8,20190603,20190607,No,,9,Channel (DS-1),No,No,Yes,Fukui-8_6/3/2019,48.17374833,-123.1363267,12/16/2020 4:26,KSO,12/16/2020 4:26,KSO,5728c4e3-2542-4c4b-a0a9-cb1e09bb35ec,-123.1363267,48.17374833
458,Minnow,6,20190701,20190703,No,,13,Channel (DS-1),No,No,Yes,Minnow-6_7/1/2019,48.173485,-123.136645,12/16/2020 4:26,KSO,12/16/2020 4:26,KSO,fb0d102a-1ff6-433f-8221-a892f9f36d6f,-123.136645,48.173485
459,Fukui,6,20190701,20190703,No,,13,Channel (DS-1),No,No,Yes,Fukui-6_7/1/2019,48.173555,-123.1366017,12/16/2020 4:26,KSO,12/16/2020 4:26,KSO,656c66b5-f12b-4f04-aab9-9fde98a53025,-123.1366017,48.173555
460,Minnow,7,20190701,20190703,No,,13,Channel (DS-1),No,No,Yes,Minnow-7_7/1/2019,48.17363667,-123.1365433,12/16/2020 4:26,KSO,12/16/2020 4:26,KSO,a4243fc2-6416-4dfb-95eb-dc3f7f995acf,-123.1365433,48.17363667
461,Fukui,7,20190701,20190703,No,,13,Channel (DS-1),No,No,Yes,Fukui-7_7/1/2019,48.173705,-123.1364833,12/16/2020 4:26,KSO,12/16/2020 4:26,KSO,d12a454c-2ee1-4a43-a25b-bcfb5b2540ba,-123.1364833,48.173705
462,Minnow,8,20190701,20190703,No,,13,Channel (DS-1),No,No,Yes,Minnow-8_7/1/2019,48.17375636,-123.1364174,12/16/2020 4:26,KSO,12/16/2020 4:26,KSO,b7c0574c-0afc-4e8b-be86-0472907d087f,-123.1364174,48.17375636
463,Fukui,8,20190701,20190703,No,,13,Channel (DS-1),No,No,Yes,Fukui-8_7/1/2019,48.17374833,-123.1363267,12/16/2020 4:26,KSO,12/16/2020 4:26,KSO,bf5bc515-83f7-4cc0-a76a-0c219da1e254,-123.1363267,48.17374833
705,Minnow,6,20190812,20190816,No,,19,Channel (DS-1),No,No,Yes,Minnow-6_8/12/2019,48.173485,-123.136645,12/16/2020 4:26,KSO,12/16/2020 4:26,KSO,cbcc1af0-117b-4b05-870a-42b698a79ea5,-123.136645,48.173485
706,Fukui,6,20190812,20190816,No,,19,Channel (DS-1),No,No,Yes,Fukui-6_8/12/2019,48.173555,-123.1366017,12/16/2020 4:26,KSO,12/16/2020 4:26,KSO,332dfedf-a164-45a2-bfb5-ca85b295fc2f,-123.1366017,48.173555
707,Minnow,7,20190812,20190816,No,,19,Channel (DS-1),No,No,Yes,Minnow-7_8/12/2019,48.17363667,-123.1365433,12/16/2020 4:26,KSO,12/16/2020 4:26,KSO,6ea9613c-eaa1-439b-ba6d-865b65fa7ecd,-123.1365433,48.17363667
708,Fukui,7,20190812,20190816,No,,19,Channel (DS-1),No,No,Yes,Fukui-7_8/12/2019,48.173705,-123.1364833,12/16/2020 4:26,KSO,12/16/2020 4:26,KSO,de34fa74-3aeb-4ca8-bee5-6ba3dbe07a92,-123.1364833,48.173705
709,Minnow,8,20190812,20190816,No,,19,Channel (DS-1),No,No,Yes,Minnow-8_8/12/2019,48.17375636,-123.1364174,12/16/2020 4:26,KSO,12/16/2020 4:26,KSO,4c977197-a429-4589-b0cf-41056414abe6,-123.1364174,48.17375636
710,Fukui,8,20190812,20190816,No,,19,Channel (DS-1),No,No,Yes,Fukui-8_8/12/2019,48.17374833,-123.1363267,12/16/2020 4:26,KSO,12/16/2020 4:26,KSO,960d5af1-8306-4b91-bdb6-fe420628ea05,-123.1363267,48.17374833
854,Minnow,6,20190909,20190913,No,,23,Channel (DS-1),No,No,Yes,Minnow-6_9/9/2019,48.173485,-123.136645,12/16/2020 4:26,KSO,12/16/2020 4:26,KSO,8a763828-a625-4996-aa60-2c32b42caca5,-123.136645,48.173485
855,Fukui,6,20190909,20190913,No,,23,Channel (DS-1),No,No,Yes,Fukui-6_9/9/2019,48.173555,-123.1366017,12/16/2020 4:26,KSO,12/16/2020 4:26,KSO,524d3861-f323-492d-8daf-7b8551aab8d7,-123.1366017,48.173555
856,Minnow,7,20190909,20190913,No,,23,Channel (DS-1),No,No,Yes,Minnow-7_9/9/2019,48.17363667,-123.1365433,12/16/2020 4:26,KSO,12/16/2020 4:26,KSO,d0869d77-5026-42d1-9950-c291794bdf5e,-123.1365433,48.17363667
857,Fukui,7,20190909,20190913,No,,23,Channel (DS-1),No,No,Yes,Fukui-7_9/9/2019,48.173705,-123.1364833,12/16/2020 4:26,KSO,12/16/2020 4:26,KSO,38a3438c-e827-4bb3-a817-90de91a054a6,-123.1364833,48.173705
858,Minnow,8,20190909,20190913,No,,23,Channel (DS-1),No,No,Yes,Minnow-8_9/9/2019,48.17375636,-123.1364174,12/16/2020 4:26,KSO,12/16/2020 4:26,KSO,7172decf-bba0-4f62-9649-50b33014f257,-123.1364174,48.17375636
859,Fukui,8,20190909,20190913,No,EGC captured on 9/12 (not during MMP),23,Channel (DS-1),Yes,No,Yes,Fukui-8_9/9/2019,48.17374833,-123.1363267,12/16/2020 4:26,KSO,12/16/2020 4:26,KSO,fac296c4-4536-4708-8424-a7e1cdadbca9,-123.1363267,48.17374833
112,Fukui,7,20190506,20190510,No,Got 2 EGC on 5/7 during MMP,5,Channel (DS-1),Yes,No,Yes,Fukui-7_5/6/2019,48.173705,-123.1364833,12/16/2020 4:26,KSO,12/16/2020 4:26,KSO,aeaf431e-3f4b-4b6e-9ceb-4a70e3f0ad84,-123.1364833,48.173705
261,Fukui,7,20190603,20190607,No,,9,Channel (DS-1),Yes,No,Yes,Fukui-7_6/3/2019,48.173705,-123.1364833,12/16/2020 4:26,KSO,12/16/2020 4:26,KSO,287bcb3f-1bef-43c8-93f9-9a1c2eae9e58,-123.1364833,48.173705
1,Minnow,102,20190417,20190419,No,,2,Base Lagoon,No,Yes,Yes,Minnow-102_4/17/2019,48.146455,-123.1836617,12/16/2020 4:26,KSO,12/16/2020 4:26,KSO,d9577c9f-f803-4318-8b99-5554cef58e30,-123.1836617,48.146455
2,Minnow,103,20190417,20190419,No,,2,Base Lagoon,No,Yes,Yes,Minnow-103_4/17/2019,48.14649253,-123.1837979,12/16/2020 4:26,KSO,12/16/2020 4:26,KSO,fcac7ddf-1756-44d7-a7ca-3997f6f56891,-123.1837979,48.14649253
3,Fukui,102,20190417,20190419,No,,2,Base Lagoon,No,Yes,Yes,Fukui-102_4/17/2019,48.14648167,-123.1837567,12/16/2020 4:26,KSO,12/16/2020 4:26,KSO,833f46cc-82da-49f9-bf14-c5bd0e8ff2bb,-123.1837567,48.14648167
4,Fukui,103,20190417,20190419,No,,2,Base Lagoon,No,Yes,Yes,Fukui-103_4/17/2019,48.14650667,-123.1838867,12/16/2020 4:26,KSO,12/16/2020 4:26,KSO,7331deb4-0ebb-45d6-a826-f48ee26471f1,-123.1838867,48.14650667
97,Minnow,102,20190506,20190510,No,,5,Base Lagoon,No,Yes,Yes,Minnow-102_5/6/2019,48.146455,-123.1836617,12/16/2020 4:26,KSO,12/16/2020 4:26,KSO,26004a36-9538-4796-b37a-8678db3f0675,-123.1836617,48.146455
98,Minnow,103,20190506,20190510,No,,5,Base Lagoon,No,Yes,Yes,Minnow-103_5/6/2019,48.14649253,-123.1837979,12/16/2020 4:26,KSO,12/16/2020 4:26,KSO,660f131e-7596-49de-96dd-782d8f428aaf,-123.1837979,48.14649253
99,Fukui,102,20190506,20190510,No,,5,Base Lagoon,No,Yes,Yes,Fukui-102_5/6/2019,48.14648167,-123.1837567,12/16/2020 4:26,KSO,12/16/2020 4:26,KSO,f3a952a4-995e-4217-98b9-44ef568bc28b,-123.1837567,48.14648167
141,Minnow,101,20190417,20190419,No,,2,Base Lagoon,No,Yes,Yes,Minnow-101_4/17/2019,48.14655573,-123.1834959,12/16/2020 4:26,KSO,12/16/2020 4:26,KSO,2c7571fb-d499-49d1-93dd-47ef5a581b5f,-123.1834959,48.14655572
142,Fukui,101,20190417,20190419,No,,2,Base Lagoon,No,Yes,Yes,Fukui-101_4/17/2019,48.14648283,-123.1835316,12/16/2020 4:26,KSO,12/16/2020 4:26,KSO,13c6209b-1d88-42ac-a019-5453fbf5b53c,-123.1835316,48.14648283
143,Fukui,201,20190417,20190418,No,,2,East Lagoon,No,Yes,Yes,Fukui-201_4/17/2019,48.17655833,-123.1277633,12/16/2020 4:26,KSO,12/16/2020 4:26,KSO,2250b5a1-0cc4-464b-afcd-af832a3bc228,-123.1277633,48.17655833
144,Minnow,201,20190417,20190418,No,,2,East Lagoon,No,Yes,Yes,Minnow-201_4/17/2019,48.17660367,-123.1278,12/16/2020 4:26,KSO,12/16/2020 4:26,KSO,16c71c27-d7b2-44cf-bdcd-04f2e0085b02,-123.1278,48.17660367
145,Fukui,202,20190417,20190418,No,,2,East Lagoon,No,Yes,Yes,Fukui-202_4/17/2019,48.17663167,-123.127845,12/16/2020 4:26,KSO,12/16/2020 4:26,KSO,0278ac40-13f4-496d-91d2-cbca93bd38ce,-123.127845,48.17663167
146,Minnow,202,20190417,20190418,No,,2,East Lagoon,No,Yes,Yes,Minnow-202_4/17/2019,48.17659567,-123.127912,12/16/2020 4:26,KSO,12/16/2020 4:26,KSO,d6315e51-1072-43cd-a7de-617eb1b21269,-123.127912,48.17659567
147,Fukui,203,20190417,20190418,No,,2,East Lagoon,No,Yes,Yes,Fukui-203_4/17/2019,48.17656667,-123.1279733,12/16/2020 4:26,KSO,12/16/2020 4:26,KSO,4d75d3f0-9beb-475f-941b-43bc57ceade8,-123.1279733,48.17656667
148,Minnow,203,20190417,20190418,No,,2,East Lagoon,No,Yes,Yes,Minnow-203_4/17/2019,48.17654867,-123.1280597,12/16/2020 4:26,KSO,12/16/2020 4:26,KSO,bb4cfdc0-4b1e-470d-9ac6-96230783f81b,-123.1280597,48.17654867
149,Minnow,101,20190506,20190510,No,,5,Base Lagoon,No,Yes,Yes,Minnow-101_5/6/2019,48.14655573,-123.1834959,12/16/2020 4:26,KSO,12/16/2020 4:26,KSO,0b34cea5-c402-4d15-8e91-30ee87eb66c3,-123.1834959,48.14655572
150,Fukui,101,20190506,20190510,No,,5,Base Lagoon,No,Yes,Yes,Fukui-101_5/6/2019,48.14648283,-123.1835316,12/16/2020 4:26,KSO,12/16/2020 4:26,KSO,c73abb89-e6a8-42de-a0cd-6e73bf656a8b,-123.1835316,48.14648283
151,Fukui,201,20190508,20190509,No,,5,East Lagoon,No,Yes,Yes,Fukui-201_5/8/2019,48.17661754,-123.1278315,12/16/2020 4:26,KSO,12/16/2020 4:26,KSO,4541e8da-044a-4c9d-b6a2-4aa362adf685,-123.1278315,48.17661754
152,Minnow,201,20190508,20190509,No,,5,East Lagoon,No,Yes,Yes,Minnow-201_5/8/2019,48.17658351,-123.1278984,12/16/2020 4:26,KSO,12/16/2020 4:26,KSO,ecbffe63-3291-4ade-9b58-fc28e053ec34,-123.1278984,48.17658351
153,Fukui,202,20190508,20190509,No,,5,East Lagoon,No,Yes,Yes,Fukui-202_5/8/2019,48.17655967,-123.1279832,12/16/2020 4:26,KSO,12/16/2020 4:26,KSO,364ead87-2bdd-466f-bf5c-de17b78c67e4,-123.1279832,48.17655967
154,Minnow,202,20190508,20190509,No,,5,East Lagoon,No,Yes,Yes,Minnow-202_5/8/2019,48.17653469,-123.1280493,12/16/2020 4:26,KSO,12/16/2020 4:26,KSO,e101a8f7-060b-4a09-a78c-17680e2d8007,-123.1280493,48.17653469
155,Fukui,203,20190508,20190509,No,,5,East Lagoon,No,Yes,Yes,Fukui-203_5/8/2019,48.17650754,-123.1281644,12/16/2020 4:26,KSO,12/16/2020 4:26,KSO,971e768c-de48-4c4a-aba9-1c20c7a65cdd,-123.1281644,48.17650754
156,Minnow,203,20190508,20190509,No,,5,East Lagoon,No,Yes,Yes,Minnow-203_5/8/2019,48.17648909,-123.1282872,12/16/2020 4:26,KSO,12/16/2020 4:26,KSO,8fbfa84d-de5c-4de0-8139-58bb8a7251a3,-123.1282872,48.17648909
241,Fukui,201,20190605,20190606,No,,9,East Lagoon,No,Yes,Yes,Fukui-201_6/5/2019,48.176585,-123.1277673,12/16/2020 4:26,KSO,12/16/2020 4:26,KSO,d37fb469-892a-47ab-99a6-3398f9bef7a0,-123.1277673,48.176585
242,Minnow,201,20190605,20190606,No,,9,East Lagoon,No,Yes,Yes,Minnow-201_6/5/2019,48.17656333,-123.1279077,12/16/2020 4:26,KSO,12/16/2020 4:26,KSO,7441515d-983d-4e4f-9bf7-2f049344bcda,-123.1279077,48.17656333
243,Fukui,202,20190605,20190606,No,,9,East Lagoon,No,Yes,Yes,Fukui-202_6/5/2019,48.17653867,-123.1280167,12/16/2020 4:26,KSO,12/16/2020 4:26,KSO,3f5b0cf8-8965-41b8-adbc-0debeb0d26e0,-123.1280167,48.17653867
244,Minnow,202,20190605,20190606,No,,9,East Lagoon,No,Yes,Yes,Minnow-202_6/5/2019,48.17653667,-123.128126,12/16/2020 4:26,KSO,12/16/2020 4:26,KSO,be533479-2a34-4855-8020-1ebad3fd4298,-123.128126,48.17653667
245,Fukui,203,20190605,20190606,No,,9,East Lagoon,No,Yes,Yes,Fukui-203_6/5/2019,48.17650167,-123.128225,12/16/2020 4:26,KSO,12/16/2020 4:26,KSO,a8838e29-d063-40ca-b681-9f642381ce85,-123.128225,48.17650167
246,Minnow,203,20190605,20190606,No,,9,East Lagoon,No,Yes,Yes,Minnow-203_6/5/2019,48.17645733,-123.12832,12/16/2020 4:26,KSO,12/16/2020 4:26,KSO,1a0c1b52-f6d8-49f4-9a15-e3ef9b455c95,-123.12832,48.17645733
288,Minnow,102,20190603,20190607,No,,9,Base Lagoon,No,Yes,Yes,Minnow-102_6/3/2019,48.146455,-123.1836617,12/16/2020 4:26,KSO,12/16/2020 4:26,KSO,79031e9a-a244-4f8e-89de-b28fe39cbfb2,-123.1836617,48.146455
289,Minnow,103,20190603,20190607,No,,9,Base Lagoon,No,Yes,Yes,Minnow-103_6/3/2019,48.14649253,-123.1837979,12/16/2020 4:26,KSO,12/16/2020 4:26,KSO,5f38be35-c978-4e36-a419-b71ff5eae638,-123.1837979,48.14649253
290,Fukui,102,20190603,20190607,No,,9,Base Lagoon,No,Yes,Yes,Fukui-102_6/3/2019,48.14648167,-123.1837567,12/16/2020 4:26,KSO,12/16/2020 4:26,KSO,fc78b817-3de9-44f1-b4da-acb3e0c95fce,-123.1837567,48.14648167
291,Fukui,103,20190603,20190607,No,,9,Base Lagoon,No,Yes,Yes,Fukui-103_6/3/2019,48.14650667,-123.1838867,12/16/2020 4:26,KSO,12/16/2020 4:26,KSO,9679154b-3c73-45a7-9e60-ab861843d791,-123.1838867,48.14650667
292,Minnow,101,20190603,20190607,No,,9,Base Lagoon,No,Yes,Yes,Minnow-101_6/3/2019,48.14655573,-123.1834959,12/16/2020 4:26,KSO,12/16/2020 4:26,KSO,ccb21a9f-a45a-496b-9372-e06940e8a8f4,-123.1834959,48.14655572
442,Fukui,201,20190702,20190703,No,,13,East Lagoon,No,Yes,Yes,Fukui-201_7/2/2019,48.176585,-123.1277673,12/16/2020 4:26,KSO,12/16/2020 4:26,KSO,e7d2be59-1c2f-4389-9921-25993d980886,-123.1277673,48.176585
443,Minnow,201,20190702,20190703,No,,13,East Lagoon,No,Yes,Yes,Minnow-201_7/2/2019,48.17656333,-123.1279077,12/16/2020 4:26,KSO,12/16/2020 4:26,KSO,f052a3e1-a1ef-4d8b-ac46-fbc629f763a9,-123.1279077,48.17656333
444,Fukui,202,20190702,20190703,No,,13,East Lagoon,No,Yes,Yes,Fukui-202_7/2/2019,48.17653867,-123.1280167,12/16/2020 4:26,KSO,12/16/2020 4:26,KSO,d043efcd-6177-41f9-80e5-29acc4d21713,-123.1280167,48.17653867
445,Minnow,202,20190702,20190703,No,,13,East Lagoon,No,Yes,Yes,Minnow-202_7/2/2019,48.17653667,-123.128126,12/16/2020 4:26,KSO,12/16/2020 4:26,KSO,336efa4f-5448-4571-9692-d0c59fa465d2,-123.128126,48.17653667
446,Fukui,203,20190702,20190703,No,,13,East Lagoon,No,Yes,Yes,Fukui-203_7/2/2019,48.17650167,-123.128225,12/16/2020 4:26,KSO,12/16/2020 4:26,KSO,66ddd40f-1e47-4d06-832a-226f65f819fe,-123.128225,48.17650167
447,Minnow,203,20190702,20190703,No,,13,East Lagoon,No,Yes,Yes,Minnow-203_7/2/2019,48.17645733,-123.12832,12/16/2020 4:26,KSO,12/16/2020 4:26,KSO,4a2e5455-994e-4e52-aaef-a6de75f886dd,-123.12832,48.17645733
488,Minnow,102,20190701,20190703,No,,13,Base Lagoon,No,Yes,Yes,Minnow-102_7/1/2019,48.146455,-123.1836617,12/16/2020 4:26,KSO,12/16/2020 4:26,KSO,74e6b958-42c9-4322-bd40-63a719c7576a,-123.1836617,48.146455
489,Minnow,103,20190701,20190703,No,,13,Base Lagoon,No,Yes,Yes,Minnow-103_7/1/2019,48.14649253,-123.1837979,12/16/2020 4:26,KSO,12/16/2020 4:26,KSO,1ce6dbf1-66fa-4c56-94f9-d93167306925,-123.1837979,48.14649253
490,Fukui,102,20190701,20190703,No,,13,Base Lagoon,No,Yes,Yes,Fukui-102_7/1/2019,48.14648167,-123.1837567,12/16/2020 4:26,KSO,12/16/2020 4:26,KSO,1dcf7bc0-a143-4200-8af6-1329f4f162d4,-123.1837567,48.14648167
491,Fukui,103,20190701,20190703,No,,13,Base Lagoon,No,Yes,Yes,Fukui-103_7/1/2019,48.14650667,-123.1838867,12/16/2020 4:26,KSO,12/16/2020 4:26,KSO,fba93477-3764-46ea-9320-66f27ff05c67,-123.1838867,48.14650667
492,Minnow,101,20190701,20190703,No,,13,Base Lagoon,No,Yes,Yes,Minnow-101_7/1/2019,48.14655573,-123.1834959,12/16/2020 4:26,KSO,12/16/2020 4:26,KSO,1ecedf02-4e39-4fbb-aa61-48cf528720f2,-123.1834959,48.14655572
493,Fukui,101,20190701,20190703,No,,13,Base Lagoon,No,Yes,Yes,Fukui-101_7/1/2019,48.14648283,-123.1835316,12/16/2020 4:26,KSO,12/16/2020 4:26,KSO,3a2044e7-70b2-4c07-8057-ac7c6d8050fb,-123.1835316,48.14648283
689,Fukui,201,20190801,20190802,No,,17,East Lagoon,No,Yes,Yes,Fukui-201_8/1/2019,48.176585,-123.1277673,12/16/2020 4:26,KSO,12/16/2020 4:26,KSO,4c6fcfff-6799-4d5f-a149-54e5ec18c131,-123.1277673,48.176585
690,Minnow,201,20190801,20190802,No,,17,East Lagoon,No,Yes,Yes,Minnow-201_8/1/2019,48.17656333,-123.1279077,12/16/2020 4:26,KSO,12/16/2020 4:26,KSO,c8d42acd-12b8-48b9-bcf1-3c14c2d6b3e2,-123.1279077,48.17656333
691,Fukui,202,20190801,20190802,No,,17,East Lagoon,No,Yes,Yes,Fukui-202_8/1/2019,48.17653867,-123.1280167,12/16/2020 4:26,KSO,12/16/2020 4:26,KSO,3296b0f0-60ab-468c-a064-6baf5aeb280d,-123.1280167,48.17653867
692,Minnow,202,20190801,20190802,No,,17,East Lagoon,No,Yes,Yes,Minnow-202_8/1/2019,48.17653667,-123.128126,12/16/2020 4:26,KSO,12/16/2020 4:26,KSO,7ae55c5f-c6a0-42cd-a88e-40671773ad94,-123.128126,48.17653667
693,Fukui,203,20190801,20190802,No,,17,East Lagoon,No,Yes,Yes,Fukui-203_8/1/2019,48.17650167,-123.128225,12/16/2020 4:26,KSO,12/16/2020 4:26,KSO,f06c43f1-67a8-46fd-8f37-2515db877caf,-123.128225,48.17650167
694,Minnow,203,20190801,20190802,No,,17,East Lagoon,No,Yes,Yes,Minnow-203_8/1/2019,48.17645733,-123.12832,12/16/2020 4:26,KSO,12/16/2020 4:26,KSO,8ea15e0a-10f6-4372-bd04-1784b0a6a354,-123.12832,48.17645733
735,Minnow,102,20190814,20190816,No,,19,Base Lagoon,No,Yes,Yes,Minnow-102_8/14/2019,48.146455,-123.1836617,12/16/2020 4:26,KSO,12/16/2020 4:26,KSO,f00ed7ef-4e5e-41b7-b020-71561d33c00b,-123.1836617,48.146455
736,Minnow,103,20190814,20190816,No,,19,Base Lagoon,No,Yes,Yes,Minnow-103_8/14/2019,48.14649253,-123.1837979,12/16/2020 4:26,KSO,12/16/2020 4:26,KSO,10a8d7d4-f2fe-41ff-908d-74cb976c0370,-123.1837979,48.14649253
737,Fukui,102,20190814,20190816,No,,19,Base Lagoon,No,Yes,Yes,Fukui-102_8/14/2019,48.14648167,-123.1837567,12/16/2020 4:26,KSO,12/16/2020 4:26,KSO,1c80e8eb-3de2-45fa-9d0b-529dd0d99baa,-123.1837567,48.14648167
738,Fukui,103,20190814,20190816,No,,19,Base Lagoon,No,Yes,Yes,Fukui-103_8/14/2019,48.14650667,-123.1838867,12/16/2020 4:26,KSO,12/16/2020 4:26,KSO,db8ffe7d-07e0-4183-b8a1-780de34344b3,-123.1838867,48.14650667
739,Minnow,101,20190814,20190816,No,,19,Base Lagoon,No,Yes,Yes,Minnow-101_8/14/2019,48.14655573,-123.1834959,12/16/2020 4:26,KSO,12/16/2020 4:26,KSO,0f7d4515-5560-4ee0-b394-2d9b8ffce82d,-123.1834959,48.14655572
740,Fukui,101,20190814,20190816,No,,19,Base Lagoon,No,Yes,Yes,Fukui-101_8/14/2019,48.14648283,-123.1835316,12/16/2020 4:26,KSO,12/16/2020 4:26,KSO,289bbba6-2277-41fc-9d65-07da1e65c8ca,-123.1835316,48.14648283
838,Fukui,201,20190911,20190912,No,,23,East Lagoon,No,Yes,Yes,Fukui-201_9/11/2019,48.176585,-123.1277673,12/16/2020 4:26,KSO,12/16/2020 4:26,KSO,b86fba6e-ab66-4195-8988-2e69ffc9c0d9,-123.1277673,48.176585
839,Minnow,201,20190911,20190912,No,,23,East Lagoon,No,Yes,Yes,Minnow-201_9/11/2019,48.17656333,-123.1279077,12/16/2020 4:26,KSO,12/16/2020 4:26,KSO,3ff882db-6a93-4ec2-913d-4ff6e70d82b0,-123.1279077,48.17656333
840,Fukui,202,20190911,20190912,No,,23,East Lagoon,No,Yes,Yes,Fukui-202_9/11/2019,48.17653867,-123.1280167,12/16/2020 4:26,KSO,12/16/2020 4:26,KSO,20d01fb8-b296-416a-9075-899554258d1a,-123.1280167,48.17653867
841,Minnow,202,20190911,20190912,No,,23,East Lagoon,No,Yes,Yes,Minnow-202_9/11/2019,48.17653667,-123.128126,12/16/2020 4:26,KSO,12/16/2020 4:26,KSO,cb0656a3-f1a4-4908-99e9-8d70e2aa6abf,-123.128126,48.17653667
842,Fukui,203,20190911,20190912,No,,23,East Lagoon,No,Yes,Yes,Fukui-203_9/11/2019,48.17650167,-123.128225,12/16/2020 4:26,KSO,12/16/2020 4:26,KSO,a51c88cb-5ae3-48ae-8897-c3d729f3e1cb,-123.128225,48.17650167
843,Minnow,203,20190911,20190912,No,,23,East Lagoon,No,Yes,Yes,Minnow-203_9/11/2019,48.17645733,-123.12832,12/16/2020 4:26,KSO,12/16/2020 4:26,KSO,71f46514-241b-4798-9913-779db80cea41,-123.12832,48.17645733
884,Minnow,102,20190909,20190913,No,,23,Base Lagoon,No,Yes,Yes,Minnow-102_9/9/2019,48.146455,-123.1836617,12/16/2020 4:26,KSO,12/16/2020 4:26,KSO,43030c09-d254-4342-959c-fbd34272ab9f,-123.1836617,48.146455
885,Minnow,103,20190909,20190913,No,,23,Base Lagoon,No,Yes,Yes,Minnow-103_9/9/2019,48.14649253,-123.1837979,12/16/2020 4:26,KSO,12/16/2020 4:26,KSO,48decebc-3a33-4c7b-a74d-cdb3a27aabfd,-123.1837979,48.14649253
886,Fukui,102,20190909,20190913,No,,23,Base Lagoon,No,Yes,Yes,Fukui-102_9/9/2019,48.14648167,-123.1837567,12/16/2020 4:26,KSO,12/16/2020 4:26,KSO,2816c40b-a4f2-4d6b-9302-c9523a618e8e,-123.1837567,48.14648167
887,Fukui,103,20190909,20190913,No,,23,Base Lagoon,No,Yes,Yes,Fukui-103_9/9/2019,48.14650667,-123.1838867,12/16/2020 4:26,KSO,12/16/2020 4:26,KSO,d8ca4471-05c7-4d16-b57b-7fc19d4ba355,-123.1838867,48.14650667
888,Minnow,101,20190909,20190913,No,,23,Base Lagoon,No,Yes,Yes,Minnow-101_9/9/2019,48.14655573,-123.1834959,12/16/2020 4:26,KSO,12/16/2020 4:26,KSO,efdd7c4b-9195-4fc6-899c-4e77efeb3edf,-123.1834959,48.14655572
889,Fukui,101,20190909,20190913,No,,23,Base Lagoon,No,Yes,Yes,Fukui-101_9/9/2019,48.14648283,-123.1835316,12/16/2020 4:26,KSO,12/16/2020 4:26,KSO,f2420038-a3a4-4a03-99c3-bf7e4ffb42b0,-123.1835316,48.14648283
100,Fukui,103,20190506,20190510,No, Got 2 EGC on 5/7,5,Base Lagoon,Yes,Yes,Yes,Fukui-103_5/6/2019,48.14650667,-123.1838867,12/16/2020 4:26,KSO,12/16/2020 4:26,KSO,5f359c5e-3da7-4fc8-91b0-5aa22a97b59a,-123.1838867,48.14650667
293,Fukui,101,20190603,20190607,No,EGC captured on 6/5 (not during MMP),9,Base Lagoon,Yes,Yes,Yes,Fukui-101_6/3/2019,48.14648283,-123.1835316,12/16/2020 4:26,KSO,12/16/2020 4:26,KSO,bb085416-b9af-46bd-a626-01ba93cafd68,-123.1835316,48.14648283
