"site_name","year","trap_type","data_sources","catch","effort","cpue","latitude","longitude"
"3 Crabs Road",2024,"Fukui","WDFW",0,24,0,48.1516914791667,-123.123517847222
"3 Crabs Road",2024,"Minnow","WDFW",0,24,0,48.1516914791667,-123.123517847222
"3 Crabs Road",2024,"Shrimp","WDFW",0,3,0,48.1516914791667,-123.123517847222
"401 - L&C Tree Farms",2021,"Minnow","WDFW",0,1,0,46.26189,-123.84285
"Aberdeen",2021,"Fukui","WSG",23,4,5.75,46.96685,-123.81329
"Aberdeen",2022,"Fukui","WSG",10,4,2.5,46.96685,-123.81329
"Aberdeen",2023,"Fukui","WSG",13,4,3.25,46.96685,-123.81329
"Aberdeen Historic Port",2022,"Fukui","WDFW",32,20,1.6,46.9743052731667,-123.797987746667
"Aberdeen Historic Port",2022,"Minnow","WDFW",4,20,0.2,46.9743052731667,-123.797987746667
"Aberdeen Historic Port",2022,"Shrimp","WDFW",248,40,6.2,46.9743052731667,-123.797987746667
"Alder Creek",2021,"Fukui","WDFW",3,16,0.1875,46.9713415625,-123.80455540625
"Alder Creek",2021,"Minnow","WDFW",10,16,0.625,46.9713415625,-123.80455540625
"Alder St",2020,"Fukui","WDFW",80,18,4.44444444444444,46.7075528277778,-123.992911938889
"Alder St",2020,"Minnow","WDFW",59,20,2.95,46.7075528277778,-123.992911938889
"Alice Bay Sentinel Site",2019,"Fukui","WSG, Padilla",0,16,0,48.5567286470588,-122.486595617647
"Alice Bay Sentinel Site",2019,"Minnow","Padilla",0,12,0,48.5567286470588,-122.486595617647
"Alice Bay Sentinel Site",2020,"Fukui","WSG, Padilla",0,16,0,48.5567286470588,-122.486595617647
"Alice Bay Sentinel Site",2020,"Minnow","Padilla",0,12,0,48.5567286470588,-122.486595617647
"Alice Bay Sentinel Site",2021,"Fukui","WSG, Padilla",0,16,0,48.5567286470588,-122.486595617647
"Alice Bay Sentinel Site",2021,"Minnow","Padilla",0,12,0,48.5567286470588,-122.486595617647
"Alice Bay Sentinel Site",2022,"Fukui","WSG, Padilla",0,16,0,48.5567286470588,-122.486595617647
"Alice Bay Sentinel Site",2022,"Minnow","Padilla",0,12,0,48.5567286470588,-122.486595617647
"Alice Bay Sentinel Site",2023,"Fukui","WSG, Padilla",0,16,0,48.5567286470588,-122.486595617647
"Alice Bay Sentinel Site",2023,"Minnow","Padilla",0,12,0,48.5567286470588,-122.486595617647
"Alice Bay Sentinel Site",2024,"Fukui","Padilla",0,12,0,48.5567286470588,-122.486595617647
"Alice Bay Sentinel Site",2024,"Minnow","Padilla",0,12,0,48.5567286470588,-122.486595617647
"Anderson Island",2017,"Fukui","WSG",0,4,0,47.1458712,-122.7319221
"Anderson Island",2018,"Fukui","WSG",0,4,0,47.1458712,-122.7319221
"Anderson Island",2019,"Fukui","WSG",0,4,0,47.1458712,-122.7319221
"Anderson Island",2020,"Fukui","WSG",0,4,0,47.1458712,-122.7319221
"Anderson Island",2021,"Fukui","WSG",0,4,0,47.1458712,-122.7319221
"Anderson Island",2022,"Fukui","WSG",0,4,0,47.1458712,-122.7319221
"Anderson Island",2023,"Fukui","WSG",0,4,0,47.1458712,-122.7319221
"Argyle Lagoon",2023,"Fukui","WDFW",0,12,0,48.5201000933333,-123.012653902778
"Argyle Lagoon",2023,"Minnow","WDFW",0,12,0,48.5201000933333,-123.012653902778
"Argyle Lagoon",2023,"Shrimp","WDFW",0,3,0,48.5201000933333,-123.012653902778
"Baker Bay - North",2021,"Fukui","WDFW",0,5,0,46.312729,-124.01022959
"Baker Bay - North",2021,"Minnow","WDFW",0,5,0,46.312729,-124.01022959
"Baldwin Slough",2021,"Fukui","WDFW",3,20,0.15,46.44786565,-123.95381655
"Baldwin Slough",2021,"Minnow","WDFW",1,20,0.05,46.44786565,-123.95381655
"Bay Center",2021,"Fukui","WSG",10,4,2.5,46.63249,-123.92324
"Bay View State Park",2019,"Fukui","Padilla",0,3,0,48.487391,-122.484662
"Bay View State Park",2019,"Minnow","Padilla",0,3,0,48.487391,-122.484662
"Bay View State Park",2021,"Fukui","Padilla",0,3,0,48.487391,-122.484662
"Bay View State Park",2021,"Minnow","Padilla",0,3,0,48.487391,-122.484662
"Bayshore",2024,"Fukui","WDFW",0,13,0,47.2436390892308,-123.042402738462
"Bayshore",2024,"Minnow","WDFW",0,13,0,47.2436390892308,-123.042402738462
"Baywater",2023,"Shrimp","WDFW",0,21,0,47.8091745357778,-122.736487063333
"Baywater",2024,"Shrimp","WDFW",0,10,0,47.8091745357778,-122.736487063333
"Beardslee Slough",2022,"Fukui","WDFW",25,30,0.833333333333333,46.8671611788889,-124.036501492222
"Beardslee Slough",2022,"Minnow","WDFW",7,30,0.233333333333333,46.8671611788889,-124.036501492222
"Beardslee Slough",2022,"Shrimp","WDFW",3,2,1.5,46.8671611788889,-124.036501492222
"Belfair State Park",2023,"Fukui","WDFW",0,15,0,47.4276686473333,-122.879680585556
"Belfair State Park",2023,"Minnow","WDFW",0,15,0,47.4276686473333,-122.879680585556
"Belfair State Park",2023,"Shrimp","WDFW",0,2,0,47.4276686473333,-122.879680585556
"Best Lagoon",2016,"Fukui","WSG",0,4,0,47.6469551,-122.6830086
"Best Lagoon",2017,"Fukui","WSG",0,4,0,47.6469551,-122.6830086
"Best Lagoon",2018,"Fukui","WSG",0,4,0,47.6469551,-122.6830086
"Best Lagoon",2019,"Fukui","WSG",0,4,0,47.6469551,-122.6830086
"Best Lagoon",2020,"Fukui","WSG",0,4,0,47.6469551,-122.6830086
"Best Lagoon",2021,"Fukui","WSG",0,4,0,47.6469551,-122.6830086
"Best Lagoon",2022,"Fukui","WSG",0,4,0,47.6469551,-122.6830086
"Best Lagoon",2023,"Fukui","WSG",0,4,0,47.6469551,-122.6830086
"Big Beef Harbor",2023,"Fukui","WDFW",6,52,0.115384615384615,47.6555652307469,-122.782666596816
"Big Beef Harbor",2023,"Minnow","WDFW",12,46,0.260869565217391,47.6555652307469,-122.782666596816
"Big Beef Harbor",2023,"Shrimp","WDFW",25,8,3.125,47.6555652307469,-122.782666596816
"Big Beef Harbor",2024,"Fukui","WDFW",0,35,0,47.6555652307469,-122.782666596816
"Big Beef Harbor",2024,"Minnow","WDFW",0,37,0,47.6555652307469,-122.782666596816
"Big Beef Harbor",2024,"Shrimp","WDFW",3,24,0.125,47.6555652307469,-122.782666596816
"Big Indian Slough",2017,"Fukui","WSG",0,4,0,48.4552107608696,-122.473711282609
"Big Indian Slough",2018,"Fukui","WSG, Padilla",0,52,0,48.4552107608696,-122.473711282609
"Big Indian Slough",2018,"Minnow","Padilla",0,70,0,48.4552107608696,-122.473711282609
"Big Indian Slough",2019,"Fukui","WSG, Padilla",0,19,0,48.4552107608696,-122.473711282609
"Big Indian Slough",2019,"Minnow","Padilla",0,15,0,48.4552107608696,-122.473711282609
"Big Indian Slough",2020,"Fukui","WSG, Padilla",0,42,0,48.4552107608696,-122.473711282609
"Big Indian Slough",2020,"Minnow","Padilla",0,41,0,48.4552107608696,-122.473711282609
"Big Indian Slough",2021,"Fukui","WSG, Padilla",0,38,0,48.4552107608696,-122.473711282609
"Big Indian Slough",2021,"Minnow","Padilla",0,55,0,48.4552107608696,-122.473711282609
"Big Indian Slough",2022,"Fukui","WSG, Padilla",0,30,0,48.4552107608696,-122.473711282609
"Big Indian Slough",2022,"Minnow","Padilla",0,26,0,48.4552107608696,-122.473711282609
"Big Indian Slough",2022,"Shrimp","Padilla",0,7,0,48.4552107608696,-122.473711282609
"Big Indian Slough",2023,"Fukui","WSG, Padilla",0,16,0,48.4552107608696,-122.473711282609
"Big Indian Slough",2023,"Minnow","Padilla",0,12,0,48.4552107608696,-122.473711282609
"Big Indian Slough",2024,"Fukui","Padilla",0,32,0,48.4552107608696,-122.473711282609
"Big Indian Slough",2024,"Minnow","Padilla",1,52,0.0192307692307692,48.4552107608696,-122.473711282609
"Big Indian Slough",2024,"Shrimp","Padilla",0,4,0,48.4552107608696,-122.473711282609
"Big Indian Slough Mouth",2019,"Fukui","Padilla",0,3,0,48.468352,-122.47419
"Big Indian Slough Mouth",2019,"Minnow","Padilla",0,3,0,48.468352,-122.47419
"Big Indian Slough Mouth",2021,"Fukui","Padilla",3,91,0.032967032967033,48.468352,-122.47419
"Big Indian Slough Mouth",2021,"Minnow","Padilla",1,168,0.00595238095238095,48.468352,-122.47419
"Big Indian Slough Mouth",2022,"Fukui","Padilla",0,17,0,48.468352,-122.47419
"Big Indian Slough Mouth",2022,"Minnow","Padilla",0,17,0,48.468352,-122.47419
"Big Indian Slough Mouth",2022,"Shrimp","Padilla",0,6,0,48.468352,-122.47419
"Big Indian Slough Mouth",2023,"Fukui","Padilla",1,86,0.0116279069767442,48.468352,-122.47419
"Big Indian Slough Mouth",2023,"Minnow","Padilla",0,85,0,48.468352,-122.47419
"Big Indian Slough Mouth",2023,"Shrimp","Padilla",0,23,0,48.468352,-122.47419
"Big Indian Slough Mouth",2024,"Fukui","Padilla",1,94,0.0106382978723404,48.468352,-122.47419
"Big Indian Slough Mouth",2024,"Minnow","Padilla",1,164,0.00609756097560976,48.468352,-122.47419
"Big Indian Slough Mouth",2024,"Shrimp","Padilla",3,40,0.075,48.468352,-122.47419
"Big Slough",2022,"Shrimp","WDFW",17,4,4.25,46.8537775,-124.054845
"Billy Frank Jr. Nisqually NWR",2021,"Fukui","WDFW",0,60,0,47.0825185916667,-122.694357475
"Billy Frank Jr. Nisqually NWR",2021,"Minnow","WDFW",0,80,0,47.0825185916667,-122.694357475
"Birch Point",2021,"Fukui","WDFW",0,20,0,48.94037715,-122.8214232
"Birch Point",2021,"Minnow","WDFW",0,20,0,48.94037715,-122.8214232
"Bishops Point",2018,"Fukui","WDFW",0,6,0,48.045385022609,-122.714150642276
"Bishops Point",2018,"Minnow","WDFW",0,6,0,48.045385022609,-122.714150642276
"Bishops Point",2023,"Fukui","WDFW",0,13,0,48.045385022609,-122.714150642276
"Bishops Point",2023,"Minnow","WDFW",0,13,0,48.045385022609,-122.714150642276
"Bishops Point",2023,"Shrimp","WDFW",1,5,0.2,48.045385022609,-122.714150642276
"Bishops Point",2024,"Fukui","WDFW",0,10,0,48.045385022609,-122.714150642276
"Bishops Point",2024,"Minnow","WDFW",0,10,0,48.045385022609,-122.714150642276
"Bishops Point",2024,"Shrimp","WDFW",0,2,0,48.045385022609,-122.714150642276
"Blakely Harbor",2016,"Fukui","WSG",0,4,0,47.5959604669583,-122.51674251875
"Blakely Harbor",2017,"Fukui","WSG",0,4,0,47.5959604669583,-122.51674251875
"Blakely Harbor",2018,"Fukui","WSG",0,4,0,47.5959604669583,-122.51674251875
"Blakely Harbor",2019,"Fukui","WSG",0,4,0,47.5959604669583,-122.51674251875
"Blakely Harbor",2020,"Fukui","WSG",0,4,0,47.5959604669583,-122.51674251875
"Blakely Harbor",2021,"Fukui","WSG",0,4,0,47.5959604669583,-122.51674251875
"Blakely Harbor",2022,"Fukui","WSG",0,4,0,47.5959604669583,-122.51674251875
"Blakely Harbor",2023,"Fukui","WSG",0,4,0,47.5959604669583,-122.51674251875
"Blakely Harbor",2024,"Fukui","WDFW",0,20,0,47.5959604669583,-122.51674251875
"Blakely Harbor",2024,"Minnow","WDFW",0,20,0,47.5959604669583,-122.51674251875
"Blakely Harbor",2024,"Shrimp","WDFW",0,3,0,47.5959604669583,-122.51674251875
"Blue Slough",2021,"Fukui","WDFW",0,20,0,46.9408283,-123.71992935
"Blue Slough",2021,"Minnow","WDFW",0,20,0,46.9408283,-123.71992935
"Boat Haven",2023,"Shrimp","WDFW",0,10,0,48.12478238,-123.45023373
"Boat Haven Marina",2023,"Shrimp","WDFW",0,13,0,48.1063857216667,-122.775375589286
"Bone River",2020,"Fukui","WDFW",17,24,0.708333333333333,46.6521352900641,-123.920759288462
"Bone River",2020,"Minnow","WDFW",61,26,2.34615384615385,46.6521352900641,-123.920759288462
"Brady's Oyster",2021,"Fukui","WSG",25,4,6.25,46.86228,-124.0729
"Brady's Oyster",2022,"Fukui","WSG",28,4,7,46.86228,-124.0729
"Brady's Oyster",2023,"Fukui","WSG",26,4,6.5,46.86228,-124.0729
"Brady's Oysters",2020,"Fukui","WDFW",13,30,0.433333333333333,46.86211445,-124.074064133333
"Brady's Oysters",2020,"Minnow","WDFW",20,30,0.666666666666667,46.86211445,-124.074064133333
"Bremerton Yacht Club",2017,"Fukui","WSG",0,4,0,47.58671427625,-122.665893709375
"Bremerton Yacht Club",2018,"Fukui","WSG",0,4,0,47.58671427625,-122.665893709375
"Bremerton Yacht Club",2019,"Fukui","WSG",0,4,0,47.58671427625,-122.665893709375
"Bremerton Yacht Club",2020,"Fukui","WSG",0,4,0,47.58671427625,-122.665893709375
"Bremerton Yacht Club",2021,"Fukui","WSG",0,4,0,47.58671427625,-122.665893709375
"Bremerton Yacht Club",2022,"Fukui","WSG",0,4,0,47.58671427625,-122.665893709375
"Bremerton Yacht Club",2023,"Fukui","WSG",0,6,0,47.58671427625,-122.665893709375
"Bremerton Yacht Club",2024,"Shrimp","WDFW",0,4,0,47.58671427625,-122.665893709375
"Bremerton Yacht Club Lagoon",2024,"Fukui","WDFW",0,5,0,47.58665606775,-122.6663993875
"Bremerton Yacht Club Lagoon",2024,"Minnow","WDFW",0,4,0,47.58665606775,-122.6663993875
"Butterball Cove",2015,"Fukui","WSG",0,2,0,47.1181638,-122.7619788
"Butterball Cove",2016,"Fukui","WSG",0,4,0,47.1181638,-122.7619788
"Butterball Cove",2017,"Fukui","WSG",0,4,0,47.1181638,-122.7619788
"Butterball Cove",2018,"Fukui","WSG",0,4,0,47.1181638,-122.7619788
"Butterball Cove",2019,"Fukui","WSG",0,4,0,47.1181638,-122.7619788
"Butterball Cove",2020,"Fukui","WSG",0,4,0,47.1181638,-122.7619788
"Butterball Cove",2021,"Fukui","WSG",0,4,0,47.1181638,-122.7619788
"Butterball Cove",2022,"Fukui","WSG",0,4,0,47.1181638,-122.7619788
"Butterball Cove",2023,"Fukui","WSG",0,4,0,47.1181638,-122.7619788
"Cain Creek",2019,"Fukui","WDFW",1,16,0.0625,48.9972975,-122.75485
"Cain Creek",2019,"Minnow","WDFW",0,16,0,48.9972975,-122.75485
"Campbell Slough",2020,"Fukui","WDFW",26,18,1.44444444444444,47.0419806472222,-124.065336419444
"Campbell Slough",2020,"Minnow","WDFW",23,20,1.15,47.0419806472222,-124.065336419444
"Cape Disappointment - Boat Launch",2021,"Fukui","WDFW",0,5,0,46.2849258186053,-124.052274475395
"Cape Disappointment - Boat Launch",2021,"Minnow","WDFW",0,5,0,46.2849258186053,-124.052274475395
"Cape Disappointment - Boat Launch",2022,"Fukui","WDFW",2,19,0.105263157894737,46.2849258186053,-124.052274475395
"Cape Disappointment - Boat Launch",2022,"Minnow","WDFW",1,19,0.0526315789473684,46.2849258186053,-124.052274475395
"Cape Disappointment - Boat Launch",2022,"Shrimp","WDFW",0,2,0,46.2849258186053,-124.052274475395
"Cape Disappointment - Boat Launch",2023,"Fukui","WDFW",0,20,0,46.2849258186053,-124.052274475395
"Cape Disappointment - Boat Launch",2023,"Minnow","WDFW",2,20,0.1,46.2849258186053,-124.052274475395
"Cape Disappointment - Boat Launch",2023,"Shrimp","WDFW",0,20,0,46.2849258186053,-124.052274475395
"Carpenter Creek",2016,"Fukui","WSG",0,3,0,47.7943452,-122.5066661
"Carpenter Creek",2017,"Fukui","WSG",0,3,0,47.7943452,-122.5066661
"Carpenter Creek",2018,"Fukui","WSG",0,4,0,47.7943452,-122.5066661
"Carpenter Creek",2019,"Fukui","WSG",0,3,0,47.7943452,-122.5066661
"Carpenter Creek",2020,"Fukui","WSG",0,3,0,47.7943452,-122.5066661
"Carpenter Creek",2021,"Fukui","WSG",0,3,0,47.7943452,-122.5066661
"Carpenter Creek",2022,"Fukui","WSG",0,3,0,47.7943452,-122.5066661
"Carpenter Creek",2023,"Fukui","WSG",0,3,0,47.7943452,-122.5066661
"Cedar River",2021,"Fukui","WDFW",1,12,0.0833333333333333,46.7395000555556,-123.975004861111
"Cedar River",2021,"Minnow","WDFW",5,14,0.357142857142857,46.7395000555556,-123.975004861111
"Chapman Cove",2024,"Fukui","WDFW",0,20,0,47.2263919726667,-123.041502676667
"Chapman Cove",2024,"Minnow","WDFW",0,20,0,47.2263919726667,-123.041502676667
"Chapman Cove",2024,"Shrimp","WDFW",0,4,0,47.2263919726667,-123.041502676667
"Chehalis River",2022,"Shrimp","WDFW",246,39,6.30769230769231,46.9612773438462,-123.771251761538
"Chicken Coop Creek",2019,"Fukui","WDFW",0,20,0,48.0266996781046,-122.997892514869
"Chicken Coop Creek",2019,"Minnow","WDFW",0,36,0,48.0266996781046,-122.997892514869
"Chicken Coop Creek",2021,"Fukui","WDFW",0,17,0,48.0266996781046,-122.997892514869
"Chicken Coop Creek",2021,"Minnow","WDFW",0,24,0,48.0266996781046,-122.997892514869
"Chicken Coop Creek",2021,"Shrimp","WDFW",1,3,0.333333333333333,48.0266996781046,-122.997892514869
"Chico Creek",2023,"Fukui","WDFW",0,30,0,47.604829907968,-122.698955184687
"Chico Creek",2023,"Minnow","WDFW",0,35,0,47.604829907968,-122.698955184687
"Chico Creek",2023,"Shrimp","WDFW",0,10,0,47.604829907968,-122.698955184687
"Chico Creek",2024,"Fukui","WDFW",0,19,0,47.604829907968,-122.698955184687
"Chico Creek",2024,"Minnow","WDFW",0,19,0,47.604829907968,-122.698955184687
"Chico Creek",2024,"Shrimp","WDFW",0,4,0,47.604829907968,-122.698955184687
"Chimacum Creek",2018,"Fukui","WDFW",0,5,0,48.0489435833333,-122.7716705
"Chimacum Creek",2018,"Minnow","WDFW",0,5,0,48.0489435833333,-122.7716705
"Chimacum Creek",2020,"Fukui","WDFW",0,2,0,48.0489435833333,-122.7716705
"Chimacum Creek",2020,"Minnow","WDFW",0,3,0,48.0489435833333,-122.7716705
"Chinook River",2021,"Fukui","WDFW",0,8,0,46.3067905625,-123.9580898125
"Chinook River",2021,"Minnow","WDFW",0,8,0,46.3067905625,-123.9580898125
"Chuckanut Bay",2017,"Fukui","WSG",0,4,0,48.6988647996798,-122.501562974389
"Chuckanut Bay",2018,"Fukui","WSG",0,4,0,48.6988647996798,-122.501562974389
"Chuckanut Bay",2019,"Fukui","WDFW, WSG",3,112,0.0267857142857143,48.6988647996798,-122.501562974389
"Chuckanut Bay",2019,"Minnow","WDFW",0,114,0,48.6988647996798,-122.501562974389
"Chuckanut Bay",2020,"Fukui","WDFW, WSG",0,34,0,48.6988647996798,-122.501562974389
"Chuckanut Bay",2020,"Minnow","WDFW",0,30,0,48.6988647996798,-122.501562974389
"Chuckanut Bay",2021,"Fukui","WDFW, WSG",0,44,0,48.6988647996798,-122.501562974389
"Chuckanut Bay",2021,"Minnow","WDFW",0,40,0,48.6988647996798,-122.501562974389
"Chuckanut Bay",2022,"Fukui","WDFW, WSG",2,69,0.0289855072463768,48.6988647996798,-122.501562974389
"Chuckanut Bay",2022,"Minnow","WDFW",0,65,0,48.6988647996798,-122.501562974389
"Chuckanut Bay",2022,"Shrimp","WDFW",0,5,0,48.6988647996798,-122.501562974389
"Chuckanut Bay",2023,"Fukui","WDFW, WSG",3,94,0.0319148936170213,48.6988647996798,-122.501562974389
"Chuckanut Bay",2023,"Hand","WDFW",1,1,1,48.6988647996798,-122.501562974389
"Chuckanut Bay",2023,"Minnow","WDFW",3,90,0.0333333333333333,48.6988647996798,-122.501562974389
"Chuckanut Bay",2023,"Shrimp","WDFW",16,6,2.66666666666667,48.6988647996798,-122.501562974389
"Clallam River",2024,"Fukui","WDFW",0,14,0,48.2542103660714,-124.265282028571
"Clallam River",2024,"Minnow","WDFW",0,14,0,48.2542103660714,-124.265282028571
"Clark's Point Lagoon",2022,"Fukui","WDFW",0,4,0,48.6904815833333,-122.504428
"Clark's Point Lagoon",2022,"Minnow","WDFW",0,6,0,48.6904815833333,-122.504428
"Clark's Point Lagoon",2022,"Shrimp","WDFW",0,1,0,48.6904815833333,-122.504428
"Clarks Point",2019,"Fukui","WDFW",0,3,0,48.6997833333333,-122.513858333333
"Clarks Point",2019,"Minnow","WDFW",0,3,0,48.6997833333333,-122.513858333333
"Clearwater Creek",2023,"Fukui","WDFW",6,16,0.375,46.4490609083854,-123.907092161458
"Clearwater Creek",2023,"Hand","WDFW",1,1,1,46.4490609083854,-123.907092161458
"Clearwater Creek",2023,"Minnow","WDFW",4,16,0.25,46.4490609083854,-123.907092161458
"Clearwater Creek",2023,"Shrimp","WDFW",29,18,1.61111111111111,46.4490609083854,-123.907092161458
"Colony Creek",2020,"Fukui","WDFW",0,18,0,48.5992255667361,-122.423321222604
"Colony Creek",2020,"Minnow","WDFW",0,16,0,48.5992255667361,-122.423321222604
"Colony Creek",2021,"Fukui","WDFW",2,25,0.08,48.5992255667361,-122.423321222604
"Colony Creek",2021,"Minnow","WDFW",4,32,0.125,48.5992255667361,-122.423321222604
"Conference Center Lagoon",2024,"Fukui","WDFW",0,4,0,47.6402526231482,-122.829291127593
"Conference Center Lagoon",2024,"Minnow","WDFW",0,5,0,47.6402526231482,-122.829291127593
"Conference Center Lagoon",2024,"Shrimp","WDFW",8,9,0.888888888888889,47.6402526231482,-122.829291127593
"Copalis",2022,"Fukui","WDFW",12,63,0.19047619047619,47.116369409768,-124.175459096459
"Copalis",2022,"Minnow","WDFW",22,65,0.338461538461538,47.116369409768,-124.175459096459
"Copalis River",2021,"Fukui","WDFW",1,14,0.0714285714285714,47.1154091857143,-124.174557116667
"Copalis River",2021,"Minnow","WDFW",0,15,0,47.1154091857143,-124.174557116667
"Crandall Spit",2016,"Fukui","WSG",0,2,0,48.4930814,-122.5780734
"Crandall Spit",2017,"Fukui","WSG",0,4,0,48.4930814,-122.5780734
"Crandall Spit",2018,"Fukui","WSG",0,4,0,48.4930814,-122.5780734
"Crandall Spit",2019,"Fukui","WSG",0,4,0,48.4930814,-122.5780734
"Crandall Spit",2020,"Fukui","WSG",0,3,0,48.4930814,-122.5780734
"Crandall Spit",2021,"Fukui","WSG",0,4,0,48.4930814,-122.5780734
"Crandall Spit",2022,"Fukui","WSG",0,4,0,48.4930814,-122.5780734
"Crandall Spit",2023,"Fukui","WSG",0,4,0,48.4930814,-122.5780734
"Crockett Lake",2017,"Fukui","WSG",0,3,0,48.162159,-122.670856
"Cultus Bay",2023,"Fukui","WDFW",0,33,0,47.9228461737451,-122.389578715824
"Cultus Bay",2023,"Minnow","WDFW",0,31,0,47.9228461737451,-122.389578715824
"Cultus Bay",2023,"Shrimp","WDFW",0,5,0,47.9228461737451,-122.389578715824
"Cultus Bay ",2023,"Shrimp","WDFW",0,3,0,47.9175376533333,-122.392037266667
"Cutthroat Creek (Willapa NWR)",2021,"Fukui","WSG",2,4,0.5,46.41425,-123.93459
"Cutthroat Creek (Willapa NWR)",2022,"Fukui","WSG",2,4,0.5,46.41425,-123.93459
"Cutthroat Creek (Willapa NWR)",2023,"Fukui","WSG",0,4,0,46.41425,-123.93459
"Cypress Island",2017,"Fukui","WSG",0,3,0,48.5512078,-122.6964201
"Cypress Island",2018,"Fukui","WSG",0,1,0,48.5512078,-122.6964201
"Cypress Island",2019,"Fukui","WSG",0,2,0,48.5512078,-122.6964201
"Cypress Island",2020,"Fukui","WSG",0,2,0,48.5512078,-122.6964201
"Cypress Island",2021,"Fukui","WSG",0,4,0,48.5512078,-122.6964201
"Cypress Island",2022,"Fukui","WSG",0,4,0,48.5512078,-122.6964201
"Cypress Island",2023,"Fukui","WSG",0,4,0,48.5512078,-122.6964201
"Dabob Bay NAP",2023,"Fukui","WDFW",0,41,0,47.8527311333323,-122.812548413293
"Dabob Bay NAP",2023,"Minnow","WDFW",0,40,0,47.8527311333323,-122.812548413293
"Davis Slough",2017,"Fukui","WSG",0,4,0,48.2401754,-122.3949708
"Davis Slough",2018,"Fukui","WSG",0,4,0,48.2401754,-122.3949708
"Davis Slough",2019,"Fukui","WSG",0,4,0,48.2401754,-122.3949708
"Davis Slough",2020,"Fukui","WSG",0,4,0,48.2401754,-122.3949708
"Davis Slough",2021,"Fukui","WSG",0,4,0,48.2401754,-122.3949708
"Davis Slough",2022,"Fukui","WSG",0,4,0,48.2401754,-122.3949708
"Davis Slough",2023,"Fukui","WSG",0,4,0,48.2401754,-122.3949708
"Davison Head",2018,"Fukui","WDFW",0,3,0,48.6217782561429,-123.14950173381
"Davison Head",2018,"Minnow","WDFW",0,3,0,48.6217782561429,-123.14950173381
"Davison Head",2019,"Fukui","WDFW",0,6,0,48.6217782561429,-123.14950173381
"Davison Head",2019,"Minnow","WDFW",0,6,0,48.6217782561429,-123.14950173381
"Davison Head",2023,"Fukui","WDFW",0,5,0,48.6217782561429,-123.14950173381
"Davison Head",2023,"Minnow","WDFW",0,6,0,48.6217782561429,-123.14950173381
"Davison Head",2023,"Shrimp","WDFW",0,2,0,48.6217782561429,-123.14950173381
"Deer Lagoon",2015,"Fukui","WSG",0,2,0,47.9945080596534,-122.489768788654
"Deer Lagoon",2016,"Fukui","WSG",0,4,0,47.9945080596534,-122.489768788654
"Deer Lagoon",2017,"Fukui","WSG",0,4,0,47.9945080596534,-122.489768788654
"Deer Lagoon",2018,"Fukui","WSG",0,4,0,47.9945080596534,-122.489768788654
"Deer Lagoon",2019,"Fukui","WSG",0,4,0,47.9945080596534,-122.489768788654
"Deer Lagoon",2020,"Fukui","WSG",0,4,0,47.9945080596534,-122.489768788654
"Deer Lagoon",2021,"Fukui","WSG",0,4,0,47.9945080596534,-122.489768788654
"Deer Lagoon",2022,"Fukui","WSG",0,4,0,47.9945080596534,-122.489768788654
"Deer Lagoon",2023,"Fukui","WDFW, WSG",0,45,0,47.9945080596534,-122.489768788654
"Deer Lagoon",2023,"Minnow","WDFW",0,37,0,47.9945080596534,-122.489768788654
"Deer Lagoon",2023,"Shrimp","WDFW",0,7,0,47.9945080596534,-122.489768788654
"Delta",2021,"Fukui","WDFW",0,22,0,48.9228052045455,-122.747150222727
"Delta",2021,"Minnow","WDFW",0,22,0,48.9228052045455,-122.747150222727
"Dewatto",2024,"Fukui","WDFW",0,13,0,47.451468231282,-123.053742211538
"Dewatto",2024,"Minnow","WDFW",0,13,0,47.451468231282,-123.053742211538
"Dewatto",2024,"Shrimp","WDFW",0,2,0,47.451468231282,-123.053742211538
"Diamond Point",2021,"Fukui","WDFW",2,21,0.0952380952380952,46.5052221595238,-123.981906458333
"Diamond Point",2021,"Minnow","WDFW",1,20,0.05,46.5052221595238,-123.981906458333
"Dike Island",2020,"Fukui","Padilla",0,13,0,48.466958,-122.480728
"Dike Island",2020,"Minnow","Padilla",0,13,0,48.466958,-122.480728
"Dike Island",2021,"Fukui","Padilla",0,20,0,48.466958,-122.480728
"Dike Island",2021,"Minnow","Padilla",0,69,0,48.466958,-122.480728
"Dike Island",2023,"Fukui","Padilla",0,52,0,48.466958,-122.480728
"Dike Island",2023,"Minnow","Padilla",1,52,0.0192307692307692,48.466958,-122.480728
"Dike Island",2024,"Fukui","Padilla",0,48,0,48.466958,-122.480728
"Dike Island",2024,"Minnow","Padilla",0,90,0,48.466958,-122.480728
"Discovery Bay",2016,"Fukui","WSG",0,4,0,47.9977512,-122.8825095
"Discovery Bay",2017,"Fukui","WSG",0,4,0,47.9977512,-122.8825095
"Discovery Bay",2018,"Fukui","WSG",0,4,0,47.9977512,-122.8825095
"Discovery Bay",2019,"Fukui","WSG",0,4,0,47.9977512,-122.8825095
"Discovery Bay",2020,"Fukui","WSG",0,4,0,47.9977512,-122.8825095
"Discovery Bay",2021,"Fukui","WSG",0,4,0,47.9977512,-122.8825095
"Discovery Bay",2022,"Fukui","WSG",0,4,0,47.9977512,-122.8825095
"Discovery Bay",2023,"Fukui","WSG",0,3,0,47.9977512,-122.8825095
"Discovery Bay - South",2018,"Fukui","WDFW",0,9,0,47.9927108232323,-122.884251572222
"Discovery Bay - South",2018,"Minnow","WDFW",0,9,0,47.9927108232323,-122.884251572222
"Discovery Bay - South",2019,"Fukui","WDFW",0,55,0,47.9927108232323,-122.884251572222
"Discovery Bay - South",2019,"Minnow","WDFW",0,55,0,47.9927108232323,-122.884251572222
"Discovery Bay - South",2020,"Fukui","WDFW",0,18,0,47.9927108232323,-122.884251572222
"Discovery Bay - South",2020,"Minnow","WDFW",0,20,0,47.9927108232323,-122.884251572222
"Doe Kag Wats",2016,"Fukui","WSG",0,4,0,47.7453912,-122.4946491
"Doe Kag Wats",2017,"Fukui","WSG",0,4,0,47.7453912,-122.4946491
"Doe Kag Wats",2018,"Fukui","WSG",0,4,0,47.7453912,-122.4946491
"Doe Kag Wats",2019,"Fukui","WSG",0,4,0,47.7453912,-122.4946491
"Doe Kag Wats",2020,"Fukui","WSG",0,4,0,47.7453912,-122.4946491
"Doe Kag Wats",2021,"Fukui","WSG",0,4,0,47.7453912,-122.4946491
"Doe Kag Wats",2022,"Fukui","WSG",0,4,0,47.7453912,-122.4946491
"Doe Kag Wats",2023,"Fukui","WSG",0,4,0,47.7453912,-122.4946491
"Dohman Creek (Willapa NWR)",2022,"Fukui","WSG",0,4,0,46.37158,-124.00029
"Dohman Creek (Willapa NWR)",2023,"Fukui","WSG",0,4,0,46.37158,-124.00029
"Dosewallips",2018,"Fukui","WDFW",0,9,0,47.6891224432667,-122.894097574613
"Dosewallips",2018,"Minnow","WDFW",0,9,0,47.6891224432667,-122.894097574613
"Dosewallips",2022,"Fukui","WDFW",0,30,0,47.6891224432667,-122.894097574613
"Dosewallips",2022,"Minnow","WDFW",0,30,0,47.6891224432667,-122.894097574613
"Dosewallips",2023,"Fukui","WDFW",0,25,0,47.6891224432667,-122.894097574613
"Dosewallips",2023,"Minnow","WDFW",0,26,0,47.6891224432667,-122.894097574613
"Double Cove",2017,"Fukui","WSG",0,4,0,48.5924385,-122.9283147
"Double Cove",2018,"Fukui","WSG",0,4,0,48.5924385,-122.9283147
"Double Cove",2019,"Fukui","WSG",0,4,0,48.5924385,-122.9283147
"Double Cove",2022,"Fukui","WSG",0,3,0,48.5924385,-122.9283147
"Double Cove",2023,"Fukui","WSG",0,3,0,48.5924385,-122.9283147
"Drayton Harbor",2017,"Fukui","WSG",0,3,0,48.9735101368421,-122.749121763158
"Drayton Harbor",2018,"Fukui","WSG",0,4,0,48.9735101368421,-122.749121763158
"Drayton Harbor",2019,"Fukui","WSG",0,4,0,48.9735101368421,-122.749121763158
"Drayton Harbor",2020,"Fukui","NWStraits, WSG",61,542,0.112546125461255,48.9735101368421,-122.749121763158
"Drayton Harbor",2020,"Minnow","NWStraits",32,477,0.0670859538784067,48.9735101368421,-122.749121763158
"Drayton Harbor",2020,"Shrimp","NWStraits",0,0,NA,48.9735101368421,-122.749121763158
"Drayton Harbor",2021,"Fukui","NWStraits, WSG",39,1372,0.0284256559766764,48.9735101368421,-122.749121763158
"Drayton Harbor",2021,"Minnow","NWStraits",4,1372,0.00291545189504373,48.9735101368421,-122.749121763158
"Drayton Harbor",2021,"Shrimp","NWStraits",39,66,0.590909090909091,48.9735101368421,-122.749121763158
"Drayton Harbor",2022,"Fukui","NWStraits, WSG",2,550,0.00363636363636364,48.9735101368421,-122.749121763158
"Drayton Harbor",2022,"Minnow","NWStraits",4,570,0.00701754385964912,48.9735101368421,-122.749121763158
"Drayton Harbor",2022,"Shrimp","NWStraits",99,244,0.405737704918033,48.9735101368421,-122.749121763158
"Drayton Harbor",2023,"Fukui","NWStraits, WSG",5,364,0.0137362637362637,48.9735101368421,-122.749121763158
"Drayton Harbor",2023,"Minnow","NWStraits",7,544,0.0128676470588235,48.9735101368421,-122.749121763158
"Drayton Harbor",2023,"Shrimp","NWStraits",58,195,0.297435897435897,48.9735101368421,-122.749121763158
"Driftwood Key Marina",2024,"Fukui","WDFW",0,5,0,47.9062948511667,-122.587239177778
"Driftwood Key Marina",2024,"Minnow","WDFW",0,5,0,47.9062948511667,-122.587239177778
"Driftwood Key Marina",2024,"Shrimp","WDFW",0,12,0,47.9062948511667,-122.587239177778
"Driftwood Key Marina ",2024,"Shrimp","WDFW",0,2,0,47.906102055,-122.58704395
"Duckabush",2022,"Fukui","WDFW",0,6,0,47.6482087977419,-122.93333376921
"Duckabush",2022,"Minnow","WDFW",0,10,0,47.6482087977419,-122.93333376921
"Duckabush",2024,"Fukui","WDFW",0,25,0,47.6482087977419,-122.93333376921
"Duckabush",2024,"Minnow","WDFW",0,28,0,47.6482087977419,-122.93333376921
"Duckabush",2024,"Shrimp","WDFW",0,4,0,47.6482087977419,-122.93333376921
"Duckland",2021,"Fukui","WDFW",22,30,0.733333333333333,46.8602760255861,-124.084145635786
"Duckland",2021,"Minnow","WDFW",17,34,0.5,46.8602760255861,-124.084145635786
"Duckland",2022,"Fukui","WDFW",195,76,2.56578947368421,46.8602760255861,-124.084145635786
"Duckland",2022,"Minnow","WDFW",88,76,1.15789473684211,46.8602760255861,-124.084145635786
"Duckland",2022,"Shrimp","WDFW",110,16,6.875,46.8602760255861,-124.084145635786
"Duckland",2023,"Fukui","WDFW",105,25,4.2,46.8602760255861,-124.084145635786
"Duckland",2023,"Hand","WDFW",15,14,1.07142857142857,46.8602760255861,-124.084145635786
"Duckland",2023,"Minnow","WDFW",33,26,1.26923076923077,46.8602760255861,-124.084145635786
"Duckland",2023,"Shrimp","WDFW",323,15,21.5333333333333,46.8602760255861,-124.084145635786
"Dungeness Landing",2016,"Fukui","WSG",0,3,0,48.1500852224706,-123.137682196817
"Dungeness Landing",2017,"Fukui","WSG",0,4,0,48.1500852224706,-123.137682196817
"Dungeness Landing",2018,"Fukui","WDFW, WSG",1,33,0.0303030303030303,48.1500852224706,-123.137682196817
"Dungeness Landing",2018,"Minnow","WDFW",0,35,0,48.1500852224706,-123.137682196817
"Dungeness Landing",2019,"Fukui","WSG",0,4,0,48.1500852224706,-123.137682196817
"Dungeness Landing",2020,"Fukui","WSG",0,4,0,48.1500852224706,-123.137682196817
"Dungeness Landing",2021,"Fukui","WSG",0,4,0,48.1500852224706,-123.137682196817
"Dungeness Landing",2022,"Fukui","WSG",0,4,0,48.1500852224706,-123.137682196817
"Dungeness Landing",2023,"Fukui","WSG",0,4,0,48.1500852224706,-123.137682196817
"Dungeness Landing",2024,"Fukui","WDFW",0,7,0,48.1500852224706,-123.137682196817
"Dungeness Landing",2024,"Minnow","WDFW",0,7,0,48.1500852224706,-123.137682196817
"Dungeness Landing",2024,"Shrimp","WDFW",0,1,0,48.1500852224706,-123.137682196817
"Dungeness Landing ",2024,"Fukui","WDFW",0,9,0,48.1508885479167,-123.135993166667
"Dungeness Landing ",2024,"Minnow","WDFW",0,9,0,48.1508885479167,-123.135993166667
"Dungeness Landing ",2024,"Shrimp","WDFW",0,3,0,48.1508885479167,-123.135993166667
"Dungeness Spit Base",2017,"Fukui","DNWR",5,35,0.142857142857143,48.1465899989571,-123.1838452898
"Dungeness Spit Base",2017,"Minnow","DNWR",0,33,0,48.1465899989571,-123.1838452898
"Dungeness Spit Base",2018,"Fukui","WSG, DNWR",2,46,0.0434782608695652,48.1465899989571,-123.1838452898
"Dungeness Spit Base",2018,"Minnow","DNWR",0,41,0,48.1465899989571,-123.1838452898
"Dungeness Spit Base",2019,"Fukui","WSG, DNWR",1,36,0.0277777777777778,48.1465899989571,-123.1838452898
"Dungeness Spit Base",2019,"Minnow","DNWR",0,32,0,48.1465899989571,-123.1838452898
"Dungeness Spit Base",2020,"Fukui","WSG, DNWR",0,28,0,48.1465899989571,-123.1838452898
"Dungeness Spit Base",2020,"Minnow","DNWR",0,24,0,48.1465899989571,-123.1838452898
"Dungeness Spit Base",2021,"Fukui","WSG",0,4,0,48.1465899989571,-123.1838452898
"Dungeness Spit Base",2022,"Fukui","WSG",0,4,0,48.1465899989571,-123.1838452898
"Dungeness Spit Base",2023,"Fukui","WSG",2,4,0.5,48.1465899989571,-123.1838452898
"East",2020,"Fukui","WDFW",0,26,0,48.5938450178571,-122.428351090659
"East",2020,"Minnow","WDFW",0,28,0,48.5938450178571,-122.428351090659
"East Westcott Bay",2018,"Fukui","WDFW",0,5,0,48.595034,-123.144831
"East Westcott Bay",2018,"Minnow","WDFW",0,5,0,48.595034,-123.144831
"Ebey Slough",2021,"Fukui","WDFW",0,42,0,48.0489230383023,-122.194020172878
"Ebey Slough",2021,"Minnow","WDFW",0,46,0,48.0489230383023,-122.194020172878
"Edison River",2020,"Fukui","WDFW",0,6,0,48.5650093452381,-122.442614940476
"Edison River",2020,"Minnow","WDFW",0,7,0,48.5650093452381,-122.442614940476
"Edison Slough",2021,"Fukui","WDFW",0,10,0,48.5644939,-122.454423
"Edison Slough",2021,"Minnow","WDFW",0,10,0,48.5644939,-122.454423
"Edmonds Marina",2023,"Shrimp","WDFW",0,10,0,47.808393019,-122.39115652
"Elger Bay",2016,"Fukui","WSG",0,4,0,48.1312959,-122.470491
"Elger Bay",2017,"Fukui","WSG",0,4,0,48.1312959,-122.470491
"Elger Bay",2018,"Fukui","WSG",0,4,0,48.1312959,-122.470491
"Elger Bay",2019,"Fukui","WSG",0,4,0,48.1312959,-122.470491
"Elger Bay",2020,"Fukui","WSG",0,4,0,48.1312959,-122.470491
"Elger Bay",2021,"Fukui","WSG",0,4,0,48.1312959,-122.470491
"Elger Bay",2022,"Fukui","WSG",0,4,0,48.1312959,-122.470491
"Elger Bay",2023,"Fukui","WSG",0,4,0,48.1312959,-122.470491
"Fairmont",2023,"Fukui","WDFW",0,10,0,47.9935755997227,-122.878074829832
"Fairmont",2023,"Minnow","WDFW",0,10,0,47.9935755997227,-122.878074829832
"Fairmont",2023,"Shrimp","WDFW",0,2,0,47.9935755997227,-122.878074829832
"Fairmont",2024,"Fukui","WDFW",2,17,0.117647058823529,47.9935755997227,-122.878074829832
"Fairmont",2024,"Minnow","WDFW",0,17,0,47.9935755997227,-122.878074829832
"Fairmont",2024,"Shrimp","WDFW",5,7,0.714285714285714,47.9935755997227,-122.878074829832
"Fairmount Marsh",2022,"Fukui","WDFW",1,63,0.0158730158730159,47.9937601643625,-122.877435128947
"Fairmount Marsh",2022,"Minnow","WDFW",2,93,0.021505376344086,47.9937601643625,-122.877435128947
"Fairmount Marsh",2022,"Shrimp","WDFW",0,4,0,47.9937601643625,-122.877435128947
"False Bay",2023,"Shrimp","WDFW",0,3,0,48.4905163833333,-123.067462933333
"Fidalgo Bay",2018,"Fukui","WDFW",0,26,0,48.4648923076923,-122.574052435897
"Fidalgo Bay",2018,"Minnow","WDFW",0,26,0,48.4648923076923,-122.574052435897
"Fidalgo Bay",2018,"Shrimp","WDFW",0,2,0,48.4648923076923,-122.574052435897
"Fidalgo Trestle",2017,"Fukui","WSG",0,4,0,48.4778014,-122.5733726
"Fidalgo Trestle",2018,"Fukui","WSG",0,4,0,48.4778014,-122.5733726
"Fidalgo Trestle",2019,"Fukui","WSG",0,4,0,48.4778014,-122.5733726
"Fidalgo Trestle",2020,"Fukui","WSG",0,4,0,48.4778014,-122.5733726
"Fidalgo Trestle",2021,"Fukui","WSG",0,4,0,48.4778014,-122.5733726
"Fidalgo Trestle",2022,"Fukui","WSG",0,4,0,48.4778014,-122.5733726
"Fidalgo Trestle",2023,"Fukui","WSG",0,4,0,48.4778014,-122.5733726
"Fir Island Farms",2019,"Fukui","WDFW",0,56,0,48.3336288242518,-122.41348771111
"Fir Island Farms",2019,"Minnow","WDFW",0,56,0,48.3336288242518,-122.41348771111
"Fir Island Farms",2020,"Fukui","WDFW",0,22,0,48.3336288242518,-122.41348771111
"Fir Island Farms",2020,"Minnow","WDFW",0,23,0,48.3336288242518,-122.41348771111
"Foulweather Bluff",2018,"Fukui","WDFW",0,70,0,47.9323500357143,-122.616927166667
"Foulweather Bluff",2018,"Minnow","WDFW",0,60,0,47.9323500357143,-122.616927166667
"Freshwater Creek",2021,"Fukui","WDFW",26,12,2.16666666666667,46.7268694166667,-123.921325416667
"Freshwater Creek",2021,"Minnow","WDFW",77,14,5.5,46.7268694166667,-123.921325416667
"Giles Slough",2023,"Fukui","WDFW",56,77,0.727272727272727,46.3891146956578,-124.016721415521
"Giles Slough",2023,"Hand","WDFW",5,5,1,46.3891146956578,-124.016721415521
"Giles Slough",2023,"Minnow","WDFW",6,76,0.0789473684210526,46.3891146956578,-124.016721415521
"Giles Slough",2023,"Shrimp","WDFW",215,72,2.98611111111111,46.3891146956578,-124.016721415521
"Giles Slough",2024,"Fukui","WDFW",9,1,9,46.3891146956578,-124.016721415521
"Gorst Creek",2024,"Fukui","WDFW",0,8,0,47.526325490625,-122.691820575
"Gorst Creek",2024,"Minnow","WDFW",0,8,0,47.526325490625,-122.691820575
"Gorst Lagoon",2024,"Fukui","WDFW",0,3,0,47.5315656291667,-122.6919922875
"Gorst Lagoon",2024,"Minnow","WDFW",0,4,0,47.5315656291667,-122.6919922875
"Grassy Slough",2022,"Fukui","WDFW",173,94,1.84042553191489,46.6296357745007,-124.049388391972
"Grassy Slough",2022,"Minnow","WDFW",63,100,0.63,46.6296357745007,-124.049388391972
"Grassy Slough",2022,"Shrimp","WDFW",165,20,8.25,46.6296357745007,-124.049388391972
"Graveyard Spit East (Lagoon)",2017,"Fukui","WSG, DNWR",0,13,0,48.1765447722593,-123.127938158333
"Graveyard Spit East (Lagoon)",2017,"Minnow","DNWR",0,9,0,48.1765447722593,-123.127938158333
"Graveyard Spit East (Lagoon)",2018,"Fukui","WSG, DNWR",0,16,0,48.1765447722593,-123.127938158333
"Graveyard Spit East (Lagoon)",2018,"Minnow","DNWR",0,12,0,48.1765447722593,-123.127938158333
"Graveyard Spit East (Lagoon)",2019,"Fukui","WSG, DNWR",0,16,0,48.1765447722593,-123.127938158333
"Graveyard Spit East (Lagoon)",2019,"Minnow","DNWR",0,12,0,48.1765447722593,-123.127938158333
"Graveyard Spit East (Lagoon)",2020,"Fukui","WSG, DNWR",0,16,0,48.1765447722593,-123.127938158333
"Graveyard Spit East (Lagoon)",2020,"Minnow","DNWR",0,12,0,48.1765447722593,-123.127938158333
"Graveyard Spit East (Lagoon)",2021,"Fukui","WSG",0,4,0,48.1765447722593,-123.127938158333
"Graveyard Spit East (Lagoon)",2022,"Fukui","WSG",0,4,0,48.1765447722593,-123.127938158333
"Graveyard Spit East (Lagoon)",2023,"Fukui","WSG",0,4,0,48.1765447722593,-123.127938158333
"Graveyard Spit West (Channel)",2017,"Burrow","DNWR",0,2,0,48.1738159958345,-123.137097931521
"Graveyard Spit West (Channel)",2017,"Fukui","WSG, DNWR",8,239,0.0334728033472803,48.1738159958345,-123.137097931521
"Graveyard Spit West (Channel)",2017,"Minnow","DNWR",4,238,0.0168067226890756,48.1738159958345,-123.137097931521
"Graveyard Spit West (Channel)",2018,"Burrow","DNWR",0,1,0,48.1738159958345,-123.137097931521
"Graveyard Spit West (Channel)",2018,"Fukui","WSG, DNWR",25,336,0.0744047619047619,48.1738159958345,-123.137097931521
"Graveyard Spit West (Channel)",2018,"Minnow","DNWR",4,315,0.0126984126984127,48.1738159958345,-123.137097931521
"Graveyard Spit West (Channel)",2019,"Burrow","DNWR",0,3,0,48.1738159958345,-123.137097931521
"Graveyard Spit West (Channel)",2019,"Fukui","WSG, DNWR",15,233,0.0643776824034335,48.1738159958345,-123.137097931521
"Graveyard Spit West (Channel)",2019,"Minnow","DNWR",0,229,0,48.1738159958345,-123.137097931521
"Graveyard Spit West (Channel)",2020,"Burrow","DNWR",0,4,0,48.1738159958345,-123.137097931521
"Graveyard Spit West (Channel)",2020,"Fukui","WSG, DNWR",1,215,0.00465116279069767,48.1738159958345,-123.137097931521
"Graveyard Spit West (Channel)",2020,"Minnow","DNWR",0,221,0,48.1738159958345,-123.137097931521
"Graveyard Spit West (Channel)",2021,"Fukui","WSG",1,4,0.25,48.1738159958345,-123.137097931521
"Graveyard Spit West (Channel)",2022,"Fukui","WSG",0,4,0,48.1738159958345,-123.137097931521
"Graveyard Spit West (Channel)",2023,"Fukui","WSG",0,4,0,48.1738159958345,-123.137097931521
"Grays Harbor NWR",2021,"Fukui","WDFW, WSG",21,101,0.207920792079208,46.9805029811134,-123.935278017031
"Grays Harbor NWR",2021,"Minnow","WDFW",11,100,0.11,46.9805029811134,-123.935278017031
"Grays Harbor NWR",2022,"Fukui","WSG",5,4,1.25,46.9805029811134,-123.935278017031
"Grays Harbor NWR",2023,"Fukui","WSG",5,4,1.25,46.9805029811134,-123.935278017031
"Great Peninsula Conservancy",2023,"Fukui","WDFW",0,30,0,47.4388352004444,-122.858762188889
"Great Peninsula Conservancy",2023,"Minnow","WDFW",0,30,0,47.4388352004444,-122.858762188889
"Great Peninsula Conservancy",2023,"Shrimp","WDFW",0,2,0,47.4388352004444,-122.858762188889
"Greenhead Slough",2022,"Fukui","WDFW",18,98,0.183673469387755,46.3725584788428,-123.949882510187
"Greenhead Slough",2022,"Minnow","WDFW",9,102,0.0882352941176471,46.3725584788428,-123.949882510187
"Greenhead Slough",2022,"Shrimp","WDFW",2,10,0.2,46.3725584788428,-123.949882510187
"Greenhead Slough",2023,"Fukui","WDFW",1,20,0.05,46.3725584788428,-123.949882510187
"Greenhead Slough",2023,"Hand","WDFW",1,1,1,46.3725584788428,-123.949882510187
"Greenhead Slough",2023,"Minnow","WDFW",0,20,0,46.3725584788428,-123.949882510187
"Greenhead Slough",2023,"Shrimp","WDFW",1,20,0.05,46.3725584788428,-123.949882510187
"Hama Hama",2024,"Fukui","WDFW",0,12,0,47.5451932394444,-123.039073021032
"Hama Hama",2024,"Minnow","WDFW",0,12,0,47.5451932394444,-123.039073021032
"Hama Hama",2024,"Shrimp","WDFW",0,14,0,47.5451932394444,-123.039073021032
"Hancock Lake",2018,"Fukui","WSG",0,4,0,48.1136673,-122.5964456
"Hancock Lake",2019,"Fukui","WSG",0,4,0,48.1136673,-122.5964456
"Hancock Lake",2020,"Fukui","WSG",0,3,0,48.1136673,-122.5964456
"Hancock Lake",2021,"Fukui","WSG",0,1,0,48.1136673,-122.5964456
"Hancock Lake",2022,"Fukui","WSG",0,3,0,48.1136673,-122.5964456
"Hancock Lake",2023,"Fukui","WSG",0,4,0,48.1136673,-122.5964456
"Harper",2017,"Fukui","WSG",0,4,0,47.51654,-122.51575
"Harper",2018,"Fukui","WSG",0,4,0,47.51654,-122.51575
"Harper",2019,"Fukui","WSG",0,4,0,47.51654,-122.51575
"Harper",2020,"Fukui","WSG",0,4,0,47.51654,-122.51575
"Harper",2021,"Fukui","WSG",0,4,0,47.51654,-122.51575
"Harper",2022,"Fukui","WSG",0,4,0,47.51654,-122.51575
"Harper",2023,"Fukui","WSG",0,4,0,47.51654,-122.51575
"Hat Island",2023,"Shrimp","Padilla",0,9,0,48.52113,-122.544411
"Henry Island - Eastern",2023,"Fukui","WDFW",0,5,0,48.5929406232222,-123.180505983333
"Henry Island - Eastern",2023,"Minnow","WDFW",0,6,0,48.5929406232222,-123.180505983333
"Henry Island - Eastern",2023,"Shrimp","WDFW",0,2,0,48.5929406232222,-123.180505983333
"Henry Island - Eastern Marsh",2019,"Fukui","WDFW",0,10,0,48.593131,-123.180685
"Henry Island - Eastern Marsh",2019,"Minnow","WDFW",0,10,0,48.593131,-123.180685
"Henry Island Preserve",2018,"Fukui","WDFW",0,44,0,48.5977233139777,-123.184056387327
"Henry Island Preserve",2018,"Minnow","WDFW",0,44,0,48.5977233139777,-123.184056387327
"Henry Island Preserve",2019,"Fukui","WDFW",0,90,0,48.5977233139777,-123.184056387327
"Henry Island Preserve",2019,"Minnow","WDFW",0,86,0,48.5977233139777,-123.184056387327
"Henry Island Preserve",2023,"Fukui","WDFW",0,27,0,48.5977233139777,-123.184056387327
"Henry Island Preserve",2023,"Minnow","WDFW",0,31,0,48.5977233139777,-123.184056387327
"Henry Island Preserve",2023,"Shrimp","WDFW",0,10,0,48.5977233139777,-123.184056387327
"Hungry Harbor",2021,"Fukui","WDFW",0,5,0,46.2576052,-123.8519688
"Hungry Harbor",2021,"Minnow","WDFW",0,5,0,46.2576052,-123.8519688
"Hunt Club Rd",2022,"Fukui","WDFW",26,30,0.866666666666667,46.8523509,-124.079419273333
"Hunt Club Rd",2022,"Minnow","WDFW",5,30,0.166666666666667,46.8523509,-124.079419273333
"Hwy 105 Slough",2021,"Fukui","WDFW",2,15,0.133333333333333,46.8607543157895,-124.090115942105
"Hwy 105 Slough",2021,"Minnow","WDFW",27,19,1.42105263157895,46.8607543157895,-124.090115942105
"Ilwaco Marina",2023,"Shrimp","WDFW",0,8,0,46.3052649275,-124.040391075
"Ilwaco Marsh",2021,"Fukui","WDFW",0,30,0,46.3005055782256,-124.045337597168
"Ilwaco Marsh",2021,"Minnow","WDFW",0,30,0,46.3005055782256,-124.045337597168
"Ilwaco Marsh",2022,"Fukui","WDFW",0,20,0,46.3005055782256,-124.045337597168
"Ilwaco Marsh",2022,"Minnow","WDFW",0,19,0,46.3005055782256,-124.045337597168
"Ilwaco Marsh",2023,"Fukui","WDFW",0,10,0,46.3005055782256,-124.045337597168
"Ilwaco Marsh",2023,"Minnow","WDFW",0,10,0,46.3005055782256,-124.045337597168
"Ilwaco Marsh",2023,"Shrimp","WDFW",0,10,0,46.3005055782256,-124.045337597168
"Indian Island Lagoon",2017,"Fukui","WSG",0,4,0,48.0253349480417,-122.71748991375
"Indian Island Lagoon",2018,"Fukui","WSG",0,4,0,48.0253349480417,-122.71748991375
"Indian Island Lagoon",2019,"Fukui","WSG",0,4,0,48.0253349480417,-122.71748991375
"Indian Island Lagoon",2020,"Fukui","WSG",0,4,0,48.0253349480417,-122.71748991375
"Indian Island Lagoon",2021,"Fukui","WSG",0,4,0,48.0253349480417,-122.71748991375
"Indian Island Lagoon",2022,"Fukui","WSG",0,4,0,48.0253349480417,-122.71748991375
"Indian Island Lagoon",2023,"Fukui","WDFW, WSG",0,12,0,48.0253349480417,-122.71748991375
"Indian Island Lagoon",2023,"Minnow","WDFW",0,8,0,48.0253349480417,-122.71748991375
"Indian Island Lagoon",2023,"Shrimp","WDFW",0,3,0,48.0253349480417,-122.71748991375
"Interpretive Center",2022,"Fukui","Padilla",0,3,0,48.496452,-122.483923
"Interpretive Center",2022,"Minnow","Padilla",0,3,0,48.496452,-122.483923
"Irondale Beach Park",2020,"Fukui","WDFW",0,4,0,48.044868,-122.76752825
"Irondale Beach Park",2020,"Minnow","WDFW",0,3,0,48.044868,-122.76752825
"Iverson Spit",2015,"Fukui","WSG",0,2,0,48.21409,-122.446426
"Iverson Spit",2016,"Fukui","WSG",0,4,0,48.21409,-122.446426
"Iverson Spit",2017,"Fukui","WSG",0,4,0,48.21409,-122.446426
"Iverson Spit",2018,"Fukui","WSG",0,4,0,48.21409,-122.446426
"Iverson Spit",2019,"Fukui","WSG",0,4,0,48.21409,-122.446426
"Iverson Spit",2020,"Fukui","WSG",0,4,0,48.21409,-122.446426
"Iverson Spit",2021,"Fukui","WSG",0,4,0,48.21409,-122.446426
"Iverson Spit",2022,"Fukui","WSG",0,4,0,48.21409,-122.446426
"Iverson Spit",2023,"Fukui","WSG",0,4,0,48.21409,-122.446426
"Jensen Point",2021,"Fukui","WDFW",3,16,0.1875,46.4602045,-123.99504479375
"Jensen Point",2021,"Minnow","WDFW",0,16,0,46.4602045,-123.99504479375
"Jimmycomelately Creek",2018,"Fukui","WSG",0,4,0,48.0233680526886,-123.006433381335
"Jimmycomelately Creek",2019,"Fukui","WSG",0,4,0,48.0233680526886,-123.006433381335
"Jimmycomelately Creek",2020,"Fukui","WSG",0,4,0,48.0233680526886,-123.006433381335
"Jimmycomelately Creek",2021,"Fukui","WDFW, WSG",3,98,0.0306122448979592,48.0233680526886,-123.006433381335
"Jimmycomelately Creek",2021,"Minnow","WDFW",0,110,0,48.0233680526886,-123.006433381335
"Jimmycomelately Creek",2021,"Pitfall","WDFW",0,4,0,48.0233680526886,-123.006433381335
"Jimmycomelately Creek",2021,"Shrimp","WDFW",1,10,0.1,48.0233680526886,-123.006433381335
"Jimmycomelately Creek",2022,"Fukui","WSG",0,4,0,48.0233680526886,-123.006433381335
"Jimmycomelately Creek",2023,"Fukui","WSG",0,4,0,48.0233680526886,-123.006433381335
"Joe Leary",2018,"Fukui","WDFW",0,10,0,48.5228313895406,-122.482452759531
"Joe Leary",2018,"Minnow","WDFW",0,10,0,48.5228313895406,-122.482452759531
"Joe Leary",2018,"Shrimp","WDFW",0,4,0,48.5228313895406,-122.482452759531
"Joe Leary",2020,"Fukui","WDFW, Padilla",0,64,0,48.5228313895406,-122.482452759531
"Joe Leary",2020,"Minnow","WDFW, Padilla",3,71,0.0422535211267606,48.5228313895406,-122.482452759531
"Johns River",2020,"Fukui","WDFW",18,27,0.666666666666667,46.9006928951311,-123.992688546385
"Johns River",2020,"Minnow","WDFW",26,31,0.838709677419355,46.9006928951311,-123.992688546385
"Johns River",2020,"Pitfall","WDFW",4,2,2,46.9006928951311,-123.992688546385
"Johns River",2020,"Shrimp","WDFW",20,4,5,46.9006928951311,-123.992688546385
"Johns River",2021,"Fukui","WDFW",32,8,4,46.9006928951311,-123.992688546385
"Johns River",2021,"Minnow","WDFW",23,8,2.875,46.9006928951311,-123.992688546385
"Johns River",2022,"Fukui","WDFW",71,26,2.73076923076923,46.9006928951311,-123.992688546385
"Johns River",2022,"Minnow","WDFW",101,55,1.83636363636364,46.9006928951311,-123.992688546385
"Johns River",2022,"Pitfall","WDFW",1,2,0.5,46.9006928951311,-123.992688546385
"Johns River",2022,"Shrimp","WDFW",974,141,6.90780141843972,46.9006928951311,-123.992688546385
"Johns River",2023,"Fukui","WDFW",70,96,0.729166666666667,46.9006928951311,-123.992688546385
"Johns River",2023,"Hand","WDFW",4,4,1,46.9006928951311,-123.992688546385
"Johns River",2023,"Minnow","WDFW",19,96,0.197916666666667,46.9006928951311,-123.992688546385
"Johns River",2023,"Shrimp","WDFW",1221,43,28.3953488372093,46.9006928951311,-123.992688546385
"Johns River ",2023,"Shrimp","WDFW",78,15,5.2,46.8919627806667,-123.980899106667
"Kaffee Slough",2021,"Fukui","WDFW",4,16,0.25,46.4729407395992,-123.965285429709
"Kaffee Slough",2021,"Minnow","WDFW",0,14,0,46.4729407395992,-123.965285429709
"Kaffee Slough",2023,"Fukui","WDFW",3,9,0.333333333333333,46.4729407395992,-123.965285429709
"Kaffee Slough",2023,"Minnow","WDFW",1,10,0.1,46.4729407395992,-123.965285429709
"Kaffee Slough",2023,"Shrimp","WDFW",34,30,1.13333333333333,46.4729407395992,-123.965285429709
"Kala Lagoon",2015,"Fukui","WSG",0,2,0,48.05785,-122.7698
"Kala Lagoon",2016,"Fukui","WSG",0,4,0,48.05785,-122.7698
"Kala Lagoon",2017,"Fukui","WSG",0,4,0,48.05785,-122.7698
"Kala Lagoon",2018,"Fukui","WSG",1,4,0.25,48.05785,-122.7698
"Kala Lagoon",2019,"Fukui","WSG",0,4,0,48.05785,-122.7698
"Kala Lagoon",2020,"Fukui","WSG",0,4,0,48.05785,-122.7698
"Kala Lagoon",2021,"Fukui","WSG",0,4,0,48.05785,-122.7698
"Kala Lagoon",2022,"Fukui","WSG",0,4,0,48.05785,-122.7698
"Kala Lagoon",2023,"Fukui","WSG",0,4,0,48.05785,-122.7698
"Kala Point",2018,"Fukui","WDFW",0,48,0,48.057001949,-122.769729990102
"Kala Point",2018,"Minnow","WDFW",0,48,0,48.057001949,-122.769729990102
"Kala Point",2018,"Shrimp","WDFW",0,4,0,48.057001949,-122.769729990102
"Kala Point",2020,"Fukui","WDFW",0,49,0,48.057001949,-122.769729990102
"Kala Point",2020,"Minnow","WDFW",0,50,0,48.057001949,-122.769729990102
"Kala Point",2024,"Fukui","WDFW",0,14,0,48.057001949,-122.769729990102
"Kala Point",2024,"Minnow","WDFW",0,14,0,48.057001949,-122.769729990102
"Kala Point",2024,"Shrimp","WDFW",0,2,0,48.057001949,-122.769729990102
"Kellogg Slough",2021,"Fukui","WDFW",10,12,0.833333333333333,46.7249730277778,-123.852804638889
"Kellogg Slough",2021,"Minnow","WDFW",18,14,1.28571428571429,46.7249730277778,-123.852804638889
"Kemmer",2022,"Minnow","WDFW",42,16,2.625,46.5268372291667,-124.026099958333
"Kemmer",2022,"Shrimp","WDFW",211,48,4.39583333333333,46.5268372291667,-124.026099958333
"Kennedy Creek",2015,"Fukui","WSG",0,2,0,47.0975592,-123.0855003
"Kiana Lodge",2017,"Fukui","WSG",0,4,0,47.701444,-122.582722
"Kiana Lodge",2018,"Fukui","WSG",0,4,0,47.701444,-122.582722
"Kiana Lodge",2019,"Fukui","WSG",0,4,0,47.701444,-122.582722
"Kiana Lodge",2020,"Fukui","WSG",0,4,0,47.701444,-122.582722
"Kiana Lodge",2021,"Fukui","WSG",0,4,0,47.701444,-122.582722
"Kiana Lodge",2022,"Fukui","WSG",0,4,0,47.701444,-122.582722
"Kiana Lodge",2023,"Fukui","WSG",0,4,0,47.701444,-122.582722
"Kiket Lagoon",2016,"Fukui","WSG",0,4,0,48.42112,-122.55775
"Kiket Lagoon",2017,"Fukui","WSG",0,4,0,48.42112,-122.55775
"Kiket Lagoon",2018,"Fukui","WSG",0,4,0,48.42112,-122.55775
"Kiket Lagoon",2019,"Fukui","WSG",0,4,0,48.42112,-122.55775
"Kiket Lagoon",2020,"Fukui","WSG",0,4,0,48.42112,-122.55775
"Kiket Lagoon",2021,"Fukui","WSG",0,4,0,48.42112,-122.55775
"Kiket Lagoon",2022,"Fukui","WSG",0,4,0,48.42112,-122.55775
"Kiket Lagoon",2023,"Fukui","WSG",0,4,0,48.42112,-122.55775
"Knappton",2021,"Fukui","WDFW",0,6,0,46.2727646666667,-123.815534916667
"Knappton",2021,"Minnow","WDFW",0,6,0,46.2727646666667,-123.815534916667
"Lagoon Point Community",2016,"Fukui","WSG",0,4,0,48.07932,-122.61137
"Lagoon Point Community",2017,"Fukui","WSG",1,4,0.25,48.07932,-122.61137
"Lagoon Point Community",2018,"Fukui","WSG",0,4,0,48.07932,-122.61137
"Lagoon Point Community",2019,"Fukui","WSG",0,4,0,48.07932,-122.61137
"Lagoon Point Community",2020,"Fukui","WSG",0,4,0,48.07932,-122.61137
"Lagoon Point Community",2021,"Fukui","WSG",0,4,0,48.07932,-122.61137
"Lagoon Point Community",2022,"Fukui","WSG",0,4,0,48.07932,-122.61137
"Lagoon Point Community",2023,"Fukui","WSG",0,4,0,48.07932,-122.61137
"Leadbetter",2023,"Fukui","WDFW",138,36,3.83333333333333,46.6081110678482,-124.042233129773
"Leadbetter",2023,"Hand","WDFW",8,8,1,46.6081110678482,-124.042233129773
"Leadbetter",2023,"Minnow","WDFW",172,52,3.30769230769231,46.6081110678482,-124.042233129773
"Leadbetter",2023,"Shrimp","WDFW",861,88,9.78409090909091,46.6081110678482,-124.042233129773
"Leadbetter Point",2022,"Fukui","WDFW",17,8,2.125,46.6081789761905,-124.042412430952
"Leadbetter Point",2022,"Minnow","WDFW",31,8,3.875,46.6081789761905,-124.042412430952
"Leadbetter Point",2022,"Shrimp","WDFW",125,14,8.92857142857143,46.6081789761905,-124.042412430952
"Lewis Slough",2021,"Fukui","WDFW",25,30,0.833333333333333,46.4769125666667,-123.9780817
"Lewis Slough",2021,"Minnow","WDFW",3,30,0.1,46.4769125666667,-123.9780817
"Linger Longer",2023,"Fukui","WDFW",1,70,0.0142857142857143,47.8095529969095,-122.870093057065
"Linger Longer",2023,"Hand","WDFW",1,1,1,47.8095529969095,-122.870093057065
"Linger Longer",2023,"Minnow","WDFW",0,92,0,47.8095529969095,-122.870093057065
"Linger Longer",2023,"Shrimp","WDFW",8,47,0.170212765957447,47.8095529969095,-122.870093057065
"Linger Longer",2024,"Fukui","WDFW",0,8,0,47.8095529969095,-122.870093057065
"Linger Longer",2024,"Minnow","WDFW",1,8,0.125,47.8095529969095,-122.870093057065
"Linger Longer",2024,"Shrimp","WDFW",0,2,0,47.8095529969095,-122.870093057065
"Livingston Bay",2020,"Fukui","WDFW",0,10,0,48.2147015,-122.443553
"Livingston Bay",2020,"Minnow","WDFW",0,10,0,48.2147015,-122.443553
"Lone Tree Lagoon",2017,"Fukui","WSG",0,4,0,48.4070743,-122.5550184
"Lone Tree Lagoon",2018,"Fukui","WSG",0,4,0,48.4070743,-122.5550184
"Lone Tree Lagoon",2019,"Fukui","WSG",0,4,0,48.4070743,-122.5550184
"Lone Tree Lagoon",2020,"Fukui","WSG",0,4,0,48.4070743,-122.5550184
"Lone Tree Lagoon",2021,"Fukui","WSG",0,4,0,48.4070743,-122.5550184
"Lone Tree Lagoon",2022,"Fukui","WSG",0,4,0,48.4070743,-122.5550184
"Lone Tree Lagoon",2023,"Fukui","WSG",0,4,0,48.4070743,-122.5550184
"Long Lagoon",2023,"Fukui","WDFW",0,10,0,47.99628980625,-122.884667992693
"Long Lagoon",2023,"Minnow","WDFW",0,10,0,47.99628980625,-122.884667992693
"Long Lagoon",2023,"Shrimp","WDFW",16,14,1.14285714285714,47.99628980625,-122.884667992693
"Long Lagoon",2024,"Fukui","WDFW",2,14,0.142857142857143,47.99628980625,-122.884667992693
"Long Lagoon",2024,"Minnow","WDFW",0,14,0,47.99628980625,-122.884667992693
"Long Lagoon",2024,"Shrimp","WDFW",36,11,3.27272727272727,47.99628980625,-122.884667992693
"Long Spit",2022,"Fukui","WDFW",0,30,0,47.8424085083333,-122.808156572222
"Long Spit",2022,"Minnow","WDFW",0,40,0,47.8424085083333,-122.808156572222
"Long Spit",2022,"Shrimp","WDFW",0,10,0,47.8424085083333,-122.808156572222
"Long's Lagoon",2022,"Fukui","WDFW",1,8,0.125,47.9963939166667,-122.884474
"Long's Lagoon",2022,"Minnow","WDFW",0,8,0,47.9963939166667,-122.884474
"Long's Lagoon",2022,"Shrimp","WDFW",7,3,2.33333333333333,47.9963939166667,-122.884474
"Lytle Seafoods",2020,"Fukui","WDFW",5,12,0.416666666666667,47.00371225,-124.004052333333
"Lytle Seafoods",2020,"Minnow","WDFW",2,12,0.166666666666667,47.00371225,-124.004052333333
"Madbear",2022,"Shrimp","Makah",7,12,0.583333333333333,48.3193935359801,-124.668152901847
"Madbear",2024,"Shrimp","Makah",1,75,0.0133333333333333,48.3193935359801,-124.668152901847
"Makah Bay",2020,"Russell","Makah",5,11,0.454545454545455,48.3196080194805,-124.667981864719
"Makah Bay",2020,"Shrimp","Makah",5,1,5,48.3196080194805,-124.667981864719
"Makah Bay",2021,"Shrimp","Makah",11,10,1.1,48.3196080194805,-124.667981864719
"Makah Bay",2023,"Shrimp","Makah",8,21,0.380952380952381,48.3196080194805,-124.667981864719
"March's Point",2018,"Fukui","WDFW",0,12,0,48.4875741666667,-122.577355
"March's Point",2018,"Minnow","WDFW",0,12,0,48.4875741666667,-122.577355
"Marsh Island",2020,"Fukui","Padilla",2,69,0.0289855072463768,48.560199,-122.486048
"Marsh Island",2020,"Minnow","Padilla",1,100,0.01,48.560199,-122.486048
"Maynard Lagoon",2023,"Fukui","WDFW",3,21,0.142857142857143,47.9981452517164,-122.88032092912
"Maynard Lagoon",2023,"Minnow","WDFW",0,20,0,47.9981452517164,-122.88032092912
"Maynard Lagoon",2023,"Shrimp","WDFW",31,32,0.96875,47.9981452517164,-122.88032092912
"Maynard Lagoon",2024,"Fukui","WDFW",5,19,0.263157894736842,47.9981452517164,-122.88032092912
"Maynard Lagoon",2024,"Minnow","WDFW",1,19,0.0526315789473684,47.9981452517164,-122.88032092912
"Maynard Lagoon",2024,"Shrimp","WDFW",10,13,0.769230769230769,47.9981452517164,-122.88032092912
"McKinley Lagoon",2023,"Fukui","WDFW",0,57,0,48.1324333014136,-123.469607756614
"McKinley Lagoon",2023,"Minnow","WDFW",0,58,0,48.1324333014136,-123.469607756614
"McKinley Lagoon",2023,"Shrimp","WDFW",1,52,0.0192307692307692,48.1324333014136,-123.469607756614
"Megler Creek",2021,"Fukui","WDFW",0,2,0,46.2489875,-123.86408025
"Megler Creek",2021,"Minnow","WDFW",0,4,0,46.2489875,-123.86408025
"Middle",2022,"Fukui","WDFW",0,110,0,48.4798863181818,-122.583197378788
"Middle",2022,"Minnow","WDFW",0,110,0,48.4798863181818,-122.583197378788
"Middle",2022,"Shrimp","WDFW",0,30,0,48.4798863181818,-122.583197378788
"Middle Sands",2022,"Fukui","WDFW",82,40,2.05,46.4404871527579,-124.018726885
"Middle Sands",2022,"Minnow","WDFW",14,40,0.35,46.4404871527579,-124.018726885
"Middle Sands",2022,"Shrimp","WDFW",20,40,0.5,46.4404871527579,-124.018726885
"Middle Sands",2023,"Shrimp","WDFW",3,20,0.15,46.4404871527579,-124.018726885
"Misery Point Lagoon",2023,"Fukui","WDFW",0,5,0,47.6533554406667,-122.8281633475
"Misery Point Lagoon",2023,"Minnow","WDFW",0,5,0,47.6533554406667,-122.8281633475
"Misery Point Lagoon",2023,"Shrimp","WDFW",6,5,1.2,47.6533554406667,-122.8281633475
"Misery Point Lagoon",2024,"Fukui","WDFW",1,12,0.0833333333333333,47.6533554406667,-122.8281633475
"Misery Point Lagoon",2024,"Minnow","WDFW",0,12,0,47.6533554406667,-122.8281633475
"Misery Point Lagoon",2024,"Shrimp","WDFW",7,12,0.583333333333333,47.6533554406667,-122.8281633475
"Mud Bay",2016,"Fukui","WSG",0,4,0,48.4604493,-122.8205968
"Mud Bay",2017,"Fukui","WSG",0,4,0,48.4604493,-122.8205968
"Mud Bay",2018,"Fukui","WSG",0,4,0,48.4604493,-122.8205968
"Mud Bay",2019,"Fukui","WSG",0,4,0,48.4604493,-122.8205968
"Mud Bay",2020,"Fukui","WSG",0,4,0,48.4604493,-122.8205968
"Mud Bay",2021,"Fukui","WSG",0,4,0,48.4604493,-122.8205968
"Mud Bay",2022,"Fukui","WSG",0,4,0,48.4604493,-122.8205968
"Mud Bay",2023,"Fukui","WSG",0,4,0,48.4604493,-122.8205968
"Musqueti",2016,"Fukui","WSG",0,4,0,47.3882213,-123.1163677
"Musqueti",2017,"Fukui","WSG",0,4,0,47.3882213,-123.1163677
"Musqueti",2018,"Fukui","WSG",0,4,0,47.3882213,-123.1163677
"Musqueti",2019,"Fukui","WSG",0,4,0,47.3882213,-123.1163677
"Musqueti",2020,"Fukui","WSG",0,4,0,47.3882213,-123.1163677
"Musqueti",2021,"Fukui","WSG",0,4,0,47.3882213,-123.1163677
"Musqueti",2022,"Fukui","WSG",0,4,0,47.3882213,-123.1163677
"Musqueti",2023,"Fukui","WSG",0,4,0,47.3882213,-123.1163677
"Mutiny Bay",2023,"Shrimp","WDFW",0,1,0,47.97082716,-122.5496553
"Mystery Bay",2018,"Fukui","WDFW",0,3,0,48.0588568236667,-122.697339191667
"Mystery Bay",2018,"Minnow","WDFW",0,2,0,48.0588568236667,-122.697339191667
"Mystery Bay",2024,"Fukui","WDFW",0,10,0,48.0588568236667,-122.697339191667
"Mystery Bay",2024,"Minnow","WDFW",0,10,0,48.0588568236667,-122.697339191667
"Mystery Bay",2024,"Shrimp","WDFW",0,4,0,48.0588568236667,-122.697339191667
"Nahcotta",2020,"Fukui","WDFW, WSG",19,28,0.678571428571429,46.4945683513921,-124.031215021187
"Nahcotta",2020,"Minnow","WDFW",19,26,0.730769230769231,46.4945683513921,-124.031215021187
"Nahcotta",2021,"Fukui","WSG",60,4,15,46.4945683513921,-124.031215021187
"Nahcotta",2022,"Fukui","WDFW, WSG",178,26,6.84615384615385,46.4945683513921,-124.031215021187
"Nahcotta",2022,"Minnow","WDFW",40,29,1.37931034482759,46.4945683513921,-124.031215021187
"Nahcotta",2022,"Shrimp","WDFW",406,57,7.12280701754386,46.4945683513921,-124.031215021187
"Nahcotta",2023,"Fukui","WDFW, WSG",100,16,6.25,46.4945683513921,-124.031215021187
"Nahcotta",2023,"Hand","WDFW",1,1,1,46.4945683513921,-124.031215021187
"Nahcotta",2023,"Minnow","WDFW",25,22,1.13636363636364,46.4945683513921,-124.031215021187
"Nahcotta",2023,"Shrimp","WDFW",757,127,5.96062992125984,46.4945683513921,-124.031215021187
"Nahcotta ",2023,"Minnow","WDFW",2,2,1,46.4955836805,-124.031613755
"Nahcotta ",2023,"Shrimp","WDFW",59,10,5.9,46.4955836805,-124.031613755
"Neah Bay",2018,"Fukui","Makah",0,22,0,48.3733072280787,-124.625018903654
"Neah Bay",2018,"Minnow","Makah",0,8,0,48.3733072280787,-124.625018903654
"Neah Bay",2018,"Russell","Makah",0,14,0,48.3733072280787,-124.625018903654
"Neah Bay",2019,"Fukui","Makah",0,17,0,48.3733072280787,-124.625018903654
"Neah Bay",2019,"Russell","Makah",0,12,0,48.3733072280787,-124.625018903654
"Neah Bay",2022,"Shrimp","Makah",0,56,0,48.3733072280787,-124.625018903654
"Neah Bay",2023,"Shrimp","Makah",0,47,0,48.3733072280787,-124.625018903654
"Neah Bay",2024,"Shrimp","Makah",16,87,0.183908045977011,48.3733072280787,-124.625018903654
"Nemah",2020,"Fukui","WDFW",7,31,0.225806451612903,46.5386299377086,-123.894313446607
"Nemah",2020,"Minnow","WDFW",31,29,1.06896551724138,46.5386299377086,-123.894313446607
"Nick's Lagoon",2016,"Fukui","WSG",0,4,0,47.6381564778259,-122.838649402624
"Nick's Lagoon",2017,"Fukui","WSG",0,4,0,47.6381564778259,-122.838649402624
"Nick's Lagoon",2018,"Fukui","WSG",0,4,0,47.6381564778259,-122.838649402624
"Nick's Lagoon",2019,"Fukui","WSG",0,4,0,47.6381564778259,-122.838649402624
"Nick's Lagoon",2020,"Fukui","WSG",0,4,0,47.6381564778259,-122.838649402624
"Nick's Lagoon",2021,"Fukui","WSG",0,4,0,47.6381564778259,-122.838649402624
"Nick's Lagoon",2022,"Fukui","WDFW, WSG",0,24,0,47.6381564778259,-122.838649402624
"Nick's Lagoon",2022,"Minnow","WDFW",1,20,0.05,47.6381564778259,-122.838649402624
"Nick's Lagoon",2022,"Shrimp","WDFW",0,2,0,47.6381564778259,-122.838649402624
"Nick's Lagoon",2023,"Fukui","WDFW, WSG",1,44,0.0227272727272727,47.6381564778259,-122.838649402624
"Nick's Lagoon",2023,"Minnow","WDFW",4,40,0.1,47.6381564778259,-122.838649402624
"Nick's Lagoon",2023,"Shrimp","WDFW",15,20,0.75,47.6381564778259,-122.838649402624
"Nick's Lagoon",2024,"Fukui","WDFW",2,25,0.08,47.6381564778259,-122.838649402624
"Nick's Lagoon",2024,"Hand","WDFW",1,1,1,47.6381564778259,-122.838649402624
"Nick's Lagoon",2024,"Minnow","WDFW",0,25,0,47.6381564778259,-122.838649402624
"Nisqually Reserve",2024,"Fukui","WDFW",0,40,0,47.0847640279649,-122.713463225439
"Nisqually Reserve",2024,"Minnow","WDFW",0,38,0,47.0847640279649,-122.713463225439
"Nisqually Reserve",2024,"Shrimp","WDFW",0,8,0,47.0847640279649,-122.713463225439
"North",2022,"Fukui","WDFW",0,90,0,48.4912824466667,-122.576927262222
"North",2022,"Minnow","WDFW",0,90,0,48.4912824466667,-122.576927262222
"North",2022,"Shrimp","WDFW",0,6,0,48.4912824466667,-122.576927262222
"North Duckabush",2016,"Fukui","WSG",0,4,0,47.6489801,-122.9307717
"North Duckabush",2017,"Fukui","WSG",0,3,0,47.6489801,-122.9307717
"North Duckabush",2018,"Fukui","WSG",0,3,0,47.6489801,-122.9307717
"North Duckabush",2019,"Fukui","WSG",0,4,0,47.6489801,-122.9307717
"North Duckabush",2020,"Fukui","WSG",0,4,0,47.6489801,-122.9307717
"North Duckabush",2021,"Fukui","WSG",0,3,0,47.6489801,-122.9307717
"North Duckabush",2022,"Fukui","WSG",0,4,0,47.6489801,-122.9307717
"North Duckabush",2023,"Fukui","WSG",0,4,0,47.6489801,-122.9307717
"North Nemah River",2022,"Fukui","WDFW",4,22,0.181818181818182,46.514666469697,-123.887319318182
"North Nemah River",2022,"Minnow","WDFW",0,22,0,46.514666469697,-123.887319318182
"North Nemah River",2022,"Shrimp","WDFW",3,4,0.75,46.514666469697,-123.887319318182
"North Quilcene Bay",2023,"Fukui","WDFW",0,53,0,47.8258042786289,-122.859144978997
"North Quilcene Bay",2023,"Minnow","WDFW",0,58,0,47.8258042786289,-122.859144978997
"North Quilcene Bay",2023,"Shrimp","WDFW",0,3,0,47.8258042786289,-122.859144978997
"North Quilcene Bay",2024,"Fukui","WDFW",0,9,0,47.8258042786289,-122.859144978997
"North Quilcene Bay",2024,"Minnow","WDFW",0,8,0,47.8258042786289,-122.859144978997
"North River",2021,"Fukui","WDFW",4,12,0.333333333333333,46.74847225,-123.885684861111
"North River",2021,"Minnow","WDFW",13,14,0.928571428571429,46.74847225,-123.885684861111
"Northeast",2018,"Fukui","WDFW",0,36,0,48.5400569040404,-122.492769655303
"Northeast",2018,"Minnow","WDFW",0,55,0,48.5400569040404,-122.492769655303
"Northeast",2020,"Fukui","WDFW",0,3,0,48.5400569040404,-122.492769655303
"Northeast",2020,"Minnow","WDFW",2,11,0.181818181818182,48.5400569040404,-122.492769655303
"Northern Marsh",2020,"Fukui","WDFW",0,38,0,47.8132808748222,-122.865500774538
"Northern Marsh",2020,"Minnow","WDFW",0,37,0,47.8132808748222,-122.865500774538
"O'Meara Point",2023,"Fukui","WDFW",0,10,0,46.4038255466667,-123.950858843333
"O'Meara Point",2023,"Minnow","WDFW",1,10,0.1,46.4038255466667,-123.950858843333
"O'Meara Point",2023,"Shrimp","WDFW",3,10,0.3,46.4038255466667,-123.950858843333
"Oak Bay",2018,"Fukui","WDFW",0,12,0,48.0237557155648,-122.729832642989
"Oak Bay",2018,"Minnow","WDFW",0,18,0,48.0237557155648,-122.729832642989
"Oak Bay",2019,"Fukui","WDFW",0,11,0,48.0237557155648,-122.729832642989
"Oak Bay",2019,"Minnow","WDFW",0,8,0,48.0237557155648,-122.729832642989
"Oak Bay",2020,"Fukui","WDFW",0,11,0,48.0237557155648,-122.729832642989
"Oak Bay",2020,"Minnow","WDFW",0,31,0,48.0237557155648,-122.729832642989
"Oak Bay",2023,"Fukui","WDFW",0,5,0,48.0237557155648,-122.729832642989
"Oak Bay",2023,"Minnow","WDFW",0,5,0,48.0237557155648,-122.729832642989
"Oak Bay",2023,"Shrimp","WDFW",0,5,0,48.0237557155648,-122.729832642989
"Ocean Shores",2020,"Fukui","WDFW, WSG",325,52,6.25,47.0002170199827,-124.140023022818
"Ocean Shores",2020,"Minnow","WDFW",305,50,6.1,47.0002170199827,-124.140023022818
"Ocean Shores",2021,"Fukui","WDFW, WSG",319,104,3.06730769230769,47.0002170199827,-124.140023022818
"Ocean Shores",2021,"Hand","WDFW",16,16,1,47.0002170199827,-124.140023022818
"Ocean Shores",2021,"Minnow","WDFW",310,119,2.60504201680672,47.0002170199827,-124.140023022818
"Ocean Shores",2021,"Shrimp","WDFW",712,20,35.6,47.0002170199827,-124.140023022818
"Ocean Shores",2022,"Fukui","WDFW, WSG",334,72,4.63888888888889,47.0002170199827,-124.140023022818
"Ocean Shores",2022,"Minnow","WDFW",214,72,2.97222222222222,47.0002170199827,-124.140023022818
"Ocean Shores",2022,"Shrimp","WDFW",107,4,26.75,47.0002170199827,-124.140023022818
"Ocean Shores",2023,"Fukui","WDFW, WSG",430,94,4.57446808510638,47.0002170199827,-124.140023022818
"Ocean Shores",2023,"Hand","WDFW",22,18,1.22222222222222,47.0002170199827,-124.140023022818
"Ocean Shores",2023,"Minnow","WDFW",482,89,5.41573033707865,47.0002170199827,-124.140023022818
"Ocean Shores",2023,"Shrimp","WDFW",192,10,19.2,47.0002170199827,-124.140023022818
"Oyhut",2023,"Fukui","WDFW",1,30,0.0333333333333333,46.9440883436667,-124.157568934286
"Oyhut",2023,"Minnow","WDFW",0,28,0,46.9440883436667,-124.157568934286
"Oyhut ",2023,"Minnow","WDFW",0,2,0,46.94387689,-124.15734565
"Ozette",2024,"Shrimp","Makah",14,12,1.16666666666667,48.1608183333333,-124.7318925
"Parpala",2023,"Fukui","WDFW",0,9,0,46.4221914507778,-123.875293098611
"Parpala",2023,"Minnow","WDFW",0,9,0,46.4221914507778,-123.875293098611
"Parpala",2023,"Shrimp","WDFW",0,12,0,46.4221914507778,-123.875293098611
"Paul's Slough",2023,"Hand","WDFW",1,1,1,46.49295735,-124.0307592
"Penn Cove",2015,"Fukui","WSG",0,2,0,48.2336804121429,-122.730226152857
"Penn Cove",2016,"Fukui","WSG",0,4,0,48.2336804121429,-122.730226152857
"Penn Cove",2017,"Fukui","WSG",0,4,0,48.2336804121429,-122.730226152857
"Penn Cove",2018,"Fukui","WSG",0,4,0,48.2336804121429,-122.730226152857
"Penn Cove",2019,"Fukui","WSG",0,4,0,48.2336804121429,-122.730226152857
"Penn Cove",2020,"Fukui","WSG",0,4,0,48.2336804121429,-122.730226152857
"Penn Cove",2021,"Fukui","WSG",0,4,0,48.2336804121429,-122.730226152857
"Penn Cove",2022,"Fukui","WSG",0,4,0,48.2336804121429,-122.730226152857
"Penn Cove",2023,"Fukui","WSG",0,4,0,48.2336804121429,-122.730226152857
"Penn Cove",2023,"Shrimp","WDFW",0,7,0,48.2336804121429,-122.730226152857
"Pillar Point",2022,"Shrimp","Makah",0,4,0,48.199258,-124.08130275
"Point Heyer",2016,"Fukui","WSG",0,1,0,47.4227576,-122.4306703
"Point Heyer",2017,"Fukui","WSG",0,3,0,47.4227576,-122.4306703
"Point Heyer",2018,"Fukui","WSG",0,4,0,47.4227576,-122.4306703
"Point Heyer",2019,"Fukui","WSG",0,4,0,47.4227576,-122.4306703
"Point Heyer",2020,"Fukui","WSG",0,3,0,47.4227576,-122.4306703
"Point Heyer",2021,"Fukui","WSG",0,3,0,47.4227576,-122.4306703
"Point Heyer",2022,"Fukui","WSG",0,4,0,47.4227576,-122.4306703
"Point Heyer",2023,"Fukui","WSG",0,4,0,47.4227576,-122.4306703
"Point Hudson Marina",2023,"Shrimp","WDFW",0,5,0,48.1172512575,-122.7516384375
"Point Julia",2019,"Fukui","WSG",0,4,0,47.8554133,-122.5748384
"Point Julia",2020,"Fukui","WSG",0,4,0,47.8554133,-122.5748384
"Point Julia",2021,"Fukui","WSG",0,4,0,47.8554133,-122.5748384
"Point Julia",2022,"Fukui","WSG",0,4,0,47.8554133,-122.5748384
"Point Julia",2023,"Fukui","WSG",0,4,0,47.8554133,-122.5748384
"Point Julia North",2024,"Fukui","WDFW",0,10,0,47.8608801195,-122.5732714
"Point Julia North",2024,"Minnow","WDFW",0,10,0,47.8608801195,-122.5732714
"Point Whitehorn",2021,"Fukui","WDFW",0,38,0,48.88140357861,-122.778902879892
"Point Whitehorn",2021,"Minnow","WDFW",0,39,0,48.88140357861,-122.778902879892
"Point Whitney",2018,"Fukui","WDFW",0,6,0,47.7614559468667,-122.852781600667
"Point Whitney",2018,"Minnow","WDFW",0,6,0,47.7614559468667,-122.852781600667
"Point Whitney",2024,"Fukui","WDFW",0,15,0,47.7614559468667,-122.852781600667
"Point Whitney",2024,"Minnow","WDFW",0,15,0,47.7614559468667,-122.852781600667
"Point Whitney",2024,"Shrimp","WDFW",0,2,0,47.7614559468667,-122.852781600667
"Port Gamble",2024,"Fukui","WDFW",0,49,0,47.8151606390516,-122.578769950955
"Port Gamble",2024,"Minnow","WDFW",0,47,0,47.8151606390516,-122.578769950955
"Port Gamble",2024,"Shrimp","WDFW",0,4,0,47.8151606390516,-122.578769950955
"Port Ludlow Marina",2022,"Shrimp","WDFW",0,5,0,47.92288356125,-122.68582213125
"Port Ludlow Marina",2024,"Shrimp","WDFW",0,8,0,47.92288356125,-122.68582213125
"Port Ludlow Marina ",2024,"Shrimp","WDFW",0,6,0,47.9228443488889,-122.685589716667
"Port Madison Yacht Club",2024,"Shrimp","WDFW",0,7,0,47.6961610675,-122.535623458333
"Port Madison Yacht Club ",2024,"Shrimp","WDFW",0,3,0,47.69621245,-122.535422733333
"Port Susan Bay",2021,"Fukui","WDFW",0,30,0,48.2079003666667,-122.3701982
"Port Susan Bay",2021,"Minnow","WDFW",0,30,0,48.2079003666667,-122.3701982
"Port of Kingston",2024,"Shrimp","WDFW",0,17,0,47.7947747284167,-122.496839675
"Port of Peninsula",2022,"Fukui","WDFW",90,62,1.45161290322581,46.4989500492424,-124.029511715176
"Port of Peninsula",2022,"Minnow","WDFW",65,44,1.47727272727273,46.4989500492424,-124.029511715176
"Port of Peninsula",2022,"Shrimp","WDFW",75,16,4.6875,46.4989500492424,-124.029511715176
"Port of Poulsbo",2024,"Shrimp","WDFW",0,12,0,47.73337246,-122.647197725
"Portage Canal",2018,"Fukui","WDFW",0,3,0,48.0272652872364,-122.725029809524
"Portage Canal",2018,"Minnow","WDFW",0,4,0,48.0272652872364,-122.725029809524
"Portage Canal",2019,"Fukui","WDFW",0,6,0,48.0272652872364,-122.725029809524
"Portage Canal",2019,"Minnow","WDFW",0,7,0,48.0272652872364,-122.725029809524
"Portage Canal",2023,"Fukui","WDFW",0,8,0,48.0272652872364,-122.725029809524
"Portage Canal",2023,"Minnow","WDFW",0,6,0,48.0272652872364,-122.725029809524
"Portage Canal",2023,"Shrimp","WDFW",0,2,0,48.0272652872364,-122.725029809524
"Post Point Lagoon",2016,"Fukui","WSG",0,4,0,48.7183793977393,-122.516020548321
"Post Point Lagoon",2017,"Fukui","WSG",0,4,0,48.7183793977393,-122.516020548321
"Post Point Lagoon",2018,"Fukui","WSG",0,4,0,48.7183793977393,-122.516020548321
"Post Point Lagoon",2019,"Fukui","WDFW, WSG",0,17,0,48.7183793977393,-122.516020548321
"Post Point Lagoon",2019,"Minnow","WDFW",0,10,0,48.7183793977393,-122.516020548321
"Post Point Lagoon",2020,"Fukui","WDFW, WSG",0,14,0,48.7183793977393,-122.516020548321
"Post Point Lagoon",2020,"Minnow","WDFW",0,10,0,48.7183793977393,-122.516020548321
"Post Point Lagoon",2021,"Fukui","WSG",0,4,0,48.7183793977393,-122.516020548321
"Post Point Lagoon",2022,"Fukui","WDFW, WSG",0,24,0,48.7183793977393,-122.516020548321
"Post Point Lagoon",2022,"Minnow","WDFW",0,20,0,48.7183793977393,-122.516020548321
"Post Point Lagoon",2022,"Shrimp","WDFW",0,2,0,48.7183793977393,-122.516020548321
"Post Point Lagoon",2023,"Fukui","WDFW, WSG",0,74,0,48.7183793977393,-122.516020548321
"Post Point Lagoon",2023,"Minnow","WDFW",0,70,0,48.7183793977393,-122.516020548321
"Post Point Lagoon",2023,"Shrimp","WDFW",1,13,0.0769230769230769,48.7183793977393,-122.516020548321
"Potlatch State Park",2023,"Shrimp","WDFW",0,8,0,47.3588249385714,-123.157709335714
"Preachers Slough",2021,"Fukui","WDFW",0,13,0,46.9435494615385,-123.660384461538
"Preachers Slough",2021,"Minnow","WDFW",0,13,0,46.9435494615385,-123.660384461538
"Priest Point",2021,"Fukui","WDFW",0,20,0,48.035597325,-122.22834225
"Priest Point",2021,"Minnow","WDFW",0,20,0,48.035597325,-122.22834225
"Pysht",2017,"Fukui","WSG",0,3,0,48.2065905131288,-124.112241932826
"Pysht",2018,"Fukui","WSG",0,4,0,48.2065905131288,-124.112241932826
"Pysht",2019,"Fukui","WDFW, WSG",0,156,0,48.2065905131288,-124.112241932826
"Pysht",2019,"Minnow","WDFW",0,157,0,48.2065905131288,-124.112241932826
"Pysht",2019,"Shrimp","WDFW",0,2,0,48.2065905131288,-124.112241932826
"Pysht",2020,"Fukui","WSG",0,3,0,48.2065905131288,-124.112241932826
"Pysht",2021,"Fukui","WSG",0,4,0,48.2065905131288,-124.112241932826
"Pysht",2022,"Fukui","WSG",0,4,0,48.2065905131288,-124.112241932826
"Pysht",2023,"Fukui","WSG",0,4,0,48.2065905131288,-124.112241932826
"Pysht",2024,"Fukui","WDFW",0,20,0,48.2065905131288,-124.112241932826
"Pysht",2024,"Minnow","WDFW",0,20,0,48.2065905131288,-124.112241932826
"Pysht",2024,"Shrimp","WDFW",0,2,0,48.2065905131288,-124.112241932826
"Quartermaster Harbor",2021,"Fukui","WDFW",0,49,0,47.3888400030612,-122.452579717347
"Quartermaster Harbor",2021,"Minnow","WDFW",0,49,0,47.3888400030612,-122.452579717347
"Queets River",2021,"Fukui","WDFW",0,15,0,47.5341016255556,-124.350194157778
"Queets River",2021,"Minnow","WDFW",0,15,0,47.5341016255556,-124.350194157778
"Queets River",2021,"Shrimp","WDFW",0,2,0,47.5341016255556,-124.350194157778
"Rabb's Lagoon",2016,"Fukui","WSG",0,4,0,47.392326,-122.433954
"Rabb's Lagoon",2017,"Fukui","WSG",0,3,0,47.392326,-122.433954
"Rabb's Lagoon",2018,"Fukui","WSG",0,4,0,47.392326,-122.433954
"Rabb's Lagoon",2019,"Fukui","WSG",0,4,0,47.392326,-122.433954
"Rabb's Lagoon",2020,"Fukui","WSG",0,3,0,47.392326,-122.433954
"Rabb's Lagoon",2021,"Fukui","WSG",0,3,0,47.392326,-122.433954
"Rabb's Lagoon",2022,"Fukui","WSG",0,4,0,47.392326,-122.433954
"Rabb's Lagoon",2023,"Fukui","WSG",0,4,0,47.392326,-122.433954
"Race Lagoon",2015,"Fukui","WSG",0,2,0,48.191825,-122.6006242
"Race Lagoon",2016,"Fukui","WSG",0,4,0,48.191825,-122.6006242
"Race Lagoon",2017,"Fukui","WSG",0,4,0,48.191825,-122.6006242
"Race Lagoon",2018,"Fukui","WSG",0,4,0,48.191825,-122.6006242
"Race Lagoon",2019,"Fukui","WSG",0,4,0,48.191825,-122.6006242
"Race Lagoon",2020,"Fukui","WSG",0,4,0,48.191825,-122.6006242
"Race Lagoon",2021,"Fukui","WSG",0,4,0,48.191825,-122.6006242
"Race Lagoon",2022,"Fukui","WSG",0,4,0,48.191825,-122.6006242
"Race Lagoon",2023,"Fukui","WSG",0,4,0,48.191825,-122.6006242
"Races Cove",2024,"Fukui","WDFW",0,5,0,47.9107007233333,-122.585890235
"Races Cove",2024,"Minnow","WDFW",0,6,0,47.9107007233333,-122.585890235
"Rendsland",2024,"Fukui","WDFW",0,7,0,47.386236652619,-123.112877078571
"Rendsland",2024,"Minnow","WDFW",0,7,0,47.386236652619,-123.112877078571
"Rendsland",2024,"Shrimp","WDFW",0,2,0,47.386236652619,-123.112877078571
"Right Smart Cove",2018,"Fukui","WDFW",0,3,0,47.7336709464737,-122.880374341418
"Right Smart Cove",2018,"Minnow","WDFW",0,3,0,47.7336709464737,-122.880374341418
"Right Smart Cove",2023,"Fukui","WDFW",0,50,0,47.7336709464737,-122.880374341418
"Right Smart Cove",2023,"Minnow","WDFW",0,50,0,47.7336709464737,-122.880374341418
"Right Smart Cove",2023,"Shrimp","WDFW",1,28,0.0357142857142857,47.7336709464737,-122.880374341418
"Right Smart Cove",2024,"Fukui","WDFW",0,24,0,47.7336709464737,-122.880374341418
"Right Smart Cove",2024,"Minnow","WDFW",0,24,0,47.7336709464737,-122.880374341418
"Right Smart Cove",2024,"Shrimp","WDFW",0,2,0,47.7336709464737,-122.880374341418
"Roche Harbor",2018,"Fukui","WDFW",0,3,0,48.6067030537619,-123.155579790476
"Roche Harbor",2018,"Minnow","WDFW",0,3,0,48.6067030537619,-123.155579790476
"Roche Harbor",2019,"Fukui","WDFW",0,12,0,48.6067030537619,-123.155579790476
"Roche Harbor",2019,"Minnow","WDFW",0,6,0,48.6067030537619,-123.155579790476
"Roche Harbor",2023,"Fukui","WDFW",0,5,0,48.6067030537619,-123.155579790476
"Roche Harbor",2023,"Minnow","WDFW",0,5,0,48.6067030537619,-123.155579790476
"Roche Harbor",2023,"Shrimp","WDFW",0,2,0,48.6067030537619,-123.155579790476
"Salmon Creek",2022,"Fukui","WDFW",7,85,0.0823529411764706,47.9904970904856,-122.888713784569
"Salmon Creek",2022,"Minnow","WDFW",4,84,0.0476190476190476,47.9904970904856,-122.888713784569
"Salmon Creek",2022,"Shrimp","WDFW",12,13,0.923076923076923,47.9904970904856,-122.888713784569
"Salmon Creek",2023,"Fukui","WDFW",2,15,0.133333333333333,47.9904970904856,-122.888713784569
"Salmon Creek",2023,"Minnow","WDFW",0,15,0,47.9904970904856,-122.888713784569
"Salmon Creek",2023,"Shrimp","WDFW",4,9,0.444444444444444,47.9904970904856,-122.888713784569
"Salmon Creek",2024,"Fukui","WDFW",3,51,0.0588235294117647,47.9904970904856,-122.888713784569
"Salmon Creek",2024,"Hand","WDFW",1,1,1,47.9904970904856,-122.888713784569
"Salmon Creek",2024,"Minnow","WDFW",7,52,0.134615384615385,47.9904970904856,-122.888713784569
"Salmon Creek",2024,"Shrimp","WDFW",26,29,0.896551724137931,47.9904970904856,-122.888713784569
"Salt Creek",2024,"Fukui","WDFW",0,14,0,48.1617123102967,-123.705488764945
"Salt Creek",2024,"Minnow","WDFW",0,13,0,48.1617123102967,-123.705488764945
"Salt Creek",2024,"Shrimp","WDFW",0,10,0,48.1617123102967,-123.705488764945
"Samish Conservation Area",2021,"Fukui","Padilla",2,14,0.142857142857143,48.561896,-122.502636
"Samish Conservation Area",2021,"Minnow","Padilla",0,34,0,48.561896,-122.502636
"Samish Conservation Area",2023,"Fukui","Padilla",0,178,0,48.561896,-122.502636
"Samish Conservation Area",2023,"Minnow","Padilla",13,185,0.0702702702702703,48.561896,-122.502636
"Samish Conservation Area",2024,"Fukui","Padilla",3,58,0.0517241379310345,48.561896,-122.502636
"Samish Conservation Area",2024,"Minnow","Padilla",36,120,0.3,48.561896,-122.502636
"Samish River",2020,"Fukui","WDFW, Padilla",2,164,0.0121951219512195,48.5572431881466,-122.464399715774
"Samish River",2020,"Minnow","WDFW, Padilla",2,206,0.00970873786407767,48.5572431881466,-122.464399715774
"Samish River",2021,"Fukui","WDFW",0,18,0,48.5572431881466,-122.464399715774
"Samish River",2021,"Minnow","WDFW",0,22,0,48.5572431881466,-122.464399715774
"Schel Chelb Lagoon",2024,"Fukui","WDFW",0,12,0,47.6044761805556,-122.551886111111
"Schel Chelb Lagoon",2024,"Minnow","WDFW",0,12,0,47.6044761805556,-122.551886111111
"Schel Chelb Lagoon",2024,"Shrimp","WDFW",0,2,0,47.6044761805556,-122.551886111111
"Scow Bay",2018,"Fukui","WDFW",1,19,0.0526315789473684,48.018732199813,-122.700916371484
"Scow Bay",2018,"Minnow","WDFW",0,16,0,48.018732199813,-122.700916371484
"Scow Bay",2023,"Fukui","WDFW",0,8,0,48.018732199813,-122.700916371484
"Scow Bay",2023,"Minnow","WDFW",0,8,0,48.018732199813,-122.700916371484
"Scow Bay",2023,"Shrimp","WDFW",0,2,0,48.018732199813,-122.700916371484
"Scow Bay",2024,"Fukui","WDFW",0,10,0,48.018732199813,-122.700916371484
"Scow Bay",2024,"Minnow","WDFW",0,13,0,48.018732199813,-122.700916371484
"Scow Bay",2024,"Shrimp","WDFW",0,4,0,48.018732199813,-122.700916371484
"Seabeck Conference Center Lagoon",2023,"Fukui","WDFW",0,35,0,47.6402031417245,-122.829269570612
"Seabeck Conference Center Lagoon",2023,"Minnow","WDFW",0,35,0,47.6402031417245,-122.829269570612
"Seabeck Conference Center Lagoon",2023,"Shrimp","WDFW",5,16,0.3125,47.6402031417245,-122.829269570612
"Seabeck Conference Center Lagoon",2024,"Fukui","WDFW",0,5,0,47.6402031417245,-122.829269570612
"Seabeck Conference Center Lagoon",2024,"Minnow","WDFW",0,4,0,47.6402031417245,-122.829269570612
"Seabeck Conference Center Lagoon",2024,"Shrimp","WDFW",0,2,0,47.6402031417245,-122.829269570612
"Seabeck Marina",2024,"Shrimp","WDFW",0,5,0,47.641984542,-122.82890666
"Sequim Bay - South",2019,"Fukui","WDFW",0,30,0,48.02555438,-123.001433293333
"Sequim Bay - South",2019,"Minnow","WDFW",0,30,0,48.02555438,-123.001433293333
"Sequim Bay - South",2019,"Shrimp","WDFW",0,2,0,48.02555438,-123.001433293333
"Sequim Bay - South",2021,"Fukui","WDFW",0,6,0,48.02555438,-123.001433293333
"Sequim Bay - South",2021,"Minnow","WDFW",0,20,0,48.02555438,-123.001433293333
"Sharpes Corner",2019,"Fukui","WSG",0,4,0,48.465854,-122.5851703
"Sharpes Corner",2020,"Fukui","WSG",0,4,0,48.465854,-122.5851703
"Sharpes Corner",2021,"Fukui","WSG",0,4,0,48.465854,-122.5851703
"Sharpes Corner",2022,"Fukui","WSG",0,4,0,48.465854,-122.5851703
"Sharpes Corner",2023,"Fukui","WSG",0,4,0,48.465854,-122.5851703
"Shaw Island",2017,"Fukui","WSG",0,4,0,48.5607255,-122.9502154
"Shaw Island",2018,"Fukui","WSG",0,4,0,48.5607255,-122.9502154
"Shaw Island",2019,"Fukui","WSG",0,4,0,48.5607255,-122.9502154
"Shaw Island",2020,"Fukui","WSG",0,4,0,48.5607255,-122.9502154
"Shaw Island",2021,"Fukui","WSG",0,4,0,48.5607255,-122.9502154
"Shaw Island",2022,"Fukui","WSG",0,3,0,48.5607255,-122.9502154
"Shaw Island",2023,"Fukui","WSG",0,4,0,48.5607255,-122.9502154
"Shine Creek Estuary",2018,"Fukui","WDFW",0,3,0,47.869295,-122.692923333333
"Shine Creek Estuary",2018,"Minnow","WDFW",0,3,0,47.869295,-122.692923333333
"Shine Tidelands",2018,"Fukui","WDFW",0,6,0,47.887223327,-122.630246718
"Shine Tidelands",2018,"Minnow","WDFW",0,6,0,47.887223327,-122.630246718
"Shine Tidelands",2024,"Fukui","WDFW",0,15,0,47.887223327,-122.630246718
"Shine Tidelands",2024,"Minnow","WDFW",0,15,0,47.887223327,-122.630246718
"Shine Tidelands",2024,"Shrimp","WDFW",0,2,0,47.887223327,-122.630246718
"Shore Trail",2017,"Fukui","WSG",0,4,0,48.4724290086957,-122.470378004348
"Shore Trail",2018,"Fukui","WSG, Padilla",0,16,0,48.4724290086957,-122.470378004348
"Shore Trail",2018,"Minnow","Padilla",0,12,0,48.4724290086957,-122.470378004348
"Shore Trail",2019,"Fukui","WSG, Padilla",0,16,0,48.4724290086957,-122.470378004348
"Shore Trail",2019,"Minnow","Padilla",0,12,0,48.4724290086957,-122.470378004348
"Shore Trail",2020,"Fukui","WSG, Padilla",0,18,0,48.4724290086957,-122.470378004348
"Shore Trail",2020,"Minnow","Padilla",0,22,0,48.4724290086957,-122.470378004348
"Shore Trail",2021,"Fukui","WSG, Padilla",0,16,0,48.4724290086957,-122.470378004348
"Shore Trail",2021,"Minnow","Padilla",0,26,0,48.4724290086957,-122.470378004348
"Shore Trail",2022,"Fukui","WSG, Padilla",0,16,0,48.4724290086957,-122.470378004348
"Shore Trail",2022,"Minnow","Padilla",0,12,0,48.4724290086957,-122.470378004348
"Shore Trail",2023,"Fukui","WSG, Padilla",3,82,0.0365853658536585,48.4724290086957,-122.470378004348
"Shore Trail",2023,"Minnow","Padilla",0,78,0,48.4724290086957,-122.470378004348
"Shore Trail",2023,"Shrimp","Padilla",4,18,0.222222222222222,48.4724290086957,-122.470378004348
"Shore Trail",2024,"Fukui","Padilla",0,34,0,48.4724290086957,-122.470378004348
"Shore Trail",2024,"Minnow","Padilla",0,56,0,48.4724290086957,-122.470378004348
"Shore Trail",2024,"Shrimp","Padilla",0,12,0,48.4724290086957,-122.470378004348
"Skagit Bay Estuary",2019,"Fukui","WDFW",0,20,0,48.3388335,-122.440028
"Skagit Bay Estuary",2019,"Minnow","WDFW",0,20,0,48.3388335,-122.440028
"Skokomish Estuary",2023,"Fukui","WDFW",0,51,0,47.3419442954263,-123.133128739001
"Skokomish Estuary",2023,"Minnow","WDFW",0,50,0,47.3419442954263,-123.133128739001
"Skokomish Estuary",2023,"Shrimp","WDFW",0,9,0,47.3419442954263,-123.133128739001
"Skunk Island Lagoon",2018,"Fukui","WDFW",0,7,0,48.0319634880952,-122.751977738095
"Skunk Island Lagoon",2018,"Minnow","WDFW",0,10,0,48.0319634880952,-122.751977738095
"Skunk Island Lagoon",2020,"Fukui","WDFW",0,24,0,48.0319634880952,-122.751977738095
"Skunk Island Lagoon",2020,"Minnow","WDFW",0,24,0,48.0319634880952,-122.751977738095
"Snow Creek",2022,"Fukui","WDFW",2,47,0.0425531914893617,47.9913299155271,-122.884787053556
"Snow Creek",2022,"Minnow","WDFW",4,40,0.1,47.9913299155271,-122.884787053556
"Snow Creek",2022,"Shrimp","WDFW",0,2,0,47.9913299155271,-122.884787053556
"Snow Creek",2023,"Fukui","WDFW",0,25,0,47.9913299155271,-122.884787053556
"Snow Creek",2023,"Minnow","WDFW",1,25,0.04,47.9913299155271,-122.884787053556
"Snow Creek",2023,"Shrimp","WDFW",5,4,1.25,47.9913299155271,-122.884787053556
"Snow Creek",2024,"Fukui","WDFW",1,24,0.0416666666666667,47.9913299155271,-122.884787053556
"Snow Creek",2024,"Minnow","WDFW",2,24,0.0833333333333333,47.9913299155271,-122.884787053556
"Snow Creek",2024,"Shrimp","WDFW",7,6,1.16666666666667,47.9913299155271,-122.884787053556
"Sopun Inlet",2022,"Fukui","WDFW",18,30,0.6,46.8519959761111,-124.042271899603
"Sopun Inlet",2022,"Minnow","WDFW",7,28,0.25,46.8519959761111,-124.042271899603
"Sopun Inlet",2022,"Shrimp","WDFW",2,4,0.5,46.8519959761111,-124.042271899603
"South",2021,"Fukui","WDFW",0,24,0,48.6858654493013,-122.672799893535
"South",2021,"Minnow","WDFW",0,25,0,48.6858654493013,-122.672799893535
"South",2022,"Fukui","WDFW",0,135,0,48.6858654493013,-122.672799893535
"South",2022,"Minnow","WDFW",0,132,0,48.6858654493013,-122.672799893535
"South Bay Berm",2020,"Fukui","WDFW",6,25,0.24,46.3835606003333,-123.953665735333
"South Bay Berm",2020,"Minnow","WDFW",13,30,0.433333333333333,46.3835606003333,-123.953665735333
"South Bay Berm",2023,"Fukui","WDFW",2,10,0.2,46.3835606003333,-123.953665735333
"South Bay Berm",2023,"Minnow","WDFW",0,10,0,46.3835606003333,-123.953665735333
"South Bay Berm",2023,"Shrimp","WDFW",6,10,0.6,46.3835606003333,-123.953665735333
"South Bay Berm - Inside",2022,"Fukui","WDFW",13,18,0.722222222222222,46.3835845259259,-123.953929859259
"South Bay Berm - Inside",2022,"Minnow","WDFW",3,18,0.166666666666667,46.3835845259259,-123.953929859259
"South Bay Berm - Inside",2022,"Shrimp","WDFW",9,2,4.5,46.3835845259259,-123.953929859259
"South Bay Berm - Outside",2022,"Fukui","WDFW",4,20,0.2,46.3837983566667,-123.95333304
"South Bay Berm - Outside",2022,"Minnow","WDFW",0,20,0,46.3837983566667,-123.95333304
"South Bay Berm - Outside",2022,"Shrimp","WDFW",0,1,0,46.3837983566667,-123.95333304
"Southeast",2021,"Fukui","WDFW",0,10,0,48.9134631,-122.7505203
"Southeast",2021,"Minnow","WDFW",0,10,0,48.9134631,-122.7505203
"Spencer Spit",2017,"Fukui","WSG",0,4,0,48.5358345,-122.8552321
"Spencer Spit",2018,"Fukui","WSG",0,4,0,48.5358345,-122.8552321
"Spencer Spit",2019,"Fukui","WSG",0,4,0,48.5358345,-122.8552321
"Spencer Spit",2020,"Fukui","WSG",0,4,0,48.5358345,-122.8552321
"Spencer Spit",2021,"Fukui","WSG",0,4,0,48.5358345,-122.8552321
"Spencer Spit",2022,"Fukui","WSG",0,4,0,48.5358345,-122.8552321
"Spencer Spit",2023,"Fukui","WSG",0,4,0,48.5358345,-122.8552321
"Squalicum Harbor",2021,"Fukui","WDFW",3,102,0.0294117647058824,48.7574574584104,-122.497445662325
"Squalicum Harbor",2021,"Minnow","WDFW",0,102,0,48.7574574584104,-122.497445662325
"Squalicum Harbor",2021,"Shrimp","WDFW",0,6,0,48.7574574584104,-122.497445662325
"Squalicum Harbor",2022,"Shrimp","WDFW",0,5,0,48.7574574584104,-122.497445662325
"Squalicum Harbor",2023,"Minnow","WDFW",0,4,0,48.7574574584104,-122.497445662325
"Squalicum Harbor",2023,"Shrimp","WDFW",1,5,0.2,48.7574574584104,-122.497445662325
"Stackpole",2020,"Fukui","WDFW, WSG",81,24,3.375,46.5976401369206,-124.037333231752
"Stackpole",2020,"Minnow","WDFW",133,30,4.43333333333333,46.5976401369206,-124.037333231752
"Stackpole",2020,"Pitfall","WDFW",6,2,3,46.5976401369206,-124.037333231752
"Stackpole",2021,"Fukui","WSG",22,3,7.33333333333333,46.5976401369206,-124.037333231752
"Stackpole",2022,"Fukui","WDFW, WSG",69,8,8.625,46.5976401369206,-124.037333231752
"Stackpole",2022,"Minnow","WDFW",25,4,6.25,46.5976401369206,-124.037333231752
"Stackpole",2022,"Shrimp","WDFW",96,7,13.7142857142857,46.5976401369206,-124.037333231752
"Stackpole",2023,"Fukui","WDFW, WSG",37,19,1.94736842105263,46.5976401369206,-124.037333231752
"Stackpole",2023,"Hand","WDFW",37,18,2.05555555555556,46.5976401369206,-124.037333231752
"Stackpole",2023,"Minnow","WDFW",50,22,2.27272727272727,46.5976401369206,-124.037333231752
"Stackpole",2023,"Shrimp","WDFW",306,43,7.11627906976744,46.5976401369206,-124.037333231752
"Stavis Lagoon",2022,"Fukui","WDFW",0,20,0,47.6353692927778,-122.861617711111
"Stavis Lagoon",2022,"Minnow","WDFW",0,20,0,47.6353692927778,-122.861617711111
"Stavis Lagoon",2023,"Fukui","WDFW",0,18,0,47.6353692927778,-122.861617711111
"Stavis Lagoon",2023,"Minnow","WDFW",0,18,0,47.6353692927778,-122.861617711111
"Sullivan Minor",2017,"Fukui","WSG",0,4,0,48.5022264909091,-122.484404695455
"Sullivan Minor",2018,"Fukui","WSG, Padilla",0,16,0,48.5022264909091,-122.484404695455
"Sullivan Minor",2018,"Minnow","Padilla",0,12,0,48.5022264909091,-122.484404695455
"Sullivan Minor",2019,"Fukui","WSG, Padilla",0,16,0,48.5022264909091,-122.484404695455
"Sullivan Minor",2019,"Minnow","Padilla",0,12,0,48.5022264909091,-122.484404695455
"Sullivan Minor",2020,"Fukui","WSG, Padilla",0,31,0,48.5022264909091,-122.484404695455
"Sullivan Minor",2020,"Minnow","Padilla",0,31,0,48.5022264909091,-122.484404695455
"Sullivan Minor",2021,"Fukui","WSG, Padilla",0,16,0,48.5022264909091,-122.484404695455
"Sullivan Minor",2021,"Minnow","Padilla",0,12,0,48.5022264909091,-122.484404695455
"Sullivan Minor",2022,"Fukui","WSG, Padilla",0,16,0,48.5022264909091,-122.484404695455
"Sullivan Minor",2022,"Minnow","Padilla",0,12,0,48.5022264909091,-122.484404695455
"Sullivan Minor",2023,"Fukui","WSG, Padilla",0,64,0,48.5022264909091,-122.484404695455
"Sullivan Minor",2023,"Minnow","Padilla",1,60,0.0166666666666667,48.5022264909091,-122.484404695455
"Sullivan Minor",2023,"Shrimp","Padilla",0,6,0,48.5022264909091,-122.484404695455
"Sullivan Minor",2024,"Fukui","Padilla",1,22,0.0454545454545455,48.5022264909091,-122.484404695455
"Sullivan Minor",2024,"Minnow","Padilla",3,32,0.09375,48.5022264909091,-122.484404695455
"Sullivan Minor Oyster Site",2023,"Fukui","Padilla",0,3,0,48.502451,-122.489651
"Sullivan Minor Oyster Site",2023,"Minnow","Padilla",0,3,0,48.502451,-122.489651
"Swinomish Casino Marsh",2017,"Fukui","WSG",0,4,0,48.4608765888889,-122.522456822222
"Swinomish Casino Marsh",2018,"Fukui","WSG",0,4,0,48.4608765888889,-122.522456822222
"Swinomish Casino Marsh",2019,"Fukui","WSG",0,4,0,48.4608765888889,-122.522456822222
"Swinomish Casino Marsh",2020,"Fukui","WSG",0,4,0,48.4608765888889,-122.522456822222
"Swinomish Casino Marsh",2021,"Fukui","WSG, Padilla",2,52,0.0384615384615385,48.4608765888889,-122.522456822222
"Swinomish Casino Marsh",2021,"Minnow","Padilla",1,82,0.0121951219512195,48.4608765888889,-122.522456822222
"Swinomish Casino Marsh",2022,"Fukui","WSG",0,4,0,48.4608765888889,-122.522456822222
"Swinomish Casino Marsh",2023,"Fukui","WSG",0,4,0,48.4608765888889,-122.522456822222
"Swinomish Channel",2022,"Fukui","WSG",0,4,0,48.4398491,-122.4995902
"Swinomish Channel",2023,"Fukui","WSG",0,4,0,48.4398491,-122.4995902
"Swinomish Spit",2021,"Fukui","Padilla",0,14,0,48.459216,-122.509683
"Swinomish Spit",2021,"Minnow","Padilla",0,38,0,48.459216,-122.509683
"Tahuya",2024,"Fukui","WDFW",0,13,0,47.3732003576923,-123.042898476923
"Tahuya",2024,"Minnow","WDFW",0,13,0,47.3732003576923,-123.042898476923
"Tahuya",2024,"Shrimp","WDFW",0,2,0,47.3732003576923,-123.042898476923
"Tarboo Creek",2022,"Minnow","WDFW",0,30,0,47.8596656,-122.8132371
"Tatoosh Island",2024,"Fukui","Makah",0,4,0,48.3927,-124.737525
"Tatoosh Island",2024,"Shrimp","Makah",0,4,0,48.3927,-124.737525
"Taylor",2021,"Fukui","WDFW",0,51,0,48.6113833612745,-122.439830259804
"Taylor",2021,"Minnow","WDFW",1,40,0.025,48.6113833612745,-122.439830259804
"Taylor Shellfish",2020,"Fukui","WDFW",5,76,0.0657894736842105,48.6111173986842,-122.440618323026
"Taylor Shellfish",2020,"Minnow","WDFW",1,76,0.0131578947368421,48.6111173986842,-122.440618323026
"Telegraph Slough",2023,"Fukui","Padilla",0,60,0,48.457874,-122.487967
"Telegraph Slough",2023,"Minnow","Padilla",0,60,0,48.457874,-122.487967
"Telegraph Slough",2024,"Fukui","Padilla",0,10,0,48.457874,-122.487967
"Telegraph Slough",2024,"Minnow","Padilla",0,20,0,48.457874,-122.487967
"Terrell Creek",2021,"Fukui","WDFW",1,80,0.0125,48.9179109655486,-122.748229862595
"Terrell Creek",2021,"Minnow","WDFW",0,74,0,48.9179109655486,-122.748229862595
"Terrell Creek",2023,"Fukui","WDFW",0,5,0,48.9179109655486,-122.748229862595
"Terrell Creek",2023,"Minnow","WDFW",1,5,0.2,48.9179109655486,-122.748229862595
"Terrell Creek",2023,"Shrimp","WDFW",28,20,1.4,48.9179109655486,-122.748229862595
"Third Lagoon",2016,"Fukui","WSG",0,4,0,48.46161,-122.9751923
"Third Lagoon",2017,"Fukui","WSG",0,4,0,48.46161,-122.9751923
"Third Lagoon",2018,"Fukui","WSG",0,4,0,48.46161,-122.9751923
"Third Lagoon",2019,"Fukui","WSG",0,4,0,48.46161,-122.9751923
"Third Lagoon",2020,"Fukui","WSG",0,4,0,48.46161,-122.9751923
"Third Lagoon",2021,"Fukui","WSG",0,4,0,48.46161,-122.9751923
"Third Lagoon",2022,"Fukui","WSG",0,4,0,48.46161,-122.9751923
"Third Lagoon",2023,"Fukui","WSG",0,4,0,48.46161,-122.9751923
"Thorndyke",2023,"Fukui","WDFW",0,51,0,47.8113122021328,-122.741254997014
"Thorndyke",2023,"Minnow","WDFW",1,50,0.02,47.8113122021328,-122.741254997014
"Thorndyke",2023,"Shrimp","WDFW",0,4,0,47.8113122021328,-122.741254997014
"Thorndyke",2024,"Fukui","WDFW",0,30,0,47.8113122021328,-122.741254997014
"Thorndyke",2024,"Minnow","WDFW",0,30,0,47.8113122021328,-122.741254997014
"Thorndyke",2024,"Shrimp","WDFW",0,4,0,47.8113122021328,-122.741254997014
"Titlow Lagoon",2017,"Fukui","WSG",0,3,0,47.2488254,-122.5515108
"Titlow Lagoon",2018,"Fukui","WSG",0,4,0,47.2488254,-122.5515108
"Titlow Lagoon",2019,"Fukui","WSG",0,4,0,47.2488254,-122.5515108
"Titlow Lagoon",2020,"Fukui","WSG",0,4,0,47.2488254,-122.5515108
"Titlow Lagoon",2021,"Fukui","WSG",0,4,0,47.2488254,-122.5515108
"Titlow Lagoon",2022,"Fukui","WSG",0,4,0,47.2488254,-122.5515108
"Titlow Lagoon",2023,"Fukui","WSG",0,4,0,47.2488254,-122.5515108
"Tokeland",2020,"Fukui","WDFW, WSG",105,22,4.77272727272727,46.7098147648148,-123.981230618519
"Tokeland",2020,"Minnow","WDFW",51,18,2.83333333333333,46.7098147648148,-123.981230618519
"Tokeland",2021,"Fukui","WSG",42,4,10.5,46.7098147648148,-123.981230618519
"Tokeland",2022,"Fukui","WSG",14,4,3.5,46.7098147648148,-123.981230618519
"Tokeland",2023,"Fukui","WSG",21,4,5.25,46.7098147648148,-123.981230618519
"Tokeland Marina",2020,"Fukui","WDFW",154,52,2.96153846153846,46.7078894435897,-123.972831868462
"Tokeland Marina",2020,"Minnow","WDFW",76,60,1.26666666666667,46.7078894435897,-123.972831868462
"Tokeland Swimming Hole",2020,"Fukui","WDFW",4,10,0.4,46.7213241166667,-124.018094716667
"Tokeland Swimming Hole",2020,"Minnow","WDFW",6,12,0.5,46.7213241166667,-124.018094716667
"Tramp Harbor",2021,"Fukui","WDFW",0,20,0,47.4176606590909,-122.438978084091
"Tramp Harbor",2021,"Minnow","WDFW",0,22,0,47.4176606590909,-122.438978084091
"Trestle Lagoon",2022,"Shrimp","WDFW",0,1,0,47.997701,-122.882464
"Tsoo Yess",2023,"Fukui","WSG",4,4,1,48.319992,-124.658572
"Tsoo-Yess River",2018,"Fukui","Makah",274,348,0.78735632183908,48.3200195042339,-124.658153213169
"Tsoo-Yess River",2018,"Minnow","Makah",102,312,0.326923076923077,48.3200195042339,-124.658153213169
"Tsoo-Yess River",2018,"Russell","Makah",60,25,2.4,48.3200195042339,-124.658153213169
"Tsoo-Yess River",2019,"Fukui","Makah",145,230,0.630434782608696,48.3200195042339,-124.658153213169
"Tsoo-Yess River",2019,"Minnow","Makah",48,244,0.19672131147541,48.3200195042339,-124.658153213169
"Tsoo-Yess River",2019,"Russell","Makah",59,46,1.28260869565217,48.3200195042339,-124.658153213169
"Tsoo-Yess River",2019,"Shrimp","Makah",154,18,8.55555555555556,48.3200195042339,-124.658153213169
"Tsoo-Yess River",2020,"Fukui","Makah",13,32,0.40625,48.3200195042339,-124.658153213169
"Tsoo-Yess River",2020,"Minnow","Makah",7,42,0.166666666666667,48.3200195042339,-124.658153213169
"Tsoo-Yess River",2020,"Shrimp","Makah",478,55,8.69090909090909,48.3200195042339,-124.658153213169
"Tsoo-Yess River",2021,"Fukui","Makah",5,4,1.25,48.3200195042339,-124.658153213169
"Tsoo-Yess River",2021,"Minnow","Makah",18,24,0.75,48.3200195042339,-124.658153213169
"Tsoo-Yess River",2021,"Shrimp","Makah",439,68,6.45588235294118,48.3200195042339,-124.658153213169
"Tsoo-Yess River",2022,"Crayfish","Makah",4,4,1,48.3200195042339,-124.658153213169
"Tsoo-Yess River",2022,"Fukui","Makah",9,6,1.5,48.3200195042339,-124.658153213169
"Tsoo-Yess River",2022,"Minnow","Makah",1598,492,3.2479674796748,48.3200195042339,-124.658153213169
"Tsoo-Yess River",2022,"Shrimp","Makah",11253,516,21.8081395348837,48.3200195042339,-124.658153213169
"Tsoo-Yess River",2023,"Fukui","Makah",4,4,1,48.3200195042339,-124.658153213169
"Tsoo-Yess River",2023,"Holding Cage","Makah",1,1,1,48.3200195042339,-124.658153213169
"Tsoo-Yess River",2023,"Shrimp","Makah",4401,1175,3.74553191489362,48.3200195042339,-124.658153213169
"Tsoo-Yess River",2024,"Seine Net","Makah",53,8,6.625,48.3200195042339,-124.658153213169
"Tsoo-Yess River",2024,"Shrimp","Makah",1827,745,2.45234899328859,48.3200195042339,-124.658153213169
"Tulalip Bay",2021,"Fukui","WDFW",0,20,0,48.05376445,-122.272657725
"Tulalip Bay",2021,"Minnow","WDFW",0,20,0,48.05376445,-122.272657725
"Twin Rivers",2024,"Fukui","WDFW",0,15,0,47.259804191,-123.01682447254
"Twin Rivers",2024,"Minnow","WDFW",0,14,0,47.259804191,-123.01682447254
"Twin Rivers",2024,"Shrimp","WDFW",0,2,0,47.259804191,-123.01682447254
"Wa'atch",2020,"Fukui","WSG",3,2,1.5,48.345,-124.67149
"Wa'atch",2022,"Fukui","WSG",14,4,3.5,48.345,-124.67149
"Wa'atch",2023,"Fukui","WSG",2,4,0.5,48.345,-124.67149
"Wa'atch Point",2023,"Shrimp","Makah",466,75,6.21333333333333,48.3413715724164,-124.680491293455
"Wa'atch Point",2024,"Shrimp","Makah",99,153,0.647058823529412,48.3413715724164,-124.680491293455
"Wa'atch River",2018,"Fukui","Makah",183,523,0.349904397705545,48.3447516928022,-124.670829539479
"Wa'atch River",2018,"Minnow","Makah",22,510,0.0431372549019608,48.3447516928022,-124.670829539479
"Wa'atch River",2018,"Russell","Makah",30,25,1.2,48.3447516928022,-124.670829539479
"Wa'atch River",2018,"Shrimp","Makah",31,11,2.81818181818182,48.3447516928022,-124.670829539479
"Wa'atch River",2019,"Fukui","Makah",148,332,0.44578313253012,48.3447516928022,-124.670829539479
"Wa'atch River",2019,"Minnow","Makah",22,306,0.0718954248366013,48.3447516928022,-124.670829539479
"Wa'atch River",2019,"Russell","Makah",19,18,1.05555555555556,48.3447516928022,-124.670829539479
"Wa'atch River",2019,"Shrimp","Makah",146,31,4.70967741935484,48.3447516928022,-124.670829539479
"Wa'atch River",2020,"Fukui","Makah",8,15,0.533333333333333,48.3447516928022,-124.670829539479
"Wa'atch River",2020,"Minnow","Makah",2,21,0.0952380952380952,48.3447516928022,-124.670829539479
"Wa'atch River",2020,"Russell","Makah",9,16,0.5625,48.3447516928022,-124.670829539479
"Wa'atch River",2020,"Shrimp","Makah",197,52,3.78846153846154,48.3447516928022,-124.670829539479
"Wa'atch River",2021,"Minnow","Makah",0,16,0,48.3447516928022,-124.670829539479
"Wa'atch River",2021,"Shrimp","Makah",103,32,3.21875,48.3447516928022,-124.670829539479
"Wa'atch River",2022,"Fukui","Makah",16,13,1.23076923076923,48.3447516928022,-124.670829539479
"Wa'atch River",2022,"Minnow","Makah",439,347,1.26512968299712,48.3447516928022,-124.670829539479
"Wa'atch River",2022,"Shrimp","Makah",3181,344,9.24709302325581,48.3447516928022,-124.670829539479
"Wa'atch River",2023,"Fukui","Makah",2,2,1,48.3447516928022,-124.670829539479
"Wa'atch River",2023,"Shrimp","Makah",1374,905,1.5182320441989,48.3447516928022,-124.670829539479
"Wa'atch River",2024,"Fukui","Makah",8,2,4,48.3447516928022,-124.670829539479
"Wa'atch River",2024,"Seine Net","Makah",78,7,11.1428571428571,48.3447516928022,-124.670829539479
"Wa'atch River",2024,"Shrimp","Makah",479,613,0.781402936378467,48.3447516928022,-124.670829539479
"Waikiki Lagoon",2021,"Fukui","WDFW",0,18,0,46.2792264962041,-124.061905144354
"Waikiki Lagoon",2021,"Minnow","WDFW",0,18,0,46.2792264962041,-124.061905144354
"Waikiki Lagoon",2022,"Fukui","WDFW",0,35,0,46.2792264962041,-124.061905144354
"Waikiki Lagoon",2022,"Minnow","WDFW",2,35,0.0571428571428571,46.2792264962041,-124.061905144354
"Waikiki Lagoon",2023,"Fukui","WDFW",0,10,0,46.2792264962041,-124.061905144354
"Waikiki Lagoon",2023,"Minnow","WDFW",0,10,0,46.2792264962041,-124.061905144354
"Waikiki Lagoon",2023,"Shrimp","WDFW",0,10,0,46.2792264962041,-124.061905144354
"Walan Point",2018,"Fukui","WDFW",0,60,0,48.0723004836689,-122.743946985358
"Walan Point",2018,"Minnow","WDFW",0,62,0,48.0723004836689,-122.743946985358
"Walan Point",2023,"Fukui","WDFW",0,45,0,48.0723004836689,-122.743946985358
"Walan Point",2023,"Minnow","WDFW",0,45,0,48.0723004836689,-122.743946985358
"Walan Point",2023,"Shrimp","WDFW",0,5,0,48.0723004836689,-122.743946985358
"Walan Point",2024,"Fukui","WDFW",0,30,0,48.0723004836689,-122.743946985358
"Walan Point",2024,"Minnow","WDFW",0,30,0,48.0723004836689,-122.743946985358
"Walan Point",2024,"Shrimp","WDFW",0,5,0,48.0723004836689,-122.743946985358
"Wallacut River",2021,"Fukui","WDFW",0,10,0,46.3189350854545,-124.013369370909
"Wallacut River",2021,"Minnow","WDFW",0,11,0,46.3189350854545,-124.013369370909
"Washington Harbor",2017,"Fukui","WSG",0,3,0,48.0883222880662,-123.043779993232
"Washington Harbor",2018,"Fukui","WSG",0,4,0,48.0883222880662,-123.043779993232
"Washington Harbor",2019,"Fukui","WSG",0,4,0,48.0883222880662,-123.043779993232
"Washington Harbor",2020,"Fukui","WSG",0,4,0,48.0883222880662,-123.043779993232
"Washington Harbor",2021,"Fukui","WDFW, WSG",0,78,0,48.0883222880662,-123.043779993232
"Washington Harbor",2021,"Minnow","WDFW",0,88,0,48.0883222880662,-123.043779993232
"Washington Harbor",2022,"Fukui","WDFW, WSG",0,54,0,48.0883222880662,-123.043779993232
"Washington Harbor",2022,"Minnow","WDFW",0,51,0,48.0883222880662,-123.043779993232
"Washington Harbor",2023,"Fukui","WSG",0,4,0,48.0883222880662,-123.043779993232
"Weavering Spit",2017,"Fukui","WSG",0,4,0,48.48124,-122.5868
"Weavering Spit",2018,"Fukui","WSG",0,4,0,48.48124,-122.5868
"West 90 North",2017,"Fukui","WSG",0,4,0,48.5504455,-122.499990633333
"West 90 North",2018,"Fukui","WSG, Padilla",0,16,0,48.5504455,-122.499990633333
"West 90 North",2018,"Minnow","Padilla",0,12,0,48.5504455,-122.499990633333
"West 90 North",2019,"Fukui","WSG, Padilla",0,16,0,48.5504455,-122.499990633333
"West 90 North",2019,"Minnow","Padilla",0,12,0,48.5504455,-122.499990633333
"West 90 North",2020,"Fukui","WSG, Padilla",0,32,0,48.5504455,-122.499990633333
"West 90 North",2020,"Minnow","Padilla",0,30,0,48.5504455,-122.499990633333
"West 90 North",2021,"Fukui","WSG, Padilla",0,26,0,48.5504455,-122.499990633333
"West 90 North",2021,"Minnow","Padilla",0,42,0,48.5504455,-122.499990633333
"West 90 North",2022,"Fukui","WSG, Padilla",2,81,0.0246913580246914,48.5504455,-122.499990633333
"West 90 North",2022,"Minnow","Padilla",4,124,0.032258064516129,48.5504455,-122.499990633333
"West 90 North",2023,"Fukui","WSG, Padilla",1,118,0.00847457627118644,48.5504455,-122.499990633333
"West 90 North",2023,"Minnow","Padilla",1,116,0.00862068965517241,48.5504455,-122.499990633333
"West 90 North",2024,"Fukui","Padilla",8,78,0.102564102564103,48.5504455,-122.499990633333
"West 90 North",2024,"Minnow","Padilla",28,152,0.184210526315789,48.5504455,-122.499990633333
"West 90 South",2020,"Fukui","Padilla",1,25,0.04,48.535045,-122.487583
"West 90 South",2020,"Minnow","Padilla",1,42,0.0238095238095238,48.535045,-122.487583
"West 90 South",2021,"Fukui","Padilla",0,9,0,48.535045,-122.487583
"West 90 South",2021,"Minnow","Padilla",1,31,0.032258064516129,48.535045,-122.487583
"West 90 South",2022,"Fukui","Padilla",0,6,0,48.535045,-122.487583
"West 90 South",2022,"Minnow","Padilla",1,24,0.0416666666666667,48.535045,-122.487583
"West 90 South",2023,"Fukui","Padilla",1,112,0.00892857142857143,48.535045,-122.487583
"West 90 South",2023,"Minnow","Padilla",4,114,0.0350877192982456,48.535045,-122.487583
"West 90 South",2024,"Fukui","Padilla",4,74,0.0540540540540541,48.535045,-122.487583
"West 90 South",2024,"Minnow","Padilla",33,148,0.222972972972973,48.535045,-122.487583
"West Pass",2020,"Fukui","WDFW",0,33,0,48.2623243811553,-122.436567717803
"West Pass",2020,"Minnow","WDFW",0,32,0,48.2623243811553,-122.436567717803
"West Samish Bay",2020,"Fukui","Padilla",0,39,0,48.55841,-122.47794
"West Samish Bay",2020,"Minnow","Padilla",0,44,0,48.55841,-122.47794
"Westcott Bay",2016,"Fukui","WSG",1,4,0.25,48.6083411,-123.1435999
"Westcott Bay",2017,"Fukui","WSG",0,4,0,48.6083411,-123.1435999
"Westcott Bay",2018,"Fukui","WSG",1,4,0.25,48.6083411,-123.1435999
"Westcott Bay",2019,"Fukui","WSG",0,4,0,48.6083411,-123.1435999
"Westcott Bay",2020,"Fukui","WSG",0,4,0,48.6083411,-123.1435999
"Westcott Bay",2021,"Fukui","WSG",0,4,0,48.6083411,-123.1435999
"Westcott Bay",2022,"Fukui","WSG",0,4,0,48.6083411,-123.1435999
"Westcott Bay",2023,"Fukui","WSG",0,4,0,48.6083411,-123.1435999
"Westcott Bay Marsh",2018,"Fukui","WDFW",1,53,0.0188679245283019,48.6081977392319,-123.143181695628
"Westcott Bay Marsh",2018,"Minnow","WDFW",0,46,0,48.6081977392319,-123.143181695628
"Westcott Bay Marsh",2018,"Shrimp","WDFW",0,2,0,48.6081977392319,-123.143181695628
"Westcott Bay Marsh",2019,"Fukui","WDFW",1,52,0.0192307692307692,48.6081977392319,-123.143181695628
"Westcott Bay Marsh",2019,"Minnow","WDFW",0,62,0,48.6081977392319,-123.143181695628
"Westcott Bay Marsh",2023,"Fukui","WDFW",0,29,0,48.6081977392319,-123.143181695628
"Westcott Bay Marsh",2023,"Minnow","WDFW",0,26,0,48.6081977392319,-123.143181695628
"Westcott Bay Marsh",2023,"Shrimp","WDFW",0,10,0,48.6081977392319,-123.143181695628
"Westport Airport",2021,"Fukui","WDFW",20,16,1.25,46.8933160527778,-124.095316752778
"Westport Airport",2021,"Hand","WDFW",1,1,1,46.8933160527778,-124.095316752778
"Westport Airport",2021,"Minnow","WDFW",24,15,1.6,46.8933160527778,-124.095316752778
"Westport Ballfield",2021,"Fukui","WDFW",4,16,0.25,46.8858388125,-124.0994620625
"Westport Ballfield",2021,"Minnow","WDFW",9,16,0.5625,46.8858388125,-124.0994620625
"White Point Lagoon",2018,"Fukui","WDFW",0,5,0,48.5967056436,-123.16882454
"White Point Lagoon",2018,"Minnow","WDFW",0,5,0,48.5967056436,-123.16882454
"White Point Lagoon",2023,"Fukui","WDFW",0,5,0,48.5967056436,-123.16882454
"White Point Lagoon",2023,"Minnow","WDFW",0,5,0,48.5967056436,-123.16882454
"White Point Lagoon",2023,"Shrimp","WDFW",0,2,0,48.5967056436,-123.16882454
"Willapa Bay Bridge",2023,"Fukui","WDFW",1,38,0.0263157894736842,46.4289644712171,-123.902638363487
"Willapa Bay Bridge",2023,"Minnow","WDFW",2,38,0.0526315789473684,46.4289644712171,-123.902638363487
"Willapa Bay Bridge",2023,"Shrimp","WDFW",8,30,0.266666666666667,46.4289644712171,-123.902638363487
"Winslow Wharf",2024,"Shrimp","WDFW",0,15,0,47.6216178633333,-122.521438555556
"Wolfe Property",2022,"Fukui","WDFW",0,89,0,47.886790165991,-122.629560194892
"Wolfe Property",2022,"Minnow","WDFW",0,97,0,47.886790165991,-122.629560194892
"Zelatched Point",2016,"Fukui","WSG",0,4,0,47.7113514,-122.8199679
"Zelatched Point",2017,"Fukui","WSG",0,4,0,47.7113514,-122.8199679
"Zelatched Point",2018,"Fukui","WSG",0,4,0,47.7113514,-122.8199679
"Zelatched Point",2019,"Fukui","WSG",0,4,0,47.7113514,-122.8199679
"Zelatched Point",2020,"Fukui","WSG",0,4,0,47.7113514,-122.8199679
"Zelatched Point",2021,"Fukui","WSG",0,3,0,47.7113514,-122.8199679
"Zelatched Point",2022,"Fukui","WSG",0,3,0,47.7113514,-122.8199679
"Zelatched Point",2023,"Fukui","WSG",0,4,0,47.7113514,-122.8199679
"ada",2008,"Fukui","DFO",0,6,0,52.056885,-128.05145
"ada",2012,"Fukui","DFO",0,6,0,52.056885,-128.05145
"agamemnon",2013,"Fukui","DFO",0,5,0,49.71353,-124.0815
"alpha",2011,"Fukui","DFO",0,6,0,53.20457,-132.2118
"amai",2010,"Fukui","DFO",328,12,27.3333333333333,50.02465,-127.0826
"amaimid",2010,"Fukui","DFO",5,11,0.454545454545455,50.0216,-127.102963636364
"anchorage",2007,"Fukui","DFO",6,11,0.545454545454545,50.3055095454545,-127.808145454545
"anchorage",2015,"Fukui","DFO",0,6,0,50.3055095454545,-127.808145454545
"anderson",2012,"Fukui","DFO",0,6,0,48.3597116666667,-123.65935
"anderson",2013,"Fukui","DFO",7,6,1.16666666666667,48.3597116666667,-123.65935
"anderson",2015,"Fukui","DFO",147,24,6.125,48.3597116666667,-123.65935
"apple",2012,"Fukui","DFO",0,18,0,50.6054410416667,-127.655841666667
"apple",2013,"Fukui","DFO",0,24,0,50.6054410416667,-127.655841666667
"apple",2014,"Fukui","DFO",4,36,0.111111111111111,50.6054410416667,-127.655841666667
"apple",2023,"Fukui","DFO",67,12,5.58333333333333,50.6054410416667,-127.655841666667
"ardmillan",2012,"Fukui","DFO",0,6,0,52.1882,-128.126433333333
"ardmillan",2014,"Fukui","DFO",0,6,0,52.1882,-128.126433333333
"ardmillan",2016,"Fukui","DFO",0,6,0,52.1882,-128.126433333333
"arnoup",2008,"Fukui","DFO",0,18,0,52.9682466666667,-128.674066666667
"ashton",2008,"Fukui","DFO",0,6,0,53.80853,-128.9008
"athlonesouth",2008,"Fukui","DFO",0,6,0,52.18022,-128.3875
"atleo",2010,"Fukui","DFO",1,12,0.0833333333333333,49.369225,-126.06195
"atli",2012,"Fukui","DFO",0,6,0,52.14263,-128.0755
"austin",2015,"Fukui","DFO",0,6,0,48.864045,-125.314
"austin",2016,"Fukui","DFO",0,6,0,48.864045,-125.314
"axeeast",2012,"Fukui","DFO",0,6,0,52.2138933333333,-128.384766666667
"axeeast",2014,"Fukui","DFO",0,6,0,52.2138933333333,-128.384766666667
"axeeast",2016,"Fukui","DFO",0,6,0,52.2138933333333,-128.384766666667
"axemid",2012,"Fukui","DFO",0,6,0,52.219,-128.3895
"axenorth",2012,"Fukui","DFO",0,6,0,52.2312,-128.3787
"axewest",2012,"Fukui","DFO",0,6,0,52.214735,-128.3891
"axewest",2016,"Fukui","DFO",0,6,0,52.214735,-128.3891
"bacchante",2010,"Fukui","DFO",0,12,0,49.45393,-126.0346
"balch",2011,"Fukui","DFO",0,6,0,53.22872,-132.0953
"bamfield",2009,"Fukui","DFO",0,12,0,48.8150926268116,-125.157203140097
"bamfield",2013,"Fukui","DFO",0,23,0,48.8150926268116,-125.157203140097
"bamfield",2014,"Fukui","DFO",0,24,0,48.8150926268116,-125.157203140097
"bamfield",2015,"Fukui","DFO",0,24,0,48.8150926268116,-125.157203140097
"bamfield",2016,"Fukui","DFO",0,12,0,48.8150926268116,-125.157203140097
"bamfield",2023,"Fukui","DFO",2,18,0.111111111111111,48.8150926268116,-125.157203140097
"banfield",2013,"Fukui","DFO",0,6,0,48.43801,-123.3864
"baresides",2006,"Fukui","DFO",0,6,0,50.52887,-125.9919
"barnes",2012,"Fukui","DFO",0,6,0,48.360005,-123.653516666667
"barnes",2013,"Fukui","DFO",4,6,0.666666666666667,48.360005,-123.653516666667
"barnes",2015,"Fukui","DFO",100,12,8.33333333333333,48.360005,-123.653516666667
"barr",2006,"Fukui","DFO",0,6,0,49.91542,-126.7866
"barrier",2018,"Fukui","DFO",0,6,0,52.79222,-131.9695
"bawden",2006,"Fukui","DFO",0,6,0,49.29111,-126.0064
"beak",2012,"Fukui","DFO",0,12,0,52.246135,-128.1553
"beattie",2011,"Fukui","DFO",0,6,0,53.022,-131.903
"bell",2012,"Fukui","DFO",0,6,0,52.43342,-128.0826
"benson",2016,"Fukui","DFO",0,6,0,48.88548,-125.381
"berry",2016,"Fukui","DFO",0,5,0,52.28578,-128.2941
"bigfrypanwest",2011,"Fukui","DFO",0,6,0,51.48098,-127.7203
"birdwest",2013,"Fukui","DFO",0,6,0,50.19918,-125.0937
"blenkinsop",2006,"Fukui","DFO",0,12,0,50.484505,-126.0023
"boatnorth",2012,"Fukui","DFO",0,6,0,52.30953,-128.3725
"boatsouth",2012,"Fukui","DFO",0,6,0,52.306065,-128.37415
"boatsouth",2016,"Fukui","DFO",0,6,0,52.306065,-128.37415
"bob",2012,"Fukui","DFO",0,6,0,52.05153,-128.1063
"boddy",2012,"Fukui","DFO",0,6,0,52.1284,-128.3184
"bodegalagoon",2010,"Fukui","DFO",4,7,0.571428571428571,49.73317,-126.6444
"bodeganorth",2010,"Fukui","DFO",1,6,0.166666666666667,49.74243,-126.6448
"bookerbeach",2007,"Fukui","DFO",0,6,0,50.79202,-126.7486
"bookercoast",2007,"Fukui","DFO",0,12,0,50.783275,-126.77575
"bookerislet",2007,"Fukui","DFO",0,12,0,50.79092,-126.7656
"bookersouth",2007,"Fukui","DFO",0,6,0,50.77407,-126.7706
"boot",2013,"Fukui","DFO",0,6,0,48.78895,-123.1995
"boothcanal",2013,"Fukui","DFO",0,6,0,48.86702,-123.5502
"bootmid",2011,"Fukui","DFO",0,6,0,52.11052,-127.7767
"bootnorth",2008,"Fukui","DFO",0,12,0,52.1105,-127.752
"bootsouth",2008,"Fukui","DFO",0,12,0,52.106675,-127.752275
"bootsouth",2011,"Fukui","DFO",0,6,0,52.106675,-127.752275
"botanycove",2011,"Fukui","DFO",0,6,0,52.7305,-131.9441
"botanyend",2011,"Fukui","DFO",0,6,0,52.715645,-131.91995
"botanyend",2018,"Fukui","DFO",0,6,0,52.715645,-131.91995
"bottleneck",2007,"Fukui","DFO",0,6,0,49.44484,-126.2156
"bottleneck",2015,"Fukui","DFO",17,6,2.83333333333333,49.44484,-126.2156
"boundarymudflatnorth",2013,"Fukui","DFO",0,6,0,49.05865,-122.8692
"boundarymudflatsouth",2013,"Fukui","DFO",0,6,0,49.0623,-122.8751
"brabant",2015,"Fukui","DFO",1,6,0.166666666666667,48.938125,-125.31075
"brabant",2016,"Fukui","DFO",14,6,2.33333333333333,48.938125,-125.31075
"brackett",2013,"Fukui","DFO",0,6,0,48.77843,-123.2729
"brew",2013,"Fukui","DFO",0,6,0,49.7726,-124.3789
"broad",2011,"Fukui","DFO",0,6,0,51.28432,-127.595
"brooklyn",2013,"Fukui","DFO",0,12,0,49.66466,-124.9194
"browning",2007,"Fukui","DFO",6,12,0.5,50.50672,-128.0824
"brundigeend",2009,"Fukui","DFO",0,6,0,54.58553,-130.8941
"brundigemid",2009,"Fukui","DFO",0,6,0,54.59773,-130.8846
"buckley",2007,"Fukui","DFO",0,36,0,49.5417372222222,-124.860844444444
"buckley",2013,"Fukui","DFO",0,6,0,49.5417372222222,-124.860844444444
"buckley",2016,"Fukui","DFO",0,6,0,49.5417372222222,-124.860844444444
"buie",2008,"Fukui","DFO",0,6,0,52.96975,-128.6612
"bullockmid",2012,"Fukui","DFO",0,12,0,52.36251,-128.06455
"bullockmouth",2012,"Fukui","DFO",0,6,0,52.41535,-128.0831
"burleith",2013,"Fukui","DFO",0,6,0,49.00717,-123.8136
"burlo",2009,"Fukui","DFO",0,6,0,48.82242,-125.1475
"burnt",2011,"Fukui","DFO",0,6,0,51.318,-127.1623
"bute",2013,"Fukui","DFO",0,6,0,48.99652,-123.7926
"byrnes",2007,"Fukui","DFO",0,18,0,50.9084566666667,-127.294566666667
"cabin",2011,"Fukui","DFO",0,6,0,53.19677,-132.2801
"cachalot",2010,"Fukui","DFO",36,12,3,49.99761,-127.1326
"cameron",2011,"Fukui","DFO",0,6,0,53.1522,-132.0808
"canal",2012,"Fukui","DFO",0,6,0,52.09202,-128.0846
"cannery",2013,"Fukui","DFO",0,6,0,49.1207,-123.1792
"canoe",2011,"Fukui","DFO",272,48,5.66666666666667,48.9533659523809,-125.250095734127
"canoe",2012,"Fukui","DFO",44,70,0.628571428571429,48.9533659523809,-125.250095734127
"canoe",2012,"GearCode_50","DFO",1,48,0.0208333333333333,48.9533659523809,-125.250095734127
"canton",2010,"Fukui","DFO",0,12,0,49.7923,-126.4761
"caponero",2008,"Fukui","DFO",0,6,0,53.51733,-129.2758
"carmichael",2011,"Fukui","DFO",0,6,0,52.99107,-131.936
"cataract",2007,"Fukui","DFO",2,17,0.117647058823529,49.0175538235294,-125.281364705882
"cataract",2008,"Fukui","DFO",13,6,2.16666666666667,49.0175538235294,-125.281364705882
"cataractnorth",2010,"Fukui","DFO",7,6,1.16666666666667,49.01985,-125.2764
"cataractnorthwest",2007,"Fukui","DFO",2,17,0.117647058823529,49.0242323529412,-125.282829411765
"cavin",2012,"Fukui","DFO",0,6,0,52.187165,-128.13405
"cavin",2016,"Fukui","DFO",0,6,0,52.187165,-128.13405
"cayuse",2012,"Fukui","DFO",0,18,0,50.38072125,-127.464645833333
"cayuse",2013,"Fukui","DFO",0,24,0,50.38072125,-127.464645833333
"cayuse",2014,"Fukui","DFO",0,18,0,50.38072125,-127.464645833333
"cayuse",2023,"Fukui","DFO",8,18,0.444444444444444,50.38072125,-127.464645833333
"chambers",2009,"GearCode_76","DFO",0,2,0,54.92267,-129.989
"chambers",2009,"GearCode_82","DFO",0,1,0,54.92267,-129.989
"character",2014,"Fukui","DFO",0,24,0,48.88318875,-125.05905
"character",2015,"Fukui","DFO",0,24,0,48.88318875,-125.05905
"chemainus",2013,"Fukui","DFO",0,18,0,48.9064433333333,-123.6723
"chena",2006,"Fukui","DFO",20,17,1.17647058823529,49.8753755882353,-126.980905882353
"chena",2009,"Fukui","DFO",14,12,1.16666666666667,49.8753755882353,-126.980905882353
"chena",2010,"Fukui","DFO",6,12,0.5,49.8753755882353,-126.980905882353
"chisholm",2011,"Fukui","DFO",0,6,0,53.18585,-132.2537
"chonat",2006,"Fukui","DFO",0,12,0,50.29142,-125.30695
"christiebay",2011,"Fukui","DFO",0,6,0,53.19727,-132.2137
"cigaretteeast",2009,"Fukui","DFO",158,12,13.1666666666667,49.0063411444805,-125.290424512987
"cigaretteeast",2010,"Fukui","DFO",8,6,1.33333333333333,49.0063411444805,-125.290424512987
"cigaretteeast",2011,"Fukui","DFO",24,12,2,49.0063411444805,-125.290424512987
"cigaretteeast",2013,"Fukui","DFO",412,24,17.1666666666667,49.0063411444805,-125.290424512987
"cigaretteeast",2014,"Fukui","DFO",569,21,27.0952380952381,49.0063411444805,-125.290424512987
"cigaretteeast",2015,"Fukui","DFO",276,22,12.5454545454545,49.0063411444805,-125.290424512987
"cigaretteeast",2016,"Fukui","DFO",312,10,31.2,49.0063411444805,-125.290424512987
"cigaretteeast",2022,"Fukui","DFO",65,12,5.41666666666667,49.0063411444805,-125.290424512987
"cigarettewest",2009,"Fukui","DFO",80,6,13.3333333333333,49.0071166666667,-125.2931
"cigarettewest",2010,"Fukui","DFO",2,6,0.333333333333333,49.0071166666667,-125.2931
"cigarettewest",2011,"Fukui","DFO",29,6,4.83333333333333,49.0071166666667,-125.2931
"clarke",2019,"Fukui","DFO",0,18,0,48.8883233333333,-125.3795
"clatsehead",2012,"Fukui","DFO",0,13,0,52.3403546153846,-127.842238461538
"clatsemid",2012,"Fukui","DFO",0,6,0,52.35501,-127.8548
"clifton",2014,"Fukui","DFO",0,24,0,48.91822,-125.0619125
"clifton",2015,"Fukui","DFO",0,24,0,48.91822,-125.0619125
"clio",2006,"Fukui","DFO",11,11,1,49.3986583333333,-126.178866666667
"clio",2006,"GearCode_90","DFO",3,1,3,49.3986583333333,-126.178866666667
"clio",2010,"Fukui","DFO",0,12,0,49.3986583333333,-126.178866666667
"coalharbour",2012,"Fukui","DFO",5,12,0.416666666666667,50.597845,-127.571614015152
"coalharbour",2013,"Fukui","DFO",6,24,0.25,50.597845,-127.571614015152
"coalharbour",2014,"Fukui","DFO",86,66,1.3030303030303,50.597845,-127.571614015152
"coalharbour",2023,"Fukui","DFO",115,18,6.38888888888889,50.597845,-127.571614015152
"coaster",2015,"Fukui","DFO",0,6,0,48.894915,-125.3308
"coaster",2016,"Fukui","DFO",2,6,0.333333333333333,48.894915,-125.3308
"codvillebeach",2008,"Fukui","DFO",0,6,0,52.07465,-127.8661
"codvilleeast",2011,"Fukui","DFO",0,6,0,52.05935,-127.8356
"codvillenorth",2011,"Fukui","DFO",0,6,0,52.07697,-127.8618
"codvillesouth",2011,"Fukui","DFO",0,6,0,52.0424,-127.8671
"coldwell",2012,"Fukui","DFO",0,6,0,52.3326,-128.0377
"conglomerate",2011,"Fukui","DFO",0,6,0,53.06123,-131.8577
"conuma",2010,"Fukui","DFO",1,12,0.0833333333333333,49.7883,-126.44585
"cooperscove",2012,"Fukui","DFO",9,11,0.818181818181818,48.3906346320346,-123.656812554113
"cooperscove",2013,"Fukui","DFO",175,6,29.1666666666667,48.3906346320346,-123.656812554113
"cooperscove",2015,"Fukui","DFO",855,42,20.3571428571429,48.3906346320346,-123.656812554113
"coopersnorth",2012,"Fukui","DFO",3,6,0.5,48.39428,-123.65445
"coopersnorth",2013,"Fukui","DFO",63,6,10.5,48.39428,-123.65445
"courtenay",2013,"Fukui","DFO",0,6,0,49.66375,-124.9446
"crescentmarina",2013,"Fukui","DFO",0,6,0,49.05658,-122.8669
"crow",2009,"Fukui","DFO",0,12,0,54.711335,-130.2101
"cufra",2013,"Fukui","DFO",0,6,0,49.01343,-123.6852
"cultuseast",2011,"Fukui","DFO",0,6,0,51.92512,-128.1847
"cultuswest",2011,"Fukui","DFO",0,6,0,51.92783,-128.2126
"cumshewa",2011,"Fukui","DFO",0,6,0,53.16432,-132.0585
"cunninghamnorth",2008,"Fukui","DFO",0,6,0,52.2317775,-128.0063
"cunninghamnorth",2011,"Fukui","DFO",0,12,0,52.2317775,-128.0063
"cunninghamsouth",2008,"Fukui","DFO",0,6,0,52.2230227272727,-128.016986363636
"cunninghamsouth",2011,"Fukui","DFO",0,11,0,52.2230227272727,-128.016986363636
"curlew",2008,"Fukui","DFO",0,12,0,53.27596,-129.3261
"cypress",2006,"Fukui","DFO",2,12,0.166666666666667,49.2722841666667,-125.910916666667
"cypress",2010,"Fukui","DFO",21,18,1.16666666666667,49.2722841666667,-125.910916666667
"danube",2008,"Fukui","DFO",0,6,0,53.58293,-128.9584
"darby",2011,"Fukui","DFO",0,6,0,51.50463,-127.6863
"darr",2007,"Fukui","DFO",6,6,1,49.448055,-126.2922
"darr",2010,"Fukui","DFO",0,6,0,49.448055,-126.2922
"davey",2011,"Fukui","DFO",0,6,0,53.05392,-131.9894
"david",2016,"Fukui","DFO",0,6,0,52.87422,-128.1217
"davis",2007,"Fukui","DFO",0,11,0,50.88557,-127.0079
"dawson",2011,"Fukui","DFO",0,6,0,53.05322,-131.9142
"dearth",2012,"Fukui","DFO",0,6,0,52.2592,-128.2126
"debris",2007,"Fukui","DFO",30,12,2.5,50.298825,-127.723575
"debris",2015,"Fukui","DFO",19,6,3.16666666666667,50.298825,-127.723575
"deenacreek",2011,"Fukui","DFO",0,6,0,53.15592,-132.1165
"dempster",2015,"Fukui","DFO",0,6,0,48.90773,-125.2669
"dempster",2016,"Fukui","DFO",0,5,0,48.90773,-125.2669
"denad",2007,"Fukui","DFO",271,35,7.74285714285714,50.5365342857143,-128.007247142857
"denad",2012,"Fukui","DFO",10,6,1.66666666666667,50.5365342857143,-128.007247142857
"diggs",2012,"Fukui","DFO",12,17,0.705882352941177,50.5014835732364,-127.851639629955
"diggs",2013,"Fukui","DFO",10,23,0.434782608695652,50.5014835732364,-127.851639629955
"diggs",2014,"Fukui","DFO",15,18,0.833333333333333,50.5014835732364,-127.851639629955
"diggs",2023,"Fukui","DFO",106,16,6.625,50.5014835732364,-127.851639629955
"doben",2009,"GearCode_76","DFO",0,6,0,55.45147,-129.7711
"dodd",2015,"Fukui","DFO",0,6,0,48.91725,-125.33145
"dodd",2016,"Fukui","DFO",12,6,2,48.91725,-125.33145
"doerr",2013,"Fukui","DFO",63,6,10.5,48.36293,-123.6357
"donkey",2012,"Fukui","DFO",0,6,0,52.14683,-128.0718
"downie",2018,"Fukui","DFO",0,12,0,53.133415,-132.3549
"drumlummon",2008,"Fukui","DFO",0,6,0,53.76772,-129.0246
"duck",2007,"Fukui","DFO",0,12,0,50.66204,-126.5166
"dufferin",2008,"Fukui","DFO",0,6,0,52.189215,-128.3779
"dufferin",2011,"Fukui","DFO",0,6,0,52.189215,-128.3779
"dundas",2009,"Fukui","DFO",0,6,0,54.59152,-130.8701
"dunsmuir",2013,"Fukui","DFO",0,6,0,48.99282,-123.7899
"eastsooke",2013,"Fukui","DFO",0,6,0,48.368325,-123.711
"eastsooke",2015,"Fukui","DFO",0,12,0,48.368325,-123.711
"easy",2007,"Fukui","DFO",0,6,0,50.12175,-127.2972
"echo",2009,"Fukui","DFO",0,6,0,54.92913,-129.9458
"edwards",2011,"Fukui","DFO",0,6,0,52.797765,-131.99125
"edwards",2018,"Fukui","DFO",0,6,0,52.797765,-131.99125
"eelreef",2008,"Fukui","DFO",0,6,0,50.58942,-127.0915
"effinghamhead1",2009,"Fukui","DFO",40,18,2.22222222222222,49.0951384208937,-125.197937801932
"effinghamhead1",2011,"Fukui","DFO",28,18,1.55555555555556,49.0951384208937,-125.197937801932
"effinghamhead1",2013,"Fukui","DFO",246,24,10.25,49.0951384208937,-125.197937801932
"effinghamhead1",2014,"Fukui","DFO",1186,23,51.5652173913044,49.0951384208937,-125.197937801932
"effinghamhead1",2015,"Fukui","DFO",2456,48,51.1666666666667,49.0951384208937,-125.197937801932
"effinghamhead1",2016,"Fukui","DFO",1137,12,94.75,49.0951384208937,-125.197937801932
"effinghammid",2009,"Fukui","DFO",5,36,0.138888888888889,49.0503891119636,-125.165327461637
"effinghammid",2011,"Fukui","DFO",26,12,2.16666666666667,49.0503891119636,-125.165327461637
"effinghammid",2013,"Fukui","DFO",93,24,3.875,49.0503891119636,-125.165327461637
"effinghammid",2014,"Fukui","DFO",74,24,3.08333333333333,49.0503891119636,-125.165327461637
"effinghammid",2015,"Fukui","DFO",152,23,6.60869565217391,49.0503891119636,-125.165327461637
"effinghammid",2016,"Fukui","DFO",708,17,41.6470588235294,49.0503891119636,-125.165327461637
"egeria",2008,"Fukui","DFO",0,12,0,53.26856,-127.9522
"eliza",2009,"Fukui","DFO",30,18,1.66666666666667,49.9397375,-127.0478
"eliza",2010,"Fukui","DFO",8,12,0.666666666666667,49.9397375,-127.0478
"elizabethnorth",2007,"Fukui","DFO",0,6,0,50.66193,-126.483
"elizabethsouth",2007,"Fukui","DFO",0,6,0,50.65805,-126.4909
"elizaeast",2009,"Fukui","DFO",1,12,0.0833333333333333,49.9199525,-127.026425
"elizaeast",2010,"Fukui","DFO",1,6,0.166666666666667,49.9199525,-127.026425
"elizawest",2009,"Fukui","DFO",1,6,0.166666666666667,49.93246,-127.04605
"elizawest",2010,"Fukui","DFO",0,6,0,49.93246,-127.04605
"entrance",2010,"Fukui","DFO",52,6,8.66666666666667,49.00015,-125.2985
"espinosa",2010,"Fukui","DFO",0,6,0,49.98332,-126.9326
"espinosamid",2010,"Fukui","DFO",0,6,0,49.93152,-126.9379
"evanseast",2013,"Fukui","DFO",0,6,0,50.19792,-125.0625
"evansnorth",2013,"Fukui","DFO",0,6,0,50.2218,-125.0687
"evanswest",2013,"Fukui","DFO",0,6,0,50.20948,-125.0853
"eveleigh",2006,"Fukui","DFO",0,6,0,50.13972,-124.6941
"everard",2007,"Fukui","DFO",0,12,0,50.88796,-127.03585
"fairfax",2011,"Fukui","DFO",0,5,0,52.72105,-131.99645
"fairfax",2018,"Fukui","DFO",0,6,0,52.72105,-131.99645
"fancy",2008,"Fukui","DFO",0,12,0,52.059885,-128.0103
"fancy",2012,"Fukui","DFO",0,6,0,52.059885,-128.0103
"fannie",2008,"Fukui","DFO",0,6,0,52.046935,-128.0686
"fannie",2012,"Fukui","DFO",0,6,0,52.046935,-128.0686
"fanny",2007,"Fukui","DFO",0,18,0,49.4811294444444,-124.774594444444
"fanny",2013,"Fukui","DFO",0,24,0,49.4811294444444,-124.774594444444
"fanny",2016,"Fukui","DFO",0,18,0,49.4811294444444,-124.774594444444
"fatty",2009,"Fukui","DFO",1,11,0.0909090909090909,48.9791681818182,-125.011570833333
"fatty",2011,"Fukui","DFO",0,12,0,48.9791681818182,-125.011570833333
"fatty",2013,"Fukui","DFO",0,24,0,48.9791681818182,-125.011570833333
"fatty",2014,"Fukui","DFO",1,22,0.0454545454545455,48.9791681818182,-125.011570833333
"fatty",2015,"Fukui","DFO",1,22,0.0454545454545455,48.9791681818182,-125.011570833333
"fatty",2016,"Fukui","DFO",105,12,8.75,48.9791681818182,-125.011570833333
"finn",2007,"Fukui","DFO",0,11,0,51.49935,-127.7412
"fishtrap",2011,"Fukui","DFO",1,6,0.166666666666667,51.62465,-127.6965
"fitch",2009,"Fukui","DFO",0,6,0,54.60092,-130.8649
"foch",2008,"Fukui","DFO",0,6,0,53.77633,-129.0926
"forward",2006,"Fukui","DFO",0,12,0,50.48901,-125.70045
"frank",2007,"Fukui","DFO",0,6,0,51.29938,-127.5685
"frank",2011,"Fukui","DFO",0,6,0,51.29938,-127.5685
"frekeeast",2013,"Fukui","DFO",0,6,0,49.97452,-124.6792
"frekesouth",2006,"Fukui","DFO",0,12,0,49.9666275,-124.680275
"frekesouth",2013,"Fukui","DFO",0,12,0,49.9666275,-124.680275
"frypan",2007,"Fukui","DFO",0,11,0,51.50017,-127.7081
"gabriel",2013,"Fukui","DFO",0,6,0,48.83447,-123.4686
"galato",2007,"Fukui","DFO",905,36,25.1388888888889,50.5302746068966,-128.018781245977
"galato",2007,"GearCode_90","DFO",83,1,83,50.5302746068966,-128.018781245977
"galato",2012,"Fukui","DFO",0,6,0,50.5302746068966,-128.018781245977
"galato",2013,"Fukui","DFO",17,25,0.68,50.5302746068966,-128.018781245977
"galato",2014,"Fukui","DFO",128,58,2.20689655172414,50.5302746068966,-128.018781245977
"galebeach",2011,"Fukui","DFO",0,12,0,52.20327,-128.37325
"galepass",2008,"Fukui","DFO",0,12,0,52.204135,-128.3806
"galepass",2011,"Fukui","DFO",2,12,0.166666666666667,52.204135,-128.3806
"galepass",2014,"Fukui","DFO",11,8,1.375,52.204135,-128.3806
"galesouth",2014,"Fukui","DFO",44,4,11,52.20061,-128.397
"galiano",2007,"Fukui","DFO",0,12,0,49.704455,-126.4673
"gallagherslough",2018,"Fukui","DFO",0,3,0,48.58175,-124.4022
"galley",2015,"Fukui","DFO",5,6,0.833333333333333,48.92456,-125.29095
"galley",2016,"Fukui","DFO",44,6,7.33333333333333,48.92456,-125.29095
"gangessouth",2013,"Fukui","DFO",0,6,0,48.84605,-123.4914
"garden",2013,"Fukui","DFO",0,12,0,49.632825,-123.9968
"garry",2013,"Fukui","DFO",0,24,0,49.128235,-123.20365
"gazette",2010,"Fukui","DFO",3,6,0.5,49.92003,-126.6517
"german",2012,"Fukui","DFO",0,6,0,52.08618,-128.1391
"gerrans",2013,"Fukui","DFO",0,6,0,49.61613,-124.0476
"gibralter",2014,"Fukui","DFO",2,5,0.4,48.9128,-125.259066666667
"gibralter",2015,"Fukui","DFO",0,6,0,48.9128,-125.259066666667
"gibralter",2016,"Fukui","DFO",9,6,1.5,48.9128,-125.259066666667
"gilbert",2015,"Fukui","DFO",0,6,0,48.873915,-125.32225
"gilbert",2016,"Fukui","DFO",0,6,0,48.873915,-125.32225
"gildersleeve",2011,"Fukui","DFO",0,6,0,51.59717,-127.7733
"gold",2006,"Fukui","DFO",0,6,0,49.67952,-126.1116
"goolden",2011,"Fukui","DFO",0,6,0,51.89265,-128.21
"goosemid",2007,"Fukui","DFO",0,6,0,51.3789,-127.6706
"goosesouth",2007,"Fukui","DFO",0,30,0,51.372192,-127.66748
"gordonhg",2011,"Fukui","DFO",0,6,0,53.04092,-132.0288
"gorgesouth",2013,"Fukui","DFO",0,12,0,48.440725,-123.38325
"gosset",2011,"Fukui","DFO",0,6,0,53.2027,-132.2505
"governors",2009,"Fukui","DFO",0,1,0,54.97733,-129.9747
"governors",2009,"GearCode_82","DFO",0,1,0,54.97733,-129.9747
"gowlland",2012,"Fukui","DFO",0,6,0,52.21162,-128.2467
"gracenorth",2013,"Fukui","DFO",0,6,0,50.05598,-124.7447
"gracesouth",2013,"Fukui","DFO",0,5,0,50.04873,-124.7551
"grappler",2023,"Fukui","DFO",4,18,0.222222222222222,48.83435,-125.1104
"grapplernorth",2009,"Fukui","DFO",0,6,0,48.83782,-125.1139
"grapplersouth",2009,"Fukui","DFO",0,11,0,48.8343402351951,-125.110968471479
"grapplersouth",2011,"Fukui","DFO",1,18,0.0555555555555556,48.8343402351951,-125.110968471479
"grapplersouth",2014,"Fukui","DFO",6,54,0.111111111111111,48.8343402351951,-125.110968471479
"grapplersouth",2015,"Fukui","DFO",4,24,0.166666666666667,48.8343402351951,-125.110968471479
"grapplersouth",2016,"Fukui","DFO",73,12,6.08333333333333,48.8343402351951,-125.110968471479
"grapplersouth",2021,"Fukui","DFO",5,17,0.294117647058824,48.8343402351951,-125.110968471479
"grave",2007,"Fukui","DFO",0,6,0,50.90317,-127.2962
"greenhouse",2013,"Fukui","DFO",0,6,0,48.364005,-123.7122
"greenhouse",2015,"Fukui","DFO",0,12,0,48.364005,-123.7122
"guise",2007,"Fukui","DFO",7,18,0.388888888888889,49.8000816666667,-126.835791666667
"guise",2010,"Fukui","DFO",1,12,0.0833333333333333,49.8000816666667,-126.835791666667
"gunboat",2013,"Fukui","DFO",0,6,0,49.62572,-124.0097
"hamiltoncove",2013,"Fukui","DFO",0,6,0,48.77732,-123.2749
"hand",2014,"Fukui","DFO",3,6,0.5,48.9511945833333,-125.3146125
"hand",2015,"Fukui","DFO",0,12,0,48.9511945833333,-125.3146125
"hand",2016,"Fukui","DFO",22,12,1.83333333333333,48.9511945833333,-125.3146125
"hand",2019,"Fukui","DFO",4,18,0.222222222222222,48.9511945833333,-125.3146125
"hankin",2007,"Fukui","DFO",2,7,0.285714285714286,50.10475,-127.2191
"hawk",2008,"Fukui","DFO",0,12,0,53.272515,-129.35185
"head",2007,"Fukui","DFO",28,6,4.66666666666667,50.294935,-127.7187
"head",2015,"Fukui","DFO",88,6,14.6666666666667,50.294935,-127.7187
"henry",2013,"Fukui","DFO",0,6,0,49.574225,-124.84135
"henry",2016,"Fukui","DFO",0,6,0,49.574225,-124.84135
"hickey",2011,"Fukui","DFO",0,6,0,51.30758,-127.3407
"higginseast",2012,"Fukui","DFO",0,6,0,52.46815,-128.6675
"higginsmouth",2012,"Fukui","DFO",0,6,0,52.4775,-128.6377
"higginswest",2012,"Fukui","DFO",0,6,0,52.46718,-128.6902
"hill",2006,"Fukui","DFO",0,6,0,50.51467,-125.7571
"hillier",2007,"Fukui","DFO",0,5,0,49.0319439484394,-125.322502309191
"hillier",2008,"Fukui","DFO",296,12,24.6666666666667,49.0319439484394,-125.322502309191
"hillier",2009,"Fukui","DFO",373,22,16.9545454545455,49.0319439484394,-125.322502309191
"hillier",2010,"Fukui","DFO",1571,170,9.24117647058823,49.0319439484394,-125.322502309191
"hillier",2011,"Fukui","DFO",1203,175,6.87428571428571,49.0319439484394,-125.322502309191
"hillier",2012,"Fukui","DFO",260,72,3.61111111111111,49.0319439484394,-125.322502309191
"hillier",2012,"GearCode_50","DFO",106,47,2.25531914893617,49.0319439484394,-125.322502309191
"hillier",2013,"Fukui","DFO",589,18,32.7222222222222,49.0319439484394,-125.322502309191
"hillier",2014,"Fukui","DFO",1513,24,63.0416666666667,49.0319439484394,-125.322502309191
"hillier",2015,"Fukui","DFO",1016,24,42.3333333333333,49.0319439484394,-125.322502309191
"hillier",2016,"Fukui","DFO",1925,17,113.235294117647,49.0319439484394,-125.322502309191
"hillier",2017,"Fukui","DFO",147,2,73.5,49.0319439484394,-125.322502309191
"hillier",2019,"Fukui","DFO",586,17,34.4705882352941,49.0319439484394,-125.322502309191
"hillier",2021,"Fukui","DFO",125,16,7.8125,49.0319439484394,-125.322502309191
"hillier",2022,"Fukui","DFO",352,34,10.3529411764706,49.0319439484394,-125.322502309191
"hillier",2023,"Fukui","DFO",527,17,31,49.0319439484394,-125.322502309191
"hillier",2024,"Fukui","DFO",1204,30,40.1333333333333,49.0319439484394,-125.322502309191
"hilton",2008,"Fukui","DFO",0,6,0,53.81713,-128.9005
"hisnit",2007,"Fukui","DFO",0,6,0,49.75213,-126.5113
"hoeya",2007,"Fukui","DFO",0,12,0,50.700495,-125.9669
"holberg",2012,"Fukui","DFO",0,17,0,50.648424620098,-128.002931617647
"holberg",2013,"Fukui","DFO",0,24,0,50.648424620098,-128.002931617647
"holberg",2014,"Fukui","DFO",0,18,0,50.648424620098,-128.002931617647
"holberg",2023,"Fukui","DFO",0,18,0,50.648424620098,-128.002931617647
"holbergmid",2012,"Fukui","DFO",0,18,0,50.6155945098039,-127.86575
"holbergmid",2023,"Fukui","DFO",0,17,0,50.6155945098039,-127.86575
"home",2008,"Fukui","DFO",0,12,0,53.2746,-129.086975
"home",2008,"GearCode_82","DFO",0,1,0,53.2746,-129.086975
"horsfallnorth",2012,"Fukui","DFO",0,6,0,52.20205,-128.2992
"horsfallsouth",2012,"Fukui","DFO",0,6,0,52.19307,-128.3078
"hortonbeach",2013,"Fukui","DFO",0,6,0,48.82877,-123.2523
"howard",2008,"Fukui","DFO",0,12,0,53.27454,-129.31205
"humpback",2006,"Fukui","DFO",0,12,0,50.36121,-125.68865
"hunger",2011,"Fukui","DFO",0,6,0,52.75225,-132.0238
"hutchinson",2012,"Fukui","DFO",13,6,2.16666666666667,48.3878122222222,-123.634877777778
"hutchinson",2013,"Fukui","DFO",144,6,24,48.3878122222222,-123.634877777778
"hutchinson",2015,"Fukui","DFO",1073,18,59.6111111111111,48.3878122222222,-123.634877777778
"ice",2006,"Fukui","DFO",17,12,1.41666666666667,49.47285825,-126.2354575
"ice",2007,"Fukui","DFO",34,15,2.26666666666667,49.47285825,-126.2354575
"ice",2010,"Fukui","DFO",9,12,0.75,49.47285825,-126.2354575
"ice",2015,"Fukui","DFO",139,12,11.5833333333333,49.47285825,-126.2354575
"illahiemid",2011,"Fukui","DFO",1,6,0.166666666666667,51.66482,-127.8143
"indian",2007,"Fukui","DFO",0,12,0,51.284335,-127.6441
"indian",2011,"Fukui","DFO",0,5,0,51.284335,-127.6441
"inskip",2018,"Fukui","DFO",0,6,0,53.00732,-132.2344
"isaac",2009,"Fukui","DFO",0,6,0,55.42677,-129.7931
"jackson",2006,"Fukui","DFO",0,6,0,50.52927,-125.8213
"jagers",2008,"Fukui","DFO",0,12,0,52.280945,-127.9934
"jane",2008,"Fukui","DFO",0,6,0,52.049915,-128.0566
"jane",2012,"Fukui","DFO",0,6,0,52.049915,-128.0566
"jansen",2007,"Fukui","DFO",6,6,1,50.10507,-127.2762
"jap",2011,"Fukui","DFO",0,6,0,51.3818,-127.1162
"jaques",2010,"Fukui","DFO",0,6,0,48.91874,-125.273375
"jaques",2014,"Fukui","DFO",3,6,0.5,48.91874,-125.273375
"jaques",2015,"Fukui","DFO",10,6,1.66666666666667,48.91874,-125.273375
"jaques",2016,"Fukui","DFO",23,6,3.83333333333333,48.91874,-125.273375
"jarviseast",2014,"Fukui","DFO",0,6,0,48.922025,-125.2736
"jarviseast",2019,"Fukui","DFO",0,6,0,48.922025,-125.2736
"jarvisnorth",2016,"Fukui","DFO",1,6,0.166666666666667,48.92532,-125.2814
"jarvissouth",2014,"Fukui","DFO",8,11,0.727272727272727,48.9211743181818,-125.277001136364
"jarvissouth",2015,"Fukui","DFO",4,12,0.333333333333333,48.9211743181818,-125.277001136364
"jarvissouth",2016,"Fukui","DFO",44,12,3.66666666666667,48.9211743181818,-125.277001136364
"jarvissouth",2019,"Fukui","DFO",1,12,0.0833333333333333,48.9211743181818,-125.277001136364
"jennis",2007,"Fukui","DFO",0,6,0,50.91739,-127.03
"jewitt",2010,"Fukui","DFO",0,6,0,49.68928,-126.6025
"joassa",2012,"Fukui","DFO",0,6,0,52.17508,-128.3399
"joe",2010,"Fukui","DFO",0,12,0,48.912955,-125.317986666667
"joe",2014,"Fukui","DFO",4,6,0.666666666666667,48.912955,-125.317986666667
"joe",2015,"Fukui","DFO",21,12,1.75,48.912955,-125.317986666667
"joe",2016,"Fukui","DFO",27,12,2.25,48.912955,-125.317986666667
"joe",2019,"Fukui","DFO",0,18,0,48.912955,-125.317986666667
"jula",2007,"Fukui","DFO",0,12,0,50.91188,-127.2711
"julian",2012,"Fukui","DFO",0,18,0,50.4843297916667,-127.608183333333
"julian",2013,"Fukui","DFO",0,24,0,50.4843297916667,-127.608183333333
"julian",2014,"Fukui","DFO",0,18,0,50.4843297916667,-127.608183333333
"julian",2023,"Fukui","DFO",1,18,0.0555555555555556,50.4843297916667,-127.608183333333
"kainet",2016,"Fukui","DFO",0,12,0,52.75514,-127.8869
"kakushdishcove",2008,"Fukui","DFO",0,6,0,52.14509,-128.0066
"kakushdishcove",2011,"Fukui","DFO",0,6,0,52.14509,-128.0066
"kakushdishcove",2016,"Fukui","DFO",0,6,0,52.14509,-128.0066
"kakushdishmid",2011,"Fukui","DFO",0,6,0,52.15283,-128.026
"kakushdishmouth",2008,"Fukui","DFO",0,12,0,52.1542625,-128.0424
"kakushdishmouth",2011,"Fukui","DFO",0,12,0,52.1542625,-128.0424
"kakushdishmouth",2014,"Fukui","DFO",0,3,0,52.1542625,-128.0424
"kakushdishmouth",2016,"Fukui","DFO",0,4,0,52.1542625,-128.0424
"kakushdishpoint",2008,"Fukui","DFO",0,6,0,52.1449675,-128.009775
"kakushdishpoint",2011,"Fukui","DFO",0,6,0,52.1449675,-128.009775
"kakushdishpoint",2012,"Fukui","DFO",0,6,0,52.1449675,-128.009775
"kakushdishpoint",2016,"Fukui","DFO",0,6,0,52.1449675,-128.009775
"kanisheast",2006,"Fukui","DFO",0,6,0,50.24012,-125.3134
"kanishwest",2006,"Fukui","DFO",0,6,0,50.24425,-125.3576
"kashutl",2007,"Fukui","DFO",0,6,0,50.15512,-127.2958
"kauwinch",2007,"Fukui","DFO",5,5,1,50.13939,-127.2661
"kayouk",2007,"Fukui","DFO",1,6,0.166666666666667,50.12838,-127.3068
"keitheast",2011,"Fukui","DFO",0,6,0,51.64502,-128.0869
"keithwest",2011,"Fukui","DFO",0,6,0,51.64345,-128.0987
"kelpnorth",2013,"Fukui","DFO",0,24,0,48.8530501086957,-125.109548913043
"kelpnorth",2014,"Fukui","DFO",0,23,0,48.8530501086957,-125.109548913043
"kelpnorth",2015,"Fukui","DFO",2,23,0.0869565217391304,48.8530501086957,-125.109548913043
"kendrick",2010,"Fukui","DFO",0,5,0,49.72345,-126.6477
"kendrickcamp",2010,"Fukui","DFO",0,6,0,49.72113,-126.6481
"kendricksouth",2010,"Fukui","DFO",0,6,0,49.71432,-126.6439
"kents",2013,"Fukui","DFO",0,6,0,49.78105,-124.2159
"kildidtnarrows",2011,"Fukui","DFO",0,6,0,51.87602,-128.1087
"kinsmannorth",2011,"Fukui","DFO",0,6,0,51.93688,-128.1858
"kinsmansouth",2011,"Fukui","DFO",0,6,0,51.92863,-128.1755
"kiskoshmid",2008,"Fukui","DFO",0,6,0,53.53005,-129.3087
"kiskoshmouth",2008,"Fukui","DFO",0,12,0,53.52086,-129.2962
"kitkiata",2008,"Fukui","DFO",0,11,0,53.6353654545455,-129.258766666667
"kitkiata",2008,"GearCode_76","DFO",0,1,0,53.6353654545455,-129.258766666667
"kitkiata",2008,"GearCode_82","DFO",0,2,0,53.6353654545455,-129.258766666667
"kitlope",2008,"Fukui","DFO",0,12,0,53.24593,-127.906675
"kitlope",2008,"GearCode_82","DFO",0,6,0,53.24593,-127.906675
"kitsaway",2008,"Fukui","DFO",0,24,0,53.5941325,-128.88455
"klaskino",2007,"Fukui","DFO",0,6,0,50.29925,-127.7341
"klaskinomid",2015,"Fukui","DFO",0,6,0,50.31343,-127.7798
"klayina",2012,"Fukui","DFO",5,6,0.833333333333333,50.54251,-127.9779
"kleeptee",2006,"Fukui","DFO",0,6,0,49.66333,-126.3739
"kloot",2007,"Fukui","DFO",0,12,0,50.48757,-127.6603
"koohoo",2011,"Fukui","DFO",0,6,0,53.05687,-132.015
"koskimo",2007,"Fukui","DFO",0,6,0,50.45473,-127.8914
"kumeon",2009,"Fukui","DFO",0,6,0,54.70965,-130.2545
"kunsoot",2008,"Fukui","DFO",0,12,0,52.1493475,-128.01065
"kunsoot",2011,"Fukui","DFO",0,6,0,52.1493475,-128.01065
"kunsoot",2012,"Fukui","DFO",0,6,0,52.1493475,-128.01065
"kunsoot",2016,"Fukui","DFO",0,4,0,52.1493475,-128.01065
"kuper",2018,"Fukui","DFO",0,6,0,52.98663,-132.1078
"kwakshua",2011,"Fukui","DFO",0,6,0,51.6427,-128.0777
"lagins",2011,"Fukui","DFO",0,6,0,53.22768,-132.3165
"laing",2018,"Fukui","DFO",0,18,0,52.96622,-132.0793
"lambardmid",2016,"Fukui","DFO",0,6,0,52.33918,-128.3258
"lambardnorth",2008,"Fukui","DFO",0,18,0,52.3552966666667,-128.32545
"lambardnorth",2012,"Fukui","DFO",0,6,0,52.3552966666667,-128.32545
"lambardsouth",2008,"Fukui","DFO",0,6,0,52.3387,-128.32995
"lambardsouth",2016,"Fukui","DFO",0,6,0,52.3387,-128.32995
"lancelot",2006,"Fukui","DFO",0,6,0,50.059475,-124.70045
"lancelot",2013,"Fukui","DFO",0,6,0,50.059475,-124.70045
"lang",2013,"Fukui","DFO",0,12,0,49.773165,-124.35905
"lannon",2013,"Fukui","DFO",45,6,7.5,48.38615,-123.6844
"lapan",2013,"Fukui","DFO",0,6,0,49.83669,-123.995
"laura",2006,"Fukui","DFO",0,6,0,50.14698,-124.6654
"laurie",2007,"Fukui","DFO",5,3,1.66666666666667,49.7785833333333,-126.831533333333
"laurie",2010,"Fukui","DFO",0,6,0,49.7785833333333,-126.831533333333
"leckie",2011,"Fukui","DFO",0,6,0,51.80532,-128.0923
"leinersouth",2010,"Fukui","DFO",0,18,0,49.9087241954023,-126.649993103448
"leinersouth",2018,"Fukui","DFO",1079,29,37.2068965517241,49.9087241954023,-126.649993103448
"lenaeast",2013,"Fukui","DFO",0,6,0,49.91782,-124.0213
"lenawest",2013,"Fukui","DFO",0,6,0,49.9204,-124.0242
"lime",2013,"Fukui","DFO",0,6,0,48.42865,-123.3847
"limekiln",2013,"Fukui","DFO",0,6,0,48.45382,-123.4435
"lina",2011,"Fukui","DFO",0,6,0,53.23627,-132.1105
"littleespinosa",2006,"Fukui","DFO",1,12,0.0833333333333333,49.94792,-126.907
"littleespinosa",2010,"Fukui","DFO",0,6,0,49.94792,-126.907
"littlepine1",2010,"Fukui","DFO",0,6,0,49.29417,-125.9799
"littlepine2",2010,"Fukui","DFO",0,6,0,49.29553,-125.9679
"lizzie",2012,"Fukui","DFO",0,6,0,52.05003,-128.0915
"lohbrunnernorth",2012,"Fukui","DFO",0,6,0,52.49268,-128.7322
"lohbrunnersouth",2012,"Fukui","DFO",0,6,0,52.4865,-128.7354
"lois",2013,"Fukui","DFO",0,6,0,49.76933,-124.3317
"lomgon",2011,"Fukui","DFO",0,6,0,52.78551,-132.096
"longharbour",2013,"Fukui","DFO",0,6,0,48.866,-123.472
"lucky",2007,"Fukui","DFO",2,4,0.5,49.0267833333333,-125.305233333333
"lucky",2008,"Fukui","DFO",126,6,21,49.0267833333333,-125.305233333333
"lucky",2011,"Fukui","DFO",0,6,0,49.0267833333333,-125.305233333333
"lull",2007,"Fukui","DFO",0,12,0,50.69983,-126.019
"lyall",2013,"Fukui","DFO",0,6,0,48.7965,-123.1794
"lyallwcvi",2019,"Fukui","DFO",2,18,0.111111111111111,48.9738933333333,-125.310166666667
"mackenzie",2018,"Fukui","DFO",0,6,0,53.04548,-132.3388
"macmillan",2011,"Fukui","DFO",0,6,0,53.18112,-132.0313
"madronabeach",2013,"Fukui","DFO",0,6,0,48.8554,-123.4796
"madronacove",2013,"Fukui","DFO",0,6,0,48.85878,-123.4879
"mahatta",2007,"Fukui","DFO",0,6,0,50.459,-127.8631
"mamat",2010,"Fukui","DFO",0,12,0,49.958635,-126.90875
"mamie",2007,"Fukui","DFO",0,6,0,51.303165,-127.57725
"mamie",2011,"Fukui","DFO",0,6,0,51.303165,-127.57725
"manzanita",2009,"Fukui","DFO",0,5,0,54.75733,-130.4472
"maple",2007,"Fukui","DFO",0,6,0,50.67731,-126.4566
"maplebay",2023,"Fukui","DFO",15,6,2.5,50.6056,-127.6559
"maplepoint",2007,"Fukui","DFO",0,6,0,50.6834,-126.462
"margaret",2007,"Fukui","DFO",0,13,0,51.3333538461538,-127.492338461538
"margaret",2011,"Fukui","DFO",0,6,0,51.3333538461538,-127.492338461538
"master",2012,"Fukui","DFO",0,6,0,52.06263,-128.0331
"matchlee",2006,"Fukui","DFO",0,6,0,49.61475,-126.0518
"maude",2011,"Fukui","DFO",0,6,0,53.19157,-132.1159
"mayne",2013,"Fukui","DFO",484,46,10.5217391304348,48.9748510485223,-125.289530967841
"mayne",2014,"Fukui","DFO",303,48,6.3125,48.9748510485223,-125.289530967841
"mayne",2015,"Fukui","DFO",474,48,9.875,48.9748510485223,-125.289530967841
"mayne",2016,"Fukui","DFO",368,12,30.6666666666667,48.9748510485223,-125.289530967841
"mayne",2017,"Fukui","DFO",276,12,23,48.9748510485223,-125.289530967841
"mayne",2019,"Fukui","DFO",94,15,6.26666666666667,48.9748510485223,-125.289530967841
"mayne",2021,"Fukui","DFO",35,18,1.94444444444444,48.9748510485223,-125.289530967841
"mayne",2022,"Fukui","DFO",67,60,1.11666666666667,48.9748510485223,-125.289530967841
"mayne",2023,"Fukui","DFO",125,17,7.35294117647059,48.9748510485223,-125.289530967841
"mayne",2024,"Fukui","DFO",130,16,8.125,48.9748510485223,-125.289530967841
"mcbride",2007,"Fukui","DFO",0,7,0,51.297575,-127.5376
"mcbride",2011,"Fukui","DFO",0,6,0,51.297575,-127.5376
"mccluskyeast",2011,"Fukui","DFO",0,5,0,51.64585,-127.7876
"mcgrath",2009,"Fukui","DFO",0,12,0,55.436165,-129.7528
"mcken",2006,"Fukui","DFO",0,36,0,48.5544466666667,-123.505833333333
"mcneill",2008,"Fukui","DFO",0,36,0,50.5942583333333,-127.121583333333
"mcneillwharf",2008,"Fukui","DFO",0,12,0,50.59185,-127.08695
"mcrae",2013,"Fukui","DFO",0,6,0,49.75017,-124.279
"meadow",2018,"Fukui","DFO",0,6,0,53.17078,-132.4346
"meay",2011,"Fukui","DFO",0,6,0,51.66565,-128.0779
"megineast",2010,"Fukui","DFO",0,5,0,49.43699,-126.0774
"meginwest",2010,"Fukui","DFO",0,6,0,49.43542,-126.0875
"melanie",2006,"Fukui","DFO",0,6,0,50.14185,-124.6687
"metcalf",2013,"Fukui","DFO",0,6,0,49.4948,-124.7608
"miskatla",2008,"Fukui","DFO",0,6,0,53.85447,-128.9171
"monkey",2007,"Fukui","DFO",0,18,0,50.4586481666667,-127.8096
"monkey",2012,"Fukui","DFO",0,18,0,50.4586481666667,-127.8096
"monkey",2013,"Fukui","DFO",6,24,0.25,50.4586481666667,-127.8096
"monkey",2014,"Fukui","DFO",0,18,0,50.4586481666667,-127.8096
"monkey",2023,"Fukui","DFO",3,18,0.166666666666667,50.4586481666667,-127.8096
"moody",2011,"Fukui","DFO",0,6,0,52.737115,-132.0015
"moody",2018,"Fukui","DFO",0,6,0,52.737115,-132.0015
"mooyah",2006,"Fukui","DFO",1,12,0.0833333333333333,49.630635,-126.45135
"morehousebeach",2012,"Fukui","DFO",0,6,0,52.26835,-128.096
"morehousecove",2012,"Fukui","DFO",0,6,0,52.26898,-128.0842
"moyeha",2010,"Fukui","DFO",0,12,0,49.41582,-125.9129
"mudgenorth",2018,"Fukui","DFO",0,6,0,52.9628,-132.1137
"mudgesouth",2018,"Fukui","DFO",0,6,0,52.95797,-132.1158
"mussel",2016,"Fukui","DFO",0,5,0,52.91528,-128.0373
"nanoosebay",2013,"Fukui","DFO",0,36,0,49.2654466666667,-124.178816666667
"narrow",2011,"Fukui","DFO",0,6,0,51.60258,-127.6686
"nass",2009,"Fukui","DFO",0,6,0,54.93415,-129.9337
"nathan",2012,"Fukui","DFO",0,6,0,52.3567,-128.3409
"naysash",2011,"Fukui","DFO",0,6,0,51.33855,-127.3234
"nealon",2012,"Fukui","DFO",0,6,0,52.29752,-128.0039
"neeta",2012,"Fukui","DFO",0,18,0,50.3442931582633,-127.435767507003
"neeta",2013,"Fukui","DFO",0,21,0,50.3442931582633,-127.435767507003
"neeta",2014,"Fukui","DFO",0,18,0,50.3442931582633,-127.435767507003
"neeta",2023,"Fukui","DFO",30,17,1.76470588235294,50.3442931582633,-127.435767507003
"nettle",2010,"Fukui","DFO",2,12,0.166666666666667,48.927895,-125.249425
"nettle",2014,"Fukui","DFO",3,6,0.5,48.927895,-125.249425
"nettle",2015,"Fukui","DFO",24,6,4,48.927895,-125.249425
"nettle",2016,"Fukui","DFO",8,6,1.33333333333333,48.927895,-125.249425
"nettlenorth",2019,"Fukui","DFO",0,12,0,48.93482,-125.2478
"nevillehead",2006,"Fukui","DFO",0,6,0,50.54193,-125.9743
"nevillemouth",2006,"Fukui","DFO",0,6,0,50.49537,-126.0881
"newcombe",2011,"Fukui","DFO",0,6,0,52.85432,-132.0816
"nicomekl",2013,"Fukui","DFO",0,12,0,49.0612975,-122.8546
"nicomekl",2016,"Fukui","DFO",0,6,0,49.0612975,-122.8546
"nordstrom",2007,"Fukui","DFO",0,12,0,50.48829,-127.9293
"nout",2023,"Fukui","DFO",0,18,0,50.4872666666667,-127.659666666667
"nuchat",2006,"Fukui","DFO",0,23,0,49.9301975,-126.907543478261
"nuchat",2010,"Fukui","DFO",1,12,0.0833333333333333,49.9301975,-126.907543478261
"nuchatl",2009,"Fukui","DFO",0,12,0,49.803385,-126.9617
"nuchatlbasin",2009,"Fukui","DFO",0,7,0,49.81132,-126.9669
"ochwe",2008,"Fukui","DFO",0,6,0,53.48497,-128.7573
"odin",2012,"Fukui","DFO",0,6,0,52.207885,-128.1793
"odin",2016,"Fukui","DFO",0,6,0,52.207885,-128.1793
"okime",2006,"Fukui","DFO",9,17,0.529411764705882,50.02723,-127.364705882353
"oliver",2008,"Fukui","DFO",0,12,0,52.314815,-128.34995
"oliver",2012,"Fukui","DFO",0,6,0,52.314815,-128.34995
"oliver",2016,"Fukui","DFO",0,6,0,52.314815,-128.34995
"omoah1",2015,"Fukui","DFO",2,6,0.333333333333333,48.873925,-125.3086
"omoah1",2016,"Fukui","DFO",0,6,0,48.873925,-125.3086
"omoah2",2014,"Fukui","DFO",0,6,0,48.87406,-125.3034
"omoah2",2015,"Fukui","DFO",0,6,0,48.87406,-125.3034
"omoah3",2014,"Fukui","DFO",1,6,0.166666666666667,48.8765455555556,-125.3046
"omoah3",2016,"Fukui","DFO",4,6,0.666666666666667,48.8765455555556,-125.3046
"omoah3",2019,"Fukui","DFO",1,18,0.0555555555555556,48.8765455555556,-125.3046
"ormidale",2012,"Fukui","DFO",0,12,0,52.1916675,-128.1528
"ormidale",2016,"Fukui","DFO",0,4,0,52.1916675,-128.1528
"ortonnorth",2011,"Fukui","DFO",0,6,0,52.26013,-128.0266
"ortonsouth",2011,"Fukui","DFO",0,6,0,52.25625,-128.0364
"outlook",2011,"Fukui","DFO",0,6,0,53.2412,-132.1797
"oysterbay",2013,"Fukui","DFO",0,18,0,49.0160833333333,-123.837833333333
"paisley",2008,"Fukui","DFO",0,6,0,53.76202,-129.0297
"pallant",2011,"Fukui","DFO",0,6,0,53.04917,-132.0203
"pamphlet",2007,"Fukui","DFO",0,12,0,50.51918,-127.6599
"pamphlet2",2007,"Fukui","DFO",0,12,0,50.51757,-127.6533
"paril",2008,"Fukui","DFO",0,12,0,53.490845,-128.76415
"passage",2008,"Fukui","DFO",0,6,0,52.30735,-128.3568
"pearl",2009,"Fukui","DFO",0,18,0,54.50345,-130.447533333333
"peatt",2008,"Fukui","DFO",0,12,0,52.961395,-128.68845
"pendrellnorth",2006,"Fukui","DFO",0,6,0,50.2917,-124.7218
"pendrellwest",2006,"Fukui","DFO",0,6,0,50.27317,-124.7284
"penny",2012,"Fukui","DFO",0,6,0,52.20323,-128.2694
"penrose",2013,"Fukui","DFO",0,6,0,50.01042,-124.7298
"perouse",2018,"Fukui","DFO",0,6,0,53.22173,-132.483
"pierce",2007,"Fukui","DFO",0,12,0,51.537035,-127.74855
"pierce",2011,"Fukui","DFO",0,6,0,51.537035,-127.74855
"pim",2013,"Fukui","DFO",2,6,0.333333333333333,48.3640066666667,-123.662116666667
"pim",2015,"Fukui","DFO",74,18,4.11111111111111,48.3640066666667,-123.662116666667
"pinkerton",2011,"Fukui","DFO",4,6,0.666666666666667,48.9644927777778,-125.284166666667
"pinkerton",2016,"Fukui","DFO",155,12,12.9166666666667,48.9644927777778,-125.284166666667
"pinkerton",2019,"Fukui","DFO",182,36,5.05555555555556,48.9644927777778,-125.284166666667
"pipestem",2006,"Fukui","DFO",223,67,3.32835820895522,49.0387818113632,-125.201431251088
"pipestem",2007,"Fukui","DFO",5079,207,24.536231884058,49.0387818113632,-125.201431251088
"pipestem",2007,"GearCode_50","DFO",378,49,7.71428571428571,49.0387818113632,-125.201431251088
"pipestem",2008,"Fukui","DFO",2844,64,44.4375,49.0387818113632,-125.201431251088
"pipestem",2008,"GearCode_50","DFO",25,12,2.08333333333333,49.0387818113632,-125.201431251088
"pipestem",2008,"GearCode_82","DFO",28,2,14,49.0387818113632,-125.201431251088
"pipestem",2009,"Fukui","DFO",519,18,28.8333333333333,49.0387818113632,-125.201431251088
"pipestem",2010,"Fukui","DFO",1520,589,2.58064516129032,49.0387818113632,-125.201431251088
"pipestem",2011,"Fukui","DFO",6941,362,19.1740331491713,49.0387818113632,-125.201431251088
"pipestem",2011,"GearCode_50","DFO",176,2,88,49.0387818113632,-125.201431251088
"pipestem",2012,"Fukui","DFO",17887,588,30.4200680272109,49.0387818113632,-125.201431251088
"pipestem",2013,"Fukui","DFO",17113,791,21.6346396965866,49.0387818113632,-125.201431251088
"pipestem",2014,"Fukui","DFO",12042,311,38.7202572347267,49.0387818113632,-125.201431251088
"pipestem",2015,"Fukui","DFO",362,24,15.0833333333333,49.0387818113632,-125.201431251088
"pipestem",2016,"Fukui","DFO",614,12,51.1666666666667,49.0387818113632,-125.201431251088
"pipestem",2017,"Fukui","DFO",248,7,35.4285714285714,49.0387818113632,-125.201431251088
"pipestem",2019,"Fukui","DFO",316,17,18.5882352941176,49.0387818113632,-125.201431251088
"pipestem",2021,"Fukui","DFO",104,17,6.11764705882353,49.0387818113632,-125.201431251088
"pipestem",2022,"Fukui","DFO",146,30,4.86666666666667,49.0387818113632,-125.201431251088
"pipestem",2023,"Fukui","DFO",636,17,37.4117647058824,49.0387818113632,-125.201431251088
"pipestem",2024,"Fukui","DFO",715,18,39.7222222222222,49.0387818113632,-125.201431251088
"pipestemmid1",2007,"Fukui","DFO",0,6,0,49.02575,-125.2559
"pipestemmid2",2007,"Fukui","DFO",6,17,0.352941176470588,49.0282488235294,-125.236364705882
"pipestemmid3",2007,"Fukui","DFO",2,4,0.5,49.031805,-125.22425
"pipestemmid3",2008,"Fukui","DFO",214,6,35.6666666666667,49.031805,-125.22425
"pipestemmid4",2007,"Fukui","DFO",137,15,9.13333333333333,49.037302,-125.22526
"pipestemmid5",2007,"Fukui","DFO",43,6,7.16666666666667,49.03232,-125.2412
"pipestemmid6",2007,"Fukui","DFO",3,4,0.75,49.02935,-125.2561
"plumper",2010,"Fukui","DFO",0,12,0,49.69424,-126.6357
"plumpernorth",2013,"Fukui","DFO",0,6,0,48.44845,-123.4332
"plumpersouth",2013,"Fukui","DFO",0,6,0,48.44221,-123.4334
"poison",2016,"Fukui","DFO",0,5,0,52.90405,-128.0277
"pope",2007,"Fukui","DFO",0,6,0,49.03155,-125.3329
"porters",2013,"Fukui","DFO",0,6,0,49.62652,-123.9953
"portsanjuan",2013,"Fukui","DFO",0,18,0,48.57893,-124.4143
"portsanjuan",2018,"Fukui","DFO",0,3,0,48.57893,-124.4143
"possibleGPSerror",2006,"Fukui","DFO",0,12,0,50.2932062058081,-126.295413320707
"possibleGPSerror",2006,"GearCode_50","DFO",0,11,0,50.2932062058081,-126.295413320707
"possibleGPSerror",2007,"Fukui","DFO",0,6,0,50.2932062058081,-126.295413320707
"possibleGPSerror",2008,"GearCode_82","DFO",0,6,0,50.2932062058081,-126.295413320707
"possibleGPSerror",2008,"GearCode_A1","DFO",0,1,0,50.2932062058081,-126.295413320707
"possibleGPSerror",2009,"GearCode_82","DFO",0,1,0,50.2932062058081,-126.295413320707
"possibleGPSerror",2010,"Fukui","DFO",109,12,9.08333333333333,50.2932062058081,-126.295413320707
"possibleGPSerror",2011,"Fukui","DFO",413,18,22.9444444444444,50.2932062058081,-126.295413320707
"possibleGPSerror",2012,"Fukui","DFO",0,12,0,50.2932062058081,-126.295413320707
"possibleGPSerror",2013,"Fukui","DFO",200,24,8.33333333333333,50.2932062058081,-126.295413320707
"possibleGPSerror",2015,"Fukui","DFO",2,12,0.166666666666667,50.2932062058081,-126.295413320707
"possibleGPSerror",2016,"Fukui","DFO",0,6,0,50.2932062058081,-126.295413320707
"potts",2012,"Fukui","DFO",0,6,0,52.14545,-128.3422
"prettygirl",2007,"Fukui","DFO",7,6,1.16666666666667,49.4691433333333,-126.246666666667
"prettygirl",2010,"Fukui","DFO",0,6,0,49.4691433333333,-126.246666666667
"prettygirl",2015,"Fukui","DFO",14,6,2.33333333333333,49.4691433333333,-126.246666666667
"price",2013,"Fukui","DFO",0,12,0,48.45465,-123.4531
"pricebay",2012,"Fukui","DFO",0,6,0,52.4714,-128.7015
"pricebeach",2012,"Fukui","DFO",0,6,0,52.48078,-128.7006
"pruthnorth",2011,"Fukui","DFO",0,6,0,51.65975,-128.117
"pruthsouth",2011,"Fukui","DFO",0,6,0,51.64622,-128.1195
"pruthwest",2011,"Fukui","DFO",0,6,0,51.6562,-128.1309
"quascilla",2011,"Fukui","DFO",0,6,0,51.28882,-127.3643
"quashtin",2007,"Fukui","DFO",26,12,2.16666666666667,50.51023,-128.0202
"queen",2006,"Fukui","DFO",32,24,1.33333333333333,49.8840508333333,-126.9823
"queen",2006,"GearCode_90","DFO",2,1,2,49.8840508333333,-126.9823
"queen",2010,"Fukui","DFO",1,6,0.166666666666667,49.8840508333333,-126.9823
"quinoot",2014,"Fukui","DFO",3,1,3,52.17005,-128.3408
"rainybay",2009,"Fukui","DFO",12,12,1,48.9834036062142,-125.032036843107
"rainybay",2011,"Fukui","DFO",15,17,0.882352941176471,48.9834036062142,-125.032036843107
"rainybay",2014,"Fukui","DFO",35,23,1.52173913043478,48.9834036062142,-125.032036843107
"rainybay",2015,"Fukui","DFO",48,21,2.28571428571429,48.9834036062142,-125.032036843107
"rainybay",2016,"Fukui","DFO",296,12,24.6666666666667,48.9834036062142,-125.032036843107
"rainybay",2019,"Fukui","DFO",181,17,10.6470588235294,48.9834036062142,-125.032036843107
"rainybay",2021,"Fukui","DFO",20,18,1.11111111111111,48.9834036062142,-125.032036843107
"rainybay",2023,"Fukui","DFO",53,17,3.11764705882353,48.9834036062142,-125.032036843107
"rait",2012,"Fukui","DFO",0,6,0,52.20823,-128.2966
"read",2006,"Fukui","DFO",0,6,0,50.52987,-125.7799
"reba",2012,"Fukui","DFO",0,6,0,52.14777,-128.3417
"redonda",2013,"Fukui","DFO",0,6,0,50.25862,-124.9701
"riley",2015,"Fukui","DFO",0,6,0,49.3893,-126.2214
"ripleycove",2012,"Fukui","DFO",0,6,0,52.42608,-127.8909
"ripleyinlet",2012,"Fukui","DFO",0,6,0,52.42135,-127.884
"ripple",2009,"GearCode_76","DFO",0,2,0,54.95352,-129.9358
"ripple",2009,"GearCode_82","DFO",0,1,0,54.95352,-129.9358
"ritherdon",2009,"Fukui","DFO",0,18,0,48.9525032965686,-124.978729232318
"ritherdon",2011,"Fukui","DFO",1,12,0.0833333333333333,48.9525032965686,-124.978729232318
"ritherdon",2014,"Fukui","DFO",6,48,0.125,48.9525032965686,-124.978729232318
"ritherdon",2015,"Fukui","DFO",14,24,0.583333333333333,48.9525032965686,-124.978729232318
"ritherdon",2016,"Fukui","DFO",40,7,5.71428571428571,48.9525032965686,-124.978729232318
"ritherdon",2017,"Fukui","DFO",67,9,7.44444444444444,48.9525032965686,-124.978729232318
"ritherdon",2019,"Fukui","DFO",20,18,1.11111111111111,48.9525032965686,-124.978729232318
"ritherdon",2023,"Fukui","DFO",7,17,0.411764705882353,48.9525032965686,-124.978729232318
"robbersnob",2006,"Fukui","DFO",0,6,0,50.51927,-126.064
"rochecove",2012,"Fukui","DFO",359,12,29.9166666666667,48.3705501321193,-123.624921706015
"rochecove",2013,"Fukui","DFO",554,11,50.3636363636364,48.3705501321193,-123.624921706015
"rochecove",2015,"Fukui","DFO",4981,179,27.8268156424581,48.3705501321193,-123.624921706015
"rochecove",2018,"Fukui","DFO",392,35,11.2,48.3705501321193,-123.624921706015
"rochecove",2018,"GearCode_99","DFO",47,1,47,48.3705501321193,-123.624921706015
"rochehead",2012,"Fukui","DFO",19,6,3.16666666666667,48.37285,-123.631
"rochehead",2013,"Fukui","DFO",72,6,12,48.37285,-123.631
"rory",2011,"Fukui","DFO",0,6,0,53.18587,-132.1322
"roy",2013,"Fukui","DFO",0,12,0,49.649435,-124.9308
"roy",2016,"Fukui","DFO",0,6,0,49.649435,-124.9308
"rupert",2012,"Fukui","DFO",22,36,0.611111111111111,50.5933257515823,-127.424928270042
"rupert",2013,"Fukui","DFO",1,24,0.0416666666666667,50.5933257515823,-127.424928270042
"rupert",2014,"Fukui","DFO",88,79,1.11392405063291,50.5933257515823,-127.424928270042
"rupert",2023,"Fukui","DFO",4,18,0.222222222222222,50.5933257515823,-127.424928270042
"salteryeast",2013,"Fukui","DFO",0,6,0,49.78245,-124.1725
"salterywest",2013,"Fukui","DFO",0,6,0,49.77962,-124.1798
"saltspring",2011,"Fukui","DFO",0,6,0,53.19035,-132.2321
"sandilands",2011,"Fukui","DFO",0,6,0,53.17103,-132.0923
"sanmateo",2009,"Fukui","DFO",0,17,0,48.9371672268908,-124.983875210084
"sanmateo",2011,"Fukui","DFO",0,12,0,48.9371672268908,-124.983875210084
"sanmateo",2014,"Fukui","DFO",4,24,0.166666666666667,48.9371672268908,-124.983875210084
"sanmateo",2015,"Fukui","DFO",2,24,0.0833333333333333,48.9371672268908,-124.983875210084
"sanmateo",2016,"Fukui","DFO",44,12,3.66666666666667,48.9371672268908,-124.983875210084
"sanmateo",2017,"Fukui","DFO",16,8,2,48.9371672268908,-124.983875210084
"sanmateo",2021,"Fukui","DFO",3,12,0.25,48.9371672268908,-124.983875210084
"sargeauntbeach",2007,"Fukui","DFO",0,6,0,50.696,-126.1982
"savey",2006,"Fukui","DFO",1,12,0.0833333333333333,49.96829,-126.94295
"savey",2010,"Fukui","DFO",0,6,0,49.96829,-126.94295
"schloss",2007,"Fukui","DFO",0,6,0,50.50191,-127.8664
"sechart",2011,"Fukui","DFO",1,6,0.166666666666667,48.9567819219368,-125.25609194664
"sechart",2013,"Fukui","DFO",7,23,0.304347826086957,48.9567819219368,-125.25609194664
"sechart",2014,"Fukui","DFO",4,22,0.181818181818182,48.9567819219368,-125.25609194664
"sechart",2015,"Fukui","DFO",3,22,0.136363636363636,48.9567819219368,-125.25609194664
"secret",2013,"Fukui","DFO",164,24,6.83333333333333,49.0012946405229,-125.368606495098
"secret",2014,"Fukui","DFO",758,48,15.7916666666667,49.0012946405229,-125.368606495098
"secret",2015,"Fukui","DFO",803,24,33.4583333333333,49.0012946405229,-125.368606495098
"secret",2021,"Fukui","DFO",52,17,3.05882352941176,49.0012946405229,-125.368606495098
"secret",2022,"Fukui","DFO",579,96,6.03125,49.0012946405229,-125.368606495098
"secret",2023,"Fukui","DFO",233,18,12.9444444444444,49.0012946405229,-125.368606495098
"securityend",2018,"Fukui","DFO",0,6,0,53.05877,-132.2623
"securityflat",2018,"Fukui","DFO",0,6,0,53.05945,-132.2815
"securitymid",2018,"Fukui","DFO",0,6,0,53.04603,-132.3127
"septimus",2011,"Fukui","DFO",0,5,0,52.09742,-127.8397
"shack",2012,"Fukui","DFO",0,6,0,52.38803,-127.8577
"sharbour1",2013,"Fukui","DFO",0,6,0,48.37211,-123.705775
"sharbour1",2015,"Fukui","DFO",0,12,0,48.37211,-123.705775
"shoomart",2010,"Fukui","DFO",4,12,0.333333333333333,49.79721,-126.7475
"shorter",2006,"Fukui","DFO",0,5,0,50.40918,-125.7312
"slatechuck",2011,"Fukui","DFO",0,6,0,53.22198,-132.2285
"small",2006,"Fukui","DFO",0,6,0,50.26372,-125.289
"snowden",2007,"Fukui","DFO",0,5,0,49.02748,-125.3385
"snuggery",2013,"Fukui","DFO",0,6,0,48.55365,-124.4214
"sookehead1",2012,"Fukui","DFO",3,6,0.5,48.378085,-123.63445
"sookehead1",2013,"Fukui","DFO",116,6,19.3333333333333,48.378085,-123.63445
"sookehead2",2013,"Fukui","DFO",7,6,1.16666666666667,48.36345,-123.6438
"sookelanding",2013,"Fukui","DFO",0,6,0,48.3761125,-123.716875
"sookelanding",2015,"Fukui","DFO",17,12,1.41666666666667,48.3761125,-123.716875
"sookemoutheast",2012,"Fukui","DFO",0,6,0,48.3619377777778,-123.705133333333
"sookemoutheast",2013,"Fukui","DFO",0,6,0,48.3619377777778,-123.705133333333
"sookemoutheast",2015,"Fukui","DFO",1,18,0.0555555555555556,48.3619377777778,-123.705133333333
"sookeprestige",2012,"Fukui","DFO",0,6,0,48.36268,-123.73005
"sookeprestige",2013,"Fukui","DFO",0,6,0,48.36268,-123.73005
"sookeprestige",2015,"Fukui","DFO",0,12,0,48.36268,-123.73005
"sookeriver",2012,"Fukui","DFO",0,12,0,48.3830174877451,-123.69842120098
"sookeriver",2013,"Fukui","DFO",2,17,0.117647058823529,48.3830174877451,-123.69842120098
"sookeriver",2015,"Fukui","DFO",244,32,7.625,48.3830174877451,-123.69842120098
"sophe",2010,"Fukui","DFO",0,6,0,49.79915,-126.8221
"spencer",2007,"Fukui","DFO",34,24,1.41666666666667,50.5019275,-127.8762
"spitfireinlet",2011,"Fukui","DFO",0,6,0,51.87127,-128.2134
"spitfiremid",2011,"Fukui","DFO",0,6,0,51.85767,-128.1934
"spitfirewest",2011,"Fukui","DFO",0,6,0,51.85445,-128.205
"stark",2009,"Fukui","DFO",0,6,0,55.41908,-129.753
"stopper",2013,"Fukui","DFO",113,23,4.91304347826087,48.9948782065217,-125.334729891304
"stopper",2014,"Fukui","DFO",43,24,1.79166666666667,48.9948782065217,-125.334729891304
"stopper",2015,"Fukui","DFO",29,24,1.20833333333333,48.9948782065217,-125.334729891304
"stopper",2016,"Fukui","DFO",109,18,6.05555555555556,48.9948782065217,-125.334729891304
"stryker",2012,"Fukui","DFO",0,6,0,52.13108,-128.3363
"sucwoa",2010,"Fukui","DFO",0,12,0,49.79999,-126.4948
"sutlej",2006,"Fukui","DFO",1,18,0.0555555555555556,49.30221,-125.949383333333
"sutlej",2010,"Fukui","DFO",0,12,0,49.30221,-125.949383333333
"tahsis",2010,"Fukui","DFO",0,6,0,49.92036,-126.65585
"tahsis",2018,"Fukui","DFO",236,6,39.3333333333333,49.92036,-126.65585
"tahsisgovwharf",2010,"Fukui","DFO",0,6,0,49.9125,-126.6619
"tahsissouth",2018,"Fukui","DFO",419,12,34.9166666666667,49.89954,-126.66835
"tancred",2007,"Fukui","DFO",0,5,0,50.8854,-126.9917
"tasu",2011,"Fukui","DFO",0,6,0,52.75012,-132.0152
"theodociacove",2006,"Fukui","DFO",0,6,0,50.06825,-124.69175
"theodociacove",2013,"Fukui","DFO",0,6,0,50.06825,-124.69175
"theodociapoint",2006,"Fukui","DFO",0,6,0,50.071825,-124.7031
"theodociapoint",2013,"Fukui","DFO",0,6,0,50.071825,-124.7031
"thetis",2018,"Fukui","DFO",0,6,0,52.93515,-132.1349
"thetisferry",2013,"Fukui","DFO",0,6,0,48.97993,-123.6848
"thetisharbour",2013,"Fukui","DFO",0,6,0,48.98347,-123.6752
"thompson",2008,"Fukui","DFO",0,6,0,52.17076,-128.3891
"thundernorth",2013,"Fukui","DFO",0,6,0,49.7733,-124.278
"thundersouth",2013,"Fukui","DFO",0,6,0,49.76126,-124.269
"tlupana",2007,"Fukui","DFO",0,6,0,49.7582,-126.3955
"topaze",2006,"Fukui","DFO",0,6,0,50.52567,-125.7227
"toquaht1",2007,"Fukui","DFO",0,6,0,49.0145,-125.306
"toquart",2007,"Fukui","DFO",1,16,0.0625,49.032105,-125.353508333333
"toquart",2008,"Fukui","DFO",100,6,16.6666666666667,49.032105,-125.353508333333
"toquart",2016,"Fukui","DFO",1319,12,109.916666666667,49.032105,-125.353508333333
"transit",2011,"Fukui","DFO",0,6,0,53.19478,-132.0162
"treesea",2010,"Fukui","DFO",0,6,0,49.91717,-126.6512
"triumph",2008,"Fukui","DFO",0,12,0,53.450515,-128.6831
"trounce",2018,"Fukui","DFO",0,6,0,53.1844,-132.3371
"troupeast",2008,"Fukui","DFO",0,6,0,52.28919,-128.0152
"troupeast",2011,"Fukui","DFO",0,6,0,52.28919,-128.0152
"troupmid",2008,"Fukui","DFO",0,6,0,52.2894616666667,-128.02915
"troupmid",2011,"Fukui","DFO",0,9,0,52.2894616666667,-128.02915
"troupwest",2008,"Fukui","DFO",0,6,0,52.28034,-128.0424
"troupwest",2011,"Fukui","DFO",0,6,0,52.28034,-128.0424
"tsable",2013,"Fukui","DFO",0,12,0,49.5167125,-124.830025
"tsable",2016,"Fukui","DFO",0,6,0,49.5167125,-124.830025
"tsakonu",2007,"Fukui","DFO",0,12,0,50.63775,-126.1817
"tuno",2016,"Fukui","DFO",0,5,0,52.27938,-128.3265
"turret",2014,"Fukui","DFO",3,6,0.5,48.9006195833333,-125.342429166667
"turret",2015,"Fukui","DFO",39,12,3.25,48.9006195833333,-125.342429166667
"turret",2016,"Fukui","DFO",55,12,4.58333333333333,48.9006195833333,-125.342429166667
"turret",2019,"Fukui","DFO",0,18,0,48.9006195833333,-125.342429166667
"turtle",2014,"Fukui","DFO",13,6,2.16666666666667,48.9111,-125.329066666667
"turtle",2015,"Fukui","DFO",31,6,5.16666666666667,48.9111,-125.329066666667
"turtle",2016,"Fukui","DFO",74,6,12.3333333333333,48.9111,-125.329066666667
"unionpoint",2013,"Fukui","DFO",0,6,0,49.5965,-124.8841
"useless",2009,"Fukui","DFO",17,6,2.83333333333333,48.9930981751082,-125.02713042316
"useless",2010,"Fukui","DFO",0,11,0,48.9930981751082,-125.02713042316
"useless",2011,"Fukui","DFO",12,18,0.666666666666667,48.9930981751082,-125.02713042316
"useless",2013,"Fukui","DFO",12,48,0.25,48.9930981751082,-125.02713042316
"useless",2014,"Fukui","DFO",99,60,1.65,48.9930981751082,-125.02713042316
"useless",2015,"Fukui","DFO",142,168,0.845238095238095,48.9930981751082,-125.02713042316
"useless",2016,"Fukui","DFO",375,18,20.8333333333333,48.9930981751082,-125.02713042316
"useless",2019,"Fukui","DFO",195,18,10.8333333333333,48.9930981751082,-125.02713042316
"useless",2021,"Fukui","DFO",12,18,0.666666666666667,48.9930981751082,-125.02713042316
"useless",2023,"Fukui","DFO",12,18,0.666666666666667,48.9930981751082,-125.02713042316
"valdes",2007,"Fukui","DFO",1,6,0.166666666666667,49.73667,-126.4833
"varney",2012,"Fukui","DFO",0,18,0,50.5487372916667,-127.526447916667
"varney",2013,"Fukui","DFO",0,24,0,50.5487372916667,-127.526447916667
"varney",2014,"Fukui","DFO",0,18,0,50.5487372916667,-127.526447916667
"varney",2023,"Fukui","DFO",0,18,0,50.5487372916667,-127.526447916667
"vere",2006,"Fukui","DFO",0,12,0,50.39025,-125.77145
"verney",2008,"Fukui","DFO",0,6,0,53.55327,-129.0202
"vernon",2009,"Fukui","DFO",0,11,0,49.00857457427,-125.143366889268
"vernon",2011,"Fukui","DFO",1,18,0.0555555555555556,49.00857457427,-125.143366889268
"vernon",2013,"Fukui","DFO",15,24,0.625,49.00857457427,-125.143366889268
"vernon",2014,"Fukui","DFO",131,48,2.72916666666667,49.00857457427,-125.143366889268
"vernon",2015,"Fukui","DFO",6,23,0.260869565217391,49.00857457427,-125.143366889268
"vernon",2016,"Fukui","DFO",205,18,11.3888888888889,49.00857457427,-125.143366889268
"vernon",2019,"Fukui","DFO",51,17,3,49.00857457427,-125.143366889268
"vernon",2021,"Fukui","DFO",8,18,0.444444444444444,49.00857457427,-125.143366889268
"vernon",2023,"Fukui","DFO",7,17,0.411764705882353,49.00857457427,-125.143366889268
"vicregatta",2013,"Fukui","DFO",0,6,0,48.43548,-123.3793
"village",2013,"Fukui","DFO",0,6,0,48.84282,-123.3227
"vondonopbeach",2006,"Fukui","DFO",0,6,0,50.13906,-124.94505
"vondonopbeach",2013,"Fukui","DFO",0,6,0,50.13906,-124.94505
"vondonopcove",2006,"Fukui","DFO",0,6,0,50.152315,-124.9485
"vondonopcove",2013,"Fukui","DFO",0,6,0,50.152315,-124.9485
"vondonopcreek",2006,"Fukui","DFO",0,6,0,50.14166,-124.9539
"vondonopcreek",2013,"Fukui","DFO",0,6,0,50.14166,-124.9539
"vondonopinlet",2006,"Fukui","DFO",0,6,0,50.1619,-124.96675
"vondonopinlet",2013,"Fukui","DFO",0,6,0,50.1619,-124.96675
"vondonopmid",2006,"Fukui","DFO",0,6,0,50.17513,-124.9717
"wahgilah",2011,"Fukui","DFO",0,6,0,52.19603,-128.3725
"wales",2009,"Fukui","DFO",0,6,0,54.7991,-130.45
"walkem",2008,"Fukui","DFO",0,6,0,53.48728,-128.7414
"walkum",2011,"Fukui","DFO",0,6,0,51.35213,-127.063
"wanokaka",2014,"Fukui","DFO",1,18,0.0555555555555556,50.6064233333333,-127.701633333333
"waterfall",2011,"Fukui","DFO",0,6,0,51.62725,-127.7162
"watt",2011,"Fukui","DFO",0,6,0,51.84112,-128.1141
"wedel",2012,"Fukui","DFO",3,14,0.214285714285714,50.5370957142857,-127.983414285714
"welburg",2013,"Fukui","DFO",0,6,0,48.84941,-123.4484
"westminster",2008,"Fukui","DFO",0,6,0,52.06238,-128.09265
"westminster",2012,"Fukui","DFO",0,6,0,52.06238,-128.09265
"whalen",2008,"Fukui","DFO",0,12,0,53.24388,-129.0707
"whiffin",2012,"Fukui","DFO",0,6,0,48.3573666666667,-123.7252
"whiffin",2013,"Fukui","DFO",0,6,0,48.3573666666667,-123.7252
"whiffin",2015,"Fukui","DFO",0,6,0,48.3573666666667,-123.7252
"whiskey",2013,"Fukui","DFO",0,6,0,49.72503,-124.4281
"whitepin",2006,"Fukui","DFO",3,6,0.5,49.31808,-125.9485
"wilson",2007,"Fukui","DFO",0,12,0,51.472015,-127.642
"wilson",2011,"Fukui","DFO",0,6,0,51.472015,-127.642
"wilsonhg",2011,"Fukui","DFO",0,6,0,52.756395,-131.9403
"wilsonhg",2018,"Fukui","DFO",0,6,0,52.756395,-131.9403
"windy",2016,"Fukui","DFO",0,12,0,52.777255,-128.20775
"winterinlet",2009,"Fukui","DFO",0,6,0,54.81925,-130.4503
"wouwer",2015,"Fukui","DFO",0,12,0,48.86482,-125.353025
"wouwer",2016,"Fukui","DFO",1,12,0.0833333333333333,48.86482,-125.353025
"wouwersouth",2019,"Fukui","DFO",0,18,0,48.8619,-125.358866666667
"yeo",2012,"Fukui","DFO",0,6,0,52.30017,-128.1694
"york",2009,"Fukui","DFO",0,6,0,54.78427,-130.4306
"young",2007,"Fukui","DFO",10,6,1.66666666666667,49.42758,-126.2172
"young",2010,"Fukui","DFO",2,6,0.333333333333333,49.42758,-126.2172
"zeballos",2006,"Fukui","DFO",1,6,0.166666666666667,49.9810229166667,-126.851683333333
"zeballos",2010,"Fukui","DFO",6,12,0.5,49.9810229166667,-126.851683333333
"zeballosdock",2010,"Fukui","DFO",3,6,0.5,49.97953,-126.8471
"zeballoslittleriver",2006,"Fukui","DFO",0,6,0,49.95243,-126.8111
