"source","site_name","site","year","date","month","catch","effort","latitude","longitude","raw_row","replicate","presence"
"WSG","Bremerton Yacht Club","WSG::108",2017,2017-06-25,6,0,6,47.5865962,-122.666069,151,1,0
"WSG","Bremerton Yacht Club","WSG::108",2017,2017-07-24,7,0,6,47.5865962,-122.666069,142,2,0
"WSG","Bremerton Yacht Club","WSG::108",2017,2017-08-20,8,0,6,47.5865962,-122.666069,135,3,0
"WSG","Bremerton Yacht Club","WSG::108",2017,2017-09-16,9,0,6,47.5865962,-122.666069,165,4,0
"WSG","Bremerton Yacht Club","WSG::108",2018,2018-06-26,6,0,6,47.5865962,-122.666069,152,1,0
"WSG","Bremerton Yacht Club","WSG::108",2018,2018-07-14,7,0,6,47.5865962,-122.666069,143,2,0
"WSG","Bremerton Yacht Club","WSG::108",2018,2018-08-07,8,0,6,47.5865962,-122.666069,136,3,0
"WSG","Bremerton Yacht Club","WSG::108",2018,2018-09-06,9,0,6,47.5865962,-122.666069,166,4,0
"WSG","Bremerton Yacht Club","WSG::108",2019,2019-06-05,6,0,6,47.5865962,-122.666069,153,1,0
"WSG","Bremerton Yacht Club","WSG::108",2019,2019-07-17,7,0,5,47.5865962,-122.666069,144,2,0
"WSG","Bremerton Yacht Club","WSG::108",2019,2019-08-02,8,0,6,47.5865962,-122.666069,137,3,0
"WSG","Bremerton Yacht Club","WSG::108",2019,2019-09-11,9,0,6,47.5865962,-122.666069,167,4,0
"WSG","Bremerton Yacht Club","WSG::108",2020,2020-06-05,6,0,6,47.5865962,-122.666069,154,1,0
"WSG","Bremerton Yacht Club","WSG::108",2020,2020-07-23,7,0,6,47.5865962,-122.666069,145,2,0
"WSG","Bremerton Yacht Club","WSG::108",2020,2020-08-06,8,0,6,47.5865962,-122.666069,138,3,0
"WSG","Bremerton Yacht Club","WSG::108",2020,2020-09-29,9,0,6,47.5865962,-122.666069,168,4,0
"WSG","Bremerton Yacht Club","WSG::108",2021,2021-06-16,6,0,6,47.5865962,-122.666069,155,1,0
"WSG","Bremerton Yacht Club","WSG::108",2021,2021-07-14,7,0,6,47.5865962,-122.666069,146,2,0
"WSG","Bremerton Yacht Club","WSG::108",2021,2021-08-04,8,0,6,47.5865962,-122.666069,139,3,0
"WSG","Bremerton Yacht Club","WSG::108",2021,2021-09-03,9,0,6,47.5865962,-122.666069,169,4,0
"WSG","Bremerton Yacht Club","WSG::108",2022,2022-06-15,6,0,6,47.5865962,-122.666069,156,1,0
"WSG","Bremerton Yacht Club","WSG::108",2022,2022-07-13,7,0,6,47.5865962,-122.666069,147,2,0
"WSG","Bremerton Yacht Club","WSG::108",2022,2022-08-24,8,0,6,47.5865962,-122.666069,140,3,0
"WSG","Bremerton Yacht Club","WSG::108",2022,2022-09-09,9,0,6,47.5865962,-122.666069,170,4,0
"WSG","Bremerton Yacht Club","WSG::108",2023,2023-06-08,6,0,6,47.5865962,-122.666069,157,1,0
"WSG","Bremerton Yacht Club","WSG::108",2023,2023-07-19,7,0,6,47.5865962,-122.666069,148,2,0
"WSG","Bremerton Yacht Club","WSG::108",2023,2023-07-20,7,0,1,47.5865962,-122.666069,149,3,0
"WSG","Bremerton Yacht Club","WSG::108",2023,2023-07-21,7,0,1,47.5865962,-122.666069,150,4,0
"WSG","Bremerton Yacht Club","WSG::108",2023,2023-08-16,8,0,6,47.5865962,-122.666069,141,5,0
"WSG","Bremerton Yacht Club","WSG::108",2023,2023-09-13,9,0,6,47.5865962,-122.666069,171,6,0
"WSG","Nick's Lagoon","WSG::128",2016,2016-06-21,6,0,6,47.63813,-122.839,196,1,0
"WSG","Nick's Lagoon","WSG::128",2016,2016-07-23,7,0,6,47.63813,-122.839,188,2,0
"WSG","Nick's Lagoon","WSG::128",2016,2016-08-18,8,0,6,47.63813,-122.839,180,3,0
"WSG","Nick's Lagoon","WSG::128",2016,2016-09-27,9,0,6,47.63813,-122.839,212,4,0
"WSG","Nick's Lagoon","WSG::128",2017,2017-06-21,6,0,6,47.63813,-122.839,197,1,0
"WSG","Nick's Lagoon","WSG::128",2017,2017-07-22,7,0,6,47.63813,-122.839,189,2,0
"WSG","Nick's Lagoon","WSG::128",2017,2017-08-22,8,0,6,47.63813,-122.839,181,3,0
"WSG","Nick's Lagoon","WSG::128",2017,2017-09-14,9,0,6,47.63813,-122.839,213,4,0
"WSG","Nick's Lagoon","WSG::128",2018,2018-06-28,6,0,6,47.63813,-122.839,198,1,0
"WSG","Nick's Lagoon","WSG::128",2018,2018-07-24,7,0,6,47.63813,-122.839,190,2,0
"WSG","Nick's Lagoon","WSG::128",2018,2018-08-26,8,0,6,47.63813,-122.839,182,3,0
"WSG","Nick's Lagoon","WSG::128",2018,2018-09-25,9,0,6,47.63813,-122.839,214,4,0
"WSG","Nick's Lagoon","WSG::128",2019,2019-06-30,6,0,6,47.63813,-122.839,199,1,0
"WSG","Nick's Lagoon","WSG::128",2019,2019-08-01,7,0,6,47.63813,-122.839,191,2,0
"WSG","Nick's Lagoon","WSG::128",2019,2019-08-29,8,0,6,47.63813,-122.839,183,3,0
"WSG","Nick's Lagoon","WSG::128",2019,2019-09-28,9,0,6,47.63813,-122.839,215,4,0
"WSG","Nick's Lagoon","WSG::128",2020,2020-06-21,6,0,6,47.63813,-122.839,200,1,0
"WSG","Nick's Lagoon","WSG::128",2020,2020-07-24,7,0,6,47.63813,-122.839,192,2,0
"WSG","Nick's Lagoon","WSG::128",2020,2020-08-18,8,0,6,47.63813,-122.839,184,3,0
"WSG","Nick's Lagoon","WSG::128",2020,2020-09-27,9,0,6,47.63813,-122.839,216,4,0
"WSG","Nick's Lagoon","WSG::128",2021,2021-06-23,6,0,6,47.63813,-122.839,201,1,0
"WSG","Nick's Lagoon","WSG::128",2021,2021-07-24,7,0,6,47.63813,-122.839,193,2,0
"WSG","Nick's Lagoon","WSG::128",2021,2021-08-21,8,0,6,47.63813,-122.839,185,3,0
"WSG","Nick's Lagoon","WSG::128",2021,2021-09-19,9,0,6,47.63813,-122.839,217,4,0
"WSG","Nick's Lagoon","WSG::128",2022,2022-06-28,6,0,6,47.63813,-122.839,202,1,0
"WSG","Nick's Lagoon","WSG::128",2022,2022-07-24,7,0,6,47.63813,-122.839,194,2,0
"WSG","Nick's Lagoon","WSG::128",2022,2022-08-11,8,0,6,47.63813,-122.839,186,3,0
"WSG","Nick's Lagoon","WSG::128",2022,2022-09-12,9,0,6,47.63813,-122.839,218,4,0
"WSG","Nick's Lagoon","WSG::128",2023,2023-06-21,6,0,6,47.63813,-122.839,203,1,0
"WSG","Nick's Lagoon","WSG::128",2023,2023-07-19,7,0,6,47.63813,-122.839,195,2,0
"WSG","Nick's Lagoon","WSG::128",2023,2023-08-28,8,0,6,47.63813,-122.839,187,3,0
"WSG","Nick's Lagoon","WSG::128",2023,2023-09-26,9,0,6,47.63813,-122.839,219,4,0
"WSG","Best Lagoon","WSG::133",2016,2016-06-21,6,0,6,47.6469551,-122.6830086,244,1,0
"WSG","Best Lagoon","WSG::133",2016,2016-07-17,7,0,6,47.6469551,-122.6830086,236,2,0
"WSG","Best Lagoon","WSG::133",2016,2016-08-30,8,0,6,47.6469551,-122.6830086,228,3,0
"WSG","Best Lagoon","WSG::133",2016,2016-09-13,9,0,6,47.6469551,-122.6830086,260,4,0
"WSG","Best Lagoon","WSG::133",2017,2017-06-23,6,0,6,47.6469551,-122.6830086,245,1,0
"WSG","Best Lagoon","WSG::133",2017,2017-07-21,7,0,6,47.6469551,-122.6830086,237,2,0
"WSG","Best Lagoon","WSG::133",2017,2017-08-18,8,0,5,47.6469551,-122.6830086,229,3,0
"WSG","Best Lagoon","WSG::133",2017,2017-09-15,9,0,6,47.6469551,-122.6830086,261,4,0
"WSG","Best Lagoon","WSG::133",2018,2018-06-17,6,0,6,47.6469551,-122.6830086,246,1,0
"WSG","Best Lagoon","WSG::133",2018,2018-07-15,7,0,6,47.6469551,-122.6830086,238,2,0
"WSG","Best Lagoon","WSG::133",2018,2018-08-25,8,0,6,47.6469551,-122.6830086,230,3,0
"WSG","Best Lagoon","WSG::133",2018,2018-09-30,9,0,6,47.6469551,-122.6830086,262,4,0
"WSG","Best Lagoon","WSG::133",2019,2019-06-30,6,0,6,47.6469551,-122.6830086,247,1,0
"WSG","Best Lagoon","WSG::133",2019,2019-07-28,7,0,6,47.6469551,-122.6830086,239,2,0
"WSG","Best Lagoon","WSG::133",2019,2019-08-11,8,0,6,47.6469551,-122.6830086,231,3,0
"WSG","Best Lagoon","WSG::133",2019,2019-09-08,9,0,6,47.6469551,-122.6830086,263,4,0
"WSG","Best Lagoon","WSG::133",2020,2020-06-21,6,0,6,47.6469551,-122.6830086,248,1,0
"WSG","Best Lagoon","WSG::133",2020,2020-07-04,7,0,6,47.6469551,-122.6830086,240,2,0
"WSG","Best Lagoon","WSG::133",2020,2020-08-30,8,0,6,47.6469551,-122.6830086,232,3,0
"WSG","Best Lagoon","WSG::133",2020,2020-09-27,9,0,6,47.6469551,-122.6830086,264,4,0
"WSG","Best Lagoon","WSG::133",2021,2021-06-27,6,0,6,47.6469551,-122.6830086,249,1,0
"WSG","Best Lagoon","WSG::133",2021,2021-07-25,7,0,6,47.6469551,-122.6830086,241,2,0
"WSG","Best Lagoon","WSG::133",2021,2021-08-22,8,0,6,47.6469551,-122.6830086,233,3,0
"WSG","Best Lagoon","WSG::133",2021,2021-09-19,9,0,6,47.6469551,-122.6830086,265,4,0
"WSG","Best Lagoon","WSG::133",2022,2022-06-27,6,0,6,47.6469551,-122.6830086,250,1,0
"WSG","Best Lagoon","WSG::133",2022,2022-07-31,7,0,6,47.6469551,-122.6830086,242,2,0
"WSG","Best Lagoon","WSG::133",2022,2022-08-28,8,0,6,47.6469551,-122.6830086,234,3,0
"WSG","Best Lagoon","WSG::133",2022,2022-09-06,9,0,6,47.6469551,-122.6830086,266,4,0
"WSG","Best Lagoon","WSG::133",2023,2023-06-18,6,0,6,47.6469551,-122.6830086,251,1,0
"WSG","Best Lagoon","WSG::133",2023,2023-07-02,7,0,6,47.6469551,-122.6830086,243,2,0
"WSG","Best Lagoon","WSG::133",2023,2023-08-13,8,0,6,47.6469551,-122.6830086,235,3,0
"WSG","Best Lagoon","WSG::133",2023,2023-09-10,9,0,6,47.6469551,-122.6830086,267,4,0
"WSG","North Duckabush","WSG::138",2016,2016-07-02,7,0,6,47.6489801,-122.9307717,282,1,0
"WSG","North Duckabush","WSG::138",2016,2016-08-01,7,0,6,47.6489801,-122.9307717,283,2,0
"WSG","North Duckabush","WSG::138",2016,2016-08-28,8,0,6,47.6489801,-122.9307717,274,3,0
"WSG","North Duckabush","WSG::138",2016,2016-09-26,9,0,6,47.6489801,-122.9307717,300,4,0
"WSG","North Duckabush","WSG::138",2017,2017-06-25,6,0,6,47.6489801,-122.9307717,290,1,0
"WSG","North Duckabush","WSG::138",2017,2017-07-17,7,0,6,47.6489801,-122.9307717,284,2,0
"WSG","North Duckabush","WSG::138",2017,2017-08-06,8,0,6,47.6489801,-122.9307717,275,3,0
"WSG","North Duckabush","WSG::138",2018,2018-07-29,7,0,6,47.6489801,-122.9307717,285,1,0
"WSG","North Duckabush","WSG::138",2018,2018-08-26,8,0,5,47.6489801,-122.9307717,276,2,0
"WSG","North Duckabush","WSG::138",2018,2018-09-23,9,0,6,47.6489801,-122.9307717,301,3,0
"WSG","North Duckabush","WSG::138",2019,2019-06-25,6,0,6,47.6489801,-122.9307717,291,1,0
"WSG","North Duckabush","WSG::138",2019,2019-07-21,7,0,6,47.6489801,-122.9307717,286,2,0
"WSG","North Duckabush","WSG::138",2019,2019-08-31,8,0,6,47.6489801,-122.9307717,277,3,0
"WSG","North Duckabush","WSG::138",2019,2019-09-29,9,0,6,47.6489801,-122.9307717,302,4,0
"WSG","North Duckabush","WSG::138",2020,2020-06-28,6,0,6,47.6489801,-122.9307717,292,1,0
"WSG","North Duckabush","WSG::138",2020,2020-07-22,7,0,6,47.6489801,-122.9307717,287,2,0
"WSG","North Duckabush","WSG::138",2020,2020-08-30,8,0,6,47.6489801,-122.9307717,278,3,0
"WSG","North Duckabush","WSG::138",2020,2020-09-14,9,0,6,47.6489801,-122.9307717,303,4,0
"WSG","North Duckabush","WSG::138",2021,2021-06-23,6,0,6,47.6489801,-122.9307717,293,1,0
"WSG","North Duckabush","WSG::138",2021,2021-08-29,8,0,6,47.6489801,-122.9307717,279,2,0
"WSG","North Duckabush","WSG::138",2021,2021-09-26,9,0,5,47.6489801,-122.9307717,304,3,0
"WSG","North Duckabush","WSG::138",2022,2022-06-29,6,0,6,47.6489801,-122.9307717,294,1,0
"WSG","North Duckabush","WSG::138",2022,2022-07-28,7,0,6,47.6489801,-122.9307717,288,2,0
"WSG","North Duckabush","WSG::138",2022,2022-08-31,8,0,6,47.6489801,-122.9307717,280,3,0
"WSG","North Duckabush","WSG::138",2022,2022-09-10,9,0,5,47.6489801,-122.9307717,305,4,0
"WSG","North Duckabush","WSG::138",2023,2023-06-30,6,0,6,47.6489801,-122.9307717,295,1,0
"WSG","North Duckabush","WSG::138",2023,2023-07-29,7,0,6,47.6489801,-122.9307717,289,2,0
"WSG","North Duckabush","WSG::138",2023,2023-08-19,8,0,6,47.6489801,-122.9307717,281,3,0
"WSG","North Duckabush","WSG::138",2023,2023-09-13,9,0,6,47.6489801,-122.9307717,306,4,0
"WSG","Kiana Lodge","WSG::153",2017,2017-06-11,6,0,6,47.701444,-122.582722,328,1,0
"WSG","Kiana Lodge","WSG::153",2017,2017-07-09,7,0,6,47.701444,-122.582722,321,2,0
"WSG","Kiana Lodge","WSG::153",2017,2017-08-06,8,0,6,47.701444,-122.582722,314,3,0
"WSG","Kiana Lodge","WSG::153",2017,2017-09-03,9,0,6,47.701444,-122.582722,342,4,0
"WSG","Kiana Lodge","WSG::153",2018,2018-06-24,6,0,6,47.701444,-122.582722,329,1,0
"WSG","Kiana Lodge","WSG::153",2018,2018-07-29,7,0,6,47.701444,-122.582722,322,2,0
"WSG","Kiana Lodge","WSG::153",2018,2018-08-26,8,0,6,47.701444,-122.582722,315,3,0
"WSG","Kiana Lodge","WSG::153",2018,2018-10-02,9,0,6,47.701444,-122.582722,343,4,0
"WSG","Kiana Lodge","WSG::153",2019,2019-06-19,6,0,6,47.701444,-122.582722,330,1,0
"WSG","Kiana Lodge","WSG::153",2019,2019-07-16,7,0,6,47.701444,-122.582722,323,2,0
"WSG","Kiana Lodge","WSG::153",2019,2019-08-29,8,0,6,47.701444,-122.582722,316,3,0
"WSG","Kiana Lodge","WSG::153",2019,2019-09-26,9,0,6,47.701444,-122.582722,344,4,0
"WSG","Kiana Lodge","WSG::153",2020,2020-06-23,6,0,6,47.701444,-122.582722,331,1,0
"WSG","Kiana Lodge","WSG::153",2020,2020-07-21,7,0,6,47.701444,-122.582722,324,2,0
"WSG","Kiana Lodge","WSG::153",2020,2020-08-20,8,0,6,47.701444,-122.582722,317,3,0
"WSG","Kiana Lodge","WSG::153",2020,2020-09-28,9,0,6,47.701444,-122.582722,345,4,0
"WSG","Kiana Lodge","WSG::153",2021,2021-06-10,6,0,6,47.701444,-122.582722,332,1,0
"WSG","Kiana Lodge","WSG::153",2021,2021-07-08,7,0,5,47.701444,-122.582722,325,2,0
"WSG","Kiana Lodge","WSG::153",2021,2021-08-05,8,0,6,47.701444,-122.582722,318,3,0
"WSG","Kiana Lodge","WSG::153",2021,2021-09-16,9,0,6,47.701444,-122.582722,346,4,0
"WSG","Kiana Lodge","WSG::153",2022,2022-06-02,6,0,6,47.701444,-122.582722,333,1,0
"WSG","Kiana Lodge","WSG::153",2022,2022-07-14,7,0,6,47.701444,-122.582722,326,2,0
"WSG","Kiana Lodge","WSG::153",2022,2022-08-11,8,0,6,47.701444,-122.582722,319,3,0
"WSG","Kiana Lodge","WSG::153",2022,2022-09-08,9,0,6,47.701444,-122.582722,347,4,0
"WSG","Kiana Lodge","WSG::153",2023,2023-06-15,6,0,6,47.701444,-122.582722,334,1,0
"WSG","Kiana Lodge","WSG::153",2023,2023-07-14,7,0,6,47.701444,-122.582722,327,2,0
"WSG","Kiana Lodge","WSG::153",2023,2023-08-11,8,0,6,47.701444,-122.582722,320,3,0
"WSG","Kiana Lodge","WSG::153",2023,2023-09-12,9,0,6,47.701444,-122.582722,348,4,0
"WSG","Zelatched Point","WSG::161",2016,2016-06-10,6,0,6,47.7113514,-122.8199679,372,1,0
"WSG","Zelatched Point","WSG::161",2016,2016-07-22,7,0,5,47.7113514,-122.8199679,365,2,0
"WSG","Zelatched Point","WSG::161",2016,2016-08-19,8,0,6,47.7113514,-122.8199679,357,3,0
"WSG","Zelatched Point","WSG::161",2016,2016-09-02,9,0,5,47.7113514,-122.8199679,387,4,0
"WSG","Zelatched Point","WSG::161",2017,2017-06-15,6,0,5,47.7113514,-122.8199679,373,1,0
"WSG","Zelatched Point","WSG::161",2017,2017-07-27,7,0,6,47.7113514,-122.8199679,366,2,0
"WSG","Zelatched Point","WSG::161",2017,2017-08-09,8,0,6,47.7113514,-122.8199679,358,3,0
"WSG","Zelatched Point","WSG::161",2017,2017-09-19,9,0,6,47.7113514,-122.8199679,388,4,0
"WSG","Zelatched Point","WSG::161",2018,2018-06-28,6,0,6,47.7113514,-122.8199679,374,1,0
"WSG","Zelatched Point","WSG::161",2018,2018-07-24,7,0,6,47.7113514,-122.8199679,367,2,0
"WSG","Zelatched Point","WSG::161",2018,2018-08-09,8,0,6,47.7113514,-122.8199679,359,3,0
"WSG","Zelatched Point","WSG::161",2018,2018-09-11,9,0,6,47.7113514,-122.8199679,389,4,0
"WSG","Zelatched Point","WSG::161",2019,2019-06-04,6,0,6,47.7113514,-122.8199679,375,1,0
"WSG","Zelatched Point","WSG::161",2019,2019-07-02,7,0,6,47.7113514,-122.8199679,368,2,0
"WSG","Zelatched Point","WSG::161",2019,2019-08-16,8,0,6,47.7113514,-122.8199679,360,3,0
"WSG","Zelatched Point","WSG::161",2019,2019-09-25,9,0,6,47.7113514,-122.8199679,390,4,0
"WSG","Zelatched Point","WSG::161",2020,2020-06-24,6,0,6,47.7113514,-122.8199679,376,1,0
"WSG","Zelatched Point","WSG::161",2020,2020-07-23,7,0,6,47.7113514,-122.8199679,369,2,0
"WSG","Zelatched Point","WSG::161",2020,2020-08-20,8,0,6,47.7113514,-122.8199679,361,3,0
"WSG","Zelatched Point","WSG::161",2020,2020-09-29,9,0,6,47.7113514,-122.8199679,391,4,0
"WSG","Zelatched Point","WSG::161",2021,2021-07-13,7,0,6,47.7113514,-122.8199679,370,1,0
"WSG","Zelatched Point","WSG::161",2021,2021-08-10,8,0,6,47.7113514,-122.8199679,362,2,0
"WSG","Zelatched Point","WSG::161",2021,2021-09-21,9,0,6,47.7113514,-122.8199679,392,3,0
"WSG","Zelatched Point","WSG::161",2022,2022-06-17,6,0,6,47.7113514,-122.8199679,377,1,0
"WSG","Zelatched Point","WSG::161",2022,2022-08-16,8,0,6,47.7113514,-122.8199679,363,2,0
"WSG","Zelatched Point","WSG::161",2022,2022-09-11,9,0,6,47.7113514,-122.8199679,393,3,0
"WSG","Zelatched Point","WSG::161",2023,2023-06-22,6,0,6,47.7113514,-122.8199679,378,1,0
"WSG","Zelatched Point","WSG::161",2023,2023-07-18,7,0,6,47.7113514,-122.8199679,371,2,0
"WSG","Zelatched Point","WSG::161",2023,2023-08-31,8,0,6,47.7113514,-122.8199679,364,3,0
"WSG","Zelatched Point","WSG::161",2023,2023-09-28,9,0,6,47.7113514,-122.8199679,394,4,0
"WSG","Point Julia","WSG::172",2019,2019-06-18,6,0,6,47.8554133,-122.5748384,409,1,0
"WSG","Point Julia","WSG::172",2019,2019-07-31,7,0,6,47.8554133,-122.5748384,404,2,0
"WSG","Point Julia","WSG::172",2019,2019-08-30,8,0,6,47.8554133,-122.5748384,399,3,0
"WSG","Point Julia","WSG::172",2019,2019-09-11,9,0,6,47.8554133,-122.5748384,419,4,0
"WSG","Point Julia","WSG::172",2020,2020-06-25,6,0,6,47.8554133,-122.5748384,410,1,0
"WSG","Point Julia","WSG::172",2020,2020-07-22,7,0,6,47.8554133,-122.5748384,405,2,0
"WSG","Point Julia","WSG::172",2020,2020-08-30,8,0,6,47.8554133,-122.5748384,400,3,0
"WSG","Point Julia","WSG::172",2020,2020-09-29,9,0,6,47.8554133,-122.5748384,420,4,0
"WSG","Point Julia","WSG::172",2021,2021-06-24,6,0,6,47.8554133,-122.5748384,411,1,0
"WSG","Point Julia","WSG::172",2021,2021-07-23,7,0,6,47.8554133,-122.5748384,406,2,0
"WSG","Point Julia","WSG::172",2021,2021-08-20,8,0,6,47.8554133,-122.5748384,401,3,0
"WSG","Point Julia","WSG::172",2021,2021-09-09,9,0,6,47.8554133,-122.5748384,421,4,0
"WSG","Point Julia","WSG::172",2022,2022-06-30,6,0,6,47.8554133,-122.5748384,412,1,0
"WSG","Point Julia","WSG::172",2022,2022-07-28,7,0,6,47.8554133,-122.5748384,407,2,0
"WSG","Point Julia","WSG::172",2022,2022-08-23,8,0,6,47.8554133,-122.5748384,402,3,0
"WSG","Point Julia","WSG::172",2022,2022-09-08,9,0,6,47.8554133,-122.5748384,422,4,0
"WSG","Point Julia","WSG::172",2023,2023-06-07,6,0,6,47.8554133,-122.5748384,413,1,0
"WSG","Point Julia","WSG::172",2023,2023-07-19,7,0,6,47.8554133,-122.5748384,408,2,0
"WSG","Point Julia","WSG::172",2023,2023-08-30,8,0,6,47.8554133,-122.5748384,403,3,0
"WSG","Point Julia","WSG::172",2023,2023-09-12,9,0,6,47.8554133,-122.5748384,423,4,0
"WSG","Doe Kag Wats","WSG::173",2016,2016-06-23,6,0,6,47.7453912,-122.4946491,447,1,0
"WSG","Doe Kag Wats","WSG::173",2016,2016-07-17,7,0,5,47.7453912,-122.4946491,439,2,0
"WSG","Doe Kag Wats","WSG::173",2016,2016-08-30,8,0,6,47.7453912,-122.4946491,431,3,0
"WSG","Doe Kag Wats","WSG::173",2016,2016-09-13,9,0,6,47.7453912,-122.4946491,462,4,0
"WSG","Doe Kag Wats","WSG::173",2017,2017-06-28,6,0,6,47.7453912,-122.4946491,448,1,0
"WSG","Doe Kag Wats","WSG::173",2017,2017-07-25,7,0,6,47.7453912,-122.4946491,440,2,0
"WSG","Doe Kag Wats","WSG::173",2017,2017-08-18,8,0,6,47.7453912,-122.4946491,432,3,0
"WSG","Doe Kag Wats","WSG::173",2017,2017-09-16,9,0,6,47.7453912,-122.4946491,463,4,0
"WSG","Doe Kag Wats","WSG::173",2018,2018-06-12,6,0,6,47.7453912,-122.4946491,449,1,0
"WSG","Doe Kag Wats","WSG::173",2018,2018-07-24,7,0,6,47.7453912,-122.4946491,441,2,0
"WSG","Doe Kag Wats","WSG::173",2018,2018-08-23,8,0,6,47.7453912,-122.4946491,433,3,0
"WSG","Doe Kag Wats","WSG::173",2018,2018-09-06,9,0,6,47.7453912,-122.4946491,464,4,0
"WSG","Doe Kag Wats","WSG::173",2019,2019-06-04,6,0,6,47.7453912,-122.4946491,450,1,0
"WSG","Doe Kag Wats","WSG::173",2019,2019-07-02,7,0,6,47.7453912,-122.4946491,442,2,0
"WSG","Doe Kag Wats","WSG::173",2019,2019-08-15,8,0,6,47.7453912,-122.4946491,434,3,0
"WSG","Doe Kag Wats","WSG::173",2019,2019-09-26,9,0,6,47.7453912,-122.4946491,465,4,0
"WSG","Doe Kag Wats","WSG::173",2020,2020-06-24,6,0,6,47.7453912,-122.4946491,451,1,0
"WSG","Doe Kag Wats","WSG::173",2020,2020-07-21,7,0,6,47.7453912,-122.4946491,443,2,0
"WSG","Doe Kag Wats","WSG::173",2020,2020-08-20,8,0,6,47.7453912,-122.4946491,435,3,0
"WSG","Doe Kag Wats","WSG::173",2020,2020-09-16,9,0,6,47.7453912,-122.4946491,466,4,0
"WSG","Doe Kag Wats","WSG::173",2021,2021-06-23,6,0,6,47.7453912,-122.4946491,452,1,0
"WSG","Doe Kag Wats","WSG::173",2021,2021-07-21,7,0,6,47.7453912,-122.4946491,444,2,0
"WSG","Doe Kag Wats","WSG::173",2021,2021-08-10,8,0,6,47.7453912,-122.4946491,436,3,0
"WSG","Doe Kag Wats","WSG::173",2021,2021-09-08,9,0,6,47.7453912,-122.4946491,467,4,0
"WSG","Doe Kag Wats","WSG::173",2022,2022-06-28,6,0,6,47.7453912,-122.4946491,453,1,0
"WSG","Doe Kag Wats","WSG::173",2022,2022-07-26,7,0,6,47.7453912,-122.4946491,445,2,0
"WSG","Doe Kag Wats","WSG::173",2022,2022-08-25,8,0,6,47.7453912,-122.4946491,437,3,0
"WSG","Doe Kag Wats","WSG::173",2022,2022-09-09,9,0,6,47.7453912,-122.4946491,468,4,0
"WSG","Doe Kag Wats","WSG::173",2023,2023-06-09,6,0,6,47.7453912,-122.4946491,454,1,0
"WSG","Doe Kag Wats","WSG::173",2023,2023-07-21,7,0,6,47.7453912,-122.4946491,446,2,0
"WSG","Doe Kag Wats","WSG::173",2023,2023-08-17,8,0,6,47.7453912,-122.4946491,438,3,0
"WSG","Doe Kag Wats","WSG::173",2023,2023-09-12,9,0,6,47.7453912,-122.4946491,469,4,0
"WSG","Carpenter Creek","WSG::177",2016,2016-06-21,6,0,6,47.7943452,-122.5066661,494,1,0
"WSG","Carpenter Creek","WSG::177",2016,2016-07-19,7,0,6,47.7943452,-122.5066661,486,2,0
"WSG","Carpenter Creek","WSG::177",2016,2016-08-16,8,0,6,47.7943452,-122.5066661,478,3,0
"WSG","Carpenter Creek","WSG::177",2017,2017-06-13,6,0,6,47.7943452,-122.5066661,495,1,0
"WSG","Carpenter Creek","WSG::177",2017,2017-07-11,7,0,6,47.7943452,-122.5066661,487,2,0
"WSG","Carpenter Creek","WSG::177",2017,2017-08-05,8,0,6,47.7943452,-122.5066661,479,3,0
"WSG","Carpenter Creek","WSG::177",2018,2018-06-15,6,0,6,47.7943452,-122.5066661,496,1,0
"WSG","Carpenter Creek","WSG::177",2018,2018-07-13,7,0,6,47.7943452,-122.5066661,488,2,0
"WSG","Carpenter Creek","WSG::177",2018,2018-08-10,8,0,6,47.7943452,-122.5066661,480,3,0
"WSG","Carpenter Creek","WSG::177",2018,2018-09-07,9,0,6,47.7943452,-122.5066661,510,4,0
"WSG","Carpenter Creek","WSG::177",2019,2019-06-20,6,0,6,47.7943452,-122.5066661,497,1,0
"WSG","Carpenter Creek","WSG::177",2019,2019-07-17,7,0,6,47.7943452,-122.5066661,489,2,0
"WSG","Carpenter Creek","WSG::177",2019,2019-08-13,8,0,6,47.7943452,-122.5066661,481,3,0
"WSG","Carpenter Creek","WSG::177",2020,2020-06-23,6,0,6,47.7943452,-122.5066661,498,1,0
"WSG","Carpenter Creek","WSG::177",2020,2020-07-22,7,0,6,47.7943452,-122.5066661,490,2,0
"WSG","Carpenter Creek","WSG::177",2020,2020-08-18,8,0,6,47.7943452,-122.5066661,482,3,0
"WSG","Carpenter Creek","WSG::177",2021,2021-06-12,6,0,6,47.7943452,-122.5066661,499,1,0
"WSG","Carpenter Creek","WSG::177",2021,2021-07-11,7,0,6,47.7943452,-122.5066661,491,2,0
"WSG","Carpenter Creek","WSG::177",2021,2021-08-07,8,0,6,47.7943452,-122.5066661,483,3,0
"WSG","Carpenter Creek","WSG::177",2022,2022-06-18,6,0,6,47.7943452,-122.5066661,500,1,0
"WSG","Carpenter Creek","WSG::177",2022,2022-07-15,7,0,6,47.7943452,-122.5066661,492,2,0
"WSG","Carpenter Creek","WSG::177",2022,2022-08-25,8,0,6,47.7943452,-122.5066661,484,3,0
"WSG","Carpenter Creek","WSG::177",2023,2023-06-08,6,0,6,47.7943452,-122.5066661,501,1,0
"WSG","Carpenter Creek","WSG::177",2023,2023-07-18,7,0,6,47.7943452,-122.5066661,493,2,0
"WSG","Carpenter Creek","WSG::177",2023,2023-08-02,8,0,6,47.7943452,-122.5066661,485,3,0
"WSG","Discovery Bay","WSG::198",2016,2016-06-22,6,0,6,47.9977512,-122.8825095,533,1,0
"WSG","Discovery Bay","WSG::198",2016,2016-07-21,7,0,6,47.9977512,-122.8825095,526,2,0
"WSG","Discovery Bay","WSG::198",2016,2016-08-30,8,0,6,47.9977512,-122.8825095,518,3,0
"WSG","Discovery Bay","WSG::198",2016,2016-10-02,9,0,5,47.9977512,-122.8825095,549,4,0
"WSG","Discovery Bay","WSG::198",2017,2017-06-12,6,0,6,47.9977512,-122.8825095,534,1,0
"WSG","Discovery Bay","WSG::198",2017,2017-07-10,7,0,6,47.9977512,-122.8825095,527,2,0
"WSG","Discovery Bay","WSG::198",2017,2017-08-07,8,0,6,47.9977512,-122.8825095,519,3,0
"WSG","Discovery Bay","WSG::198",2017,2017-10-01,9,0,5,47.9977512,-122.8825095,550,4,0
"WSG","Discovery Bay","WSG::198",2018,2018-06-10,6,0,6,47.9977512,-122.8825095,535,1,0
"WSG","Discovery Bay","WSG::198",2018,2018-07-21,7,0,6,47.9977512,-122.8825095,528,2,0
"WSG","Discovery Bay","WSG::198",2018,2018-08-12,8,0,6,47.9977512,-122.8825095,520,3,0
"WSG","Discovery Bay","WSG::198",2018,2018-09-23,9,0,6,47.9977512,-122.8825095,551,4,0
"WSG","Discovery Bay","WSG::198",2019,2019-06-20,6,0,6,47.9977512,-122.8825095,536,1,0
"WSG","Discovery Bay","WSG::198",2019,2019-07-19,7,0,6,47.9977512,-122.8825095,529,2,0
"WSG","Discovery Bay","WSG::198",2019,2019-08-29,8,0,6,47.9977512,-122.8825095,521,3,0
"WSG","Discovery Bay","WSG::198",2019,2019-09-09,9,0,6,47.9977512,-122.8825095,552,4,0
"WSG","Discovery Bay","WSG::198",2020,2020-06-23,6,0,6,47.9977512,-122.8825095,537,1,0
"WSG","Discovery Bay","WSG::198",2020,2020-07-24,7,0,6,47.9977512,-122.8825095,530,2,0
"WSG","Discovery Bay","WSG::198",2020,2020-08-20,8,0,6,47.9977512,-122.8825095,522,3,0
"WSG","Discovery Bay","WSG::198",2020,2020-09-28,9,0,6,47.9977512,-122.8825095,553,4,0
"WSG","Discovery Bay","WSG::198",2021,2021-06-25,6,0,6,47.9977512,-122.8825095,538,1,0
"WSG","Discovery Bay","WSG::198",2021,2021-07-20,7,0,6,47.9977512,-122.8825095,531,2,0
"WSG","Discovery Bay","WSG::198",2021,2021-08-17,8,0,6,47.9977512,-122.8825095,523,3,0
"WSG","Discovery Bay","WSG::198",2021,2021-09-06,9,0,6,47.9977512,-122.8825095,554,4,0
"WSG","Discovery Bay","WSG::198",2022,2022-06-28,6,0,6,47.9977512,-122.8825095,539,1,0
"WSG","Discovery Bay","WSG::198",2022,2022-07-23,7,0,6,47.9977512,-122.8825095,532,2,0
"WSG","Discovery Bay","WSG::198",2022,2022-08-12,8,0,6,47.9977512,-122.8825095,524,3,0
"WSG","Discovery Bay","WSG::198",2022,2022-09-07,9,0,6,47.9977512,-122.8825095,555,4,0
"WSG","Discovery Bay","WSG::198",2023,2023-06-16,6,0,6,47.9977512,-122.8825095,540,1,0
"WSG","Discovery Bay","WSG::198",2023,2023-08-18,8,0,6,47.9977512,-122.8825095,525,2,0
"WSG","Discovery Bay","WSG::198",2023,2023-09-13,9,0,6,47.9977512,-122.8825095,556,3,0
"WSG","Jimmycomelately Creek","WSG::199",2018,2018-06-14,6,0,6,48.0230835,-123.0061444,575,1,0
"WSG","Jimmycomelately Creek","WSG::199",2018,2018-07-12,7,0,6,48.0230835,-123.0061444,569,2,0
"WSG","Jimmycomelately Creek","WSG::199",2018,2018-08-07,8,0,6,48.0230835,-123.0061444,563,3,0
"WSG","Jimmycomelately Creek","WSG::199",2018,2018-09-20,9,0,6,48.0230835,-123.0061444,587,4,0
"WSG","Jimmycomelately Creek","WSG::199",2019,2019-06-04,6,0,6,48.0230835,-123.0061444,576,1,0
"WSG","Jimmycomelately Creek","WSG::199",2019,2019-07-12,7,0,6,48.0230835,-123.0061444,570,2,0
"WSG","Jimmycomelately Creek","WSG::199",2019,2019-08-02,8,0,6,48.0230835,-123.0061444,564,3,0
"WSG","Jimmycomelately Creek","WSG::199",2019,2019-09-11,9,0,6,48.0230835,-123.0061444,588,4,0
"WSG","Jimmycomelately Creek","WSG::199",2020,2020-06-27,6,0,6,48.0230835,-123.0061444,577,1,0
"WSG","Jimmycomelately Creek","WSG::199",2020,2020-07-23,7,0,6,48.0230835,-123.0061444,571,2,0
"WSG","Jimmycomelately Creek","WSG::199",2020,2020-08-16,8,0,6,48.0230835,-123.0061444,565,3,0
"WSG","Jimmycomelately Creek","WSG::199",2020,2020-09-17,9,0,6,48.0230835,-123.0061444,589,4,0
"WSG","Jimmycomelately Creek","WSG::199",2021,2021-06-23,6,0,6,48.0230835,-123.0061444,578,1,0
"WSG","Jimmycomelately Creek","WSG::199",2021,2021-07-08,7,0,6,48.0230835,-123.0061444,572,2,0
"WSG","Jimmycomelately Creek","WSG::199",2021,2021-08-03,8,0,6,48.0230835,-123.0061444,566,3,0
"WSG","Jimmycomelately Creek","WSG::199",2021,2021-09-06,9,0,6,48.0230835,-123.0061444,590,4,0
"WSG","Jimmycomelately Creek","WSG::199",2022,2022-06-14,6,0,6,48.0230835,-123.0061444,579,1,0
"WSG","Jimmycomelately Creek","WSG::199",2022,2022-07-12,7,0,5,48.0230835,-123.0061444,573,2,0
"WSG","Jimmycomelately Creek","WSG::199",2022,2022-08-27,8,0,6,48.0230835,-123.0061444,567,3,0
"WSG","Jimmycomelately Creek","WSG::199",2022,2022-09-09,9,0,6,48.0230835,-123.0061444,591,4,0
"WSG","Jimmycomelately Creek","WSG::199",2023,2023-06-09,6,0,6,48.0230835,-123.0061444,580,1,0
"WSG","Jimmycomelately Creek","WSG::199",2023,2023-07-18,7,0,6,48.0230835,-123.0061444,574,2,0
"WSG","Jimmycomelately Creek","WSG::199",2023,2023-08-15,8,0,6,48.0230835,-123.0061444,568,3,0
"WSG","Jimmycomelately Creek","WSG::199",2023,2023-09-26,9,0,6,48.0230835,-123.0061444,592,4,0
"WSG","Indian Island Lagoon","WSG::201",2017,2017-06-09,6,0,6,48.0253804,-122.7165043,614,1,0
"WSG","Indian Island Lagoon","WSG::201",2017,2017-07-21,7,0,6,48.0253804,-122.7165043,607,2,0
"WSG","Indian Island Lagoon","WSG::201",2017,2017-08-08,8,0,5,48.0253804,-122.7165043,600,3,0
"WSG","Indian Island Lagoon","WSG::201",2017,2017-09-05,9,0,6,48.0253804,-122.7165043,628,4,0
"WSG","Indian Island Lagoon","WSG::201",2018,2018-06-15,6,0,6,48.0253804,-122.7165043,615,1,0
"WSG","Indian Island Lagoon","WSG::201",2018,2018-07-10,7,0,6,48.0253804,-122.7165043,608,2,0
"WSG","Indian Island Lagoon","WSG::201",2018,2018-08-23,8,0,6,48.0253804,-122.7165043,601,3,0
"WSG","Indian Island Lagoon","WSG::201",2018,2018-09-22,9,0,6,48.0253804,-122.7165043,629,4,0
"WSG","Indian Island Lagoon","WSG::201",2019,2019-06-18,6,0,6,48.0253804,-122.7165043,616,1,0
"WSG","Indian Island Lagoon","WSG::201",2019,2019-07-16,7,0,6,48.0253804,-122.7165043,609,2,0
"WSG","Indian Island Lagoon","WSG::201",2019,2019-08-13,8,0,6,48.0253804,-122.7165043,602,3,0
"WSG","Indian Island Lagoon","WSG::201",2019,2019-09-10,9,0,6,48.0253804,-122.7165043,630,4,0
"WSG","Indian Island Lagoon","WSG::201",2020,2020-06-25,6,0,6,48.0253804,-122.7165043,617,1,0
"WSG","Indian Island Lagoon","WSG::201",2020,2020-07-24,7,0,6,48.0253804,-122.7165043,610,2,0
"WSG","Indian Island Lagoon","WSG::201",2020,2020-08-20,8,0,6,48.0253804,-122.7165043,603,3,0
"WSG","Indian Island Lagoon","WSG::201",2020,2020-09-16,9,0,6,48.0253804,-122.7165043,631,4,0
"WSG","Indian Island Lagoon","WSG::201",2021,2021-06-23,6,0,6,48.0253804,-122.7165043,618,1,0
"WSG","Indian Island Lagoon","WSG::201",2021,2021-07-22,7,0,6,48.0253804,-122.7165043,611,2,0
"WSG","Indian Island Lagoon","WSG::201",2021,2021-08-20,8,0,6,48.0253804,-122.7165043,604,3,0
"WSG","Indian Island Lagoon","WSG::201",2021,2021-09-16,9,0,6,48.0253804,-122.7165043,632,4,0
"WSG","Indian Island Lagoon","WSG::201",2022,2022-06-17,6,0,6,48.0253804,-122.7165043,619,1,0
"WSG","Indian Island Lagoon","WSG::201",2022,2022-07-15,7,0,6,48.0253804,-122.7165043,612,2,0
"WSG","Indian Island Lagoon","WSG::201",2022,2022-08-10,8,0,6,48.0253804,-122.7165043,605,3,0
"WSG","Indian Island Lagoon","WSG::201",2022,2022-09-09,9,0,6,48.0253804,-122.7165043,633,4,0
"WSG","Indian Island Lagoon","WSG::201",2023,2023-06-07,6,0,6,48.0253804,-122.7165043,620,1,0
"WSG","Indian Island Lagoon","WSG::201",2023,2023-07-19,7,0,6,48.0253804,-122.7165043,613,2,0
"WSG","Indian Island Lagoon","WSG::201",2023,2023-08-16,8,0,6,48.0253804,-122.7165043,606,3,0
"WSG","Indian Island Lagoon","WSG::201",2023,2023-09-27,9,0,6,48.0253804,-122.7165043,634,4,0
"WSG","Kala Lagoon","WSG::204",2015,2015-08-29,8,0,6,48.05785,-122.7698,643,1,0
"WSG","Kala Lagoon","WSG::204",2015,2015-09-26,9,0,6,48.05785,-122.7698,676,2,0
"WSG","Kala Lagoon","WSG::204",2016,2016-06-23,6,0,6,48.05785,-122.7698,660,1,0
"WSG","Kala Lagoon","WSG::204",2016,2016-07-07,7,0,6,48.05785,-122.7698,652,2,0
"WSG","Kala Lagoon","WSG::204",2016,2016-08-17,8,0,6,48.05785,-122.7698,644,3,0
"WSG","Kala Lagoon","WSG::204",2016,2016-09-15,9,0,6,48.05785,-122.7698,677,4,0
"WSG","Kala Lagoon","WSG::204",2017,2017-06-15,6,0,6,48.05785,-122.7698,661,1,0
"WSG","Kala Lagoon","WSG::204",2017,2017-07-13,7,0,6,48.05785,-122.7698,653,2,0
"WSG","Kala Lagoon","WSG::204",2017,2017-08-10,8,0,6,48.05785,-122.7698,645,3,0
"WSG","Kala Lagoon","WSG::204",2017,2017-09-07,9,0,6,48.05785,-122.7698,678,4,0
"WSG","Kala Lagoon","WSG::204",2018,2018-06-27,6,0,6,48.05785,-122.7698,662,1,0
"WSG","Kala Lagoon","WSG::204",2018,2018-07-11,7,0,6,48.05785,-122.7698,654,2,0
"WSG","Kala Lagoon","WSG::204",2018,2018-08-08,8,0,6,48.05785,-122.7698,646,3,0
"WSG","Kala Lagoon","WSG::204",2018,2018-09-08,9,1,6,48.05785,-122.7698,679,4,1
"WSG","Kala Lagoon","WSG::204",2019,2019-06-19,6,0,6,48.05785,-122.7698,663,1,0
"WSG","Kala Lagoon","WSG::204",2019,2019-07-03,7,0,6,48.05785,-122.7698,655,2,0
"WSG","Kala Lagoon","WSG::204",2019,2019-08-14,8,0,6,48.05785,-122.7698,647,3,0
"WSG","Kala Lagoon","WSG::204",2019,2019-09-11,9,0,6,48.05785,-122.7698,680,4,0
"WSG","Kala Lagoon","WSG::204",2020,2020-06-24,6,0,6,48.05785,-122.7698,664,1,0
"WSG","Kala Lagoon","WSG::204",2020,2020-07-22,7,0,6,48.05785,-122.7698,656,2,0
"WSG","Kala Lagoon","WSG::204",2020,2020-08-19,8,0,6,48.05785,-122.7698,648,3,0
"WSG","Kala Lagoon","WSG::204",2020,2020-09-29,9,0,6,48.05785,-122.7698,681,4,0
"WSG","Kala Lagoon","WSG::204",2021,2021-06-09,6,0,6,48.05785,-122.7698,665,1,0
"WSG","Kala Lagoon","WSG::204",2021,2021-07-07,7,0,6,48.05785,-122.7698,657,2,0
"WSG","Kala Lagoon","WSG::204",2021,2021-08-22,8,0,4,48.05785,-122.7698,649,3,0
"WSG","Kala Lagoon","WSG::204",2021,2021-09-06,9,0,5,48.05785,-122.7698,682,4,0
"WSG","Kala Lagoon","WSG::204",2022,2022-06-29,6,0,6,48.05785,-122.7698,666,1,0
"WSG","Kala Lagoon","WSG::204",2022,2022-07-27,7,0,6,48.05785,-122.7698,658,2,0
"WSG","Kala Lagoon","WSG::204",2022,2022-08-24,8,0,6,48.05785,-122.7698,650,3,0
"WSG","Kala Lagoon","WSG::204",2022,2022-09-09,9,0,6,48.05785,-122.7698,683,4,0
"WSG","Kala Lagoon","WSG::204",2023,2023-06-23,6,0,6,48.05785,-122.7698,667,1,0
"WSG","Kala Lagoon","WSG::204",2023,2023-07-07,7,0,6,48.05785,-122.7698,659,2,0
"WSG","Kala Lagoon","WSG::204",2023,2023-08-15,8,0,6,48.05785,-122.7698,651,3,0
"WSG","Kala Lagoon","WSG::204",2023,2023-09-12,9,0,6,48.05785,-122.7698,684,4,0
"WSG","Washington Harbor","WSG::207",2017,2017-07-09,7,0,6,48.0886291,-123.0432305,698,1,0
"WSG","Washington Harbor","WSG::207",2017,2017-08-05,8,0,6,48.0886291,-123.0432305,691,2,0
"WSG","Washington Harbor","WSG::207",2017,2017-09-02,9,0,6,48.0886291,-123.0432305,718,3,0
"WSG","Washington Harbor","WSG::207",2018,2018-06-03,6,0,6,48.0886291,-123.0432305,705,1,0
"WSG","Washington Harbor","WSG::207",2018,2018-07-15,7,0,6,48.0886291,-123.0432305,699,2,0
"WSG","Washington Harbor","WSG::207",2018,2018-08-25,8,0,6,48.0886291,-123.0432305,692,3,0
"WSG","Washington Harbor","WSG::207",2018,2018-09-22,9,0,6,48.0886291,-123.0432305,719,4,0
"WSG","Washington Harbor","WSG::207",2019,2019-06-09,6,0,6,48.0886291,-123.0432305,706,1,0
"WSG","Washington Harbor","WSG::207",2019,2019-07-07,7,0,6,48.0886291,-123.0432305,700,2,0
"WSG","Washington Harbor","WSG::207",2019,2019-08-04,8,0,6,48.0886291,-123.0432305,693,3,0
"WSG","Washington Harbor","WSG::207",2019,2019-09-13,9,0,6,48.0886291,-123.0432305,720,4,0
"WSG","Washington Harbor","WSG::207",2020,2020-06-07,6,0,6,48.0886291,-123.0432305,707,1,0
"WSG","Washington Harbor","WSG::207",2020,2020-07-06,7,0,6,48.0886291,-123.0432305,701,2,0
"WSG","Washington Harbor","WSG::207",2020,2020-08-06,8,0,6,48.0886291,-123.0432305,694,3,0
"WSG","Washington Harbor","WSG::207",2020,2020-09-02,9,0,5,48.0886291,-123.0432305,721,4,0
"WSG","Washington Harbor","WSG::207",2021,2021-06-13,6,0,6,48.0886291,-123.0432305,708,1,0
"WSG","Washington Harbor","WSG::207",2021,2021-07-11,7,0,6,48.0886291,-123.0432305,702,2,0
"WSG","Washington Harbor","WSG::207",2021,2021-08-09,8,0,6,48.0886291,-123.0432305,695,3,0
"WSG","Washington Harbor","WSG::207",2021,2021-09-06,9,0,6,48.0886291,-123.0432305,722,4,0
"WSG","Washington Harbor","WSG::207",2022,2022-06-05,6,0,6,48.0886291,-123.0432305,709,1,0
"WSG","Washington Harbor","WSG::207",2022,2022-07-02,7,0,6,48.0886291,-123.0432305,703,2,0
"WSG","Washington Harbor","WSG::207",2022,2022-08-13,8,0,6,48.0886291,-123.0432305,696,3,0
"WSG","Washington Harbor","WSG::207",2022,2022-09-10,9,0,6,48.0886291,-123.0432305,723,4,0
"WSG","Washington Harbor","WSG::207",2023,2023-06-08,6,0,6,48.0886291,-123.0432305,710,1,0
"WSG","Washington Harbor","WSG::207",2023,2023-07-21,7,0,6,48.0886291,-123.0432305,704,2,0
"WSG","Washington Harbor","WSG::207",2023,2023-08-18,8,0,6,48.0886291,-123.0432305,697,3,0
"WSG","Washington Harbor","WSG::207",2023,2023-09-14,9,0,6,48.0886291,-123.0432305,724,4,0
"WSG","Dungeness Landing","WSG::214",2016,2016-07-29,7,0,6,48.1499418,-123.1383572,740,1,0
"WSG","Dungeness Landing","WSG::214",2016,2016-08-29,8,0,6,48.1499418,-123.1383572,732,2,0
"WSG","Dungeness Landing","WSG::214",2016,2016-09-25,9,0,4,48.1499418,-123.1383572,762,3,0
"WSG","Dungeness Landing","WSG::214",2017,2017-06-27,6,0,6,48.1499418,-123.1383572,748,1,0
"WSG","Dungeness Landing","WSG::214",2017,2017-07-25,7,0,6,48.1499418,-123.1383572,741,2,0
"WSG","Dungeness Landing","WSG::214",2017,2017-08-22,8,0,6,48.1499418,-123.1383572,733,3,0
"WSG","Dungeness Landing","WSG::214",2017,2017-09-18,9,0,6,48.1499418,-123.1383572,763,4,0
"WSG","Dungeness Landing","WSG::214",2018,2018-06-15,6,1,5,48.1499418,-123.1383572,749,1,1
"WSG","Dungeness Landing","WSG::214",2018,2018-07-03,7,0,6,48.1499418,-123.1383572,742,2,0
"WSG","Dungeness Landing","WSG::214",2018,2018-08-11,8,0,6,48.1499418,-123.1383572,734,3,0
"WSG","Dungeness Landing","WSG::214",2018,2018-09-23,9,0,6,48.1499418,-123.1383572,764,4,0
"WSG","Dungeness Landing","WSG::214",2019,2019-06-18,6,0,6,48.1499418,-123.1383572,750,1,0
"WSG","Dungeness Landing","WSG::214",2019,2019-07-18,7,0,6,48.1499418,-123.1383572,743,2,0
"WSG","Dungeness Landing","WSG::214",2019,2019-08-02,8,0,6,48.1499418,-123.1383572,735,3,0
"WSG","Dungeness Landing","WSG::214",2019,2019-09-13,9,0,6,48.1499418,-123.1383572,765,4,0
"WSG","Dungeness Landing","WSG::214",2020,2020-06-23,6,0,6,48.1499418,-123.1383572,751,1,0
"WSG","Dungeness Landing","WSG::214",2020,2020-07-08,7,0,6,48.1499418,-123.1383572,744,2,0
"WSG","Dungeness Landing","WSG::214",2020,2020-08-06,8,0,6,48.1499418,-123.1383572,736,3,0
"WSG","Dungeness Landing","WSG::214",2020,2020-09-03,9,0,6,48.1499418,-123.1383572,766,4,0
"WSG","Dungeness Landing","WSG::214",2021,2021-06-17,6,0,6,48.1499418,-123.1383572,752,1,0
"WSG","Dungeness Landing","WSG::214",2021,2021-07-13,7,0,6,48.1499418,-123.1383572,745,2,0
"WSG","Dungeness Landing","WSG::214",2021,2021-08-10,8,0,6,48.1499418,-123.1383572,737,3,0
"WSG","Dungeness Landing","WSG::214",2021,2021-09-03,9,0,6,48.1499418,-123.1383572,767,4,0
"WSG","Dungeness Landing","WSG::214",2022,2022-06-16,6,0,6,48.1499418,-123.1383572,753,1,0
"WSG","Dungeness Landing","WSG::214",2022,2022-07-29,7,0,6,48.1499418,-123.1383572,746,2,0
"WSG","Dungeness Landing","WSG::214",2022,2022-08-26,8,0,6,48.1499418,-123.1383572,738,3,0
"WSG","Dungeness Landing","WSG::214",2022,2022-09-23,9,0,6,48.1499418,-123.1383572,768,4,0
"WSG","Dungeness Landing","WSG::214",2023,2023-06-07,6,0,6,48.1499418,-123.1383572,754,1,0
"WSG","Dungeness Landing","WSG::214",2023,2023-07-18,7,0,5,48.1499418,-123.1383572,747,2,0
"WSG","Dungeness Landing","WSG::214",2023,2023-08-02,8,0,6,48.1499418,-123.1383572,739,3,0
"WSG","Dungeness Landing","WSG::214",2023,2023-09-27,9,0,6,48.1499418,-123.1383572,769,4,0
"WSG","Pysht","WSG::219",2017,2017-07-25,7,0,6,48.2056323,-124.1129729,782,1,0
"WSG","Pysht","WSG::219",2017,2017-08-29,8,0,6,48.2056323,-124.1129729,776,2,0
"WSG","Pysht","WSG::219",2017,2017-09-26,9,0,6,48.2056323,-124.1129729,801,3,0
"WSG","Pysht","WSG::219",2018,2018-06-19,6,0,6,48.2056323,-124.1129729,789,1,0
"WSG","Pysht","WSG::219",2018,2018-07-17,7,0,6,48.2056323,-124.1129729,783,2,0
"WSG","Pysht","WSG::219",2018,2018-08-29,8,0,6,48.2056323,-124.1129729,777,3,0
"WSG","Pysht","WSG::219",2018,2018-09-27,9,0,6,48.2056323,-124.1129729,802,4,0
"WSG","Pysht","WSG::219",2019,2019-06-25,6,0,6,48.2056323,-124.1129729,790,1,0
"WSG","Pysht","WSG::219",2019,2019-07-17,7,0,6,48.2056323,-124.1129729,784,2,0
"WSG","Pysht","WSG::219",2019,2019-08-20,8,0,6,48.2056323,-124.1129729,778,3,0
"WSG","Pysht","WSG::219",2019,2019-09-17,9,0,6,48.2056323,-124.1129729,803,4,0
"WSG","Pysht","WSG::219",2020,2020-06-24,6,0,6,48.2056323,-124.1129729,791,1,0
"WSG","Pysht","WSG::219",2020,2020-07-22,7,0,6,48.2056323,-124.1129729,785,2,0
"WSG","Pysht","WSG::219",2020,2020-09-29,9,0,6,48.2056323,-124.1129729,804,3,0
"WSG","Pysht","WSG::219",2021,2021-06-15,6,0,6,48.2056323,-124.1129729,792,1,0
"WSG","Pysht","WSG::219",2021,2021-07-13,7,0,6,48.2056323,-124.1129729,786,2,0
"WSG","Pysht","WSG::219",2021,2021-08-24,8,0,6,48.2056323,-124.1129729,779,3,0
"WSG","Pysht","WSG::219",2021,2021-09-21,9,0,6,48.2056323,-124.1129729,805,4,0
"WSG","Pysht","WSG::219",2022,2022-06-15,6,0,6,48.2056323,-124.1129729,793,1,0
"WSG","Pysht","WSG::219",2022,2022-07-13,7,0,6,48.2056323,-124.1129729,787,2,0
"WSG","Pysht","WSG::219",2022,2022-08-17,8,0,6,48.2056323,-124.1129729,780,3,0
"WSG","Pysht","WSG::219",2022,2022-09-07,9,0,6,48.2056323,-124.1129729,806,4,0
"WSG","Pysht","WSG::219",2023,2023-06-22,6,0,6,48.2056323,-124.1129729,794,1,0
"WSG","Pysht","WSG::219",2023,2023-07-18,7,0,6,48.2056323,-124.1129729,788,2,0
"WSG","Pysht","WSG::219",2023,2023-08-16,8,0,6,48.2056323,-124.1129729,781,3,0
"WSG","Pysht","WSG::219",2023,2023-09-20,9,0,6,48.2056323,-124.1129729,807,4,0
"WSG","Butterball Cove","WSG::250",2015,2015-08-25,8,0,6,47.1181638,-122.7619788,816,1,0
"WSG","Butterball Cove","WSG::250",2015,2015-09-11,9,0,6,47.1181638,-122.7619788,849,2,0
"WSG","Butterball Cove","WSG::250",2016,2016-06-26,6,0,6,47.1181638,-122.7619788,833,1,0
"WSG","Butterball Cove","WSG::250",2016,2016-07-10,7,0,6,47.1181638,-122.7619788,825,2,0
"WSG","Butterball Cove","WSG::250",2016,2016-08-28,8,0,6,47.1181638,-122.7619788,817,3,0
"WSG","Butterball Cove","WSG::250",2016,2016-09-25,9,0,6,47.1181638,-122.7619788,850,4,0
"WSG","Butterball Cove","WSG::250",2017,2017-06-23,6,0,6,47.1181638,-122.7619788,834,1,0
"WSG","Butterball Cove","WSG::250",2017,2017-07-10,7,0,6,47.1181638,-122.7619788,826,2,0
"WSG","Butterball Cove","WSG::250",2017,2017-08-18,8,0,6,47.1181638,-122.7619788,818,3,0
"WSG","Butterball Cove","WSG::250",2017,2017-09-17,9,0,6,47.1181638,-122.7619788,851,4,0
"WSG","Butterball Cove","WSG::250",2018,2018-06-03,6,0,6,47.1181638,-122.7619788,835,1,0
"WSG","Butterball Cove","WSG::250",2018,2018-07-29,7,0,6,47.1181638,-122.7619788,827,2,0
"WSG","Butterball Cove","WSG::250",2018,2018-08-26,8,0,6,47.1181638,-122.7619788,819,3,0
"WSG","Butterball Cove","WSG::250",2018,2018-09-06,9,0,6,47.1181638,-122.7619788,852,4,0
"WSG","Butterball Cove","WSG::250",2019,2019-06-30,6,0,6,47.1181638,-122.7619788,836,1,0
"WSG","Butterball Cove","WSG::250",2019,2019-07-21,7,0,6,47.1181638,-122.7619788,828,2,0
"WSG","Butterball Cove","WSG::250",2019,2019-08-18,8,0,6,47.1181638,-122.7619788,820,3,0
"WSG","Butterball Cove","WSG::250",2019,2019-09-08,9,0,6,47.1181638,-122.7619788,853,4,0
"WSG","Butterball Cove","WSG::250",2020,2020-06-05,6,0,6,47.1181638,-122.7619788,837,1,0
"WSG","Butterball Cove","WSG::250",2020,2020-07-09,7,0,6,47.1181638,-122.7619788,829,2,0
"WSG","Butterball Cove","WSG::250",2020,2020-08-06,8,0,6,47.1181638,-122.7619788,821,3,0
"WSG","Butterball Cove","WSG::250",2020,2020-09-03,9,0,6,47.1181638,-122.7619788,854,4,0
"WSG","Butterball Cove","WSG::250",2021,2021-06-28,6,0,6,47.1181638,-122.7619788,838,1,0
"WSG","Butterball Cove","WSG::250",2021,2021-07-26,7,0,6,47.1181638,-122.7619788,830,2,0
"WSG","Butterball Cove","WSG::250",2021,2021-08-09,8,0,6,47.1181638,-122.7619788,822,3,0
"WSG","Butterball Cove","WSG::250",2021,2021-09-19,9,0,6,47.1181638,-122.7619788,855,4,0
"WSG","Butterball Cove","WSG::250",2022,2022-06-05,6,0,6,47.1181638,-122.7619788,839,1,0
"WSG","Butterball Cove","WSG::250",2022,2022-07-31,7,0,6,47.1181638,-122.7619788,831,2,0
"WSG","Butterball Cove","WSG::250",2022,2022-08-28,8,0,6,47.1181638,-122.7619788,823,3,0
"WSG","Butterball Cove","WSG::250",2022,2022-09-11,9,0,6,47.1181638,-122.7619788,856,4,0
"WSG","Butterball Cove","WSG::250",2023,2023-06-30,6,0,6,47.1181638,-122.7619788,840,1,0
"WSG","Butterball Cove","WSG::250",2023,2023-07-30,7,0,6,47.1181638,-122.7619788,832,2,0
"WSG","Butterball Cove","WSG::250",2023,2023-08-13,8,0,6,47.1181638,-122.7619788,824,3,0
"WSG","Butterball Cove","WSG::250",2023,2023-09-10,9,0,6,47.1181638,-122.7619788,857,4,0
"WSG","Titlow Lagoon","WSG::277",2017,2017-07-23,7,0,6,47.2488254,-122.5515108,871,1,0
"WSG","Titlow Lagoon","WSG::277",2017,2017-08-06,8,0,6,47.2488254,-122.5515108,864,2,0
"WSG","Titlow Lagoon","WSG::277",2017,2017-09-03,9,0,6,47.2488254,-122.5515108,890,3,0
"WSG","Titlow Lagoon","WSG::277",2018,2018-06-17,6,0,6,47.2488254,-122.5515108,878,1,0
"WSG","Titlow Lagoon","WSG::277",2018,2018-07-15,7,0,6,47.2488254,-122.5515108,872,2,0
"WSG","Titlow Lagoon","WSG::277",2018,2018-08-12,8,0,6,47.2488254,-122.5515108,865,3,0
"WSG","Titlow Lagoon","WSG::277",2018,2018-09-09,9,0,6,47.2488254,-122.5515108,891,4,0
"WSG","Titlow Lagoon","WSG::277",2019,2019-06-02,6,0,5,47.2488254,-122.5515108,879,1,0
"WSG","Titlow Lagoon","WSG::277",2019,2019-07-07,7,0,6,47.2488254,-122.5515108,873,2,0
"WSG","Titlow Lagoon","WSG::277",2019,2019-08-03,8,0,6,47.2488254,-122.5515108,866,3,0
"WSG","Titlow Lagoon","WSG::277",2019,2019-09-08,9,0,6,47.2488254,-122.5515108,892,4,0
"WSG","Titlow Lagoon","WSG::277",2020,2020-06-23,6,0,6,47.2488254,-122.5515108,880,1,0
"WSG","Titlow Lagoon","WSG::277",2020,2020-07-09,7,0,6,47.2488254,-122.5515108,874,2,0
"WSG","Titlow Lagoon","WSG::277",2020,2020-08-06,8,0,6,47.2488254,-122.5515108,867,3,0
"WSG","Titlow Lagoon","WSG::277",2020,2020-09-17,9,0,6,47.2488254,-122.5515108,893,4,0
"WSG","Titlow Lagoon","WSG::277",2021,2021-06-22,6,0,6,47.2488254,-122.5515108,881,1,0
"WSG","Titlow Lagoon","WSG::277",2021,2021-07-10,7,0,6,47.2488254,-122.5515108,875,2,0
"WSG","Titlow Lagoon","WSG::277",2021,2021-08-23,8,0,6,47.2488254,-122.5515108,868,3,0
"WSG","Titlow Lagoon","WSG::277",2021,2021-09-16,9,0,6,47.2488254,-122.5515108,894,4,0
"WSG","Titlow Lagoon","WSG::277",2022,2022-06-04,6,0,6,47.2488254,-122.5515108,882,1,0
"WSG","Titlow Lagoon","WSG::277",2022,2022-07-02,7,0,6,47.2488254,-122.5515108,876,2,0
"WSG","Titlow Lagoon","WSG::277",2022,2022-08-08,8,0,6,47.2488254,-122.5515108,869,3,0
"WSG","Titlow Lagoon","WSG::277",2022,2022-09-10,9,0,6,47.2488254,-122.5515108,895,4,0
"WSG","Titlow Lagoon","WSG::277",2023,2023-06-16,6,0,6,47.2488254,-122.5515108,883,1,0
"WSG","Titlow Lagoon","WSG::277",2023,2023-07-18,7,0,6,47.2488254,-122.5515108,877,2,0
"WSG","Titlow Lagoon","WSG::277",2023,2023-08-28,8,0,6,47.2488254,-122.5515108,870,3,0
"WSG","Titlow Lagoon","WSG::277",2023,2023-09-27,9,0,6,47.2488254,-122.5515108,896,4,0
"WSG","Anderson Island","WSG::3",2017,2017-06-21,6,0,5,47.1458712,-122.7319221,20,1,0
"WSG","Anderson Island","WSG::3",2017,2017-07-12,7,0,6,47.1458712,-122.7319221,13,2,0
"WSG","Anderson Island","WSG::3",2017,2017-08-08,8,0,6,47.1458712,-122.7319221,6,3,0
"WSG","Anderson Island","WSG::3",2017,2017-09-19,9,0,6,47.1458712,-122.7319221,33,4,0
"WSG","Anderson Island","WSG::3",2018,2018-06-12,6,0,6,47.1458712,-122.7319221,21,1,0
"WSG","Anderson Island","WSG::3",2018,2018-08-01,7,0,6,47.1458712,-122.7319221,14,2,0
"WSG","Anderson Island","WSG::3",2018,2018-08-22,8,0,6,47.1458712,-122.7319221,7,3,0
"WSG","Anderson Island","WSG::3",2018,2018-09-19,9,0,6,47.1458712,-122.7319221,34,4,0
"WSG","Anderson Island","WSG::3",2019,2019-06-13,6,0,6,47.1458712,-122.7319221,22,1,0
"WSG","Anderson Island","WSG::3",2019,2019-07-11,7,0,6,47.1458712,-122.7319221,15,2,0
"WSG","Anderson Island","WSG::3",2019,2019-08-28,8,0,6,47.1458712,-122.7319221,8,3,0
"WSG","Anderson Island","WSG::3",2019,2019-09-25,9,0,6,47.1458712,-122.7319221,35,4,0
"WSG","Anderson Island","WSG::3",2020,2020-06-24,6,0,6,47.1458712,-122.7319221,23,1,0
"WSG","Anderson Island","WSG::3",2020,2020-07-22,7,0,6,47.1458712,-122.7319221,16,2,0
"WSG","Anderson Island","WSG::3",2020,2020-08-06,8,0,6,47.1458712,-122.7319221,9,3,0
"WSG","Anderson Island","WSG::3",2020,2020-09-02,9,0,6,47.1458712,-122.7319221,36,4,0
"WSG","Anderson Island","WSG::3",2021,2021-06-16,6,0,6,47.1458712,-122.7319221,24,1,0
"WSG","Anderson Island","WSG::3",2021,2021-07-27,7,0,6,47.1458712,-122.7319221,17,2,0
"WSG","Anderson Island","WSG::3",2021,2021-08-19,8,0,6,47.1458712,-122.7319221,10,3,0
"WSG","Anderson Island","WSG::3",2021,2021-09-08,9,0,6,47.1458712,-122.7319221,37,4,0
"WSG","Anderson Island","WSG::3",2022,2022-06-28,6,0,6,47.1458712,-122.7319221,25,1,0
"WSG","Anderson Island","WSG::3",2022,2022-07-26,7,0,6,47.1458712,-122.7319221,18,2,0
"WSG","Anderson Island","WSG::3",2022,2022-08-10,8,0,6,47.1458712,-122.7319221,11,3,0
"WSG","Anderson Island","WSG::3",2022,2022-09-23,9,0,6,47.1458712,-122.7319221,38,4,0
"WSG","Anderson Island","WSG::3",2023,2023-06-21,6,0,6,47.1458712,-122.7319221,26,1,0
"WSG","Anderson Island","WSG::3",2023,2023-07-18,7,0,6,47.1458712,-122.7319221,19,2,0
"WSG","Anderson Island","WSG::3",2023,2023-08-29,8,0,6,47.1458712,-122.7319221,12,3,0
"WSG","Anderson Island","WSG::3",2023,2023-09-14,9,0,6,47.1458712,-122.7319221,39,4,0
"WSG","Deer Lagoon","WSG::306",2015,2015-08-29,8,0,6,47.99458,-122.49186,906,1,0
"WSG","Deer Lagoon","WSG::306",2015,2015-09-11,9,0,6,47.99458,-122.49186,939,2,0
"WSG","Deer Lagoon","WSG::306",2016,2016-06-09,6,0,6,47.99458,-122.49186,923,1,0
"WSG","Deer Lagoon","WSG::306",2016,2016-07-21,7,0,6,47.99458,-122.49186,915,2,0
"WSG","Deer Lagoon","WSG::306",2016,2016-08-17,8,0,6,47.99458,-122.49186,907,3,0
"WSG","Deer Lagoon","WSG::306",2016,2016-09-15,9,0,6,47.99458,-122.49186,940,4,0
"WSG","Deer Lagoon","WSG::306",2017,2017-06-28,6,0,6,47.99458,-122.49186,924,1,0
"WSG","Deer Lagoon","WSG::306",2017,2017-07-21,7,0,6,47.99458,-122.49186,916,2,0
"WSG","Deer Lagoon","WSG::306",2017,2017-08-19,8,0,6,47.99458,-122.49186,908,3,0
"WSG","Deer Lagoon","WSG::306",2017,2017-09-17,9,0,6,47.99458,-122.49186,941,4,0
"WSG","Deer Lagoon","WSG::306",2018,2018-06-28,6,0,6,47.99458,-122.49186,925,1,0
"WSG","Deer Lagoon","WSG::306",2018,2018-07-26,7,0,6,47.99458,-122.49186,917,2,0
"WSG","Deer Lagoon","WSG::306",2018,2018-08-10,8,0,6,47.99458,-122.49186,909,3,0
"WSG","Deer Lagoon","WSG::306",2018,2018-09-11,9,0,6,47.99458,-122.49186,942,4,0
"WSG","Deer Lagoon","WSG::306",2019,2019-06-18,6,0,6,47.99458,-122.49186,926,1,0
"WSG","Deer Lagoon","WSG::306",2019,2019-07-16,7,0,6,47.99458,-122.49186,918,2,0
"WSG","Deer Lagoon","WSG::306",2019,2019-08-15,8,0,6,47.99458,-122.49186,910,3,0
"WSG","Deer Lagoon","WSG::306",2019,2019-09-12,9,0,6,47.99458,-122.49186,943,4,0
"WSG","Deer Lagoon","WSG::306",2020,2020-06-19,6,0,6,47.99458,-122.49186,927,1,0
"WSG","Deer Lagoon","WSG::306",2020,2020-07-09,7,0,6,47.99458,-122.49186,919,2,0
"WSG","Deer Lagoon","WSG::306",2020,2020-08-04,8,0,6,47.99458,-122.49186,911,3,0
"WSG","Deer Lagoon","WSG::306",2020,2020-09-02,9,0,6,47.99458,-122.49186,944,4,0
"WSG","Deer Lagoon","WSG::306",2021,2021-06-10,6,0,6,47.99458,-122.49186,928,1,0
"WSG","Deer Lagoon","WSG::306",2021,2021-07-09,7,0,6,47.99458,-122.49186,920,2,0
"WSG","Deer Lagoon","WSG::306",2021,2021-08-10,8,0,6,47.99458,-122.49186,912,3,0
"WSG","Deer Lagoon","WSG::306",2021,2021-09-07,9,0,6,47.99458,-122.49186,945,4,0
"WSG","Deer Lagoon","WSG::306",2022,2022-06-17,6,0,6,47.99458,-122.49186,929,1,0
"WSG","Deer Lagoon","WSG::306",2022,2022-07-26,7,0,6,47.99458,-122.49186,921,2,0
"WSG","Deer Lagoon","WSG::306",2022,2022-08-12,8,0,6,47.99458,-122.49186,913,3,0
"WSG","Deer Lagoon","WSG::306",2022,2022-09-10,9,0,6,47.99458,-122.49186,946,4,0
"WSG","Deer Lagoon","WSG::306",2023,2023-06-21,6,0,6,47.99458,-122.49186,930,1,0
"WSG","Deer Lagoon","WSG::306",2023,2023-07-19,7,0,6,47.99458,-122.49186,922,2,0
"WSG","Deer Lagoon","WSG::306",2023,2023-08-30,8,0,6,47.99458,-122.49186,914,3,0
"WSG","Deer Lagoon","WSG::306",2023,2023-09-28,9,0,6,47.99458,-122.49186,947,4,0
"WSG","Hancock Lake","WSG::308",2018,2018-06-19,6,0,6,48.1136673,-122.5964456,961,1,0
"WSG","Hancock Lake","WSG::308",2018,2018-07-26,7,0,6,48.1136673,-122.5964456,956,2,0
"WSG","Hancock Lake","WSG::308",2018,2018-08-15,8,0,6,48.1136673,-122.5964456,952,3,0
"WSG","Hancock Lake","WSG::308",2018,2018-09-21,9,0,6,48.1136673,-122.5964456,972,4,0
"WSG","Hancock Lake","WSG::308",2019,2019-06-21,6,0,6,48.1136673,-122.5964456,962,1,0
"WSG","Hancock Lake","WSG::308",2019,2019-07-20,7,0,6,48.1136673,-122.5964456,957,2,0
"WSG","Hancock Lake","WSG::308",2019,2019-08-31,8,0,6,48.1136673,-122.5964456,953,3,0
"WSG","Hancock Lake","WSG::308",2019,2019-09-29,9,0,6,48.1136673,-122.5964456,973,4,0
"WSG","Hancock Lake","WSG::308",2020,2020-06-25,6,0,6,48.1136673,-122.5964456,963,1,0
"WSG","Hancock Lake","WSG::308",2020,2020-07-23,7,0,6,48.1136673,-122.5964456,958,2,0
"WSG","Hancock Lake","WSG::308",2020,2020-09-29,9,0,6,48.1136673,-122.5964456,974,3,0
"WSG","Hancock Lake","WSG::308",2021,2021-06-30,6,0,6,48.1136673,-122.5964456,964,1,0
"WSG","Hancock Lake","WSG::308",2022,2022-07-15,7,0,6,48.1136673,-122.5964456,959,1,0
"WSG","Hancock Lake","WSG::308",2022,2022-08-24,8,0,6,48.1136673,-122.5964456,954,2,0
"WSG","Hancock Lake","WSG::308",2022,2022-09-23,9,0,6,48.1136673,-122.5964456,975,3,0
"WSG","Hancock Lake","WSG::308",2023,2023-06-06,6,0,6,48.1136673,-122.5964456,965,1,0
"WSG","Hancock Lake","WSG::308",2023,2023-07-07,7,0,6,48.1136673,-122.5964456,960,2,0
"WSG","Hancock Lake","WSG::308",2023,2023-08-04,8,0,6,48.1136673,-122.5964456,955,3,0
"WSG","Hancock Lake","WSG::308",2023,2023-09-14,9,0,6,48.1136673,-122.5964456,976,4,0
"WSG","Penn Cove","WSG::311",2015,2015-08-15,8,0,6,48.23373,-122.7299722,985,1,0
"WSG","Penn Cove","WSG::311",2015,2015-09-12,9,0,6,48.23373,-122.7299722,1018,2,0
"WSG","Penn Cove","WSG::311",2016,2016-06-15,6,0,6,48.23373,-122.7299722,1002,1,0
"WSG","Penn Cove","WSG::311",2016,2016-07-16,7,0,6,48.23373,-122.7299722,994,2,0
"WSG","Penn Cove","WSG::311",2016,2016-08-15,8,0,6,48.23373,-122.7299722,986,3,0
"WSG","Penn Cove","WSG::311",2016,2016-09-17,9,0,6,48.23373,-122.7299722,1019,4,0
"WSG","Penn Cove","WSG::311",2017,2017-06-20,6,0,6,48.23373,-122.7299722,1003,1,0
"WSG","Penn Cove","WSG::311",2017,2017-07-20,7,0,6,48.23373,-122.7299722,995,2,0
"WSG","Penn Cove","WSG::311",2017,2017-08-18,8,0,6,48.23373,-122.7299722,987,3,0
"WSG","Penn Cove","WSG::311",2017,2017-09-19,9,0,6,48.23373,-122.7299722,1020,4,0
"WSG","Penn Cove","WSG::311",2018,2018-06-26,6,0,6,48.23373,-122.7299722,1004,1,0
"WSG","Penn Cove","WSG::311",2018,2018-07-25,7,0,6,48.23373,-122.7299722,996,2,0
"WSG","Penn Cove","WSG::311",2018,2018-08-22,8,0,6,48.23373,-122.7299722,988,3,0
"WSG","Penn Cove","WSG::311",2018,2018-09-25,9,0,6,48.23373,-122.7299722,1021,4,0
"WSG","Penn Cove","WSG::311",2019,2019-06-25,6,0,6,48.23373,-122.7299722,1005,1,0
"WSG","Penn Cove","WSG::311",2019,2019-07-23,7,0,6,48.23373,-122.7299722,997,2,0
"WSG","Penn Cove","WSG::311",2019,2019-08-24,8,0,6,48.23373,-122.7299722,989,3,0
"WSG","Penn Cove","WSG::311",2019,2019-09-24,9,0,6,48.23373,-122.7299722,1022,4,0
"WSG","Penn Cove","WSG::311",2020,2020-06-23,6,0,6,48.23373,-122.7299722,1006,1,0
"WSG","Penn Cove","WSG::311",2020,2020-07-28,7,0,6,48.23373,-122.7299722,998,2,0
"WSG","Penn Cove","WSG::311",2020,2020-08-24,8,0,6,48.23373,-122.7299722,990,3,0
"WSG","Penn Cove","WSG::311",2020,2020-09-29,9,0,6,48.23373,-122.7299722,1023,4,0
"WSG","Penn Cove","WSG::311",2021,2021-06-22,6,0,6,48.23373,-122.7299722,1007,1,0
"WSG","Penn Cove","WSG::311",2021,2021-07-21,7,0,6,48.23373,-122.7299722,999,2,0
"WSG","Penn Cove","WSG::311",2021,2021-08-24,8,0,6,48.23373,-122.7299722,991,3,0
"WSG","Penn Cove","WSG::311",2021,2021-09-21,9,0,6,48.23373,-122.7299722,1024,4,0
"WSG","Penn Cove","WSG::311",2022,2022-06-15,6,0,6,48.23373,-122.7299722,1008,1,0
"WSG","Penn Cove","WSG::311",2022,2022-07-20,7,0,6,48.23373,-122.7299722,1000,2,0
"WSG","Penn Cove","WSG::311",2022,2022-08-24,8,0,6,48.23373,-122.7299722,992,3,0
"WSG","Penn Cove","WSG::311",2022,2022-09-21,9,0,6,48.23373,-122.7299722,1025,4,0
"WSG","Penn Cove","WSG::311",2023,2023-06-13,6,0,6,48.23373,-122.7299722,1009,1,0
"WSG","Penn Cove","WSG::311",2023,2023-07-18,7,0,6,48.23373,-122.7299722,1001,2,0
"WSG","Penn Cove","WSG::311",2023,2023-08-18,8,0,6,48.23373,-122.7299722,993,3,0
"WSG","Penn Cove","WSG::311",2023,2023-09-12,9,0,6,48.23373,-122.7299722,1026,4,0
"WSG","Lone Tree Lagoon","WSG::322",2017,2017-06-14,6,0,6,48.4070743,-122.5550184,1048,1,0
"WSG","Lone Tree Lagoon","WSG::322",2017,2017-07-11,7,0,6,48.4070743,-122.5550184,1041,2,0
"WSG","Lone Tree Lagoon","WSG::322",2017,2017-08-09,8,0,6,48.4070743,-122.5550184,1034,3,0
"WSG","Lone Tree Lagoon","WSG::322",2017,2017-09-07,9,0,6,48.4070743,-122.5550184,1062,4,0
"WSG","Lone Tree Lagoon","WSG::322",2018,2018-06-28,6,0,6,48.4070743,-122.5550184,1049,1,0
"WSG","Lone Tree Lagoon","WSG::322",2018,2018-07-26,7,0,6,48.4070743,-122.5550184,1042,2,0
"WSG","Lone Tree Lagoon","WSG::322",2018,2018-08-24,8,0,6,48.4070743,-122.5550184,1035,3,0
"WSG","Lone Tree Lagoon","WSG::322",2018,2018-09-19,9,0,6,48.4070743,-122.5550184,1063,4,0
"WSG","Lone Tree Lagoon","WSG::322",2019,2019-06-19,6,0,6,48.4070743,-122.5550184,1050,1,0
"WSG","Lone Tree Lagoon","WSG::322",2019,2019-07-17,7,0,6,48.4070743,-122.5550184,1043,2,0
"WSG","Lone Tree Lagoon","WSG::322",2019,2019-08-15,8,0,6,48.4070743,-122.5550184,1036,3,0
"WSG","Lone Tree Lagoon","WSG::322",2019,2019-09-12,9,0,6,48.4070743,-122.5550184,1064,4,0
"WSG","Lone Tree Lagoon","WSG::322",2020,2020-06-24,6,0,6,48.4070743,-122.5550184,1051,1,0
"WSG","Lone Tree Lagoon","WSG::322",2020,2020-07-22,7,0,6,48.4070743,-122.5550184,1044,2,0
"WSG","Lone Tree Lagoon","WSG::322",2020,2020-08-19,8,0,6,48.4070743,-122.5550184,1037,3,0
"WSG","Lone Tree Lagoon","WSG::322",2020,2020-09-19,9,0,6,48.4070743,-122.5550184,1065,4,0
"WSG","Lone Tree Lagoon","WSG::322",2021,2021-06-11,6,0,6,48.4070743,-122.5550184,1052,1,0
"WSG","Lone Tree Lagoon","WSG::322",2021,2021-07-09,7,0,6,48.4070743,-122.5550184,1045,2,0
"WSG","Lone Tree Lagoon","WSG::322",2021,2021-08-10,8,0,6,48.4070743,-122.5550184,1038,3,0
"WSG","Lone Tree Lagoon","WSG::322",2021,2021-09-06,9,0,6,48.4070743,-122.5550184,1066,4,0
"WSG","Lone Tree Lagoon","WSG::322",2022,2022-06-17,6,0,6,48.4070743,-122.5550184,1053,1,0
"WSG","Lone Tree Lagoon","WSG::322",2022,2022-07-15,7,0,6,48.4070743,-122.5550184,1046,2,0
"WSG","Lone Tree Lagoon","WSG::322",2022,2022-08-12,8,0,6,48.4070743,-122.5550184,1039,3,0
"WSG","Lone Tree Lagoon","WSG::322",2022,2022-09-09,9,0,6,48.4070743,-122.5550184,1067,4,0
"WSG","Lone Tree Lagoon","WSG::322",2023,2023-06-08,6,0,6,48.4070743,-122.5550184,1054,1,0
"WSG","Lone Tree Lagoon","WSG::322",2023,2023-07-20,7,0,6,48.4070743,-122.5550184,1047,2,0
"WSG","Lone Tree Lagoon","WSG::322",2023,2023-08-03,8,0,6,48.4070743,-122.5550184,1040,3,0
"WSG","Lone Tree Lagoon","WSG::322",2023,2023-09-13,9,0,6,48.4070743,-122.5550184,1068,4,0
"WSG","Kiket Lagoon","WSG::323",2016,2016-06-25,6,0,6,48.42112,-122.55775,1092,1,0
"WSG","Kiket Lagoon","WSG::323",2016,2016-07-16,7,0,6,48.42112,-122.55775,1084,2,0
"WSG","Kiket Lagoon","WSG::323",2016,2016-08-14,8,0,6,48.42112,-122.55775,1076,3,0
"WSG","Kiket Lagoon","WSG::323",2016,2016-09-26,9,0,6,48.42112,-122.55775,1108,4,0
"WSG","Kiket Lagoon","WSG::323",2017,2017-06-25,6,0,6,48.42112,-122.55775,1093,1,0
"WSG","Kiket Lagoon","WSG::323",2017,2017-07-23,7,0,6,48.42112,-122.55775,1085,2,0
"WSG","Kiket Lagoon","WSG::323",2017,2017-08-20,8,0,6,48.42112,-122.55775,1077,3,0
"WSG","Kiket Lagoon","WSG::323",2017,2017-09-02,9,0,6,48.42112,-122.55775,1109,4,0
"WSG","Kiket Lagoon","WSG::323",2018,2018-06-24,6,0,6,48.42112,-122.55775,1094,1,0
"WSG","Kiket Lagoon","WSG::323",2018,2018-07-29,7,0,6,48.42112,-122.55775,1086,2,0
"WSG","Kiket Lagoon","WSG::323",2018,2018-08-26,8,0,6,48.42112,-122.55775,1078,3,0
"WSG","Kiket Lagoon","WSG::323",2018,2018-09-23,9,0,6,48.42112,-122.55775,1110,4,0
"WSG","Kiket Lagoon","WSG::323",2019,2019-06-08,6,0,6,48.42112,-122.55775,1095,1,0
"WSG","Kiket Lagoon","WSG::323",2019,2019-07-28,7,0,6,48.42112,-122.55775,1087,2,0
"WSG","Kiket Lagoon","WSG::323",2019,2019-08-11,8,0,6,48.42112,-122.55775,1079,3,0
"WSG","Kiket Lagoon","WSG::323",2019,2019-09-10,9,0,6,48.42112,-122.55775,1111,4,0
"WSG","Kiket Lagoon","WSG::323",2020,2020-06-26,6,0,6,48.42112,-122.55775,1096,1,0
"WSG","Kiket Lagoon","WSG::323",2020,2020-07-24,7,0,6,48.42112,-122.55775,1088,2,0
"WSG","Kiket Lagoon","WSG::323",2020,2020-08-20,8,0,6,48.42112,-122.55775,1080,3,0
"WSG","Kiket Lagoon","WSG::323",2020,2020-09-18,9,0,6,48.42112,-122.55775,1112,4,0
"WSG","Kiket Lagoon","WSG::323",2021,2021-06-25,6,0,6,48.42112,-122.55775,1097,1,0
"WSG","Kiket Lagoon","WSG::323",2021,2021-07-09,7,0,6,48.42112,-122.55775,1089,2,0
"WSG","Kiket Lagoon","WSG::323",2021,2021-08-13,8,0,6,48.42112,-122.55775,1081,3,0
"WSG","Kiket Lagoon","WSG::323",2021,2021-09-10,9,0,6,48.42112,-122.55775,1113,4,0
"WSG","Kiket Lagoon","WSG::323",2022,2022-06-03,6,0,6,48.42112,-122.55775,1098,1,0
"WSG","Kiket Lagoon","WSG::323",2022,2022-07-11,7,0,6,48.42112,-122.55775,1090,2,0
"WSG","Kiket Lagoon","WSG::323",2022,2022-08-10,8,0,6,48.42112,-122.55775,1082,3,0
"WSG","Kiket Lagoon","WSG::323",2022,2022-09-11,9,0,6,48.42112,-122.55775,1114,4,0
"WSG","Kiket Lagoon","WSG::323",2023,2023-06-05,6,0,6,48.42112,-122.55775,1099,1,0
"WSG","Kiket Lagoon","WSG::323",2023,2023-07-06,7,0,6,48.42112,-122.55775,1091,2,0
"WSG","Kiket Lagoon","WSG::323",2023,2023-08-02,8,0,6,48.42112,-122.55775,1083,3,0
"WSG","Kiket Lagoon","WSG::323",2023,2023-09-11,9,0,6,48.42112,-122.55775,1115,4,0
"WSG","Mud Bay","WSG::330",2016,2016-06-09,6,0,6,48.4604493,-122.8205968,1140,1,0
"WSG","Mud Bay","WSG::330",2016,2016-07-07,7,0,6,48.4604493,-122.8205968,1132,2,0
"WSG","Mud Bay","WSG::330",2016,2016-08-16,8,0,6,48.4604493,-122.8205968,1124,3,0
"WSG","Mud Bay","WSG::330",2016,2016-09-13,9,0,6,48.4604493,-122.8205968,1156,4,0
"WSG","Mud Bay","WSG::330",2017,2017-06-10,6,0,6,48.4604493,-122.8205968,1141,1,0
"WSG","Mud Bay","WSG::330",2017,2017-07-23,7,0,6,48.4604493,-122.8205968,1133,2,0
"WSG","Mud Bay","WSG::330",2017,2017-08-20,8,0,6,48.4604493,-122.8205968,1125,3,0
"WSG","Mud Bay","WSG::330",2017,2017-09-03,9,0,6,48.4604493,-122.8205968,1157,4,0
"WSG","Mud Bay","WSG::330",2018,2018-06-17,6,0,6,48.4604493,-122.8205968,1142,1,0
"WSG","Mud Bay","WSG::330",2018,2018-07-24,7,0,6,48.4604493,-122.8205968,1134,2,0
"WSG","Mud Bay","WSG::330",2018,2018-08-12,8,0,6,48.4604493,-122.8205968,1126,3,0
"WSG","Mud Bay","WSG::330",2018,2018-09-18,9,0,6,48.4604493,-122.8205968,1158,4,0
"WSG","Mud Bay","WSG::330",2019,2019-06-04,6,0,6,48.4604493,-122.8205968,1143,1,0
"WSG","Mud Bay","WSG::330",2019,2019-07-02,7,0,6,48.4604493,-122.8205968,1135,2,0
"WSG","Mud Bay","WSG::330",2019,2019-08-03,8,0,6,48.4604493,-122.8205968,1127,3,0
"WSG","Mud Bay","WSG::330",2019,2019-09-07,9,0,6,48.4604493,-122.8205968,1159,4,0
"WSG","Mud Bay","WSG::330",2020,2020-06-07,6,0,6,48.4604493,-122.8205968,1144,1,0
"WSG","Mud Bay","WSG::330",2020,2020-07-21,7,0,6,48.4604493,-122.8205968,1136,2,0
"WSG","Mud Bay","WSG::330",2020,2020-08-02,8,0,6,48.4604493,-122.8205968,1128,3,0
"WSG","Mud Bay","WSG::330",2020,2020-09-13,9,0,6,48.4604493,-122.8205968,1160,4,0
"WSG","Mud Bay","WSG::330",2021,2021-06-25,6,0,6,48.4604493,-122.8205968,1145,1,0
"WSG","Mud Bay","WSG::330",2021,2021-07-25,7,0,5,48.4604493,-122.8205968,1137,2,0
"WSG","Mud Bay","WSG::330",2021,2021-08-22,8,0,6,48.4604493,-122.8205968,1129,3,0
"WSG","Mud Bay","WSG::330",2021,2021-09-29,9,0,6,48.4604493,-122.8205968,1161,4,0
"WSG","Mud Bay","WSG::330",2022,2022-06-07,6,0,6,48.4604493,-122.8205968,1146,1,0
"WSG","Mud Bay","WSG::330",2022,2022-07-24,7,0,6,48.4604493,-122.8205968,1138,2,0
"WSG","Mud Bay","WSG::330",2022,2022-08-10,8,0,6,48.4604493,-122.8205968,1130,3,0
"WSG","Mud Bay","WSG::330",2022,2022-09-06,9,0,6,48.4604493,-122.8205968,1162,4,0
"WSG","Mud Bay","WSG::330",2023,2023-06-07,6,0,6,48.4604493,-122.8205968,1147,1,0
"WSG","Mud Bay","WSG::330",2023,2023-07-15,7,0,6,48.4604493,-122.8205968,1139,2,0
"WSG","Mud Bay","WSG::330",2023,2023-08-11,8,0,6,48.4604493,-122.8205968,1131,3,0
"WSG","Mud Bay","WSG::330",2023,2023-09-11,9,0,6,48.4604493,-122.8205968,1163,4,0
"WSG","Crandall Spit","WSG::341",2016,2016-07-19,7,0,6,48.4930814,-122.5780734,1177,1,0
"WSG","Crandall Spit","WSG::341",2016,2016-09-13,9,0,6,48.4930814,-122.5780734,1196,2,0
"WSG","Crandall Spit","WSG::341",2017,2017-06-06,6,0,6,48.4930814,-122.5780734,1185,1,0
"WSG","Crandall Spit","WSG::341",2017,2017-07-25,7,0,6,48.4930814,-122.5780734,1178,2,0
"WSG","Crandall Spit","WSG::341",2017,2017-08-08,8,0,6,48.4930814,-122.5780734,1170,3,0
"WSG","Crandall Spit","WSG::341",2017,2017-09-06,9,0,6,48.4930814,-122.5780734,1197,4,0
"WSG","Crandall Spit","WSG::341",2018,2018-06-14,6,0,6,48.4930814,-122.5780734,1186,1,0
"WSG","Crandall Spit","WSG::341",2018,2018-07-12,7,0,6,48.4930814,-122.5780734,1179,2,0
"WSG","Crandall Spit","WSG::341",2018,2018-08-23,8,0,6,48.4930814,-122.5780734,1171,3,0
"WSG","Crandall Spit","WSG::341",2018,2018-09-20,9,0,6,48.4930814,-122.5780734,1198,4,0
"WSG","Crandall Spit","WSG::341",2019,2019-06-06,6,0,6,48.4930814,-122.5780734,1187,1,0
"WSG","Crandall Spit","WSG::341",2019,2019-07-19,7,0,6,48.4930814,-122.5780734,1180,2,0
"WSG","Crandall Spit","WSG::341",2019,2019-08-15,8,0,6,48.4930814,-122.5780734,1172,3,0
"WSG","Crandall Spit","WSG::341",2019,2019-09-12,9,0,6,48.4930814,-122.5780734,1199,4,0
"WSG","Crandall Spit","WSG::341",2020,2020-07-21,7,0,6,48.4930814,-122.5780734,1181,1,0
"WSG","Crandall Spit","WSG::341",2020,2020-08-19,8,0,6,48.4930814,-122.5780734,1173,2,0
"WSG","Crandall Spit","WSG::341",2020,2020-09-29,9,0,6,48.4930814,-122.5780734,1200,3,0
"WSG","Crandall Spit","WSG::341",2021,2021-06-15,6,0,6,48.4930814,-122.5780734,1188,1,0
"WSG","Crandall Spit","WSG::341",2021,2021-07-13,7,0,6,48.4930814,-122.5780734,1182,2,0
"WSG","Crandall Spit","WSG::341",2021,2021-08-11,8,0,6,48.4930814,-122.5780734,1174,3,0
"WSG","Crandall Spit","WSG::341",2021,2021-09-21,9,0,6,48.4930814,-122.5780734,1201,4,0
"WSG","Crandall Spit","WSG::341",2022,2022-06-29,6,0,6,48.4930814,-122.5780734,1189,1,0
"WSG","Crandall Spit","WSG::341",2022,2022-07-17,7,0,5,48.4930814,-122.5780734,1183,2,0
"WSG","Crandall Spit","WSG::341",2022,2022-08-11,8,0,6,48.4930814,-122.5780734,1175,3,0
"WSG","Crandall Spit","WSG::341",2022,2022-09-10,9,0,6,48.4930814,-122.5780734,1202,4,0
"WSG","Crandall Spit","WSG::341",2023,2023-06-16,6,0,6,48.4930814,-122.5780734,1190,1,0
"WSG","Crandall Spit","WSG::341",2023,2023-07-17,7,0,6,48.4930814,-122.5780734,1184,2,0
"WSG","Crandall Spit","WSG::341",2023,2023-08-12,8,0,6,48.4930814,-122.5780734,1176,3,0
"WSG","Crandall Spit","WSG::341",2023,2023-09-10,9,0,6,48.4930814,-122.5780734,1203,4,0
"WSG","Shaw Island","WSG::349",2017,2017-06-11,6,0,6,48.5607255,-122.9502154,1223,1,0
"WSG","Shaw Island","WSG::349",2017,2017-07-23,7,0,6,48.5607255,-122.9502154,1216,2,0
"WSG","Shaw Island","WSG::349",2017,2017-08-20,8,0,6,48.5607255,-122.9502154,1209,3,0
"WSG","Shaw Island","WSG::349",2017,2017-10-01,9,0,6,48.5607255,-122.9502154,1237,4,0
"WSG","Shaw Island","WSG::349",2018,2018-06-25,6,0,4,48.5607255,-122.9502154,1224,1,0
"WSG","Shaw Island","WSG::349",2018,2018-07-28,7,0,6,48.5607255,-122.9502154,1217,2,0
"WSG","Shaw Island","WSG::349",2018,2018-08-23,8,0,6,48.5607255,-122.9502154,1210,3,0
"WSG","Shaw Island","WSG::349",2018,2018-09-17,9,0,6,48.5607255,-122.9502154,1238,4,0
"WSG","Shaw Island","WSG::349",2019,2019-06-30,6,0,6,48.5607255,-122.9502154,1225,1,0
"WSG","Shaw Island","WSG::349",2019,2019-07-17,7,0,6,48.5607255,-122.9502154,1218,2,0
"WSG","Shaw Island","WSG::349",2019,2019-08-29,8,0,6,48.5607255,-122.9502154,1211,3,0
"WSG","Shaw Island","WSG::349",2019,2019-09-22,9,0,6,48.5607255,-122.9502154,1239,4,0
"WSG","Shaw Island","WSG::349",2020,2020-06-26,6,0,6,48.5607255,-122.9502154,1226,1,0
"WSG","Shaw Island","WSG::349",2020,2020-07-22,7,0,6,48.5607255,-122.9502154,1219,2,0
"WSG","Shaw Island","WSG::349",2020,2020-08-31,8,0,6,48.5607255,-122.9502154,1212,3,0
"WSG","Shaw Island","WSG::349",2020,2020-09-27,9,0,6,48.5607255,-122.9502154,1240,4,0
"WSG","Shaw Island","WSG::349",2021,2021-06-29,6,0,6,48.5607255,-122.9502154,1227,1,0
"WSG","Shaw Island","WSG::349",2021,2021-07-27,7,0,6,48.5607255,-122.9502154,1220,2,0
"WSG","Shaw Island","WSG::349",2021,2021-08-31,8,0,6,48.5607255,-122.9502154,1213,3,0
"WSG","Shaw Island","WSG::349",2021,2021-09-26,9,0,6,48.5607255,-122.9502154,1241,4,0
"WSG","Shaw Island","WSG::349",2022,2022-06-18,6,0,6,48.5607255,-122.9502154,1228,1,0
"WSG","Shaw Island","WSG::349",2022,2022-07-30,7,0,6,48.5607255,-122.9502154,1221,2,0
"WSG","Shaw Island","WSG::349",2022,2022-08-13,8,0,6,48.5607255,-122.9502154,1214,3,0
"WSG","Shaw Island","WSG::349",2023,2023-06-29,6,0,6,48.5607255,-122.9502154,1229,1,0
"WSG","Shaw Island","WSG::349",2023,2023-07-19,7,0,6,48.5607255,-122.9502154,1222,2,0
"WSG","Shaw Island","WSG::349",2023,2023-08-17,8,0,6,48.5607255,-122.9502154,1215,3,0
"WSG","Shaw Island","WSG::349",2023,2023-09-10,9,0,6,48.5607255,-122.9502154,1242,4,0
"WSG","Double Cove","WSG::371",2017,2017-06-26,6,0,6,48.5924385,-122.9283147,1387,1,0
"WSG","Double Cove","WSG::371",2017,2017-07-16,7,0,6,48.5924385,-122.9283147,1382,2,0
"WSG","Double Cove","WSG::371",2017,2017-08-23,8,0,6,48.5924385,-122.9283147,1377,3,0
"WSG","Double Cove","WSG::371",2017,2017-09-22,9,0,6,48.5924385,-122.9283147,1395,4,0
"WSG","Double Cove","WSG::371",2018,2018-06-30,6,0,6,48.5924385,-122.9283147,1388,1,0
"WSG","Double Cove","WSG::371",2018,2018-07-30,7,0,6,48.5924385,-122.9283147,1383,2,0
"WSG","Double Cove","WSG::371",2018,2018-08-28,8,0,6,48.5924385,-122.9283147,1378,3,0
"WSG","Double Cove","WSG::371",2018,2018-09-25,9,0,6,48.5924385,-122.9283147,1396,4,0
"WSG","Double Cove","WSG::371",2019,2019-06-20,6,0,6,48.5924385,-122.9283147,1389,1,0
"WSG","Double Cove","WSG::371",2019,2019-07-19,7,0,6,48.5924385,-122.9283147,1384,2,0
"WSG","Double Cove","WSG::371",2019,2019-08-30,8,0,6,48.5924385,-122.9283147,1379,3,0
"WSG","Double Cove","WSG::371",2019,2019-09-29,9,0,6,48.5924385,-122.9283147,1397,4,0
"WSG","Double Cove","WSG::371",2022,2022-07-26,7,0,6,48.5924385,-122.9283147,1385,1,0
"WSG","Double Cove","WSG::371",2022,2022-08-31,8,0,6,48.5924385,-122.9283147,1380,2,0
"WSG","Double Cove","WSG::371",2022,2022-09-30,9,0,6,48.5924385,-122.9283147,1398,3,0
"WSG","Double Cove","WSG::371",2023,2023-07-24,7,0,6,48.5924385,-122.9283147,1386,1,0
"WSG","Double Cove","WSG::371",2023,2023-08-18,8,0,6,48.5924385,-122.9283147,1381,2,0
"WSG","Double Cove","WSG::371",2023,2023-09-11,9,0,6,48.5924385,-122.9283147,1399,3,0
"WSG","Big Indian Slough","WSG::378",2017,2017-06-08,6,0,6,48.4527805,-122.4735085,1420,1,0
"WSG","Big Indian Slough","WSG::378",2017,2017-07-13,7,0,6,48.4527805,-122.4735085,1413,2,0
"WSG","Big Indian Slough","WSG::378",2017,2017-08-08,8,0,6,48.4527805,-122.4735085,1406,3,0
"WSG","Big Indian Slough","WSG::378",2017,2017-09-04,9,0,6,48.4527805,-122.4735085,1434,4,0
"WSG","Big Indian Slough","WSG::378",2018,2018-06-29,6,0,6,48.4527805,-122.4735085,1421,1,0
"WSG","Big Indian Slough","WSG::378",2018,2018-07-27,7,0,6,48.4527805,-122.4735085,1414,2,0
"WSG","Big Indian Slough","WSG::378",2018,2018-08-24,8,0,6,48.4527805,-122.4735085,1407,3,0
"WSG","Big Indian Slough","WSG::378",2018,2018-09-20,9,0,6,48.4527805,-122.4735085,1435,4,0
"WSG","Big Indian Slough","WSG::378",2019,2019-06-22,6,0,6,48.4527805,-122.4735085,1422,1,0
"WSG","Big Indian Slough","WSG::378",2019,2019-07-19,7,0,6,48.4527805,-122.4735085,1415,2,0
"WSG","Big Indian Slough","WSG::378",2019,2019-08-30,8,0,6,48.4527805,-122.4735085,1408,3,0
"WSG","Big Indian Slough","WSG::378",2019,2019-09-27,9,0,6,48.4527805,-122.4735085,1436,4,0
"WSG","Big Indian Slough","WSG::378",2020,2020-06-26,6,0,6,48.4527805,-122.4735085,1423,1,0
"WSG","Big Indian Slough","WSG::378",2020,2020-07-23,7,0,6,48.4527805,-122.4735085,1416,2,0
"WSG","Big Indian Slough","WSG::378",2020,2020-08-20,8,0,6,48.4527805,-122.4735085,1409,3,0
"WSG","Big Indian Slough","WSG::378",2020,2020-09-28,9,0,5,48.4527805,-122.4735085,1437,4,0
"WSG","Big Indian Slough","WSG::378",2021,2021-06-09,6,0,6,48.4527805,-122.4735085,1424,1,0
"WSG","Big Indian Slough","WSG::378",2021,2021-07-13,7,0,6,48.4527805,-122.4735085,1417,2,0
"WSG","Big Indian Slough","WSG::378",2021,2021-08-11,8,0,6,48.4527805,-122.4735085,1410,3,0
"WSG","Big Indian Slough","WSG::378",2021,2021-09-02,9,0,6,48.4527805,-122.4735085,1438,4,0
"WSG","Big Indian Slough","WSG::378",2022,2022-06-16,6,0,6,48.4527805,-122.4735085,1425,1,0
"WSG","Big Indian Slough","WSG::378",2022,2022-07-26,7,0,6,48.4527805,-122.4735085,1418,2,0
"WSG","Big Indian Slough","WSG::378",2022,2022-08-23,8,0,6,48.4527805,-122.4735085,1411,3,0
"WSG","Big Indian Slough","WSG::378",2022,2022-09-21,9,0,6,48.4527805,-122.4735085,1439,4,0
"WSG","Big Indian Slough","WSG::378",2023,2023-06-15,6,0,6,48.4527805,-122.4735085,1426,1,0
"WSG","Big Indian Slough","WSG::378",2023,2023-07-14,7,0,6,48.4527805,-122.4735085,1419,2,0
"WSG","Big Indian Slough","WSG::378",2023,2023-08-10,8,0,6,48.4527805,-122.4735085,1412,3,0
"WSG","Big Indian Slough","WSG::378",2023,2023-09-14,9,0,6,48.4527805,-122.4735085,1440,4,0
"WSG","Biomonitoring","WSG::379",2017,2017-06-27,6,0,6,48.5485785,-122.4991599,1461,1,0
"WSG","Biomonitoring","WSG::379",2017,2017-07-12,7,0,6,48.5485785,-122.4991599,1454,2,0
"WSG","Biomonitoring","WSG::379",2017,2017-08-09,8,0,6,48.5485785,-122.4991599,1447,3,0
"WSG","Biomonitoring","WSG::379",2017,2017-09-03,9,0,6,48.5485785,-122.4991599,1475,4,0
"WSG","Biomonitoring","WSG::379",2018,2018-06-28,6,0,6,48.5485785,-122.4991599,1462,1,0
"WSG","Biomonitoring","WSG::379",2018,2018-07-27,7,0,6,48.5485785,-122.4991599,1455,2,0
"WSG","Biomonitoring","WSG::379",2018,2018-08-23,8,0,6,48.5485785,-122.4991599,1448,3,0
"WSG","Biomonitoring","WSG::379",2018,2018-09-21,9,0,6,48.5485785,-122.4991599,1476,4,0
"WSG","Biomonitoring","WSG::379",2019,2019-06-20,6,0,5,48.5485785,-122.4991599,1463,1,0
"WSG","Biomonitoring","WSG::379",2019,2019-07-17,7,0,6,48.5485785,-122.4991599,1456,2,0
"WSG","Biomonitoring","WSG::379",2019,2019-08-28,8,0,6,48.5485785,-122.4991599,1449,3,0
"WSG","Biomonitoring","WSG::379",2019,2019-09-25,9,0,6,48.5485785,-122.4991599,1477,4,0
"WSG","Biomonitoring","WSG::379",2020,2020-06-26,6,0,6,48.5485785,-122.4991599,1464,1,0
"WSG","Biomonitoring","WSG::379",2020,2020-07-23,7,0,6,48.5485785,-122.4991599,1457,2,0
"WSG","Biomonitoring","WSG::379",2020,2020-08-19,8,0,6,48.5485785,-122.4991599,1450,3,0
"WSG","Biomonitoring","WSG::379",2020,2020-09-29,9,0,6,48.5485785,-122.4991599,1478,4,0
"WSG","Biomonitoring","WSG::379",2021,2021-06-08,6,0,6,48.5485785,-122.4991599,1465,1,0
"WSG","Biomonitoring","WSG::379",2021,2021-07-13,7,0,6,48.5485785,-122.4991599,1458,2,0
"WSG","Biomonitoring","WSG::379",2021,2021-08-11,8,0,6,48.5485785,-122.4991599,1451,3,0
"WSG","Biomonitoring","WSG::379",2021,2021-09-02,9,0,6,48.5485785,-122.4991599,1479,4,0
"WSG","Biomonitoring","WSG::379",2022,2022-06-15,6,0,6,48.5485785,-122.4991599,1466,1,0
"WSG","Biomonitoring","WSG::379",2022,2022-07-27,7,0,6,48.5485785,-122.4991599,1459,2,0
"WSG","Biomonitoring","WSG::379",2022,2022-08-23,8,0,6,48.5485785,-122.4991599,1452,3,0
"WSG","Biomonitoring","WSG::379",2022,2022-09-20,9,0,6,48.5485785,-122.4991599,1480,4,0
"WSG","Biomonitoring","WSG::379",2023,2023-06-15,6,0,6,48.5485785,-122.4991599,1467,1,0
"WSG","Biomonitoring","WSG::379",2023,2023-07-13,7,0,6,48.5485785,-122.4991599,1460,2,0
"WSG","Biomonitoring","WSG::379",2023,2023-08-10,8,0,6,48.5485785,-122.4991599,1453,3,0
"WSG","Biomonitoring","WSG::379",2023,2023-09-14,9,0,6,48.5485785,-122.4991599,1481,4,0
"WSG","Fidalgo Trestle","WSG::380",2017,2017-06-11,6,0,6,48.4778014,-122.5733726,1503,1,0
"WSG","Fidalgo Trestle","WSG::380",2017,2017-07-08,7,0,6,48.4778014,-122.5733726,1496,2,0
"WSG","Fidalgo Trestle","WSG::380",2017,2017-08-09,8,0,6,48.4778014,-122.5733726,1489,3,0
"WSG","Fidalgo Trestle","WSG::380",2017,2017-09-16,9,0,6,48.4778014,-122.5733726,1517,4,0
"WSG","Fidalgo Trestle","WSG::380",2018,2018-06-24,6,0,6,48.4778014,-122.5733726,1504,1,0
"WSG","Fidalgo Trestle","WSG::380",2018,2018-07-24,7,0,6,48.4778014,-122.5733726,1497,2,0
"WSG","Fidalgo Trestle","WSG::380",2018,2018-08-21,8,0,6,48.4778014,-122.5733726,1490,3,0
"WSG","Fidalgo Trestle","WSG::380",2018,2018-09-10,9,0,6,48.4778014,-122.5733726,1518,4,0
"WSG","Fidalgo Trestle","WSG::380",2019,2019-06-21,6,0,6,48.4778014,-122.5733726,1505,1,0
"WSG","Fidalgo Trestle","WSG::380",2019,2019-07-16,7,0,6,48.4778014,-122.5733726,1498,2,0
"WSG","Fidalgo Trestle","WSG::380",2019,2019-08-17,8,0,6,48.4778014,-122.5733726,1491,3,0
"WSG","Fidalgo Trestle","WSG::380",2019,2019-09-28,9,0,6,48.4778014,-122.5733726,1519,4,0
"WSG","Fidalgo Trestle","WSG::380",2020,2020-06-23,6,0,6,48.4778014,-122.5733726,1506,1,0
"WSG","Fidalgo Trestle","WSG::380",2020,2020-07-19,7,0,6,48.4778014,-122.5733726,1499,2,0
"WSG","Fidalgo Trestle","WSG::380",2020,2020-08-21,8,0,6,48.4778014,-122.5733726,1492,3,0
"WSG","Fidalgo Trestle","WSG::380",2020,2020-09-16,9,0,6,48.4778014,-122.5733726,1520,4,0
"WSG","Fidalgo Trestle","WSG::380",2021,2021-06-16,6,0,6,48.4778014,-122.5733726,1507,1,0
"WSG","Fidalgo Trestle","WSG::380",2021,2021-07-14,7,0,6,48.4778014,-122.5733726,1500,2,0
"WSG","Fidalgo Trestle","WSG::380",2021,2021-08-20,8,0,6,48.4778014,-122.5733726,1493,3,0
"WSG","Fidalgo Trestle","WSG::380",2021,2021-09-19,9,0,6,48.4778014,-122.5733726,1521,4,0
"WSG","Fidalgo Trestle","WSG::380",2022,2022-06-19,6,0,5,48.4778014,-122.5733726,1508,1,0
"WSG","Fidalgo Trestle","WSG::380",2022,2022-07-15,7,0,6,48.4778014,-122.5733726,1501,2,0
"WSG","Fidalgo Trestle","WSG::380",2022,2022-08-12,8,0,6,48.4778014,-122.5733726,1494,3,0
"WSG","Fidalgo Trestle","WSG::380",2022,2022-09-10,9,0,6,48.4778014,-122.5733726,1522,4,0
"WSG","Fidalgo Trestle","WSG::380",2023,2023-06-18,6,0,6,48.4778014,-122.5733726,1509,1,0
"WSG","Fidalgo Trestle","WSG::380",2023,2023-07-18,7,0,6,48.4778014,-122.5733726,1502,2,0
"WSG","Fidalgo Trestle","WSG::380",2023,2023-08-12,8,0,6,48.4778014,-122.5733726,1495,3,0
"WSG","Fidalgo Trestle","WSG::380",2023,2023-09-26,9,0,6,48.4778014,-122.5733726,1523,4,0
"WSG","Weavering Spit","WSG::381",2017,2017-06-07,6,0,6,48.48124,-122.5868,1530,1,0
"WSG","Weavering Spit","WSG::381",2017,2017-07-27,7,0,6,48.48124,-122.5868,1528,2,0
"WSG","Weavering Spit","WSG::381",2017,2017-08-23,8,0,6,48.48124,-122.5868,1526,3,0
"WSG","Weavering Spit","WSG::381",2017,2017-09-06,9,0,5,48.48124,-122.5868,1534,4,0
"WSG","Weavering Spit","WSG::381",2018,2018-06-28,6,0,6,48.48124,-122.5868,1531,1,0
"WSG","Weavering Spit","WSG::381",2018,2018-07-26,7,0,6,48.48124,-122.5868,1529,2,0
"WSG","Weavering Spit","WSG::381",2018,2018-08-23,8,0,6,48.48124,-122.5868,1527,3,0
"WSG","Weavering Spit","WSG::381",2018,2018-09-11,9,0,6,48.48124,-122.5868,1535,4,0
"WSG","Sullivan Minor","WSG::382",2017,2017-06-09,6,0,6,48.5017454,-122.4834569,1556,1,0
"WSG","Sullivan Minor","WSG::382",2017,2017-07-11,7,0,6,48.5017454,-122.4834569,1549,2,0
"WSG","Sullivan Minor","WSG::382",2017,2017-08-07,8,0,6,48.5017454,-122.4834569,1542,3,0
"WSG","Sullivan Minor","WSG::382",2017,2017-09-02,9,0,6,48.5017454,-122.4834569,1571,4,0
"WSG","Sullivan Minor","WSG::382",2018,2018-06-29,6,0,6,48.5017454,-122.4834569,1557,1,0
"WSG","Sullivan Minor","WSG::382",2018,2018-07-26,7,0,6,48.5017454,-122.4834569,1550,2,0
"WSG","Sullivan Minor","WSG::382",2018,2018-08-23,8,0,6,48.5017454,-122.4834569,1543,3,0
"WSG","Sullivan Minor","WSG::382",2018,2018-09-21,9,0,6,48.5017454,-122.4834569,1572,4,0
"WSG","Sullivan Minor","WSG::382",2019,2019-06-21,6,0,6,48.5017454,-122.4834569,1558,1,0
"WSG","Sullivan Minor","WSG::382",2019,2019-07-18,7,0,6,48.5017454,-122.4834569,1551,2,0
"WSG","Sullivan Minor","WSG::382",2019,2019-08-29,8,0,6,48.5017454,-122.4834569,1544,3,0
"WSG","Sullivan Minor","WSG::382",2019,2019-09-26,9,0,6,48.5017454,-122.4834569,1573,4,0
"WSG","Sullivan Minor","WSG::382",2020,2020-06-19,6,0,6,48.5017454,-122.4834569,1559,1,0
"WSG","Sullivan Minor","WSG::382",2020,2020-07-23,7,0,6,48.5017454,-122.4834569,1552,2,0
"WSG","Sullivan Minor","WSG::382",2020,2020-08-19,8,0,6,48.5017454,-122.4834569,1545,3,0
"WSG","Sullivan Minor","WSG::382",2020,2020-09-29,9,0,6,48.5017454,-122.4834569,1574,4,0
"WSG","Sullivan Minor","WSG::382",2021,2021-06-08,6,0,6,48.5017454,-122.4834569,1560,1,0
"WSG","Sullivan Minor","WSG::382",2021,2021-07-13,7,0,6,48.5017454,-122.4834569,1553,2,0
"WSG","Sullivan Minor","WSG::382",2021,2021-08-10,8,0,6,48.5017454,-122.4834569,1546,3,0
"WSG","Sullivan Minor","WSG::382",2021,2021-09-03,9,0,6,48.5017454,-122.4834569,1575,4,0
"WSG","Sullivan Minor","WSG::382",2022,2022-06-15,6,0,6,48.5017454,-122.4834569,1561,1,0
"WSG","Sullivan Minor","WSG::382",2022,2022-07-27,7,0,6,48.5017454,-122.4834569,1554,2,0
"WSG","Sullivan Minor","WSG::382",2022,2022-08-24,8,0,6,48.5017454,-122.4834569,1547,3,0
"WSG","Sullivan Minor","WSG::382",2022,2022-09-21,9,0,6,48.5017454,-122.4834569,1576,4,0
"WSG","Sullivan Minor","WSG::382",2023,2023-06-16,6,0,6,48.5017454,-122.4834569,1562,1,0
"WSG","Sullivan Minor","WSG::382",2023,2023-07-14,7,0,6,48.5017454,-122.4834569,1555,2,0
"WSG","Sullivan Minor","WSG::382",2023,2023-08-11,8,0,6,48.5017454,-122.4834569,1548,3,0
"WSG","Sullivan Minor","WSG::382",2023,2023-09-15,9,0,6,48.5017454,-122.4834569,1577,4,0
"WSG","Graveyard Spit East (Lagoon)","WSG::383",2017,2017-06-15,6,0,6,48.1765981,-123.1277865,1599,1,0
"WSG","Graveyard Spit East (Lagoon)","WSG::383",2017,2017-07-25,7,0,6,48.1765981,-123.1277865,1592,2,0
"WSG","Graveyard Spit East (Lagoon)","WSG::383",2017,2017-08-22,8,0,6,48.1765981,-123.1277865,1585,3,0
"WSG","Graveyard Spit East (Lagoon)","WSG::383",2017,2017-09-21,9,0,6,48.1765981,-123.1277865,1613,4,0
"WSG","Graveyard Spit East (Lagoon)","WSG::383",2018,2018-06-26,6,0,6,48.1765981,-123.1277865,1600,1,0
"WSG","Graveyard Spit East (Lagoon)","WSG::383",2018,2018-07-25,7,0,6,48.1765981,-123.1277865,1593,2,0
"WSG","Graveyard Spit East (Lagoon)","WSG::383",2018,2018-08-14,8,0,6,48.1765981,-123.1277865,1586,3,0
"WSG","Graveyard Spit East (Lagoon)","WSG::383",2018,2018-09-11,9,0,6,48.1765981,-123.1277865,1614,4,0
"WSG","Graveyard Spit East (Lagoon)","WSG::383",2019,2019-06-06,6,0,6,48.1765981,-123.1277865,1601,1,0
"WSG","Graveyard Spit East (Lagoon)","WSG::383",2019,2019-07-03,7,0,6,48.1765981,-123.1277865,1594,2,0
"WSG","Graveyard Spit East (Lagoon)","WSG::383",2019,2019-08-02,8,0,6,48.1765981,-123.1277865,1587,3,0
"WSG","Graveyard Spit East (Lagoon)","WSG::383",2019,2019-09-12,9,0,6,48.1765981,-123.1277865,1615,4,0
"WSG","Graveyard Spit East (Lagoon)","WSG::383",2020,2020-06-25,6,0,6,48.1765981,-123.1277865,1602,1,0
"WSG","Graveyard Spit East (Lagoon)","WSG::383",2020,2020-07-22,7,0,6,48.1765981,-123.1277865,1595,2,0
"WSG","Graveyard Spit East (Lagoon)","WSG::383",2020,2020-08-21,8,0,6,48.1765981,-123.1277865,1588,3,0
"WSG","Graveyard Spit East (Lagoon)","WSG::383",2020,2020-09-29,9,0,6,48.1765981,-123.1277865,1616,4,0
"WSG","Graveyard Spit East (Lagoon)","WSG::383",2021,2021-06-10,6,0,6,48.1765981,-123.1277865,1603,1,0
"WSG","Graveyard Spit East (Lagoon)","WSG::383",2021,2021-07-07,7,0,6,48.1765981,-123.1277865,1596,2,0
"WSG","Graveyard Spit East (Lagoon)","WSG::383",2021,2021-08-12,8,0,6,48.1765981,-123.1277865,1589,3,0
"WSG","Graveyard Spit East (Lagoon)","WSG::383",2021,2021-09-10,9,0,6,48.1765981,-123.1277865,1617,4,0
"WSG","Graveyard Spit East (Lagoon)","WSG::383",2022,2022-06-30,6,0,6,48.1765981,-123.1277865,1604,1,0
"WSG","Graveyard Spit East (Lagoon)","WSG::383",2022,2022-07-27,7,0,6,48.1765981,-123.1277865,1597,2,0
"WSG","Graveyard Spit East (Lagoon)","WSG::383",2022,2022-08-24,8,0,6,48.1765981,-123.1277865,1590,3,0
"WSG","Graveyard Spit East (Lagoon)","WSG::383",2022,2022-09-23,9,0,6,48.1765981,-123.1277865,1618,4,0
"WSG","Graveyard Spit East (Lagoon)","WSG::383",2023,2023-06-16,6,0,6,48.1765981,-123.1277865,1605,1,0
"WSG","Graveyard Spit East (Lagoon)","WSG::383",2023,2023-07-06,7,0,6,48.1765981,-123.1277865,1598,2,0
"WSG","Graveyard Spit East (Lagoon)","WSG::383",2023,2023-08-16,8,0,6,48.1765981,-123.1277865,1591,3,0
"WSG","Graveyard Spit East (Lagoon)","WSG::383",2023,2023-09-12,9,0,6,48.1765981,-123.1277865,1619,4,0
"WSG","Graveyard Spit West (Channel)","WSG::384",2017,2017-06-21,6,0,6,48.1735046,-123.1366566,1641,1,0
"WSG","Graveyard Spit West (Channel)","WSG::384",2017,2017-07-14,7,0,6,48.1735046,-123.1366566,1634,2,0
"WSG","Graveyard Spit West (Channel)","WSG::384",2017,2017-08-22,8,0,6,48.1735046,-123.1366566,1627,3,0
"WSG","Graveyard Spit West (Channel)","WSG::384",2017,2017-09-21,9,0,6,48.1735046,-123.1366566,1655,4,0
"WSG","Graveyard Spit West (Channel)","WSG::384",2018,2018-06-19,6,1,6,48.1735046,-123.1366566,1642,1,1
"WSG","Graveyard Spit West (Channel)","WSG::384",2018,2018-07-11,7,0,6,48.1735046,-123.1366566,1635,2,0
"WSG","Graveyard Spit West (Channel)","WSG::384",2018,2018-08-14,8,0,6,48.1735046,-123.1366566,1628,3,0
"WSG","Graveyard Spit West (Channel)","WSG::384",2018,2018-09-07,9,0,6,48.1735046,-123.1366566,1656,4,0
"WSG","Graveyard Spit West (Channel)","WSG::384",2019,2019-06-04,6,0,6,48.1735046,-123.1366566,1643,1,0
"WSG","Graveyard Spit West (Channel)","WSG::384",2019,2019-07-02,7,0,6,48.1735046,-123.1366566,1636,2,0
"WSG","Graveyard Spit West (Channel)","WSG::384",2019,2019-08-13,8,0,6,48.1735046,-123.1366566,1629,3,0
"WSG","Graveyard Spit West (Channel)","WSG::384",2019,2019-09-10,9,0,6,48.1735046,-123.1366566,1657,4,0
"WSG","Graveyard Spit West (Channel)","WSG::384",2020,2020-06-19,6,0,6,48.1735046,-123.1366566,1644,1,0
"WSG","Graveyard Spit West (Channel)","WSG::384",2020,2020-07-07,7,0,6,48.1735046,-123.1366566,1637,2,0
"WSG","Graveyard Spit West (Channel)","WSG::384",2020,2020-08-04,8,0,6,48.1735046,-123.1366566,1630,3,0
"WSG","Graveyard Spit West (Channel)","WSG::384",2020,2020-09-17,9,0,6,48.1735046,-123.1366566,1658,4,0
"WSG","Graveyard Spit West (Channel)","WSG::384",2021,2021-06-15,6,1,6,48.1735046,-123.1366566,1645,1,1
"WSG","Graveyard Spit West (Channel)","WSG::384",2021,2021-07-08,7,0,6,48.1735046,-123.1366566,1638,2,0
"WSG","Graveyard Spit West (Channel)","WSG::384",2021,2021-08-18,8,0,6,48.1735046,-123.1366566,1631,3,0
"WSG","Graveyard Spit West (Channel)","WSG::384",2021,2021-09-09,9,0,6,48.1735046,-123.1366566,1659,4,0
"WSG","Graveyard Spit West (Channel)","WSG::384",2022,2022-06-14,6,0,6,48.1735046,-123.1366566,1646,1,0
"WSG","Graveyard Spit West (Channel)","WSG::384",2022,2022-07-15,7,0,6,48.1735046,-123.1366566,1639,2,0
"WSG","Graveyard Spit West (Channel)","WSG::384",2022,2022-08-11,8,0,6,48.1735046,-123.1366566,1632,3,0
"WSG","Graveyard Spit West (Channel)","WSG::384",2022,2022-09-08,9,0,6,48.1735046,-123.1366566,1660,4,0
"WSG","Graveyard Spit West (Channel)","WSG::384",2023,2023-06-21,6,0,6,48.1735046,-123.1366566,1647,1,0
"WSG","Graveyard Spit West (Channel)","WSG::384",2023,2023-07-18,7,0,6,48.1735046,-123.1366566,1640,2,0
"WSG","Graveyard Spit West (Channel)","WSG::384",2023,2023-08-16,8,0,6,48.1735046,-123.1366566,1633,3,0
"WSG","Graveyard Spit West (Channel)","WSG::384",2023,2023-09-12,9,0,6,48.1735046,-123.1366566,1661,4,0
"WSG","Dungeness Spit Base","WSG::385",2018,2018-06-19,6,0,6,48.1467109,-123.1838608,1680,1,0
"WSG","Dungeness Spit Base","WSG::385",2018,2018-07-11,7,0,6,48.1467109,-123.1838608,1674,2,0
"WSG","Dungeness Spit Base","WSG::385",2018,2018-08-09,8,0,6,48.1467109,-123.1838608,1668,3,0
"WSG","Dungeness Spit Base","WSG::385",2018,2018-09-11,9,0,6,48.1467109,-123.1838608,1692,4,0
"WSG","Dungeness Spit Base","WSG::385",2019,2019-06-04,6,0,6,48.1467109,-123.1838608,1681,1,0
"WSG","Dungeness Spit Base","WSG::385",2019,2019-07-02,7,0,6,48.1467109,-123.1838608,1675,2,0
"WSG","Dungeness Spit Base","WSG::385",2019,2019-08-15,8,0,6,48.1467109,-123.1838608,1669,3,0
"WSG","Dungeness Spit Base","WSG::385",2019,2019-09-10,9,0,6,48.1467109,-123.1838608,1693,4,0
"WSG","Dungeness Spit Base","WSG::385",2020,2020-06-09,6,0,6,48.1467109,-123.1838608,1682,1,0
"WSG","Dungeness Spit Base","WSG::385",2020,2020-07-07,7,0,6,48.1467109,-123.1838608,1676,2,0
"WSG","Dungeness Spit Base","WSG::385",2020,2020-08-04,8,0,6,48.1467109,-123.1838608,1670,3,0
"WSG","Dungeness Spit Base","WSG::385",2020,2020-09-02,9,0,6,48.1467109,-123.1838608,1694,4,0
"WSG","Dungeness Spit Base","WSG::385",2021,2021-06-11,6,0,6,48.1467109,-123.1838608,1683,1,0
"WSG","Dungeness Spit Base","WSG::385",2021,2021-07-07,7,0,6,48.1467109,-123.1838608,1677,2,0
"WSG","Dungeness Spit Base","WSG::385",2021,2021-08-05,8,0,6,48.1467109,-123.1838608,1671,3,0
"WSG","Dungeness Spit Base","WSG::385",2021,2021-09-16,9,0,6,48.1467109,-123.1838608,1695,4,0
"WSG","Dungeness Spit Base","WSG::385",2022,2022-06-15,6,0,6,48.1467109,-123.1838608,1684,1,0
"WSG","Dungeness Spit Base","WSG::385",2022,2022-07-13,7,0,6,48.1467109,-123.1838608,1678,2,0
"WSG","Dungeness Spit Base","WSG::385",2022,2022-08-12,8,0,6,48.1467109,-123.1838608,1672,3,0
"WSG","Dungeness Spit Base","WSG::385",2022,2022-09-09,9,0,6,48.1467109,-123.1838608,1696,4,0
"WSG","Dungeness Spit Base","WSG::385",2023,2023-06-16,6,0,6,48.1467109,-123.1838608,1685,1,0
"WSG","Dungeness Spit Base","WSG::385",2023,2023-07-06,7,2,6,48.1467109,-123.1838608,1679,2,1
"WSG","Dungeness Spit Base","WSG::385",2023,2023-08-11,8,0,6,48.1467109,-123.1838608,1673,3,0
"WSG","Dungeness Spit Base","WSG::385",2023,2023-09-12,9,0,6,48.1467109,-123.1838608,1697,4,0
"WSG","Sharpes Corner","WSG::386",2019,2019-06-07,6,0,6,48.465854,-122.5851703,1712,1,0
"WSG","Sharpes Corner","WSG::386",2019,2019-07-18,7,0,6,48.465854,-122.5851703,1707,2,0
"WSG","Sharpes Corner","WSG::386",2019,2019-08-13,8,0,6,48.465854,-122.5851703,1702,3,0
"WSG","Sharpes Corner","WSG::386",2019,2019-09-13,9,0,6,48.465854,-122.5851703,1721,4,0
"WSG","Sharpes Corner","WSG::386",2020,2020-06-25,6,0,6,48.465854,-122.5851703,1713,1,0
"WSG","Sharpes Corner","WSG::386",2020,2020-07-23,7,0,6,48.465854,-122.5851703,1708,2,0
"WSG","Sharpes Corner","WSG::386",2020,2020-08-19,8,0,6,48.465854,-122.5851703,1703,3,0
"WSG","Sharpes Corner","WSG::386",2020,2020-09-02,9,0,6,48.465854,-122.5851703,1722,4,0
"WSG","Sharpes Corner","WSG::386",2021,2021-06-11,6,0,6,48.465854,-122.5851703,1714,1,0
"WSG","Sharpes Corner","WSG::386",2021,2021-07-09,7,0,6,48.465854,-122.5851703,1709,2,0
"WSG","Sharpes Corner","WSG::386",2021,2021-08-06,8,0,6,48.465854,-122.5851703,1704,3,0
"WSG","Sharpes Corner","WSG::386",2021,2021-09-08,9,0,6,48.465854,-122.5851703,1723,4,0
"WSG","Sharpes Corner","WSG::386",2022,2022-06-02,6,0,6,48.465854,-122.5851703,1715,1,0
"WSG","Sharpes Corner","WSG::386",2022,2022-07-15,7,0,6,48.465854,-122.5851703,1710,2,0
"WSG","Sharpes Corner","WSG::386",2022,2022-08-26,8,0,6,48.465854,-122.5851703,1705,3,0
"WSG","Sharpes Corner","WSG::386",2022,2022-09-09,9,0,6,48.465854,-122.5851703,1724,4,0
"WSG","Sharpes Corner","WSG::386",2023,2023-06-22,6,0,6,48.465854,-122.5851703,1716,1,0
"WSG","Sharpes Corner","WSG::386",2023,2023-07-06,7,0,6,48.465854,-122.5851703,1711,2,0
"WSG","Sharpes Corner","WSG::386",2023,2023-08-03,8,0,6,48.465854,-122.5851703,1706,3,0
"WSG","Sharpes Corner","WSG::386",2023,2023-09-29,9,0,6,48.465854,-122.5851703,1725,4,0
"WSG","Crockett Lake","WSG::503",2017,2017-06-27,6,0,6,48.162159,-122.670856,1728,1,0
"WSG","Crockett Lake","WSG::503",2017,2017-08-01,7,0,6,48.162159,-122.670856,1727,2,0
"WSG","Crockett Lake","WSG::503",2017,2017-08-23,8,0,6,48.162159,-122.670856,1726,3,0
"WSG","Race Lagoon","WSG::508",2015,2015-08-30,8,0,6,48.191825,-122.6006242,1738,1,0
"WSG","Race Lagoon","WSG::508",2015,2015-09-12,9,0,6,48.191825,-122.6006242,1771,2,0
"WSG","Race Lagoon","WSG::508",2016,2016-06-22,6,0,6,48.191825,-122.6006242,1755,1,0
"WSG","Race Lagoon","WSG::508",2016,2016-07-02,7,0,6,48.191825,-122.6006242,1747,2,0
"WSG","Race Lagoon","WSG::508",2016,2016-08-16,8,0,6,48.191825,-122.6006242,1739,3,0
"WSG","Race Lagoon","WSG::508",2016,2016-09-16,9,0,6,48.191825,-122.6006242,1772,4,0
"WSG","Race Lagoon","WSG::508",2017,2017-06-07,6,0,6,48.191825,-122.6006242,1756,1,0
"WSG","Race Lagoon","WSG::508",2017,2017-07-06,7,0,6,48.191825,-122.6006242,1748,2,0
"WSG","Race Lagoon","WSG::508",2017,2017-08-11,8,0,6,48.191825,-122.6006242,1740,3,0
"WSG","Race Lagoon","WSG::508",2017,2017-09-11,9,0,6,48.191825,-122.6006242,1773,4,0
"WSG","Race Lagoon","WSG::508",2018,2018-06-03,6,0,6,48.191825,-122.6006242,1757,1,0
"WSG","Race Lagoon","WSG::508",2018,2018-07-11,7,0,5,48.191825,-122.6006242,1749,2,0
"WSG","Race Lagoon","WSG::508",2018,2018-08-16,8,0,6,48.191825,-122.6006242,1741,3,0
"WSG","Race Lagoon","WSG::508",2018,2018-09-09,9,0,6,48.191825,-122.6006242,1774,4,0
"WSG","Race Lagoon","WSG::508",2019,2019-06-04,6,0,6,48.191825,-122.6006242,1758,1,0
"WSG","Race Lagoon","WSG::508",2019,2019-07-16,7,0,6,48.191825,-122.6006242,1750,2,0
"WSG","Race Lagoon","WSG::508",2019,2019-08-02,8,0,6,48.191825,-122.6006242,1742,3,0
"WSG","Race Lagoon","WSG::508",2019,2019-09-02,9,0,6,48.191825,-122.6006242,1775,4,0
"WSG","Race Lagoon","WSG::508",2020,2020-06-23,6,0,6,48.191825,-122.6006242,1759,1,0
"WSG","Race Lagoon","WSG::508",2020,2020-07-06,7,0,6,48.191825,-122.6006242,1751,2,0
"WSG","Race Lagoon","WSG::508",2020,2020-08-05,8,0,6,48.191825,-122.6006242,1743,3,0
"WSG","Race Lagoon","WSG::508",2020,2020-09-03,9,0,6,48.191825,-122.6006242,1776,4,0
"WSG","Race Lagoon","WSG::508",2021,2021-06-26,6,0,6,48.191825,-122.6006242,1760,1,0
"WSG","Race Lagoon","WSG::508",2021,2021-07-25,7,0,6,48.191825,-122.6006242,1752,2,0
"WSG","Race Lagoon","WSG::508",2021,2021-08-08,8,0,6,48.191825,-122.6006242,1744,3,0
"WSG","Race Lagoon","WSG::508",2021,2021-09-05,9,0,6,48.191825,-122.6006242,1777,4,0
"WSG","Race Lagoon","WSG::508",2022,2022-06-05,6,0,6,48.191825,-122.6006242,1761,1,0
"WSG","Race Lagoon","WSG::508",2022,2022-07-17,7,0,6,48.191825,-122.6006242,1753,2,0
"WSG","Race Lagoon","WSG::508",2022,2022-08-14,8,0,6,48.191825,-122.6006242,1745,3,0
"WSG","Race Lagoon","WSG::508",2022,2022-09-11,9,0,6,48.191825,-122.6006242,1778,4,0
"WSG","Race Lagoon","WSG::508",2023,2023-06-04,6,0,6,48.191825,-122.6006242,1762,1,0
"WSG","Race Lagoon","WSG::508",2023,2023-07-02,7,0,6,48.191825,-122.6006242,1754,2,0
"WSG","Race Lagoon","WSG::508",2023,2023-08-06,8,0,6,48.191825,-122.6006242,1746,3,0
"WSG","Race Lagoon","WSG::508",2023,2023-09-03,9,0,6,48.191825,-122.6006242,1779,4,0
"WSG","Iverson Spit","WSG::516",2015,2015-08-15,8,0,6,48.21409,-122.446426,1789,1,0
"WSG","Iverson Spit","WSG::516",2015,2015-09-11,9,0,6,48.21409,-122.446426,1822,2,0
"WSG","Iverson Spit","WSG::516",2016,2016-06-17,6,0,5,48.21409,-122.446426,1806,1,0
"WSG","Iverson Spit","WSG::516",2016,2016-07-19,7,0,6,48.21409,-122.446426,1798,2,0
"WSG","Iverson Spit","WSG::516",2016,2016-08-16,8,0,6,48.21409,-122.446426,1790,3,0
"WSG","Iverson Spit","WSG::516",2016,2016-09-14,9,0,6,48.21409,-122.446426,1823,4,0
"WSG","Iverson Spit","WSG::516",2017,2017-06-29,6,0,6,48.21409,-122.446426,1807,1,0
"WSG","Iverson Spit","WSG::516",2017,2017-07-20,7,0,6,48.21409,-122.446426,1799,2,0
"WSG","Iverson Spit","WSG::516",2017,2017-08-18,8,0,6,48.21409,-122.446426,1791,3,0
"WSG","Iverson Spit","WSG::516",2017,2017-09-19,9,0,6,48.21409,-122.446426,1824,4,0
"WSG","Iverson Spit","WSG::516",2018,2018-06-27,6,0,6,48.21409,-122.446426,1808,1,0
"WSG","Iverson Spit","WSG::516",2018,2018-07-27,7,0,6,48.21409,-122.446426,1800,2,0
"WSG","Iverson Spit","WSG::516",2018,2018-08-23,8,0,6,48.21409,-122.446426,1792,3,0
"WSG","Iverson Spit","WSG::516",2018,2018-09-26,9,0,6,48.21409,-122.446426,1825,4,0
"WSG","Iverson Spit","WSG::516",2019,2019-06-19,6,0,6,48.21409,-122.446426,1809,1,0
"WSG","Iverson Spit","WSG::516",2019,2019-07-12,7,0,6,48.21409,-122.446426,1801,2,0
"WSG","Iverson Spit","WSG::516",2019,2019-08-27,8,0,6,48.21409,-122.446426,1793,3,0
"WSG","Iverson Spit","WSG::516",2019,2019-09-27,9,0,6,48.21409,-122.446426,1826,4,0
"WSG","Iverson Spit","WSG::516",2020,2020-06-17,6,0,6,48.21409,-122.446426,1810,1,0
"WSG","Iverson Spit","WSG::516",2020,2020-07-17,7,0,6,48.21409,-122.446426,1802,2,0
"WSG","Iverson Spit","WSG::516",2020,2020-08-28,8,0,6,48.21409,-122.446426,1794,3,0
"WSG","Iverson Spit","WSG::516",2020,2020-09-18,9,0,6,48.21409,-122.446426,1827,4,0
"WSG","Iverson Spit","WSG::516",2021,2021-06-22,6,0,6,48.21409,-122.446426,1811,1,0
"WSG","Iverson Spit","WSG::516",2021,2021-07-23,7,0,6,48.21409,-122.446426,1803,2,0
"WSG","Iverson Spit","WSG::516",2021,2021-08-24,8,0,6,48.21409,-122.446426,1795,3,0
"WSG","Iverson Spit","WSG::516",2021,2021-09-21,9,0,6,48.21409,-122.446426,1828,4,0
"WSG","Iverson Spit","WSG::516",2022,2022-06-24,6,0,6,48.21409,-122.446426,1812,1,0
"WSG","Iverson Spit","WSG::516",2022,2022-07-26,7,0,6,48.21409,-122.446426,1804,2,0
"WSG","Iverson Spit","WSG::516",2022,2022-08-24,8,0,6,48.21409,-122.446426,1796,3,0
"WSG","Iverson Spit","WSG::516",2022,2022-09-23,9,0,6,48.21409,-122.446426,1829,4,0
"WSG","Iverson Spit","WSG::516",2023,2023-06-02,6,0,6,48.21409,-122.446426,1813,1,0
"WSG","Iverson Spit","WSG::516",2023,2023-07-13,7,0,6,48.21409,-122.446426,1805,2,0
"WSG","Iverson Spit","WSG::516",2023,2023-08-02,8,0,6,48.21409,-122.446426,1797,3,0
"WSG","Iverson Spit","WSG::516",2023,2023-09-14,9,0,6,48.21409,-122.446426,1830,4,0
"WSG","Swinomish Channel","WSG::526",2022,2022-06-02,6,0,6,48.4398491,-122.4995902,1837,1,0
"WSG","Swinomish Channel","WSG::526",2022,2022-07-12,7,0,6,48.4398491,-122.4995902,1835,2,0
"WSG","Swinomish Channel","WSG::526",2022,2022-08-24,8,0,6,48.4398491,-122.4995902,1833,3,0
"WSG","Swinomish Channel","WSG::526",2022,2022-09-21,9,0,6,48.4398491,-122.4995902,1841,4,0
"WSG","Swinomish Channel","WSG::526",2023,2023-06-21,6,0,6,48.4398491,-122.4995902,1838,1,0
"WSG","Swinomish Channel","WSG::526",2023,2023-07-20,7,0,6,48.4398491,-122.4995902,1836,2,0
"WSG","Swinomish Channel","WSG::526",2023,2023-08-17,8,0,6,48.4398491,-122.4995902,1834,3,0
"WSG","Swinomish Channel","WSG::526",2023,2023-09-12,9,0,6,48.4398491,-122.4995902,1842,4,0
"WSG","Swinomish Casino","WSG::527",2017,2017-06-14,6,0,6,48.4611739,-122.5225262,1864,1,0
"WSG","Swinomish Casino","WSG::527",2017,2017-07-27,7,0,6,48.4611739,-122.5225262,1857,2,0
"WSG","Swinomish Casino","WSG::527",2017,2017-08-11,8,0,6,48.4611739,-122.5225262,1850,3,0
"WSG","Swinomish Casino","WSG::527",2017,2017-09-21,9,0,6,48.4611739,-122.5225262,1878,4,0
"WSG","Swinomish Casino","WSG::527",2018,2018-06-28,6,0,6,48.4611739,-122.5225262,1865,1,0
"WSG","Swinomish Casino","WSG::527",2018,2018-07-28,7,0,6,48.4611739,-122.5225262,1858,2,0
"WSG","Swinomish Casino","WSG::527",2018,2018-08-26,8,0,6,48.4611739,-122.5225262,1851,3,0
"WSG","Swinomish Casino","WSG::527",2018,2018-09-23,9,0,6,48.4611739,-122.5225262,1879,4,0
"WSG","Swinomish Casino","WSG::527",2019,2019-06-20,6,0,6,48.4611739,-122.5225262,1866,1,0
"WSG","Swinomish Casino","WSG::527",2019,2019-07-19,7,0,6,48.4611739,-122.5225262,1859,2,0
"WSG","Swinomish Casino","WSG::527",2019,2019-08-15,8,0,6,48.4611739,-122.5225262,1852,3,0
"WSG","Swinomish Casino","WSG::527",2019,2019-09-13,9,0,6,48.4611739,-122.5225262,1880,4,0
"WSG","Swinomish Casino","WSG::527",2020,2020-06-11,6,0,6,48.4611739,-122.5225262,1867,1,0
"WSG","Swinomish Casino","WSG::527",2020,2020-07-24,7,0,6,48.4611739,-122.5225262,1860,2,0
"WSG","Swinomish Casino","WSG::527",2020,2020-08-20,8,0,6,48.4611739,-122.5225262,1853,3,0
"WSG","Swinomish Casino","WSG::527",2020,2020-09-03,9,0,6,48.4611739,-122.5225262,1881,4,0
"WSG","Swinomish Casino","WSG::527",2021,2021-06-12,6,0,6,48.4611739,-122.5225262,1868,1,0
"WSG","Swinomish Casino","WSG::527",2021,2021-07-14,7,2,6,48.4611739,-122.5225262,1861,2,1
"WSG","Swinomish Casino","WSG::527",2021,2021-08-09,8,0,6,48.4611739,-122.5225262,1854,3,0
"WSG","Swinomish Casino","WSG::527",2021,2021-09-06,9,0,6,48.4611739,-122.5225262,1882,4,0
"WSG","Swinomish Casino","WSG::527",2022,2022-06-02,6,0,6,48.4611739,-122.5225262,1869,1,0
"WSG","Swinomish Casino","WSG::527",2022,2022-07-02,7,0,6,48.4611739,-122.5225262,1862,2,0
"WSG","Swinomish Casino","WSG::527",2022,2022-08-28,8,0,6,48.4611739,-122.5225262,1855,3,0
"WSG","Swinomish Casino","WSG::527",2022,2022-09-09,9,0,6,48.4611739,-122.5225262,1883,4,0
"WSG","Swinomish Casino","WSG::527",2023,2023-06-20,6,0,6,48.4611739,-122.5225262,1870,1,0
"WSG","Swinomish Casino","WSG::527",2023,2023-07-07,7,0,6,48.4611739,-122.5225262,1863,2,0
"WSG","Swinomish Casino","WSG::527",2023,2023-08-02,8,0,6,48.4611739,-122.5225262,1856,3,0
"WSG","Swinomish Casino","WSG::527",2023,2023-09-13,9,0,6,48.4611739,-122.5225262,1884,4,0
"WSG","Shore Trail","WSG::528",2017,2017-06-15,6,0,6,48.4718416,-122.4702043,1904,1,0
"WSG","Shore Trail","WSG::528",2017,2017-07-20,7,0,6,48.4718416,-122.4702043,1897,2,0
"WSG","Shore Trail","WSG::528",2017,2017-08-04,8,0,6,48.4718416,-122.4702043,1890,3,0
"WSG","Shore Trail","WSG::528",2017,2017-09-16,9,0,6,48.4718416,-122.4702043,1918,4,0
"WSG","Shore Trail","WSG::528",2018,2018-06-28,6,0,6,48.4718416,-122.4702043,1905,1,0
"WSG","Shore Trail","WSG::528",2018,2018-07-27,7,0,6,48.4718416,-122.4702043,1898,2,0
"WSG","Shore Trail","WSG::528",2018,2018-08-24,8,0,6,48.4718416,-122.4702043,1891,3,0
"WSG","Shore Trail","WSG::528",2018,2018-09-20,9,0,6,48.4718416,-122.4702043,1919,4,0
"WSG","Shore Trail","WSG::528",2019,2019-06-21,6,0,6,48.4718416,-122.4702043,1906,1,0
"WSG","Shore Trail","WSG::528",2019,2019-07-18,7,0,6,48.4718416,-122.4702043,1899,2,0
"WSG","Shore Trail","WSG::528",2019,2019-08-29,8,0,6,48.4718416,-122.4702043,1892,3,0
"WSG","Shore Trail","WSG::528",2019,2019-09-27,9,0,6,48.4718416,-122.4702043,1920,4,0
"WSG","Shore Trail","WSG::528",2020,2020-06-19,6,0,6,48.4718416,-122.4702043,1907,1,0
"WSG","Shore Trail","WSG::528",2020,2020-07-23,7,0,6,48.4718416,-122.4702043,1900,2,0
"WSG","Shore Trail","WSG::528",2020,2020-08-19,8,0,6,48.4718416,-122.4702043,1893,3,0
"WSG","Shore Trail","WSG::528",2020,2020-09-28,9,0,6,48.4718416,-122.4702043,1921,4,0
"WSG","Shore Trail","WSG::528",2021,2021-06-08,6,0,6,48.4718416,-122.4702043,1908,1,0
"WSG","Shore Trail","WSG::528",2021,2021-07-14,7,0,6,48.4718416,-122.4702043,1901,2,0
"WSG","Shore Trail","WSG::528",2021,2021-08-10,8,0,6,48.4718416,-122.4702043,1894,3,0
"WSG","Shore Trail","WSG::528",2021,2021-09-03,9,0,6,48.4718416,-122.4702043,1922,4,0
"WSG","Shore Trail","WSG::528",2022,2022-06-15,6,0,6,48.4718416,-122.4702043,1909,1,0
"WSG","Shore Trail","WSG::528",2022,2022-07-26,7,0,6,48.4718416,-122.4702043,1902,2,0
"WSG","Shore Trail","WSG::528",2022,2022-08-24,8,0,6,48.4718416,-122.4702043,1895,3,0
"WSG","Shore Trail","WSG::528",2022,2022-09-21,9,0,6,48.4718416,-122.4702043,1923,4,0
"WSG","Shore Trail","WSG::528",2023,2023-06-15,6,1,6,48.4718416,-122.4702043,1910,1,1
"WSG","Shore Trail","WSG::528",2023,2023-07-13,7,0,6,48.4718416,-122.4702043,1903,2,0
"WSG","Shore Trail","WSG::528",2023,2023-08-10,8,0,6,48.4718416,-122.4702043,1896,3,0
"WSG","Shore Trail","WSG::528",2023,2023-09-14,9,0,6,48.4718416,-122.4702043,1924,4,0
"WSG","Alice Bay","WSG::529",2019,2019-06-20,6,0,6,48.5569462,-122.4858987,1939,1,0
"WSG","Alice Bay","WSG::529",2019,2019-07-17,7,0,6,48.5569462,-122.4858987,1934,2,0
"WSG","Alice Bay","WSG::529",2019,2019-08-28,8,0,6,48.5569462,-122.4858987,1929,3,0
"WSG","Alice Bay","WSG::529",2019,2019-09-25,9,0,6,48.5569462,-122.4858987,1949,4,0
"WSG","Alice Bay","WSG::529",2020,2020-06-26,6,0,6,48.5569462,-122.4858987,1940,1,0
"WSG","Alice Bay","WSG::529",2020,2020-07-23,7,0,6,48.5569462,-122.4858987,1935,2,0
"WSG","Alice Bay","WSG::529",2020,2020-08-19,8,0,6,48.5569462,-122.4858987,1930,3,0
"WSG","Alice Bay","WSG::529",2020,2020-09-30,9,0,6,48.5569462,-122.4858987,1950,4,0
"WSG","Alice Bay","WSG::529",2021,2021-06-08,6,0,6,48.5569462,-122.4858987,1941,1,0
"WSG","Alice Bay","WSG::529",2021,2021-07-13,7,0,6,48.5569462,-122.4858987,1936,2,0
"WSG","Alice Bay","WSG::529",2021,2021-08-10,8,0,6,48.5569462,-122.4858987,1931,3,0
"WSG","Alice Bay","WSG::529",2021,2021-09-02,9,0,6,48.5569462,-122.4858987,1951,4,0
"WSG","Alice Bay","WSG::529",2022,2022-06-15,6,0,6,48.5569462,-122.4858987,1942,1,0
"WSG","Alice Bay","WSG::529",2022,2022-07-26,7,0,6,48.5569462,-122.4858987,1937,2,0
"WSG","Alice Bay","WSG::529",2022,2022-08-23,8,0,6,48.5569462,-122.4858987,1932,3,0
"WSG","Alice Bay","WSG::529",2022,2022-09-20,9,0,6,48.5569462,-122.4858987,1952,4,0
"WSG","Alice Bay","WSG::529",2023,2023-06-15,6,0,6,48.5569462,-122.4858987,1943,1,0
"WSG","Alice Bay","WSG::529",2023,2023-07-13,7,0,6,48.5569462,-122.4858987,1938,2,0
"WSG","Alice Bay","WSG::529",2023,2023-08-10,8,0,6,48.5569462,-122.4858987,1933,3,0
"WSG","Alice Bay","WSG::529",2023,2023-09-14,9,0,6,48.5569462,-122.4858987,1953,4,0
"WSG","Westcott Bay","WSG::533",2016,2016-06-11,6,0,6,48.6083411,-123.1435999,1978,1,0
"WSG","Westcott Bay","WSG::533",2016,2016-07-21,7,0,6,48.6083411,-123.1435999,1970,2,0
"WSG","Westcott Bay","WSG::533",2016,2016-08-30,8,1,6,48.6083411,-123.1435999,1962,3,1
"WSG","Westcott Bay","WSG::533",2016,2016-09-27,9,0,6,48.6083411,-123.1435999,1994,4,0
"WSG","Westcott Bay","WSG::533",2017,2017-06-11,6,0,6,48.6083411,-123.1435999,1979,1,0
"WSG","Westcott Bay","WSG::533",2017,2017-07-09,7,0,6,48.6083411,-123.1435999,1971,2,0
"WSG","Westcott Bay","WSG::533",2017,2017-08-06,8,0,6,48.6083411,-123.1435999,1963,3,0
"WSG","Westcott Bay","WSG::533",2017,2017-09-17,9,0,6,48.6083411,-123.1435999,1995,4,0
"WSG","Westcott Bay","WSG::533",2018,2018-06-17,6,0,6,48.6083411,-123.1435999,1980,1,0
"WSG","Westcott Bay","WSG::533",2018,2018-07-03,7,1,6,48.6083411,-123.1435999,1972,2,1
"WSG","Westcott Bay","WSG::533",2018,2018-08-11,8,0,6,48.6083411,-123.1435999,1964,3,0
"WSG","Westcott Bay","WSG::533",2018,2018-09-25,9,0,5,48.6083411,-123.1435999,1996,4,0
"WSG","Westcott Bay","WSG::533",2019,2019-06-09,6,0,6,48.6083411,-123.1435999,1981,1,0
"WSG","Westcott Bay","WSG::533",2019,2019-07-14,7,0,6,48.6083411,-123.1435999,1973,2,0
"WSG","Westcott Bay","WSG::533",2019,2019-08-04,8,0,6,48.6083411,-123.1435999,1965,3,0
"WSG","Westcott Bay","WSG::533",2019,2019-09-29,9,0,6,48.6083411,-123.1435999,1997,4,0
"WSG","Westcott Bay","WSG::533",2020,2020-06-28,6,0,6,48.6083411,-123.1435999,1982,1,0
"WSG","Westcott Bay","WSG::533",2020,2020-08-16,8,0,6,48.6083411,-123.1435999,1966,2,0
"WSG","Westcott Bay","WSG::533",2020,2020-08-18,7,0,6,48.6083411,-123.1435999,1974,3,0
"WSG","Westcott Bay","WSG::533",2020,2020-09-27,9,0,6,48.6083411,-123.1435999,1998,4,0
"WSG","Westcott Bay","WSG::533",2021,2021-06-30,6,0,6,48.6083411,-123.1435999,1983,1,0
"WSG","Westcott Bay","WSG::533",2021,2021-07-25,7,0,6,48.6083411,-123.1435999,1975,2,0
"WSG","Westcott Bay","WSG::533",2021,2021-08-29,8,0,6,48.6083411,-123.1435999,1967,3,0
"WSG","Westcott Bay","WSG::533",2021,2021-09-24,9,0,5,48.6083411,-123.1435999,1999,4,0
"WSG","Westcott Bay","WSG::533",2022,2022-06-17,6,0,6,48.6083411,-123.1435999,1984,1,0
"WSG","Westcott Bay","WSG::533",2022,2022-07-28,7,0,6,48.6083411,-123.1435999,1976,2,0
"WSG","Westcott Bay","WSG::533",2022,2022-08-28,8,0,6,48.6083411,-123.1435999,1968,3,0
"WSG","Westcott Bay","WSG::533",2022,2022-09-24,9,0,6,48.6083411,-123.1435999,2000,4,0
"WSG","Westcott Bay","WSG::533",2023,2023-06-24,6,0,6,48.6083411,-123.1435999,1985,1,0
"WSG","Westcott Bay","WSG::533",2023,2023-07-07,7,0,6,48.6083411,-123.1435999,1977,2,0
"WSG","Westcott Bay","WSG::533",2023,2023-08-03,8,0,6,48.6083411,-123.1435999,1969,3,0
"WSG","Westcott Bay","WSG::533",2023,2023-09-14,9,0,6,48.6083411,-123.1435999,2001,4,0
"WSG","Third Lagoon","WSG::536",2016,2016-06-30,6,0,6,48.46161,-122.9751923,2026,1,0
"WSG","Third Lagoon","WSG::536",2016,2016-07-20,7,0,6,48.46161,-122.9751923,2018,2,0
"WSG","Third Lagoon","WSG::536",2016,2016-08-19,8,0,6,48.46161,-122.9751923,2010,3,0
"WSG","Third Lagoon","WSG::536",2016,2016-09-29,9,0,6,48.46161,-122.9751923,2042,4,0
"WSG","Third Lagoon","WSG::536",2017,2017-06-05,6,0,6,48.46161,-122.9751923,2027,1,0
"WSG","Third Lagoon","WSG::536",2017,2017-07-17,7,0,6,48.46161,-122.9751923,2019,2,0
"WSG","Third Lagoon","WSG::536",2017,2017-08-31,8,0,6,48.46161,-122.9751923,2011,3,0
"WSG","Third Lagoon","WSG::536",2017,2017-09-27,9,0,6,48.46161,-122.9751923,2043,4,0
"WSG","Third Lagoon","WSG::536",2018,2018-06-16,6,0,6,48.46161,-122.9751923,2028,1,0
"WSG","Third Lagoon","WSG::536",2018,2018-07-26,7,0,6,48.46161,-122.9751923,2020,2,0
"WSG","Third Lagoon","WSG::536",2018,2018-08-14,8,0,6,48.46161,-122.9751923,2012,3,0
"WSG","Third Lagoon","WSG::536",2018,2018-09-14,9,0,6,48.46161,-122.9751923,2044,4,0
"WSG","Third Lagoon","WSG::536",2019,2019-06-18,6,0,6,48.46161,-122.9751923,2029,1,0
"WSG","Third Lagoon","WSG::536",2019,2019-07-25,7,0,6,48.46161,-122.9751923,2021,2,0
"WSG","Third Lagoon","WSG::536",2019,2019-08-27,8,0,6,48.46161,-122.9751923,2013,3,0
"WSG","Third Lagoon","WSG::536",2019,2019-09-19,9,0,6,48.46161,-122.9751923,2045,4,0
"WSG","Third Lagoon","WSG::536",2020,2020-06-24,6,0,6,48.46161,-122.9751923,2030,1,0
"WSG","Third Lagoon","WSG::536",2020,2020-07-29,7,0,6,48.46161,-122.9751923,2022,2,0
"WSG","Third Lagoon","WSG::536",2020,2020-08-27,8,0,5,48.46161,-122.9751923,2014,3,0
"WSG","Third Lagoon","WSG::536",2020,2020-09-17,9,0,6,48.46161,-122.9751923,2046,4,0
"WSG","Third Lagoon","WSG::536",2021,2021-06-30,6,0,6,48.46161,-122.9751923,2031,1,0
"WSG","Third Lagoon","WSG::536",2021,2021-07-29,7,0,6,48.46161,-122.9751923,2023,2,0
"WSG","Third Lagoon","WSG::536",2021,2021-08-25,8,0,6,48.46161,-122.9751923,2015,3,0
"WSG","Third Lagoon","WSG::536",2021,2021-09-29,9,0,6,48.46161,-122.9751923,2047,4,0
"WSG","Third Lagoon","WSG::536",2022,2022-06-29,6,0,6,48.46161,-122.9751923,2032,1,0
"WSG","Third Lagoon","WSG::536",2022,2022-07-23,7,0,6,48.46161,-122.9751923,2024,2,0
"WSG","Third Lagoon","WSG::536",2022,2022-08-31,8,0,6,48.46161,-122.9751923,2016,3,0
"WSG","Third Lagoon","WSG::536",2022,2022-09-30,9,0,6,48.46161,-122.9751923,2048,4,0
"WSG","Third Lagoon","WSG::536",2023,2023-06-25,6,0,6,48.46161,-122.9751923,2033,1,0
"WSG","Third Lagoon","WSG::536",2023,2023-07-27,7,0,6,48.46161,-122.9751923,2025,2,0
"WSG","Third Lagoon","WSG::536",2023,2023-08-25,8,0,6,48.46161,-122.9751923,2017,3,0
"WSG","Third Lagoon","WSG::536",2023,2023-09-10,9,0,6,48.46161,-122.9751923,2049,4,0
"WSG","Spencer Spit","WSG::540",2017,2017-06-27,6,0,6,48.5358345,-122.8552321,2069,1,0
"WSG","Spencer Spit","WSG::540",2017,2017-07-26,7,0,6,48.5358345,-122.8552321,2062,2,0
"WSG","Spencer Spit","WSG::540",2017,2017-08-30,8,0,6,48.5358345,-122.8552321,2055,3,0
"WSG","Spencer Spit","WSG::540",2017,2017-09-15,9,0,6,48.5358345,-122.8552321,2083,4,0
"WSG","Spencer Spit","WSG::540",2018,2018-06-13,6,0,6,48.5358345,-122.8552321,2070,1,0
"WSG","Spencer Spit","WSG::540",2018,2018-07-11,7,0,6,48.5358345,-122.8552321,2063,2,0
"WSG","Spencer Spit","WSG::540",2018,2018-08-08,8,0,6,48.5358345,-122.8552321,2056,3,0
"WSG","Spencer Spit","WSG::540",2018,2018-09-06,9,0,6,48.5358345,-122.8552321,2084,4,0
"WSG","Spencer Spit","WSG::540",2019,2019-06-05,6,0,6,48.5358345,-122.8552321,2071,1,0
"WSG","Spencer Spit","WSG::540",2019,2019-07-03,7,0,6,48.5358345,-122.8552321,2064,2,0
"WSG","Spencer Spit","WSG::540",2019,2019-08-14,8,0,6,48.5358345,-122.8552321,2057,3,0
"WSG","Spencer Spit","WSG::540",2019,2019-09-11,9,0,6,48.5358345,-122.8552321,2085,4,0
"WSG","Spencer Spit","WSG::540",2020,2020-06-10,6,0,6,48.5358345,-122.8552321,2072,1,0
"WSG","Spencer Spit","WSG::540",2020,2020-07-08,7,0,6,48.5358345,-122.8552321,2065,2,0
"WSG","Spencer Spit","WSG::540",2020,2020-08-05,8,0,6,48.5358345,-122.8552321,2058,3,0
"WSG","Spencer Spit","WSG::540",2020,2020-09-02,9,0,6,48.5358345,-122.8552321,2086,4,0
"WSG","Spencer Spit","WSG::540",2021,2021-06-09,6,0,6,48.5358345,-122.8552321,2073,1,0
"WSG","Spencer Spit","WSG::540",2021,2021-07-07,7,0,6,48.5358345,-122.8552321,2066,2,0
"WSG","Spencer Spit","WSG::540",2021,2021-08-04,8,0,6,48.5358345,-122.8552321,2059,3,0
"WSG","Spencer Spit","WSG::540",2021,2021-09-08,9,0,6,48.5358345,-122.8552321,2087,4,0
"WSG","Spencer Spit","WSG::540",2022,2022-06-15,6,0,6,48.5358345,-122.8552321,2074,1,0
"WSG","Spencer Spit","WSG::540",2022,2022-07-13,7,0,6,48.5358345,-122.8552321,2067,2,0
"WSG","Spencer Spit","WSG::540",2022,2022-08-10,8,0,6,48.5358345,-122.8552321,2060,3,0
"WSG","Spencer Spit","WSG::540",2022,2022-09-07,9,0,6,48.5358345,-122.8552321,2088,4,0
"WSG","Spencer Spit","WSG::540",2023,2023-06-07,6,0,6,48.5358345,-122.8552321,2075,1,0
"WSG","Spencer Spit","WSG::540",2023,2023-07-12,7,0,6,48.5358345,-122.8552321,2068,2,0
"WSG","Spencer Spit","WSG::540",2023,2023-08-02,8,0,6,48.5358345,-122.8552321,2061,3,0
"WSG","Spencer Spit","WSG::540",2023,2023-09-13,9,0,6,48.5358345,-122.8552321,2089,4,0
"WSG","Cypress Island","WSG::541",2017,2017-06-21,6,0,6,48.5512078,-122.6964201,2105,1,0
"WSG","Cypress Island","WSG::541",2017,2017-07-20,7,0,6,48.5512078,-122.6964201,2100,2,0
"WSG","Cypress Island","WSG::541",2017,2017-08-23,8,0,6,48.5512078,-122.6964201,2095,3,0
"WSG","Cypress Island","WSG::541",2018,2018-07-25,7,0,6,48.5512078,-122.6964201,2101,1,0
"WSG","Cypress Island","WSG::541",2019,2019-06-18,6,0,6,48.5512078,-122.6964201,2106,1,0
"WSG","Cypress Island","WSG::541",2019,2019-09-11,9,0,6,48.5512078,-122.6964201,2115,2,0
"WSG","Cypress Island","WSG::541",2020,2020-08-19,8,0,6,48.5512078,-122.6964201,2096,1,0
"WSG","Cypress Island","WSG::541",2020,2020-09-16,9,0,6,48.5512078,-122.6964201,2116,2,0
"WSG","Cypress Island","WSG::541",2021,2021-06-23,6,0,6,48.5512078,-122.6964201,2107,1,0
"WSG","Cypress Island","WSG::541",2021,2021-07-23,7,0,6,48.5512078,-122.6964201,2102,2,0
"WSG","Cypress Island","WSG::541",2021,2021-08-19,8,0,6,48.5512078,-122.6964201,2097,3,0
"WSG","Cypress Island","WSG::541",2021,2021-09-02,9,0,6,48.5512078,-122.6964201,2117,4,0
"WSG","Cypress Island","WSG::541",2022,2022-06-28,6,0,6,48.5512078,-122.6964201,2108,1,0
"WSG","Cypress Island","WSG::541",2022,2022-07-15,7,0,6,48.5512078,-122.6964201,2103,2,0
"WSG","Cypress Island","WSG::541",2022,2022-08-24,8,0,6,48.5512078,-122.6964201,2098,3,0
"WSG","Cypress Island","WSG::541",2022,2022-09-07,9,0,6,48.5512078,-122.6964201,2118,4,0
"WSG","Cypress Island","WSG::541",2023,2023-06-22,6,0,6,48.5512078,-122.6964201,2109,1,0
"WSG","Cypress Island","WSG::541",2023,2023-07-19,7,0,6,48.5512078,-122.6964201,2104,2,0
"WSG","Cypress Island","WSG::541",2023,2023-08-02,8,0,6,48.5512078,-122.6964201,2099,3,0
"WSG","Cypress Island","WSG::541",2023,2023-09-12,9,0,6,48.5512078,-122.6964201,2119,4,0
"WSG","Elger Bay","WSG::552",2016,2016-06-17,6,0,6,48.1312959,-122.470491,2144,1,0
"WSG","Elger Bay","WSG::552",2016,2016-07-19,7,0,6,48.1312959,-122.470491,2136,2,0
"WSG","Elger Bay","WSG::552",2016,2016-08-16,8,0,6,48.1312959,-122.470491,2128,3,0
"WSG","Elger Bay","WSG::552",2016,2016-09-14,9,0,6,48.1312959,-122.470491,2160,4,0
"WSG","Elger Bay","WSG::552",2017,2017-06-13,6,0,6,48.1312959,-122.470491,2145,1,0
"WSG","Elger Bay","WSG::552",2017,2017-07-11,7,0,6,48.1312959,-122.470491,2137,2,0
"WSG","Elger Bay","WSG::552",2017,2017-08-08,8,0,6,48.1312959,-122.470491,2129,3,0
"WSG","Elger Bay","WSG::552",2017,2017-09-16,9,0,6,48.1312959,-122.470491,2161,4,0
"WSG","Elger Bay","WSG::552",2018,2018-06-28,6,0,6,48.1312959,-122.470491,2146,1,0
"WSG","Elger Bay","WSG::552",2018,2018-07-26,7,0,6,48.1312959,-122.470491,2138,2,0
"WSG","Elger Bay","WSG::552",2018,2018-08-24,8,0,6,48.1312959,-122.470491,2130,3,0
"WSG","Elger Bay","WSG::552",2018,2018-09-21,9,0,6,48.1312959,-122.470491,2162,4,0
"WSG","Elger Bay","WSG::552",2019,2019-06-04,6,0,6,48.1312959,-122.470491,2147,1,0
"WSG","Elger Bay","WSG::552",2019,2019-07-12,7,0,6,48.1312959,-122.470491,2139,2,0
"WSG","Elger Bay","WSG::552",2019,2019-08-16,8,0,6,48.1312959,-122.470491,2131,3,0
"WSG","Elger Bay","WSG::552",2019,2019-09-26,9,0,6,48.1312959,-122.470491,2163,4,0
"WSG","Elger Bay","WSG::552",2020,2020-06-09,6,0,6,48.1312959,-122.470491,2148,1,0
"WSG","Elger Bay","WSG::552",2020,2020-07-09,7,0,6,48.1312959,-122.470491,2140,2,0
"WSG","Elger Bay","WSG::552",2020,2020-08-04,8,0,6,48.1312959,-122.470491,2132,3,0
"WSG","Elger Bay","WSG::552",2020,2020-09-02,9,0,6,48.1312959,-122.470491,2164,4,0
"WSG","Elger Bay","WSG::552",2021,2021-06-09,6,0,6,48.1312959,-122.470491,2149,1,0
"WSG","Elger Bay","WSG::552",2021,2021-07-14,7,0,6,48.1312959,-122.470491,2141,2,0
"WSG","Elger Bay","WSG::552",2021,2021-08-06,8,0,6,48.1312959,-122.470491,2133,3,0
"WSG","Elger Bay","WSG::552",2021,2021-09-08,9,0,6,48.1312959,-122.470491,2165,4,0
"WSG","Elger Bay","WSG::552",2022,2022-06-02,6,0,6,48.1312959,-122.470491,2150,1,0
"WSG","Elger Bay","WSG::552",2022,2022-07-14,7,0,6,48.1312959,-122.470491,2142,2,0
"WSG","Elger Bay","WSG::552",2022,2022-08-09,8,0,6,48.1312959,-122.470491,2134,3,0
"WSG","Elger Bay","WSG::552",2022,2022-09-06,9,0,6,48.1312959,-122.470491,2166,4,0
"WSG","Elger Bay","WSG::552",2023,2023-06-16,6,0,6,48.1312959,-122.470491,2151,1,0
"WSG","Elger Bay","WSG::552",2023,2023-07-14,7,0,6,48.1312959,-122.470491,2143,2,0
"WSG","Elger Bay","WSG::552",2023,2023-08-17,8,0,6,48.1312959,-122.470491,2135,3,0
"WSG","Elger Bay","WSG::552",2023,2023-09-28,9,0,5,48.1312959,-122.470491,2167,4,0
"WSG","Blakely Harbor","WSG::553",2016,2016-06-18,6,0,6,47.595538,-122.516886,2191,1,0
"WSG","Blakely Harbor","WSG::553",2016,2016-07-20,7,0,6,47.595538,-122.516886,2183,2,0
"WSG","Blakely Harbor","WSG::553",2016,2016-08-18,8,0,6,47.595538,-122.516886,2175,3,0
"WSG","Blakely Harbor","WSG::553",2016,2016-09-15,9,0,6,47.595538,-122.516886,2206,4,0
"WSG","Blakely Harbor","WSG::553",2017,2017-06-13,6,0,6,47.595538,-122.516886,2192,1,0
"WSG","Blakely Harbor","WSG::553",2017,2017-07-11,7,0,5,47.595538,-122.516886,2184,2,0
"WSG","Blakely Harbor","WSG::553",2017,2017-08-09,8,0,6,47.595538,-122.516886,2176,3,0
"WSG","Blakely Harbor","WSG::553",2017,2017-09-07,9,0,6,47.595538,-122.516886,2207,4,0
"WSG","Blakely Harbor","WSG::553",2018,2018-06-13,6,0,6,47.595538,-122.516886,2193,1,0
"WSG","Blakely Harbor","WSG::553",2018,2018-07-26,7,0,6,47.595538,-122.516886,2185,2,0
"WSG","Blakely Harbor","WSG::553",2018,2018-08-24,8,0,6,47.595538,-122.516886,2177,3,0
"WSG","Blakely Harbor","WSG::553",2018,2018-09-11,9,0,6,47.595538,-122.516886,2208,4,0
"WSG","Blakely Harbor","WSG::553",2019,2019-06-19,6,0,6,47.595538,-122.516886,2194,1,0
"WSG","Blakely Harbor","WSG::553",2019,2019-07-16,7,0,6,47.595538,-122.516886,2186,2,0
"WSG","Blakely Harbor","WSG::553",2019,2019-08-14,8,0,6,47.595538,-122.516886,2178,3,0
"WSG","Blakely Harbor","WSG::553",2019,2019-09-11,9,0,6,47.595538,-122.516886,2209,4,0
"WSG","Blakely Harbor","WSG::553",2020,2020-06-23,6,0,6,47.595538,-122.516886,2195,1,0
"WSG","Blakely Harbor","WSG::553",2020,2020-07-22,7,0,6,47.595538,-122.516886,2187,2,0
"WSG","Blakely Harbor","WSG::553",2020,2020-08-06,8,0,6,47.595538,-122.516886,2179,3,0
"WSG","Blakely Harbor","WSG::553",2020,2020-09-15,9,0,6,47.595538,-122.516886,2210,4,0
"WSG","Blakely Harbor","WSG::553",2021,2021-06-22,6,0,6,47.595538,-122.516886,2196,1,0
"WSG","Blakely Harbor","WSG::553",2021,2021-07-06,7,0,6,47.595538,-122.516886,2188,2,0
"WSG","Blakely Harbor","WSG::553",2021,2021-08-24,8,0,6,47.595538,-122.516886,2180,3,0
"WSG","Blakely Harbor","WSG::553",2021,2021-09-18,9,0,6,47.595538,-122.516886,2211,4,0
"WSG","Blakely Harbor","WSG::553",2022,2022-06-17,6,0,6,47.595538,-122.516886,2197,1,0
"WSG","Blakely Harbor","WSG::553",2022,2022-07-14,7,0,6,47.595538,-122.516886,2189,2,0
"WSG","Blakely Harbor","WSG::553",2022,2022-08-25,8,0,6,47.595538,-122.516886,2181,3,0
"WSG","Blakely Harbor","WSG::553",2022,2022-09-23,9,0,6,47.595538,-122.516886,2212,4,0
"WSG","Blakely Harbor","WSG::553",2023,2023-06-16,6,0,6,47.595538,-122.516886,2198,1,0
"WSG","Blakely Harbor","WSG::553",2023,2023-07-07,7,0,6,47.595538,-122.516886,2190,2,0
"WSG","Blakely Harbor","WSG::553",2023,2023-08-29,8,0,6,47.595538,-122.516886,2182,3,0
"WSG","Blakely Harbor","WSG::553",2023,2023-09-27,9,0,6,47.595538,-122.516886,2213,4,0
"WSG","Kennedy Creek","WSG::566",2015,2015-08-30,8,0,6,47.0975592,-123.0855003,2214,1,0
"WSG","Kennedy Creek","WSG::566",2015,2015-09-27,9,0,6,47.0975592,-123.0855003,2215,2,0
"WSG","Point Heyer","WSG::579",2016,2016-08-02,8,0,6,47.4227576,-122.4306703,2222,1,0
"WSG","Point Heyer","WSG::579",2017,2017-06-12,6,0,6,47.4227576,-122.4306703,2236,1,0
"WSG","Point Heyer","WSG::579",2017,2017-07-11,7,0,6,47.4227576,-122.4306703,2229,2,0
"WSG","Point Heyer","WSG::579",2017,2017-08-11,8,0,4,47.4227576,-122.4306703,2223,3,0
"WSG","Point Heyer","WSG::579",2018,2018-06-13,6,0,6,47.4227576,-122.4306703,2237,1,0
"WSG","Point Heyer","WSG::579",2018,2018-07-24,7,0,6,47.4227576,-122.4306703,2230,2,0
"WSG","Point Heyer","WSG::579",2018,2018-08-11,8,0,4,47.4227576,-122.4306703,2224,3,0
"WSG","Point Heyer","WSG::579",2018,2018-09-07,9,0,6,47.4227576,-122.4306703,2249,4,0
"WSG","Point Heyer","WSG::579",2019,2019-06-20,6,0,6,47.4227576,-122.4306703,2238,1,0
"WSG","Point Heyer","WSG::579",2019,2019-07-17,7,0,6,47.4227576,-122.4306703,2231,2,0
"WSG","Point Heyer","WSG::579",2019,2019-08-13,8,0,6,47.4227576,-122.4306703,2225,3,0
"WSG","Point Heyer","WSG::579",2019,2019-09-10,9,0,6,47.4227576,-122.4306703,2250,4,0
"WSG","Point Heyer","WSG::579",2020,2020-06-27,6,0,5,47.4227576,-122.4306703,2239,1,0
"WSG","Point Heyer","WSG::579",2020,2020-07-31,7,0,6,47.4227576,-122.4306703,2232,2,0
"WSG","Point Heyer","WSG::579",2020,2020-09-30,9,0,6,47.4227576,-122.4306703,2251,3,0
"WSG","Point Heyer","WSG::579",2021,2021-07-28,7,0,6,47.4227576,-122.4306703,2233,1,0
"WSG","Point Heyer","WSG::579",2021,2021-08-24,8,0,6,47.4227576,-122.4306703,2226,2,0
"WSG","Point Heyer","WSG::579",2021,2021-09-23,9,0,6,47.4227576,-122.4306703,2252,3,0
"WSG","Point Heyer","WSG::579",2022,2022-06-17,6,0,6,47.4227576,-122.4306703,2240,1,0
"WSG","Point Heyer","WSG::579",2022,2022-07-29,7,0,6,47.4227576,-122.4306703,2234,2,0
"WSG","Point Heyer","WSG::579",2022,2022-08-29,8,0,6,47.4227576,-122.4306703,2227,3,0
"WSG","Point Heyer","WSG::579",2022,2022-09-28,9,0,6,47.4227576,-122.4306703,2253,4,0
"WSG","Point Heyer","WSG::579",2023,2023-06-20,6,0,6,47.4227576,-122.4306703,2241,1,0
"WSG","Point Heyer","WSG::579",2023,2023-07-18,7,0,6,47.4227576,-122.4306703,2235,2,0
"WSG","Point Heyer","WSG::579",2023,2023-08-16,8,0,6,47.4227576,-122.4306703,2228,3,0
"WSG","Point Heyer","WSG::579",2023,2023-09-28,9,0,6,47.4227576,-122.4306703,2254,4,0
"WSG","Rabb's Lagoon","WSG::581",2016,2016-06-10,6,0,6,47.392326,-122.433954,2276,1,0
"WSG","Rabb's Lagoon","WSG::581",2016,2016-07-07,7,0,6,47.392326,-122.433954,2268,2,0
"WSG","Rabb's Lagoon","WSG::581",2016,2016-08-02,8,0,6,47.392326,-122.433954,2261,3,0
"WSG","Rabb's Lagoon","WSG::581",2016,2016-09-06,9,0,6,47.392326,-122.433954,2290,4,0
"WSG","Rabb's Lagoon","WSG::581",2017,2017-06-12,6,0,6,47.392326,-122.433954,2277,1,0
"WSG","Rabb's Lagoon","WSG::581",2017,2017-07-12,7,0,6,47.392326,-122.433954,2269,2,0
"WSG","Rabb's Lagoon","WSG::581",2017,2017-08-11,8,0,6,47.392326,-122.433954,2262,3,0
"WSG","Rabb's Lagoon","WSG::581",2018,2018-06-13,6,0,6,47.392326,-122.433954,2278,1,0
"WSG","Rabb's Lagoon","WSG::581",2018,2018-07-24,7,0,6,47.392326,-122.433954,2270,2,0
"WSG","Rabb's Lagoon","WSG::581",2018,2018-08-11,8,0,6,47.392326,-122.433954,2263,3,0
"WSG","Rabb's Lagoon","WSG::581",2018,2018-09-07,9,0,6,47.392326,-122.433954,2291,4,0
"WSG","Rabb's Lagoon","WSG::581",2019,2019-06-20,6,0,6,47.392326,-122.433954,2279,1,0
"WSG","Rabb's Lagoon","WSG::581",2019,2019-07-03,7,0,6,47.392326,-122.433954,2271,2,0
"WSG","Rabb's Lagoon","WSG::581",2019,2019-08-13,8,0,6,47.392326,-122.433954,2264,3,0
"WSG","Rabb's Lagoon","WSG::581",2019,2019-09-11,9,0,6,47.392326,-122.433954,2292,4,0
"WSG","Rabb's Lagoon","WSG::581",2020,2020-06-30,6,0,6,47.392326,-122.433954,2280,1,0
"WSG","Rabb's Lagoon","WSG::581",2020,2020-07-31,7,0,6,47.392326,-122.433954,2272,2,0
"WSG","Rabb's Lagoon","WSG::581",2020,2020-09-26,9,0,6,47.392326,-122.433954,2293,3,0
"WSG","Rabb's Lagoon","WSG::581",2021,2021-07-29,7,0,6,47.392326,-122.433954,2273,1,0
"WSG","Rabb's Lagoon","WSG::581",2021,2021-08-24,8,0,6,47.392326,-122.433954,2265,2,0
"WSG","Rabb's Lagoon","WSG::581",2021,2021-09-30,9,0,6,47.392326,-122.433954,2294,3,0
"WSG","Rabb's Lagoon","WSG::581",2022,2022-06-24,6,0,6,47.392326,-122.433954,2281,1,0
"WSG","Rabb's Lagoon","WSG::581",2022,2022-07-09,7,0,6,47.392326,-122.433954,2274,2,0
"WSG","Rabb's Lagoon","WSG::581",2022,2022-08-05,8,0,6,47.392326,-122.433954,2266,3,0
"WSG","Rabb's Lagoon","WSG::581",2022,2022-09-09,9,0,6,47.392326,-122.433954,2295,4,0
"WSG","Rabb's Lagoon","WSG::581",2023,2023-06-30,6,0,6,47.392326,-122.433954,2282,1,0
"WSG","Rabb's Lagoon","WSG::581",2023,2023-07-28,7,0,6,47.392326,-122.433954,2275,2,0
"WSG","Rabb's Lagoon","WSG::581",2023,2023-08-29,8,0,6,47.392326,-122.433954,2267,3,0
"WSG","Rabb's Lagoon","WSG::581",2023,2023-09-27,9,0,6,47.392326,-122.433954,2296,4,0
"WSG","Lagoon Point Community","WSG::590",2016,2016-06-04,6,0,6,48.07932,-122.61137,2320,1,0
"WSG","Lagoon Point Community","WSG::590",2016,2016-07-22,7,0,6,48.07932,-122.61137,2312,2,0
"WSG","Lagoon Point Community","WSG::590",2016,2016-08-18,8,0,6,48.07932,-122.61137,2304,3,0
"WSG","Lagoon Point Community","WSG::590",2016,2016-09-14,9,0,6,48.07932,-122.61137,2336,4,0
"WSG","Lagoon Point Community","WSG::590",2017,2017-06-13,6,0,6,48.07932,-122.61137,2321,1,0
"WSG","Lagoon Point Community","WSG::590",2017,2017-07-10,7,0,6,48.07932,-122.61137,2313,2,0
"WSG","Lagoon Point Community","WSG::590",2017,2017-08-23,8,0,6,48.07932,-122.61137,2305,3,0
"WSG","Lagoon Point Community","WSG::590",2017,2017-09-16,9,1,6,48.07932,-122.61137,2337,4,1
"WSG","Lagoon Point Community","WSG::590",2018,2018-06-12,6,0,6,48.07932,-122.61137,2322,1,0
"WSG","Lagoon Point Community","WSG::590",2018,2018-07-24,7,0,6,48.07932,-122.61137,2314,2,0
"WSG","Lagoon Point Community","WSG::590",2018,2018-08-14,8,0,6,48.07932,-122.61137,2306,3,0
"WSG","Lagoon Point Community","WSG::590",2018,2018-09-05,9,0,6,48.07932,-122.61137,2338,4,0
"WSG","Lagoon Point Community","WSG::590",2019,2019-06-07,6,0,6,48.07932,-122.61137,2323,1,0
"WSG","Lagoon Point Community","WSG::590",2019,2019-07-19,7,0,6,48.07932,-122.61137,2315,2,0
"WSG","Lagoon Point Community","WSG::590",2019,2019-08-11,8,0,6,48.07932,-122.61137,2307,3,0
"WSG","Lagoon Point Community","WSG::590",2019,2019-09-27,9,0,6,48.07932,-122.61137,2339,4,0
"WSG","Lagoon Point Community","WSG::590",2020,2020-06-23,6,0,6,48.07932,-122.61137,2324,1,0
"WSG","Lagoon Point Community","WSG::590",2020,2020-07-21,7,0,6,48.07932,-122.61137,2316,2,0
"WSG","Lagoon Point Community","WSG::590",2020,2020-08-18,8,0,6,48.07932,-122.61137,2308,3,0
"WSG","Lagoon Point Community","WSG::590",2020,2020-09-16,9,0,6,48.07932,-122.61137,2340,4,0
"WSG","Lagoon Point Community","WSG::590",2021,2021-06-15,6,0,6,48.07932,-122.61137,2325,1,0
"WSG","Lagoon Point Community","WSG::590",2021,2021-07-14,7,0,6,48.07932,-122.61137,2317,2,0
"WSG","Lagoon Point Community","WSG::590",2021,2021-08-20,8,0,6,48.07932,-122.61137,2309,3,0
"WSG","Lagoon Point Community","WSG::590",2021,2021-09-16,9,0,6,48.07932,-122.61137,2341,4,0
"WSG","Lagoon Point Community","WSG::590",2022,2022-06-14,6,0,6,48.07932,-122.61137,2326,1,0
"WSG","Lagoon Point Community","WSG::590",2022,2022-07-15,7,0,6,48.07932,-122.61137,2318,2,0
"WSG","Lagoon Point Community","WSG::590",2022,2022-08-12,8,0,6,48.07932,-122.61137,2310,3,0
"WSG","Lagoon Point Community","WSG::590",2022,2022-09-08,9,0,6,48.07932,-122.61137,2342,4,0
"WSG","Lagoon Point Community","WSG::590",2023,2023-06-20,6,0,6,48.07932,-122.61137,2327,1,0
"WSG","Lagoon Point Community","WSG::590",2023,2023-07-18,7,0,6,48.07932,-122.61137,2319,2,0
"WSG","Lagoon Point Community","WSG::590",2023,2023-08-17,8,0,6,48.07932,-122.61137,2311,3,0
"WSG","Lagoon Point Community","WSG::590",2023,2023-09-27,9,0,6,48.07932,-122.61137,2343,4,0
"WSG","Davis Slough","WSG::599",2017,2017-06-23,6,0,6,48.2401754,-122.3949708,2364,1,0
"WSG","Davis Slough","WSG::599",2017,2017-07-07,7,0,6,48.2401754,-122.3949708,2357,2,0
"WSG","Davis Slough","WSG::599",2017,2017-08-18,8,0,6,48.2401754,-122.3949708,2350,3,0
"WSG","Davis Slough","WSG::599",2017,2017-09-07,9,0,6,48.2401754,-122.3949708,2377,4,0
"WSG","Davis Slough","WSG::599",2018,2018-06-12,6,0,6,48.2401754,-122.3949708,2365,1,0
"WSG","Davis Slough","WSG::599",2018,2018-07-14,7,0,6,48.2401754,-122.3949708,2358,2,0
"WSG","Davis Slough","WSG::599",2018,2018-08-23,8,0,6,48.2401754,-122.3949708,2351,3,0
"WSG","Davis Slough","WSG::599",2018,2018-09-19,9,0,6,48.2401754,-122.3949708,2378,4,0
"WSG","Davis Slough","WSG::599",2019,2019-06-19,6,0,6,48.2401754,-122.3949708,2366,1,0
"WSG","Davis Slough","WSG::599",2019,2019-07-12,7,0,6,48.2401754,-122.3949708,2359,2,0
"WSG","Davis Slough","WSG::599",2019,2019-08-27,8,0,6,48.2401754,-122.3949708,2352,3,0
"WSG","Davis Slough","WSG::599",2019,2019-09-27,9,0,6,48.2401754,-122.3949708,2379,4,0
"WSG","Davis Slough","WSG::599",2020,2020-06-17,6,0,6,48.2401754,-122.3949708,2367,1,0
"WSG","Davis Slough","WSG::599",2020,2020-07-17,7,0,6,48.2401754,-122.3949708,2360,2,0
"WSG","Davis Slough","WSG::599",2020,2020-08-28,8,0,6,48.2401754,-122.3949708,2353,3,0
"WSG","Davis Slough","WSG::599",2020,2020-09-18,9,0,6,48.2401754,-122.3949708,2380,4,0
"WSG","Davis Slough","WSG::599",2021,2021-06-22,6,0,6,48.2401754,-122.3949708,2368,1,0
"WSG","Davis Slough","WSG::599",2021,2021-07-23,7,0,6,48.2401754,-122.3949708,2361,2,0
"WSG","Davis Slough","WSG::599",2021,2021-08-24,8,0,6,48.2401754,-122.3949708,2354,3,0
"WSG","Davis Slough","WSG::599",2021,2021-09-21,9,0,6,48.2401754,-122.3949708,2381,4,0
"WSG","Davis Slough","WSG::599",2022,2022-06-24,6,0,6,48.2401754,-122.3949708,2369,1,0
"WSG","Davis Slough","WSG::599",2022,2022-07-26,7,0,6,48.2401754,-122.3949708,2362,2,0
"WSG","Davis Slough","WSG::599",2022,2022-08-24,8,0,6,48.2401754,-122.3949708,2355,3,0
"WSG","Davis Slough","WSG::599",2022,2022-09-23,9,0,6,48.2401754,-122.3949708,2382,4,0
"WSG","Davis Slough","WSG::599",2023,2023-06-02,6,0,6,48.2401754,-122.3949708,2370,1,0
"WSG","Davis Slough","WSG::599",2023,2023-07-13,7,0,6,48.2401754,-122.3949708,2363,2,0
"WSG","Davis Slough","WSG::599",2023,2023-08-02,8,0,5,48.2401754,-122.3949708,2356,3,0
"WSG","Davis Slough","WSG::599",2023,2023-09-14,9,0,6,48.2401754,-122.3949708,2383,4,0
"WSG","Wa'atch","WSG::604",2020,2020-08-27,8,0,6,48.345,-124.67149,2468,1,0
"WSG","Wa'atch","WSG::604",2020,2020-09-17,9,3,6,48.345,-124.67149,2477,2,1
"WSG","Wa'atch","WSG::604",2022,2022-06-28,6,4,6,48.345,-124.67149,2473,1,1
"WSG","Wa'atch","WSG::604",2022,2022-07-27,7,2,6,48.345,-124.67149,2471,2,1
"WSG","Wa'atch","WSG::604",2022,2022-08-24,8,7,6,48.345,-124.67149,2469,3,1
"WSG","Wa'atch","WSG::604",2022,2022-09-23,9,1,6,48.345,-124.67149,2478,4,1
"WSG","Wa'atch","WSG::604",2023,2023-06-13,6,0,6,48.345,-124.67149,2474,1,0
"WSG","Wa'atch","WSG::604",2023,2023-07-11,7,0,5,48.345,-124.67149,2472,2,0
"WSG","Wa'atch","WSG::604",2023,2023-08-30,8,1,6,48.345,-124.67149,2470,3,1
"WSG","Wa'atch","WSG::604",2023,2023-09-28,9,1,6,48.345,-124.67149,2479,4,1
"WSG","Tsoo Yess","WSG::611",2023,2023-06-13,6,1,6,48.319992,-124.658572,2574,1,1
"WSG","Tsoo Yess","WSG::611",2023,2023-07-11,7,1,6,48.319992,-124.658572,2573,2,1
"WSG","Tsoo Yess","WSG::611",2023,2023-08-30,8,2,6,48.319992,-124.658572,2572,3,1
"WSG","Tsoo Yess","WSG::611",2023,2023-09-28,9,0,5,48.319992,-124.658572,2576,4,0
"WSG","Musqueti","WSG::74",2016,2016-06-16,6,0,6,47.3882213,-123.1163677,63,1,0
"WSG","Musqueti","WSG::74",2016,2016-07-25,7,0,6,47.3882213,-123.1163677,55,2,0
"WSG","Musqueti","WSG::74",2016,2016-08-28,8,0,6,47.3882213,-123.1163677,47,3,0
"WSG","Musqueti","WSG::74",2016,2016-09-13,9,0,6,47.3882213,-123.1163677,79,4,0
"WSG","Musqueti","WSG::74",2017,2017-06-27,6,0,6,47.3882213,-123.1163677,64,1,0
"WSG","Musqueti","WSG::74",2017,2017-07-28,7,0,6,47.3882213,-123.1163677,56,2,0
"WSG","Musqueti","WSG::74",2017,2017-08-14,8,0,6,47.3882213,-123.1163677,48,3,0
"WSG","Musqueti","WSG::74",2017,2017-09-24,9,0,6,47.3882213,-123.1163677,80,4,0
"WSG","Musqueti","WSG::74",2018,2018-06-27,6,0,6,47.3882213,-123.1163677,65,1,0
"WSG","Musqueti","WSG::74",2018,2018-07-12,7,0,6,47.3882213,-123.1163677,57,2,0
"WSG","Musqueti","WSG::74",2018,2018-08-30,8,0,6,47.3882213,-123.1163677,49,3,0
"WSG","Musqueti","WSG::74",2018,2018-09-13,9,0,6,47.3882213,-123.1163677,81,4,0
"WSG","Musqueti","WSG::74",2019,2019-06-14,6,0,6,47.3882213,-123.1163677,66,1,0
"WSG","Musqueti","WSG::74",2019,2019-07-18,7,0,6,47.3882213,-123.1163677,58,2,0
"WSG","Musqueti","WSG::74",2019,2019-08-14,8,0,6,47.3882213,-123.1163677,50,3,0
"WSG","Musqueti","WSG::74",2019,2019-09-12,9,0,6,47.3882213,-123.1163677,82,4,0
"WSG","Musqueti","WSG::74",2020,2020-06-06,6,0,6,47.3882213,-123.1163677,67,1,0
"WSG","Musqueti","WSG::74",2020,2020-07-23,7,0,6,47.3882213,-123.1163677,59,2,0
"WSG","Musqueti","WSG::74",2020,2020-08-19,8,0,6,47.3882213,-123.1163677,51,3,0
"WSG","Musqueti","WSG::74",2020,2020-09-21,9,0,6,47.3882213,-123.1163677,83,4,0
"WSG","Musqueti","WSG::74",2021,2021-06-17,6,0,6,47.3882213,-123.1163677,68,1,0
"WSG","Musqueti","WSG::74",2021,2021-07-15,7,0,6,47.3882213,-123.1163677,60,2,0
"WSG","Musqueti","WSG::74",2021,2021-08-12,8,0,6,47.3882213,-123.1163677,52,3,0
"WSG","Musqueti","WSG::74",2021,2021-09-23,9,0,6,47.3882213,-123.1163677,84,4,0
"WSG","Musqueti","WSG::74",2022,2022-06-28,6,0,6,47.3882213,-123.1163677,69,1,0
"WSG","Musqueti","WSG::74",2022,2022-07-24,7,0,6,47.3882213,-123.1163677,61,2,0
"WSG","Musqueti","WSG::74",2022,2022-08-25,8,0,6,47.3882213,-123.1163677,53,3,0
"WSG","Musqueti","WSG::74",2022,2022-09-25,9,0,6,47.3882213,-123.1163677,85,4,0
"WSG","Musqueti","WSG::74",2023,2023-06-07,6,0,6,47.3882213,-123.1163677,70,1,0
"WSG","Musqueti","WSG::74",2023,2023-07-19,7,0,6,47.3882213,-123.1163677,62,2,0
"WSG","Musqueti","WSG::74",2023,2023-08-16,8,0,6,47.3882213,-123.1163677,54,3,0
"WSG","Musqueti","WSG::74",2023,2023-09-13,9,0,6,47.3882213,-123.1163677,86,4,0
"WSG","Harper","WSG::97",2017,2017-06-22,6,0,6,47.51654,-122.51575,108,1,0
"WSG","Harper","WSG::97",2017,2017-07-13,7,0,6,47.51654,-122.51575,101,2,0
"WSG","Harper","WSG::97",2017,2017-08-23,8,0,6,47.51654,-122.51575,94,3,0
"WSG","Harper","WSG::97",2017,2017-09-20,9,0,6,47.51654,-122.51575,122,4,0
"WSG","Harper","WSG::97",2018,2018-06-13,6,0,6,47.51654,-122.51575,109,1,0
"WSG","Harper","WSG::97",2018,2018-07-26,7,0,6,47.51654,-122.51575,102,2,0
"WSG","Harper","WSG::97",2018,2018-08-23,8,0,6,47.51654,-122.51575,95,3,0
"WSG","Harper","WSG::97",2018,2018-09-26,9,0,6,47.51654,-122.51575,123,4,0
"WSG","Harper","WSG::97",2019,2019-06-18,6,0,6,47.51654,-122.51575,110,1,0
"WSG","Harper","WSG::97",2019,2019-07-17,7,0,6,47.51654,-122.51575,103,2,0
"WSG","Harper","WSG::97",2019,2019-08-29,8,0,6,47.51654,-122.51575,96,3,0
"WSG","Harper","WSG::97",2019,2019-09-13,9,0,6,47.51654,-122.51575,124,4,0
"WSG","Harper","WSG::97",2020,2020-06-19,6,0,6,47.51654,-122.51575,111,1,0
"WSG","Harper","WSG::97",2020,2020-07-23,7,0,6,47.51654,-122.51575,104,2,0
"WSG","Harper","WSG::97",2020,2020-08-20,8,0,6,47.51654,-122.51575,97,3,0
"WSG","Harper","WSG::97",2020,2020-09-15,9,0,6,47.51654,-122.51575,125,4,0
"WSG","Harper","WSG::97",2021,2021-06-22,6,0,6,47.51654,-122.51575,112,1,0
"WSG","Harper","WSG::97",2021,2021-07-20,7,0,6,47.51654,-122.51575,105,2,0
"WSG","Harper","WSG::97",2021,2021-08-18,8,0,6,47.51654,-122.51575,98,3,0
"WSG","Harper","WSG::97",2021,2021-09-17,9,0,6,47.51654,-122.51575,126,4,0
"WSG","Harper","WSG::97",2022,2022-06-17,6,0,6,47.51654,-122.51575,113,1,0
"WSG","Harper","WSG::97",2022,2022-07-12,7,0,6,47.51654,-122.51575,106,2,0
"WSG","Harper","WSG::97",2022,2022-08-12,8,0,6,47.51654,-122.51575,99,3,0
"WSG","Harper","WSG::97",2022,2022-09-09,9,0,6,47.51654,-122.51575,127,4,0
"WSG","Harper","WSG::97",2023,2023-06-15,6,0,6,47.51654,-122.51575,114,1,0
"WSG","Harper","WSG::97",2023,2023-07-15,7,0,6,47.51654,-122.51575,107,2,0
"WSG","Harper","WSG::97",2023,2023-08-15,8,0,6,47.51654,-122.51575,100,3,0
"WSG","Harper","WSG::97",2023,2023-09-12,9,0,6,47.51654,-122.51575,128,4,0
