Source,SetNum,Year,Month,Day,HoursSoak,MinDepth,MaxDepth,StatArea,SubArea,GeogLoc,startLAT,startLONG,endLAT,endLONG,TrapSpacing,Comment,Sex,WidthNotch,WidthSpine,Marks,Observation,GearCode,TrapNum,TrapType,TrapUsability,Species
GL,1,2022,6,15,22,-1.4,-1.2,23,9,mayne,48.97505,-125.2885,48.97468,-125.2888,10,,,,,,,51,1,,18,848
GL,1,2022,6,15,22,-1.4,-1.2,23,9,mayne,48.97505,-125.2885,48.97468,-125.2888,10,,,,,,,51,2,,18,848
GL,1,2022,6,15,22,-1.4,-1.2,23,9,mayne,48.97505,-125.2885,48.97468,-125.2888,10,,,,,,,51,3,,18,848
GL,1,2022,6,15,22,-1.4,-1.2,23,9,mayne,48.97505,-125.2885,48.97468,-125.2888,10,,,,,,,51,4,,18,848
GL,1,2022,6,15,22,-1.4,-1.2,23,9,mayne,48.97505,-125.2885,48.97468,-125.2888,10,,,,,,,51,5,,18,848
GL,1,2022,6,15,22,-1.4,-1.2,23,9,mayne,48.97505,-125.2885,48.97468,-125.2888,10,,,,,,,51,6,,18,848
GL,2,2022,6,15,22,-1.5,-1.1,23,9,mayne,48.97448,-125.2891,48.9746,-125.2898,10,,1,122,,,,51,1,,0,XLA
GL,2,2022,6,15,22,-1.5,-1.1,23,9,mayne,48.97448,-125.2891,48.9746,-125.2898,10,,,,,,,51,2,,18,848
GL,2,2022,6,15,22,-1.5,-1.1,23,9,mayne,48.97448,-125.2891,48.9746,-125.2898,10,,,,,,,51,3,,18,848
GL,2,2022,6,15,22,-1.5,-1.1,23,9,mayne,48.97448,-125.2891,48.9746,-125.2898,10,,1,75,,11,,51,4,,0,XMB
GL,2,2022,6,15,22,-1.5,-1.1,23,9,mayne,48.97448,-125.2891,48.9746,-125.2898,10,,1,76,,11,,51,4,,0,XMB
GL,2,2022,6,15,22,-1.5,-1.1,23,9,mayne,48.97448,-125.2891,48.9746,-125.2898,10,,3,120,,,,51,4,,0,XLA
GL,2,2022,6,15,22,-1.5,-1.1,23,9,mayne,48.97448,-125.2891,48.9746,-125.2898,10,,1,124,,,,51,4,,0,XLA
GL,2,2022,6,15,22,-1.5,-1.1,23,9,mayne,48.97448,-125.2891,48.9746,-125.2898,10,,1,73,,11,,51,5,,0,XMB
GL,2,2022,6,15,22,-1.5,-1.1,23,9,mayne,48.97448,-125.2891,48.9746,-125.2898,10,,3,129,,,,51,5,,0,XLA
GL,2,2022,6,15,22,-1.5,-1.1,23,9,mayne,48.97448,-125.2891,48.9746,-125.2898,10,,1,72,,11,,51,6,,0,XMB
GL,2,2022,6,15,22,-1.5,-1.1,23,9,mayne,48.97448,-125.2891,48.9746,-125.2898,10,,1,57,,11,,51,6,,0,XMB
GL,2,2022,6,15,22,-1.5,-1.1,23,9,mayne,48.97448,-125.2891,48.9746,-125.2898,10,,3,112,,,,51,6,,0,XLA
GL,2,2022,6,15,22,-1.5,-1.1,23,9,mayne,48.97448,-125.2891,48.9746,-125.2898,10,,1,118,,,,51,6,,0,XLA
GL,2,2022,6,15,22,-1.5,-1.1,23,9,mayne,48.97448,-125.2891,48.9746,-125.2898,10,,3,88,,,,51,6,,0,XLA
GL,2,2022,6,15,22,-1.5,-1.1,23,9,mayne,48.97448,-125.2891,48.9746,-125.2898,10,,1,52,,11,,51,1,,0,XMB
GL,3,2022,6,15,22,-1.1,-0.8,23,9,mayne,48.9752,-125.289,48.97478,-125.2893,10,,1,46,,11,,51,6,,0,XMB
GL,3,2022,6,15,22,-1.1,-0.8,23,9,mayne,48.9752,-125.289,48.97478,-125.2893,10,,1,78,,11,,51,6,,0,XMB
GL,3,2022,6,15,22,-1.1,-0.8,23,9,mayne,48.9752,-125.289,48.97478,-125.2893,10,,3,53,,14,,51,6,,0,XMB
GL,3,2022,6,15,22,-1.1,-0.8,23,9,mayne,48.9752,-125.289,48.97478,-125.2893,10,,1,94,,,,51,6,,0,XLA
GL,3,2022,6,15,22,-1.1,-0.8,23,9,mayne,48.9752,-125.289,48.97478,-125.2893,10,,,,,,,51,5,,1,848
GL,3,2022,6,15,22,-1.1,-0.8,23,9,mayne,48.9752,-125.289,48.97478,-125.2893,10,,1,79,,11,,51,4,,0,XMB
GL,3,2022,6,15,22,-1.1,-0.8,23,9,mayne,48.9752,-125.289,48.97478,-125.2893,10,,1,73,,11,,51,4,,0,XMB
GL,3,2022,6,15,22,-1.1,-0.8,23,9,mayne,48.9752,-125.289,48.97478,-125.2893,10,,1,66,,11,,51,4,,0,XMB
GL,3,2022,6,15,22,-1.1,-0.8,23,9,mayne,48.9752,-125.289,48.97478,-125.2893,10,,1,61,,11,,51,4,,0,XMB
GL,3,2022,6,15,22,-1.1,-0.8,23,9,mayne,48.9752,-125.289,48.97478,-125.2893,10,,1,65,,11,,51,4,,0,XMB
GL,3,2022,6,15,22,-1.1,-0.8,23,9,mayne,48.9752,-125.289,48.97478,-125.2893,10,,3,58,,12,,51,4,,0,XMB
GL,3,2022,6,15,22,-1.1,-0.8,23,9,mayne,48.9752,-125.289,48.97478,-125.2893,10,,1,43,,12,,51,4,,0,XMB
GL,3,2022,6,15,22,-1.1,-0.8,23,9,mayne,48.9752,-125.289,48.97478,-125.2893,10,,1,78,,11,,51,3,,0,XMB
GL,3,2022,6,15,22,-1.1,-0.8,23,9,mayne,48.9752,-125.289,48.97478,-125.2893,10,,1,139,,,,51,3,,0,XLA
GL,3,2022,6,15,22,-1.1,-0.8,23,9,mayne,48.9752,-125.289,48.97478,-125.2893,10,,1,157,,,,51,3,,0,XLA
GL,3,2022,6,15,22,-1.1,-0.8,23,9,mayne,48.9752,-125.289,48.97478,-125.2893,10,,1,157,,,,51,3,,0,XLA
GL,3,2022,6,15,22,-1.1,-0.8,23,9,mayne,48.9752,-125.289,48.97478,-125.2893,10,,1,147,,,,51,3,,0,XLA
GL,3,2022,6,15,22,-1.1,-0.8,23,9,mayne,48.9752,-125.289,48.97478,-125.2893,10,,3,112,,,,51,3,,0,XLA
GL,3,2022,6,15,22,-1.1,-0.8,23,9,mayne,48.9752,-125.289,48.97478,-125.2893,10,,3,112,,,,51,3,,0,XLA
GL,3,2022,6,15,22,-1.1,-0.8,23,9,mayne,48.9752,-125.289,48.97478,-125.2893,10,,,,,,,51,2,,15,848
GL,3,2022,6,15,22,-1.1,-0.8,23,9,mayne,48.9752,-125.289,48.97478,-125.2893,10,,,,,,,51,1,,1,848
GL,4,2022,6,15,23,-1.4,-0.8,23,9,mayne,48.97452,-125.2901,48.97473,-125.2907,10,,,,,,,51,6,,18,848
GL,4,2022,6,15,23,-1.4,-0.8,23,9,mayne,48.97452,-125.2901,48.97473,-125.2907,10,,1,83,,11,,51,1,,0,XMB
GL,4,2022,6,15,23,-1.4,-0.8,23,9,mayne,48.97452,-125.2901,48.97473,-125.2907,10,,1,50,,12,,51,1,,0,XMB
GL,4,2022,6,15,23,-1.4,-0.8,23,9,mayne,48.97452,-125.2901,48.97473,-125.2907,10,,3,61,,13,,51,1,,0,XMB
GL,4,2022,6,15,23,-1.4,-0.8,23,9,mayne,48.97452,-125.2901,48.97473,-125.2907,10,,3,50,,11,,51,1,,0,XMB
GL,4,2022,6,15,23,-1.4,-0.8,23,9,mayne,48.97452,-125.2901,48.97473,-125.2907,10,,3,97,,,,51,1,,0,XLA
GL,4,2022,6,15,23,-1.4,-0.8,23,9,mayne,48.97452,-125.2901,48.97473,-125.2907,10,,1,110,,,,51,1,,0,XLA
GL,4,2022,6,15,23,-1.4,-0.8,23,9,mayne,48.97452,-125.2901,48.97473,-125.2907,10,,1,115,,,,51,1,,0,XLA
GL,4,2022,6,15,23,-1.4,-0.8,23,9,mayne,48.97452,-125.2901,48.97473,-125.2907,10,,3,41,,,,51,1,,0,XKE
GL,4,2022,6,15,23,-1.4,-0.8,23,9,mayne,48.97452,-125.2901,48.97473,-125.2907,10,,1,84,,11,,51,2,,0,XMB
GL,4,2022,6,15,23,-1.4,-0.8,23,9,mayne,48.97452,-125.2901,48.97473,-125.2907,10,,3,56,,13,,51,2,,0,XMB
GL,4,2022,6,15,23,-1.4,-0.8,23,9,mayne,48.97452,-125.2901,48.97473,-125.2907,10,,1,66,,11,,51,2,,0,XMB
GL,4,2022,6,15,23,-1.4,-0.8,23,9,mayne,48.97452,-125.2901,48.97473,-125.2907,10,,1,67,,11,,51,2,,0,XMB
GL,4,2022,6,15,23,-1.4,-0.8,23,9,mayne,48.97452,-125.2901,48.97473,-125.2907,10,,3,115,,,,51,2,,0,XLA
GL,4,2022,6,15,23,-1.4,-0.8,23,9,mayne,48.97452,-125.2901,48.97473,-125.2907,10,,1,56,,11,,51,3,,0,XMB
GL,4,2022,6,15,23,-1.4,-0.8,23,9,mayne,48.97452,-125.2901,48.97473,-125.2907,10,,3,40,,14,,51,3,,0,XMB
GL,4,2022,6,15,23,-1.4,-0.8,23,9,mayne,48.97452,-125.2901,48.97473,-125.2907,10,,1,71,,11,,51,4,,0,XMB
GL,4,2022,6,15,23,-1.4,-0.8,23,9,mayne,48.97452,-125.2901,48.97473,-125.2907,10,,3,94,,,,51,4,,0,XLA
GL,4,2022,6,15,23,-1.4,-0.8,23,9,mayne,48.97452,-125.2901,48.97473,-125.2907,10,,1,143,,,,51,5,,0,XLA
GL,4,2022,6,15,23,-1.4,-0.8,23,9,mayne,48.97452,-125.2901,48.97473,-125.2907,10,,1,155,,,,51,5,,0,XLA
GL,5,2022,6,15,23,-0.9,-0.2,23,9,mayne,48.97538,-125.2894,48.97558,-125.29,10,,3,85,,,,51,1,,0,XLA
GL,5,2022,6,15,23,-0.9,-0.2,23,9,mayne,48.97538,-125.2894,48.97558,-125.29,10,,3,103,,,,51,1,,0,XLA
GL,5,2022,6,15,23,-0.9,-0.2,23,9,mayne,48.97538,-125.2894,48.97558,-125.29,10,,3,105,,,,51,1,,0,XLA
GL,5,2022,6,15,23,-0.9,-0.2,23,9,mayne,48.97538,-125.2894,48.97558,-125.29,10,,1,103,,,,51,1,,0,XLA
GL,5,2022,6,15,23,-0.9,-0.2,23,9,mayne,48.97538,-125.2894,48.97558,-125.29,10,,1,91,,,,51,1,,0,XLA
GL,5,2022,6,15,23,-0.9,-0.2,23,9,mayne,48.97538,-125.2894,48.97558,-125.29,10,,1,132,,,,51,1,,0,XLA
GL,5,2022,6,15,23,-0.9,-0.2,23,9,mayne,48.97538,-125.2894,48.97558,-125.29,10,,1,132,,,,51,1,,0,XLA
GL,5,2022,6,15,23,-0.9,-0.2,23,9,mayne,48.97538,-125.2894,48.97558,-125.29,10,,3,105,,,,51,1,,0,XLA
GL,5,2022,6,15,23,-0.9,-0.2,23,9,mayne,48.97538,-125.2894,48.97558,-125.29,10,,3,93,,,,51,1,,0,XLA
GL,5,2022,6,15,23,-0.9,-0.2,23,9,mayne,48.97538,-125.2894,48.97558,-125.29,10,,1,73,,,,51,1,,0,XLA
GL,5,2022,6,15,23,-0.9,-0.2,23,9,mayne,48.97538,-125.2894,48.97558,-125.29,10,,1,148,,,,51,2,,0,XLA
GL,5,2022,6,15,23,-0.9,-0.2,23,9,mayne,48.97538,-125.2894,48.97558,-125.29,10,,1,136,,,,51,2,,0,XLA
GL,5,2022,6,15,23,-0.9,-0.2,23,9,mayne,48.97538,-125.2894,48.97558,-125.29,10,,1,127,,,,51,2,,0,XLA
GL,5,2022,6,15,23,-0.9,-0.2,23,9,mayne,48.97538,-125.2894,48.97558,-125.29,10,,3,118,,,,51,2,,0,XLA
GL,5,2022,6,15,23,-0.9,-0.2,23,9,mayne,48.97538,-125.2894,48.97558,-125.29,10,,1,140,,,,51,2,,0,XLA
GL,5,2022,6,15,23,-0.9,-0.2,23,9,mayne,48.97538,-125.2894,48.97558,-125.29,10,,1,147,,,,51,2,,0,XLA
GL,5,2022,6,15,23,-0.9,-0.2,23,9,mayne,48.97538,-125.2894,48.97558,-125.29,10,,3,110,,,,51,3,,0,XLA
GL,5,2022,6,15,23,-0.9,-0.2,23,9,mayne,48.97538,-125.2894,48.97558,-125.29,10,,1,103,,,,51,3,,0,XLA
GL,5,2022,6,15,23,-0.9,-0.2,23,9,mayne,48.97538,-125.2894,48.97558,-125.29,10,,3,115,,,,51,3,,0,XLA
GL,5,2022,6,15,23,-0.9,-0.2,23,9,mayne,48.97538,-125.2894,48.97558,-125.29,10,,1,148,,,,51,3,,0,XLA
GL,5,2022,6,15,23,-0.9,-0.2,23,9,mayne,48.97538,-125.2894,48.97558,-125.29,10,,1,132,,,,51,3,,0,XLA
GL,5,2022,6,15,23,-0.9,-0.2,23,9,mayne,48.97538,-125.2894,48.97558,-125.29,10,,1,127,,,,51,3,,0,XLA
GL,5,2022,6,15,23,-0.9,-0.2,23,9,mayne,48.97538,-125.2894,48.97558,-125.29,10,,1,102,,,,51,3,,0,XLA
GL,5,2022,6,15,23,-0.9,-0.2,23,9,mayne,48.97538,-125.2894,48.97558,-125.29,10,,3,98,,,,51,3,,0,XLA
GL,5,2022,6,15,23,-0.9,-0.2,23,9,mayne,48.97538,-125.2894,48.97558,-125.29,10,,1,132,,,,51,3,,0,XLA
GL,5,2022,6,15,23,-0.9,-0.2,23,9,mayne,48.97538,-125.2894,48.97558,-125.29,10,,1,91,,,,51,3,,0,XLA
GL,5,2022,6,15,23,-0.9,-0.2,23,9,mayne,48.97538,-125.2894,48.97558,-125.29,10,,1,85,,,,51,3,,0,XLA
GL,5,2022,6,15,23,-0.9,-0.2,23,9,mayne,48.97538,-125.2894,48.97558,-125.29,10,,3,103,,,,51,4,,0,XLA
GL,5,2022,6,15,23,-0.9,-0.2,23,9,mayne,48.97538,-125.2894,48.97558,-125.29,10,,1,135,,,,51,4,,0,XLA
GL,5,2022,6,15,23,-0.9,-0.2,23,9,mayne,48.97538,-125.2894,48.97558,-125.29,10,,1,158,,,,51,4,,0,XLA
GL,5,2022,6,15,23,-0.9,-0.2,23,9,mayne,48.97538,-125.2894,48.97558,-125.29,10,,1,144,,,,51,5,,0,XLA
GL,5,2022,6,15,23,-0.9,-0.2,23,9,mayne,48.97538,-125.2894,48.97558,-125.29,10,,1,141,,,,51,5,,0,XLA
GL,5,2022,6,15,23,-0.9,-0.2,23,9,mayne,48.97538,-125.2894,48.97558,-125.29,10,,,,,,,51,6,,18,848
GL,6,2022,6,15,23,-1.1,-0.7,23,9,mayne,48.97507,-125.2893,48.97467,-125.2896,10,,1,157,,,,51,1,,0,XLA
GL,6,2022,6,15,23,-1.1,-0.7,23,9,mayne,48.97507,-125.2893,48.97467,-125.2896,10,,1,151,,,,51,1,,0,XLA
GL,6,2022,6,15,23,-1.1,-0.7,23,9,mayne,48.97507,-125.2893,48.97467,-125.2896,10,,1,129,,,,51,2,,0,XLA
GL,6,2022,6,15,23,-1.1,-0.7,23,9,mayne,48.97507,-125.2893,48.97467,-125.2896,10,,1,80,,11,,51,3,,0,XMB
GL,6,2022,6,15,23,-1.1,-0.7,23,9,mayne,48.97507,-125.2893,48.97467,-125.2896,10,,1,73,,11,,51,3,,0,XMB
GL,6,2022,6,15,23,-1.1,-0.7,23,9,mayne,48.97507,-125.2893,48.97467,-125.2896,10,,1,79,,11,,51,3,,0,XMB
GL,6,2022,6,15,23,-1.1,-0.7,23,9,mayne,48.97507,-125.2893,48.97467,-125.2896,10,,1,58,,,,51,3,,0,XKE
GL,6,2022,6,15,23,-1.1,-0.7,23,9,mayne,48.97507,-125.2893,48.97467,-125.2896,10,,1,158,,,,51,3,,0,XLA
GL,6,2022,6,15,23,-1.1,-0.7,23,9,mayne,48.97507,-125.2893,48.97467,-125.2896,10,,1,146,,,,51,3,,0,XLA
GL,6,2022,6,15,23,-1.1,-0.7,23,9,mayne,48.97507,-125.2893,48.97467,-125.2896,10,,1,138,,,,51,3,,0,XLA
GL,6,2022,6,15,23,-1.1,-0.7,23,9,mayne,48.97507,-125.2893,48.97467,-125.2896,10,,3,115,,,,51,3,,0,XLA
GL,6,2022,6,15,23,-1.1,-0.7,23,9,mayne,48.97507,-125.2893,48.97467,-125.2896,10,,3,125,,,,51,3,,0,XLA
GL,6,2022,6,15,23,-1.1,-0.7,23,9,mayne,48.97507,-125.2893,48.97467,-125.2896,10,,1,149,,,,51,3,,0,XLA
GL,6,2022,6,15,23,-1.1,-0.7,23,9,mayne,48.97507,-125.2893,48.97467,-125.2896,10,,1,123,,,,51,4,,0,XLA
GL,6,2022,6,15,23,-1.1,-0.7,23,9,mayne,48.97507,-125.2893,48.97467,-125.2896,10,,3,100,,,,51,4,,0,XLA
GL,6,2022,6,15,23,-1.1,-0.7,23,9,mayne,48.97507,-125.2893,48.97467,-125.2896,10,,1,68,,13,,51,5,,0,XMB
GL,6,2022,6,15,23,-1.1,-0.7,23,9,mayne,48.97507,-125.2893,48.97467,-125.2896,10,,1,149,,,,51,5,,0,XLA
GL,6,2022,6,15,23,-1.1,-0.7,23,9,mayne,48.97507,-125.2893,48.97467,-125.2896,10,,1,53,,11,,51,6,,0,XMB
GL,6,2022,6,15,23,-1.1,-0.7,23,9,mayne,48.97507,-125.2893,48.97467,-125.2896,10,,3,109,,,,51,6,,0,XLA
GL,7,2022,6,16,25,-0.2,0.5,23,10,pipestem,49.03927,-125.201,49.03905,-125.2015,10,,1,65,,11,,51,1,,0,XMB
GL,7,2022,6,16,25,-0.2,0.5,23,10,pipestem,49.03927,-125.201,49.03905,-125.2015,10,,1,53,,11,,51,1,,0,XMB
GL,7,2022,6,16,25,-0.2,0.5,23,10,pipestem,49.03927,-125.201,49.03905,-125.2015,10,,3,53,,13,,51,1,,0,XMB
GL,7,2022,6,16,25,-0.2,0.5,23,10,pipestem,49.03927,-125.201,49.03905,-125.2015,10,,1,54,,11,,51,1,,0,XMB
GL,7,2022,6,16,25,-0.2,0.5,23,10,pipestem,49.03927,-125.201,49.03905,-125.2015,10,,3,57,,11,,51,2,,0,XMB
GL,7,2022,6,16,25,-0.2,0.5,23,10,pipestem,49.03927,-125.201,49.03905,-125.2015,10,,3,75,,11,,51,3,,0,XMB
GL,7,2022,6,16,25,-0.2,0.5,23,10,pipestem,49.03927,-125.201,49.03905,-125.2015,10,,,,,,,51,4,,15,848
GL,7,2022,6,16,25,-0.2,0.5,23,10,pipestem,49.03927,-125.201,49.03905,-125.2015,10,,1,69,,11,,51,5,,0,XMB
GL,7,2022,6,16,25,-0.2,0.5,23,10,pipestem,49.03927,-125.201,49.03905,-125.2015,10,,3,53,,14,,51,5,,0,XMB
GL,7,2022,6,16,25,-0.2,0.5,23,10,pipestem,49.03927,-125.201,49.03905,-125.2015,10,,1,75,,13,,51,5,,0,XMB
GL,7,2022,6,16,25,-0.2,0.5,23,10,pipestem,49.03927,-125.201,49.03905,-125.2015,10,,3,66,,13,,51,6,,0,XMB
GL,8,2022,6,16,24,-0.5,2.6,23,10,pipestem,49.03902,-125.2021,49.03893,-125.2027,10,,1,75,,11,,51,1,,0,XMB
GL,8,2022,6,16,24,-0.5,2.6,23,10,pipestem,49.03902,-125.2021,49.03893,-125.2027,10,,3,54,,14,,51,1,,0,XMB
GL,8,2022,6,16,24,-0.5,2.6,23,10,pipestem,49.03902,-125.2021,49.03893,-125.2027,10,,3,75,,14,,51,3,,0,XMB
GL,8,2022,6,16,24,-0.5,2.6,23,10,pipestem,49.03902,-125.2021,49.03893,-125.2027,10,,1,66,,11,,51,3,,0,XMB
GL,8,2022,6,16,24,-0.5,2.6,23,10,pipestem,49.03902,-125.2021,49.03893,-125.2027,10,,3,62,,12,,51,3,,0,XMB
GL,8,2022,6,16,24,-0.5,2.6,23,10,pipestem,49.03902,-125.2021,49.03893,-125.2027,10,,3,67,,14,,51,3,,0,XMB
GL,8,2022,6,16,24,-0.5,2.6,23,10,pipestem,49.03902,-125.2021,49.03893,-125.2027,10,,1,100,,,,51,4,,0,XKE
GL,8,2022,6,16,24,-0.5,2.6,23,10,pipestem,49.03902,-125.2021,49.03893,-125.2027,10,,1,77,,13,,51,3,,0,XMB
GL,8,2022,6,16,24,-0.5,2.6,23,10,pipestem,49.03902,-125.2021,49.03893,-125.2027,10,,1,80,,11,,51,3,,0,XMB
GL,8,2022,6,16,24,-0.5,2.6,23,10,pipestem,49.03902,-125.2021,49.03893,-125.2027,10,,3,75,,,,51,3,,0,XKE
GL,8,2022,6,16,24,-0.5,2.6,23,10,pipestem,49.03902,-125.2021,49.03893,-125.2027,10,,1,69,,14,,51,4,,0,XMB
GL,8,2022,6,16,24,-0.5,2.6,23,10,pipestem,49.03902,-125.2021,49.03893,-125.2027,10,,3,82,,,,51,4,,0,XKE
GL,8,2022,6,16,24,-0.5,2.6,23,10,pipestem,49.03902,-125.2021,49.03893,-125.2027,10,,3,84,,,,51,4,,0,XKE
GL,8,2022,6,16,24,-0.5,2.6,23,10,pipestem,49.03902,-125.2021,49.03893,-125.2027,10,,3,87,,,,51,4,,0,XKE
GL,8,2022,6,16,24,-0.5,2.6,23,10,pipestem,49.03902,-125.2021,49.03893,-125.2027,10,,1,95,,,,51,4,,0,XKE
GL,8,2022,6,16,24,-0.5,2.6,23,10,pipestem,49.03902,-125.2021,49.03893,-125.2027,10,,1,82,,,,51,4,,0,XKE
GL,8,2022,6,16,24,-0.5,2.6,23,10,pipestem,49.03902,-125.2021,49.03893,-125.2027,10,,1,87,,,,51,5,,0,XKE
GL,8,2022,6,16,24,-0.5,2.6,23,10,pipestem,49.03902,-125.2021,49.03893,-125.2027,10,,1,90,,,,51,5,,0,XKE
GL,8,2022,6,16,24,-0.5,2.6,23,10,pipestem,49.03902,-125.2021,49.03893,-125.2027,10,,3,83,,,,51,5,,0,XKE
GL,8,2022,6,16,24,-0.5,2.6,23,10,pipestem,49.03902,-125.2021,49.03893,-125.2027,10,,1,93,,,,51,5,,0,XKE
GL,8,2022,6,16,24,-0.5,2.6,23,10,pipestem,49.03902,-125.2021,49.03893,-125.2027,10,,3,80,,,,51,5,,0,XKE
GL,8,2022,6,16,24,-0.5,2.6,23,10,pipestem,49.03902,-125.2021,49.03893,-125.2027,10,,1,92,,,,51,5,,0,XKE
GL,8,2022,6,16,24,-0.5,2.6,23,10,pipestem,49.03902,-125.2021,49.03893,-125.2027,10,,4,75,,,,51,5,,0,XKE
GL,8,2022,6,16,24,-0.5,2.6,23,10,pipestem,49.03902,-125.2021,49.03893,-125.2027,10,,1,96,,,,51,5,,0,XKE
GL,8,2022,6,16,24,-0.5,2.6,23,10,pipestem,49.03902,-125.2021,49.03893,-125.2027,10,,1,92,,,,51,5,,0,XKE
GL,8,2022,6,16,24,-0.5,2.6,23,10,pipestem,49.03902,-125.2021,49.03893,-125.2027,10,,3,87,,,,51,5,,0,XKE
GL,8,2022,6,16,24,-0.5,2.6,23,10,pipestem,49.03902,-125.2021,49.03893,-125.2027,10,,3,79,,,,51,5,,0,XKE
GL,8,2022,6,16,24,-0.5,2.6,23,10,pipestem,49.03902,-125.2021,49.03893,-125.2027,10,,3,86,,,,51,5,,0,XKE
GL,8,2022,6,16,24,-0.5,2.6,23,10,pipestem,49.03902,-125.2021,49.03893,-125.2027,10,,1,95,,,,51,5,,0,XKE
GL,8,2022,6,16,24,-0.5,2.6,23,10,pipestem,49.03902,-125.2021,49.03893,-125.2027,10,,1,92,,,,51,5,,0,XKE
GL,8,2022,6,16,24,-0.5,2.6,23,10,pipestem,49.03902,-125.2021,49.03893,-125.2027,10,,1,77,,,,51,5,,0,XKE
GL,8,2022,6,16,24,-0.5,2.6,23,10,pipestem,49.03902,-125.2021,49.03893,-125.2027,10,,1,95,,,,51,5,,0,XKE
GL,8,2022,6,16,24,-0.5,2.6,23,10,pipestem,49.03902,-125.2021,49.03893,-125.2027,10,,3,76,,,,51,5,,0,XKE
GL,8,2022,6,16,24,-0.5,2.6,23,10,pipestem,49.03902,-125.2021,49.03893,-125.2027,10,,1,75,,,,51,5,,0,XKE
GL,8,2022,6,16,24,-0.5,2.6,23,10,pipestem,49.03902,-125.2021,49.03893,-125.2027,10,,1,79,,14,,51,6,,0,XMB
GL,8,2022,6,16,24,-0.5,2.6,23,10,pipestem,49.03902,-125.2021,49.03893,-125.2027,10,,1,56,,12,,51,6,,0,XMB
GL,8,2022,6,16,24,-0.5,2.6,23,10,pipestem,49.03902,-125.2021,49.03893,-125.2027,10,,1,79,,,,51,6,,0,XKE
GL,8,2022,6,16,24,-0.5,2.6,23,10,pipestem,49.03902,-125.2021,49.03893,-125.2027,10,,1,92,,,,51,6,,0,XKE
GL,8,2022,6,16,24,-0.5,2.6,23,10,pipestem,49.03902,-125.2021,49.03893,-125.2027,10,,1,89,,,,51,6,,0,XKE
GL,8,2022,6,16,24,-0.5,2.6,23,10,pipestem,49.03902,-125.2021,49.03893,-125.2027,10,,3,80,,,,51,6,,0,XKE
GL,8,2022,6,16,24,-0.5,2.6,23,10,pipestem,49.03902,-125.2021,49.03893,-125.2027,10,,1,105,,,,51,6,,0,XKE
GL,8,2022,6,16,24,-0.5,2.6,23,10,pipestem,49.03902,-125.2021,49.03893,-125.2027,10,,1,91,,,,51,6,,0,XKE
GL,8,2022,6,16,24,-0.5,2.6,23,10,pipestem,49.03902,-125.2021,49.03893,-125.2027,10,,1,89,,,,51,6,,0,XKE
GL,8,2022,6,16,24,-0.5,2.6,23,10,pipestem,49.03902,-125.2021,49.03893,-125.2027,10,,3,78,,,,51,6,,0,XKE
GL,8,2022,6,16,24,-0.5,2.6,23,10,pipestem,49.03902,-125.2021,49.03893,-125.2027,10,,3,68,,,,51,6,,0,XKE
GL,8,2022,6,16,24,-0.5,2.6,23,10,pipestem,49.03902,-125.2021,49.03893,-125.2027,10,,5,65,,,,51,6,,0,XKE
GL,8,2022,6,16,24,-0.5,2.6,23,10,pipestem,49.03902,-125.2021,49.03893,-125.2027,10,,,,,,,51,2,,16,848
GL,9,2022,6,16,24,-0.7,-0.2,23,10,pipestem,49.03868,-125.2026,49.03848,-125.2031,10,,3,66,,14,,51,1,,0,XMB
GL,9,2022,6,16,24,-0.7,-0.2,23,10,pipestem,49.03868,-125.2026,49.03848,-125.2031,10,,3,68,,11,,51,1,,0,XMB
GL,9,2022,6,16,24,-0.7,-0.2,23,10,pipestem,49.03868,-125.2026,49.03848,-125.2031,10,,1,56,,11,,51,2,,0,XMB
GL,9,2022,6,16,24,-0.7,-0.2,23,10,pipestem,49.03868,-125.2026,49.03848,-125.2031,10,,1,42,,12,,51,2,,0,XMB
GL,9,2022,6,16,24,-0.7,-0.2,23,10,pipestem,49.03868,-125.2026,49.03848,-125.2031,10,,1,54,,11,,51,3,,0,XMB
GL,9,2022,6,16,24,-0.7,-0.2,23,10,pipestem,49.03868,-125.2026,49.03848,-125.2031,10,,1,77,,11,,51,3,,0,XMB
GL,9,2022,6,16,24,-0.7,-0.2,23,10,pipestem,49.03868,-125.2026,49.03848,-125.2031,10,,1,74,,11,,51,3,,0,XMB
GL,9,2022,6,16,24,-0.7,-0.2,23,10,pipestem,49.03868,-125.2026,49.03848,-125.2031,10,,1,82,,11,,51,3,,0,XMB
GL,9,2022,6,16,24,-0.7,-0.2,23,10,pipestem,49.03868,-125.2026,49.03848,-125.2031,10,,1,76,,11,,51,3,,0,XMB
GL,9,2022,6,16,24,-0.7,-0.2,23,10,pipestem,49.03868,-125.2026,49.03848,-125.2031,10,,3,66,,14,,51,3,,0,XMB
GL,9,2022,6,16,24,-0.7,-0.2,23,10,pipestem,49.03868,-125.2026,49.03848,-125.2031,10,,1,96,,,,51,3,,0,XKE
GL,9,2022,6,16,24,-0.7,-0.2,23,10,pipestem,49.03868,-125.2026,49.03848,-125.2031,10,,,,,,,51,4,,15,848
GL,9,2022,6,16,24,-0.7,-0.2,23,10,pipestem,49.03868,-125.2026,49.03848,-125.2031,10,,3,72,,13,,51,5,,0,XMB
GL,9,2022,6,16,24,-0.7,-0.2,23,10,pipestem,49.03868,-125.2026,49.03848,-125.2031,10,,1,80,,11,,51,5,,0,XMB
GL,9,2022,6,16,24,-0.7,-0.2,23,10,pipestem,49.03868,-125.2026,49.03848,-125.2031,10,,1,87,,11,,51,5,,0,XMB
GL,9,2022,6,16,24,-0.7,-0.2,23,10,pipestem,49.03868,-125.2026,49.03848,-125.2031,10,,1,75,,11,,51,5,,0,XMB
GL,9,2022,6,16,24,-0.7,-0.2,23,10,pipestem,49.03868,-125.2026,49.03848,-125.2031,10,,1,78,,14,,51,5,,0,XMB
GL,9,2022,6,16,24,-0.7,-0.2,23,10,pipestem,49.03868,-125.2026,49.03848,-125.2031,10,,1,85,,11,,51,6,,0,XMB
GL,9,2022,6,16,24,-0.7,-0.2,23,10,pipestem,49.03868,-125.2026,49.03848,-125.2031,10,,3,73,,14,,51,6,,0,XMB
GL,9,2022,6,16,24,-0.7,-0.2,23,10,pipestem,49.03868,-125.2026,49.03848,-125.2031,10,,1,66,,11,,51,6,,0,XMB
GL,9,2022,6,16,24,-0.7,-0.2,23,10,pipestem,49.03868,-125.2026,49.03848,-125.2031,10,,3,70,,14,,51,6,,0,XMB
GL,9,2022,6,16,24,-0.7,-0.2,23,10,pipestem,49.03868,-125.2026,49.03848,-125.2031,10,,1,57,,11,,51,6,,0,XMB
GL,9,2022,6,16,24,-0.7,-0.2,23,10,pipestem,49.03868,-125.2026,49.03848,-125.2031,10,,1,42,,12,,51,6,,0,XMB
GL,9,2022,6,16,24,-0.7,-0.2,23,10,pipestem,49.03868,-125.2026,49.03848,-125.2031,10,,1,31,,12,,51,6,,0,XMB
GL,10,2022,6,16,23,-1.3,-1.2,23,10,hillier,49.03225,-125.325,49.03237,-125.3243,10,,3,45,,12,,51,1,,0,XMB
GL,10,2022,6,16,23,-1.3,-1.2,23,10,hillier,49.03225,-125.325,49.03237,-125.3243,10,,3,43,,13,,51,1,,0,XMB
GL,10,2022,6,16,23,-1.3,-1.2,23,10,hillier,49.03225,-125.325,49.03237,-125.3243,10,,3,50,,14,,51,2,,0,XMB
GL,10,2022,6,16,23,-1.3,-1.2,23,10,hillier,49.03225,-125.325,49.03237,-125.3243,10,,1,66,,11,,51,2,,0,XMB
GL,10,2022,6,16,23,-1.3,-1.2,23,10,hillier,49.03225,-125.325,49.03237,-125.3243,10,,1,70,,11,,51,2,,0,XMB
GL,10,2022,6,16,23,-1.3,-1.2,23,10,hillier,49.03225,-125.325,49.03237,-125.3243,10,,1,58,,11,,51,2,,0,XMB
GL,10,2022,6,16,23,-1.3,-1.2,23,10,hillier,49.03225,-125.325,49.03237,-125.3243,10,,3,45,,12,,51,2,,0,XMB
GL,10,2022,6,16,23,-1.3,-1.2,23,10,hillier,49.03225,-125.325,49.03237,-125.3243,10,,3,46,,12,,51,2,,0,XMB
GL,10,2022,6,16,23,-1.3,-1.2,23,10,hillier,49.03225,-125.325,49.03237,-125.3243,10,,1,41,,12,,51,2,,0,XMB
GL,10,2022,6,16,23,-1.3,-1.2,23,10,hillier,49.03225,-125.325,49.03237,-125.3243,10,,3,52,,12,,51,2,,0,XMB
GL,10,2022,6,16,23,-1.3,-1.2,23,10,hillier,49.03225,-125.325,49.03237,-125.3243,10,,3,56,,12,,51,2,,0,XMB
GL,10,2022,6,16,23,-1.3,-1.2,23,10,hillier,49.03225,-125.325,49.03237,-125.3243,10,,3,45,,11,,51,2,,0,XMB
GL,10,2022,6,16,23,-1.3,-1.2,23,10,hillier,49.03225,-125.325,49.03237,-125.3243,10,,3,74,,13,,51,2,,0,XMB
GL,10,2022,6,16,23,-1.3,-1.2,23,10,hillier,49.03225,-125.325,49.03237,-125.3243,10,,3,63,,11,,51,2,,0,XMB
GL,10,2022,6,16,23,-1.3,-1.2,23,10,hillier,49.03225,-125.325,49.03237,-125.3243,10,,3,43,,11,,51,2,,0,XMB
GL,10,2022,6,16,23,-1.3,-1.2,23,10,hillier,49.03225,-125.325,49.03237,-125.3243,10,,3,60,,14,,51,2,,0,XMB
GL,10,2022,6,16,23,-1.3,-1.2,23,10,hillier,49.03225,-125.325,49.03237,-125.3243,10,,3,45,,11,,51,2,,0,XMB
GL,10,2022,6,16,23,-1.3,-1.2,23,10,hillier,49.03225,-125.325,49.03237,-125.3243,10,,1,40,,12,,51,2,,0,XMB
GL,10,2022,6,16,23,-1.3,-1.2,23,10,hillier,49.03225,-125.325,49.03237,-125.3243,10,,3,49,,13,,51,2,,0,XMB
GL,10,2022,6,16,23,-1.3,-1.2,23,10,hillier,49.03225,-125.325,49.03237,-125.3243,10,,3,45,,12,,51,2,,0,XMB
GL,10,2022,6,16,23,-1.3,-1.2,23,10,hillier,49.03225,-125.325,49.03237,-125.3243,10,,1,42,,11,,51,2,,0,XMB
GL,10,2022,6,16,23,-1.3,-1.2,23,10,hillier,49.03225,-125.325,49.03237,-125.3243,10,,1,70,,11,,51,2,,0,XMB
GL,10,2022,6,16,23,-1.3,-1.2,23,10,hillier,49.03225,-125.325,49.03237,-125.3243,10,,1,42,,12,,51,2,,0,XMB
GL,10,2022,6,16,23,-1.3,-1.2,23,10,hillier,49.03225,-125.325,49.03237,-125.3243,10,,3,50,,13,,51,2,,0,XMB
GL,10,2022,6,16,23,-1.3,-1.2,23,10,hillier,49.03225,-125.325,49.03237,-125.3243,10,,1,75,,11,,51,3,,0,XMB
GL,10,2022,6,16,23,-1.3,-1.2,23,10,hillier,49.03225,-125.325,49.03237,-125.3243,10,,1,57,,11,,51,3,,0,XMB
GL,10,2022,6,16,23,-1.3,-1.2,23,10,hillier,49.03225,-125.325,49.03237,-125.3243,10,,1,44,,12,,51,3,,0,XMB
GL,10,2022,6,16,23,-1.3,-1.2,23,10,hillier,49.03225,-125.325,49.03237,-125.3243,10,,3,68,,14,,51,3,,0,XMB
GL,10,2022,6,16,23,-1.3,-1.2,23,10,hillier,49.03225,-125.325,49.03237,-125.3243,10,,3,69,,14,,51,3,,0,XMB
GL,10,2022,6,16,23,-1.3,-1.2,23,10,hillier,49.03225,-125.325,49.03237,-125.3243,10,,3,62,,12,,51,3,,0,XMB
GL,10,2022,6,16,23,-1.3,-1.2,23,10,hillier,49.03225,-125.325,49.03237,-125.3243,10,,1,57,,11,,51,3,,0,XMB
GL,10,2022,6,16,23,-1.3,-1.2,23,10,hillier,49.03225,-125.325,49.03237,-125.3243,10,,3,55,,14,,51,3,,0,XMB
GL,10,2022,6,16,23,-1.3,-1.2,23,10,hillier,49.03225,-125.325,49.03237,-125.3243,10,,3,48,,12,,51,3,,0,XMB
GL,10,2022,6,16,23,-1.3,-1.2,23,10,hillier,49.03225,-125.325,49.03237,-125.3243,10,,1,42,,12,,51,3,,0,XMB
GL,10,2022,6,16,23,-1.3,-1.2,23,10,hillier,49.03225,-125.325,49.03237,-125.3243,10,,3,47,,14,,51,3,,0,XMB
GL,10,2022,6,16,23,-1.3,-1.2,23,10,hillier,49.03225,-125.325,49.03237,-125.3243,10,,3,42,,12,,51,3,,0,XMB
GL,10,2022,6,16,23,-1.3,-1.2,23,10,hillier,49.03225,-125.325,49.03237,-125.3243,10,,3,41,,12,,51,3,,0,XMB
GL,10,2022,6,16,23,-1.3,-1.2,23,10,hillier,49.03225,-125.325,49.03237,-125.3243,10,,1,53,,11,,51,3,,0,XMB
GL,10,2022,6,16,23,-1.3,-1.2,23,10,hillier,49.03225,-125.325,49.03237,-125.3243,10,,1,37,,12,,51,3,,0,XMB
GL,10,2022,6,16,23,-1.3,-1.2,23,10,hillier,49.03225,-125.325,49.03237,-125.3243,10,,1,45,,12,,51,3,,0,XMB
GL,10,2022,6,16,23,-1.3,-1.2,23,10,hillier,49.03225,-125.325,49.03237,-125.3243,10,,3,56,,14,,51,3,,0,XMB
GL,10,2022,6,16,23,-1.3,-1.2,23,10,hillier,49.03225,-125.325,49.03237,-125.3243,10,,3,48,,11,,51,3,,0,XMB
GL,10,2022,6,16,23,-1.3,-1.2,23,10,hillier,49.03225,-125.325,49.03237,-125.3243,10,,1,48,,12,,51,3,,0,XMB
GL,10,2022,6,16,23,-1.3,-1.2,23,10,hillier,49.03225,-125.325,49.03237,-125.3243,10,,3,34,,12,,51,3,,0,XMB
GL,10,2022,6,16,23,-1.3,-1.2,23,10,hillier,49.03225,-125.325,49.03237,-125.3243,10,,1,38,,12,,51,3,,0,XMB
GL,10,2022,6,16,23,-1.3,-1.2,23,10,hillier,49.03225,-125.325,49.03237,-125.3243,10,,3,47,,13,,51,3,,0,XMB
GL,10,2022,6,16,23,-1.3,-1.2,23,10,hillier,49.03225,-125.325,49.03237,-125.3243,10,,1,39,,12,,51,3,,0,XMB
GL,10,2022,6,16,23,-1.3,-1.2,23,10,hillier,49.03225,-125.325,49.03237,-125.3243,10,,1,52,,11,,51,3,,0,XMB
GL,10,2022,6,16,23,-1.3,-1.2,23,10,hillier,49.03225,-125.325,49.03237,-125.3243,10,,3,50,,14,,51,3,,0,XMB
GL,10,2022,6,16,23,-1.3,-1.2,23,10,hillier,49.03225,-125.325,49.03237,-125.3243,10,,3,45,,12,,51,3,,0,XMB
GL,10,2022,6,16,23,-1.3,-1.2,23,10,hillier,49.03225,-125.325,49.03237,-125.3243,10,,3,50,,13,,51,3,,0,XMB
GL,10,2022,6,16,23,-1.3,-1.2,23,10,hillier,49.03225,-125.325,49.03237,-125.3243,10,,3,40,,12,,51,3,,0,XMB
GL,10,2022,6,16,23,-1.3,-1.2,23,10,hillier,49.03225,-125.325,49.03237,-125.3243,10,,3,44,,12,,51,3,,0,XMB
GL,10,2022,6,16,23,-1.3,-1.2,23,10,hillier,49.03225,-125.325,49.03237,-125.3243,10,,3,40,,12,,51,3,,0,XMB
GL,10,2022,6,16,23,-1.3,-1.2,23,10,hillier,49.03225,-125.325,49.03237,-125.3243,10,,3,52,,14,,51,3,,0,XMB
GL,10,2022,6,16,23,-1.3,-1.2,23,10,hillier,49.03225,-125.325,49.03237,-125.3243,10,,1,40,,12,,51,3,,0,XMB
GL,10,2022,6,16,23,-1.3,-1.2,23,10,hillier,49.03225,-125.325,49.03237,-125.3243,10,,3,37,,12,,51,3,,0,XMB
GL,10,2022,6,16,23,-1.3,-1.2,23,10,hillier,49.03225,-125.325,49.03237,-125.3243,10,,3,42,,11,,51,3,,0,XMB
GL,10,2022,6,16,23,-1.3,-1.2,23,10,hillier,49.03225,-125.325,49.03237,-125.3243,10,,3,42,,12,,51,3,,0,XMB
GL,10,2022,6,16,23,-1.3,-1.2,23,10,hillier,49.03225,-125.325,49.03237,-125.3243,10,,1,45,,11,,51,3,,0,XMB
GL,10,2022,6,16,23,-1.3,-1.2,23,10,hillier,49.03225,-125.325,49.03237,-125.3243,10,,1,55,,11,,51,3,,0,XMB
GL,10,2022,6,16,23,-1.3,-1.2,23,10,hillier,49.03225,-125.325,49.03237,-125.3243,10,,1,76,,11,,51,4,,0,XMB
GL,10,2022,6,16,23,-1.3,-1.2,23,10,hillier,49.03225,-125.325,49.03237,-125.3243,10,,1,55,,11,,51,4,,0,XMB
GL,10,2022,6,16,23,-1.3,-1.2,23,10,hillier,49.03225,-125.325,49.03237,-125.3243,10,,1,44,,12,,51,4,,0,XMB
GL,10,2022,6,16,23,-1.3,-1.2,23,10,hillier,49.03225,-125.325,49.03237,-125.3243,10,,3,60,,13,,51,4,,0,XMB
GL,10,2022,6,16,23,-1.3,-1.2,23,10,hillier,49.03225,-125.325,49.03237,-125.3243,10,,1,75,,11,,51,4,,0,XMB
GL,10,2022,6,16,23,-1.3,-1.2,23,10,hillier,49.03225,-125.325,49.03237,-125.3243,10,,1,41,,12,,51,4,,0,XMB
GL,10,2022,6,16,23,-1.3,-1.2,23,10,hillier,49.03225,-125.325,49.03237,-125.3243,10,,3,40,,14,,51,4,,0,XMB
GL,10,2022,6,16,23,-1.3,-1.2,23,10,hillier,49.03225,-125.325,49.03237,-125.3243,10,,1,72,,11,,51,4,,0,XMB
GL,10,2022,6,16,23,-1.3,-1.2,23,10,hillier,49.03225,-125.325,49.03237,-125.3243,10,,1,40,,12,,51,4,,0,XMB
GL,10,2022,6,16,23,-1.3,-1.2,23,10,hillier,49.03225,-125.325,49.03237,-125.3243,10,,1,49,,11,,51,4,,0,XMB
GL,10,2022,6,16,23,-1.3,-1.2,23,10,hillier,49.03225,-125.325,49.03237,-125.3243,10,,3,49,,11,,51,4,,0,XMB
GL,10,2022,6,16,23,-1.3,-1.2,23,10,hillier,49.03225,-125.325,49.03237,-125.3243,10,,3,43,,14,,51,5,,0,XMB
GL,10,2022,6,16,23,-1.3,-1.2,23,10,hillier,49.03225,-125.325,49.03237,-125.3243,10,,3,46,,12,,51,5,,0,XMB
GL,10,2022,6,16,23,-1.3,-1.2,23,10,hillier,49.03225,-125.325,49.03237,-125.3243,10,,3,49,,14,,51,5,,0,XMB
GL,10,2022,6,16,23,-1.3,-1.2,23,10,hillier,49.03225,-125.325,49.03237,-125.3243,10,,1,40,,12,,51,5,,0,XMB
GL,10,2022,6,16,23,-1.3,-1.2,23,10,hillier,49.03225,-125.325,49.03237,-125.3243,10,,3,47,,12,,51,5,,0,XMB
GL,10,2022,6,16,23,-1.3,-1.2,23,10,hillier,49.03225,-125.325,49.03237,-125.3243,10,,3,44,,12,,51,5,,0,XMB
GL,10,2022,6,16,23,-1.3,-1.2,23,10,hillier,49.03225,-125.325,49.03237,-125.3243,10,,1,60,,11,,51,6,,0,XMB
GL,10,2022,6,16,23,-1.3,-1.2,23,10,hillier,49.03225,-125.325,49.03237,-125.3243,10,,3,45,,13,,51,6,,0,XMB
GL,10,2022,6,16,23,-1.3,-1.2,23,10,hillier,49.03225,-125.325,49.03237,-125.3243,10,,1,42,,12,,51,6,,0,XMB
GL,10,2022,6,16,23,-1.3,-1.2,23,10,hillier,49.03225,-125.325,49.03237,-125.3243,10,,3,37,,12,,51,6,,0,XMB
GL,11,2022,6,16,25,-0.9,-0.2,23,10,hillier,49.03297,-125.3235,49.0326,-125.3234,10,,1,45,,11,,51,1,,0,XMB
GL,11,2022,6,16,25,-0.9,-0.2,23,10,hillier,49.03297,-125.3235,49.0326,-125.3234,10,,1,62,,11,,51,1,,0,XMB
GL,11,2022,6,16,25,-0.9,-0.2,23,10,hillier,49.03297,-125.3235,49.0326,-125.3234,10,,1,50,,11,,51,1,,0,XMB
GL,11,2022,6,16,25,-0.9,-0.2,23,10,hillier,49.03297,-125.3235,49.0326,-125.3234,10,,3,47,,11,,51,1,,0,XMB
GL,11,2022,6,16,25,-0.9,-0.2,23,10,hillier,49.03297,-125.3235,49.0326,-125.3234,10,,3,57,,13,,51,1,,0,XMB
GL,11,2022,6,16,25,-0.9,-0.2,23,10,hillier,49.03297,-125.3235,49.0326,-125.3234,10,,3,66,,11,,51,1,,0,XMB
GL,11,2022,6,16,25,-0.9,-0.2,23,10,hillier,49.03297,-125.3235,49.0326,-125.3234,10,,1,82,,11,,51,1,,0,XMB
GL,11,2022,6,16,25,-0.9,-0.2,23,10,hillier,49.03297,-125.3235,49.0326,-125.3234,10,,3,46,,13,,51,1,,0,XMB
GL,11,2022,6,16,25,-0.9,-0.2,23,10,hillier,49.03297,-125.3235,49.0326,-125.3234,10,,3,40,,12,,51,1,,0,XMB
GL,11,2022,6,16,25,-0.9,-0.2,23,10,hillier,49.03297,-125.3235,49.0326,-125.3234,10,,1,50,,11,,51,1,,0,XMB
GL,11,2022,6,16,25,-0.9,-0.2,23,10,hillier,49.03297,-125.3235,49.0326,-125.3234,10,,1,47,,11,,51,1,,0,XMB
GL,11,2022,6,16,25,-0.9,-0.2,23,10,hillier,49.03297,-125.3235,49.0326,-125.3234,10,,1,47,,11,,51,1,,0,XMB
GL,11,2022,6,16,25,-0.9,-0.2,23,10,hillier,49.03297,-125.3235,49.0326,-125.3234,10,,1,65,,11,,51,1,,0,XMB
GL,11,2022,6,16,25,-0.9,-0.2,23,10,hillier,49.03297,-125.3235,49.0326,-125.3234,10,,1,44,,11,,51,1,,0,XMB
GL,11,2022,6,16,25,-0.9,-0.2,23,10,hillier,49.03297,-125.3235,49.0326,-125.3234,10,,3,46,,13,,51,1,,0,XMB
GL,11,2022,6,16,25,-0.9,-0.2,23,10,hillier,49.03297,-125.3235,49.0326,-125.3234,10,,3,54,,14,,51,1,,0,XMB
GL,11,2022,6,16,25,-0.9,-0.2,23,10,hillier,49.03297,-125.3235,49.0326,-125.3234,10,,3,62,,13,,51,1,,0,XMB
GL,11,2022,6,16,25,-0.9,-0.2,23,10,hillier,49.03297,-125.3235,49.0326,-125.3234,10,,3,44,,14,,51,1,,0,XMB
GL,11,2022,6,16,25,-0.9,-0.2,23,10,hillier,49.03297,-125.3235,49.0326,-125.3234,10,,3,45,,12,,51,1,,0,XMB
GL,11,2022,6,16,25,-0.9,-0.2,23,10,hillier,49.03297,-125.3235,49.0326,-125.3234,10,,3,44,,12,,51,1,,0,XMB
GL,11,2022,6,16,25,-0.9,-0.2,23,10,hillier,49.03297,-125.3235,49.0326,-125.3234,10,,1,34,,12,,51,1,,0,XMB
GL,11,2022,6,16,25,-0.9,-0.2,23,10,hillier,49.03297,-125.3235,49.0326,-125.3234,10,,1,45,,12,,51,1,,0,XMB
GL,11,2022,6,16,25,-0.9,-0.2,23,10,hillier,49.03297,-125.3235,49.0326,-125.3234,10,,1,76,,11,,51,2,,0,XMB
GL,11,2022,6,16,25,-0.9,-0.2,23,10,hillier,49.03297,-125.3235,49.0326,-125.3234,10,,1,75,,11,,51,2,,0,XMB
GL,11,2022,6,16,25,-0.9,-0.2,23,10,hillier,49.03297,-125.3235,49.0326,-125.3234,10,,3,60,,13,,51,2,,0,XMB
GL,11,2022,6,16,25,-0.9,-0.2,23,10,hillier,49.03297,-125.3235,49.0326,-125.3234,10,,1,62,,11,,51,2,,0,XMB
GL,11,2022,6,16,25,-0.9,-0.2,23,10,hillier,49.03297,-125.3235,49.0326,-125.3234,10,,1,62,,14,,51,2,,0,XMB
GL,11,2022,6,16,25,-0.9,-0.2,23,10,hillier,49.03297,-125.3235,49.0326,-125.3234,10,,1,62,,11,,51,2,,0,XMB
GL,11,2022,6,16,25,-0.9,-0.2,23,10,hillier,49.03297,-125.3235,49.0326,-125.3234,10,,3,69,,14,,51,2,,0,XMB
GL,11,2022,6,16,25,-0.9,-0.2,23,10,hillier,49.03297,-125.3235,49.0326,-125.3234,10,,1,73,,11,,51,2,,0,XMB
GL,11,2022,6,16,25,-0.9,-0.2,23,10,hillier,49.03297,-125.3235,49.0326,-125.3234,10,,3,61,,13,,51,2,,0,XMB
GL,11,2022,6,16,25,-0.9,-0.2,23,10,hillier,49.03297,-125.3235,49.0326,-125.3234,10,,1,54,,12,,51,2,,0,XMB
GL,11,2022,6,16,25,-0.9,-0.2,23,10,hillier,49.03297,-125.3235,49.0326,-125.3234,10,,3,63,,14,,51,2,,0,XMB
GL,11,2022,6,16,25,-0.9,-0.2,23,10,hillier,49.03297,-125.3235,49.0326,-125.3234,10,,1,80,,11,,51,3,,0,XMB
GL,11,2022,6,16,25,-0.9,-0.2,23,10,hillier,49.03297,-125.3235,49.0326,-125.3234,10,,1,76,,14,,51,3,,0,XMB
GL,11,2022,6,16,25,-0.9,-0.2,23,10,hillier,49.03297,-125.3235,49.0326,-125.3234,10,,1,78,,11,,51,3,,0,XMB
GL,11,2022,6,16,25,-0.9,-0.2,23,10,hillier,49.03297,-125.3235,49.0326,-125.3234,10,,3,67,,14,,51,3,,0,XMB
GL,11,2022,6,16,25,-0.9,-0.2,23,10,hillier,49.03297,-125.3235,49.0326,-125.3234,10,,1,65,,14,,51,3,,0,XMB
GL,11,2022,6,16,25,-0.9,-0.2,23,10,hillier,49.03297,-125.3235,49.0326,-125.3234,10,,1,67,,11,,51,3,,0,XMB
GL,11,2022,6,16,25,-0.9,-0.2,23,10,hillier,49.03297,-125.3235,49.0326,-125.3234,10,,1,74,,11,,51,3,,0,XMB
GL,11,2022,6,16,25,-0.9,-0.2,23,10,hillier,49.03297,-125.3235,49.0326,-125.3234,10,,1,63,,11,,51,3,,0,XMB
GL,11,2022,6,16,25,-0.9,-0.2,23,10,hillier,49.03297,-125.3235,49.0326,-125.3234,10,,1,70,,13,,51,3,,0,XMB
GL,11,2022,6,16,25,-0.9,-0.2,23,10,hillier,49.03297,-125.3235,49.0326,-125.3234,10,,1,65,,11,,51,3,,0,XMB
GL,11,2022,6,16,25,-0.9,-0.2,23,10,hillier,49.03297,-125.3235,49.0326,-125.3234,10,,1,67,,11,,51,3,,0,XMB
GL,11,2022,6,16,25,-0.9,-0.2,23,10,hillier,49.03297,-125.3235,49.0326,-125.3234,10,,1,66,,11,,51,3,,0,XMB
GL,11,2022,6,16,25,-0.9,-0.2,23,10,hillier,49.03297,-125.3235,49.0326,-125.3234,10,,1,65,,11,,51,3,,0,XMB
GL,11,2022,6,16,25,-0.9,-0.2,23,10,hillier,49.03297,-125.3235,49.0326,-125.3234,10,,3,67,,13,,51,3,,0,XMB
GL,11,2022,6,16,25,-0.9,-0.2,23,10,hillier,49.03297,-125.3235,49.0326,-125.3234,10,,3,58,,13,,51,3,,0,XMB
GL,11,2022,6,16,25,-0.9,-0.2,23,10,hillier,49.03297,-125.3235,49.0326,-125.3234,10,,3,65,,13,,51,3,,0,XMB
GL,11,2022,6,16,25,-0.9,-0.2,23,10,hillier,49.03297,-125.3235,49.0326,-125.3234,10,,1,57,,11,,51,3,,0,XMB
GL,11,2022,6,16,25,-0.9,-0.2,23,10,hillier,49.03297,-125.3235,49.0326,-125.3234,10,,1,55,,11,,51,3,,0,XMB
GL,11,2022,6,16,25,-0.9,-0.2,23,10,hillier,49.03297,-125.3235,49.0326,-125.3234,10,,1,66,,11,,51,3,,0,XMB
GL,11,2022,6,16,25,-0.9,-0.2,23,10,hillier,49.03297,-125.3235,49.0326,-125.3234,10,,1,65,,11,,51,3,,0,XMB
GL,11,2022,6,16,25,-0.9,-0.2,23,10,hillier,49.03297,-125.3235,49.0326,-125.3234,10,,1,51,,12,,51,3,,0,XMB
GL,11,2022,6,16,25,-0.9,-0.2,23,10,hillier,49.03297,-125.3235,49.0326,-125.3234,10,,1,57,,12,,51,3,,0,XMB
GL,11,2022,6,16,25,-0.9,-0.2,23,10,hillier,49.03297,-125.3235,49.0326,-125.3234,10,,3,46,,14,,51,3,,0,XMB
GL,11,2022,6,16,25,-0.9,-0.2,23,10,hillier,49.03297,-125.3235,49.0326,-125.3234,10,,1,57,,11,,51,3,,0,XMB
GL,11,2022,6,16,25,-0.9,-0.2,23,10,hillier,49.03297,-125.3235,49.0326,-125.3234,10,,1,55,,11,,51,3,,0,XMB
GL,11,2022,6,16,25,-0.9,-0.2,23,10,hillier,49.03297,-125.3235,49.0326,-125.3234,10,,1,65,,11,,51,3,,0,XMB
GL,11,2022,6,16,25,-0.9,-0.2,23,10,hillier,49.03297,-125.3235,49.0326,-125.3234,10,,1,73,,11,,51,4,,0,XMB
GL,11,2022,6,16,25,-0.9,-0.2,23,10,hillier,49.03297,-125.3235,49.0326,-125.3234,10,,1,58,,11,,51,4,,0,XMB
GL,11,2022,6,16,25,-0.9,-0.2,23,10,hillier,49.03297,-125.3235,49.0326,-125.3234,10,,1,73,,11,,51,4,,0,XMB
GL,11,2022,6,16,25,-0.9,-0.2,23,10,hillier,49.03297,-125.3235,49.0326,-125.3234,10,,1,60,,11,,51,4,,0,XMB
GL,11,2022,6,16,25,-0.9,-0.2,23,10,hillier,49.03297,-125.3235,49.0326,-125.3234,10,,1,40,,12,,51,4,,0,XMB
GL,11,2022,6,16,25,-0.9,-0.2,23,10,hillier,49.03297,-125.3235,49.0326,-125.3234,10,,1,55,,12,,51,4,,0,XMB
GL,11,2022,6,16,25,-0.9,-0.2,23,10,hillier,49.03297,-125.3235,49.0326,-125.3234,10,,3,45,,12,,51,4,,0,XMB
GL,11,2022,6,16,25,-0.9,-0.2,23,10,hillier,49.03297,-125.3235,49.0326,-125.3234,10,,3,43,,11,,51,4,,0,XMB
GL,11,2022,6,16,25,-0.9,-0.2,23,10,hillier,49.03297,-125.3235,49.0326,-125.3234,10,,1,39,,11,,51,5,,0,XMB
GL,11,2022,6,16,25,-0.9,-0.2,23,10,hillier,49.03297,-125.3235,49.0326,-125.3234,10,,1,40,,12,,51,5,,0,XMB
GL,11,2022,6,16,25,-0.9,-0.2,23,10,hillier,49.03297,-125.3235,49.0326,-125.3234,10,,1,55,,11,,51,5,,0,XMB
GL,11,2022,6,16,25,-0.9,-0.2,23,10,hillier,49.03297,-125.3235,49.0326,-125.3234,10,,3,40,,12,,51,5,,0,XMB
GL,11,2022,6,16,25,-0.9,-0.2,23,10,hillier,49.03297,-125.3235,49.0326,-125.3234,10,,1,60,,11,,51,6,,0,XMB
GL,11,2022,6,16,25,-0.9,-0.2,23,10,hillier,49.03297,-125.3235,49.0326,-125.3234,10,,3,67,,14,,51,6,,0,XMB
GL,12,2022,6,16,25,-0.5,-0.1,23,10,hillier,49.0324,-125.3238,49.032,-125.324,10,,1,75,,11,,51,3,,0,XMB
GL,12,2022,6,16,25,-0.5,-0.1,23,10,hillier,49.0324,-125.3238,49.032,-125.324,10,,1,62,,11,,51,3,,0,XMB
GL,12,2022,6,16,25,-0.5,-0.1,23,10,hillier,49.0324,-125.3238,49.032,-125.324,10,,3,62,,12,,51,4,,0,XMB
GL,12,2022,6,16,25,-0.5,-0.1,23,10,hillier,49.0324,-125.3238,49.032,-125.324,10,,3,62,,14,,51,4,,0,XMB
GL,12,2022,6,16,25,-0.5,-0.1,23,10,hillier,49.0324,-125.3238,49.032,-125.324,10,,1,76,,11,,51,4,,0,XMB
GL,12,2022,6,16,25,-0.5,-0.1,23,10,hillier,49.0324,-125.3238,49.032,-125.324,10,,1,82,,14,,51,5,,0,XMB
GL,12,2022,6,16,25,-0.5,-0.1,23,10,hillier,49.0324,-125.3238,49.032,-125.324,10,,1,69,,13,,51,5,,0,XMB
GL,12,2022,6,16,25,-0.5,-0.1,23,10,hillier,49.0324,-125.3238,49.032,-125.324,10,,1,56,,11,,51,5,,0,XMB
GL,12,2022,6,16,25,-0.5,-0.1,23,10,hillier,49.0324,-125.3238,49.032,-125.324,10,,1,77,,11,,51,5,,0,XMB
GL,12,2022,6,16,25,-0.5,-0.1,23,10,hillier,49.0324,-125.3238,49.032,-125.324,10,,3,46,,12,,51,5,,0,XMB
GL,12,2022,6,16,25,-0.5,-0.1,23,10,hillier,49.0324,-125.3238,49.032,-125.324,10,,1,65,,13,,51,5,,0,XMB
GL,12,2022,6,16,25,-0.5,-0.1,23,10,hillier,49.0324,-125.3238,49.032,-125.324,10,,3,62,,14,,51,5,,0,XMB
GL,12,2022,6,16,25,-0.5,-0.1,23,10,hillier,49.0324,-125.3238,49.032,-125.324,10,,3,43,,12,,51,5,,0,XMB
GL,12,2022,6,16,25,-0.5,-0.1,23,10,hillier,49.0324,-125.3238,49.032,-125.324,10,,1,47,,11,,51,5,,0,XMB
GL,12,2022,6,16,25,-0.5,-0.1,23,10,hillier,49.0324,-125.3238,49.032,-125.324,10,,1,73,,11,,51,5,,0,XMB
GL,12,2022,6,16,25,-0.5,-0.1,23,10,hillier,49.0324,-125.3238,49.032,-125.324,10,,1,36,,12,,51,5,,0,XMB
GL,12,2022,6,16,25,-0.5,-0.1,23,10,hillier,49.0324,-125.3238,49.032,-125.324,10,,3,45,,12,,51,5,,0,XMB
GL,12,2022,6,16,25,-0.5,-0.1,23,10,hillier,49.0324,-125.3238,49.032,-125.324,10,,3,43,,12,,51,5,,0,XMB
GL,12,2022,6,16,25,-0.5,-0.1,23,10,hillier,49.0324,-125.3238,49.032,-125.324,10,,1,65,,11,,51,5,,0,XMB
GL,12,2022,6,16,25,-0.5,-0.1,23,10,hillier,49.0324,-125.3238,49.032,-125.324,10,,1,76,,,,51,5,,0,XKE
GL,12,2022,6,16,25,-0.5,-0.1,23,10,hillier,49.0324,-125.3238,49.032,-125.324,10,,1,44,,12,,51,6,,0,XMB
GL,12,2022,6,16,25,-0.5,-0.1,23,10,hillier,49.0324,-125.3238,49.032,-125.324,10,,1,42,,12,,51,6,,0,XMB
GL,12,2022,6,16,25,-0.5,-0.1,23,10,hillier,49.0324,-125.3238,49.032,-125.324,10,,1,146,,,,51,6,,0,XLA
GL,12,2022,6,16,25,-0.5,-0.1,23,10,hillier,49.0324,-125.3238,49.032,-125.324,10,,1,151,,,,51,6,,0,XLA
GL,12,2022,6,16,25,-0.5,-0.1,23,10,hillier,49.0324,-125.3238,49.032,-125.324,10,,1,50,,11,,51,1,,0,XMB
GL,12,2022,6,16,25,-0.5,-0.1,23,10,hillier,49.0324,-125.3238,49.032,-125.324,10,,1,75,,11,,51,1,,0,XMB
GL,12,2022,6,16,25,-0.5,-0.1,23,10,hillier,49.0324,-125.3238,49.032,-125.324,10,,1,70,,14,,51,1,,0,XMB
GL,12,2022,6,16,25,-0.5,-0.1,23,10,hillier,49.0324,-125.3238,49.032,-125.324,10,,1,64,,11,,51,1,,0,XMB
GL,12,2022,6,16,25,-0.5,-0.1,23,10,hillier,49.0324,-125.3238,49.032,-125.324,10,,1,67,,13,,51,1,,0,XMB
GL,12,2022,6,16,25,-0.5,-0.1,23,10,hillier,49.0324,-125.3238,49.032,-125.324,10,,3,40,,12,,51,1,,0,XMB
GL,12,2022,6,16,25,-0.5,-0.1,23,10,hillier,49.0324,-125.3238,49.032,-125.324,10,,3,38,,14,,51,1,,0,XMB
GL,12,2022,6,16,25,-0.5,-0.1,23,10,hillier,49.0324,-125.3238,49.032,-125.324,10,,3,44,,11,,51,2,,0,XMB
GL,12,2022,6,16,25,-0.5,-0.1,23,10,hillier,49.0324,-125.3238,49.032,-125.324,10,,1,37,,11,,51,2,,0,XMB
GL,12,2022,6,16,25,-0.5,-0.1,23,10,hillier,49.0324,-125.3238,49.032,-125.324,10,,1,58,,11,,51,3,,0,XMB
GL,12,2022,6,16,25,-0.5,-0.1,23,10,hillier,49.0324,-125.3238,49.032,-125.324,10,,1,78,,11,,51,3,,0,XMB
GL,12,2022,6,16,25,-0.5,-0.1,23,10,hillier,49.0324,-125.3238,49.032,-125.324,10,,1,77,,14,,51,3,,0,XMB
GL,12,2022,6,16,25,-0.5,-0.1,23,10,hillier,49.0324,-125.3238,49.032,-125.324,10,,1,64,,11,,51,3,,0,XMB
GL,12,2022,6,16,25,-0.5,-0.1,23,10,hillier,49.0324,-125.3238,49.032,-125.324,10,,3,47,,14,,51,3,,0,XMB
GL,12,2022,6,16,25,-0.5,-0.1,23,10,hillier,49.0324,-125.3238,49.032,-125.324,10,,1,82,,11,,51,3,,0,XMB
GL,12,2022,6,16,25,-0.5,-0.1,23,10,hillier,49.0324,-125.3238,49.032,-125.324,10,,3,58,,14,,51,3,,0,XMB
GL,12,2022,6,16,25,-0.5,-0.1,23,10,hillier,49.0324,-125.3238,49.032,-125.324,10,,1,62,,11,,51,3,,0,XMB
GL,13,2022,6,16,24,-0.7,2.6,23,9,mayne,48.9747,-125.2899,48.97495,-125.2904,10,,3,110,,,,51,1,,0,XLA
GL,13,2022,6,16,24,-0.7,2.6,23,9,mayne,48.9747,-125.2899,48.97495,-125.2904,10,,1,89,,,,51,1,,0,XLA
GL,13,2022,6,16,24,-0.7,2.6,23,9,mayne,48.9747,-125.2899,48.97495,-125.2904,10,,3,121,,,,51,1,,0,XLA
GL,13,2022,6,16,24,-0.7,2.6,23,9,mayne,48.9747,-125.2899,48.97495,-125.2904,10,,1,142,,,,51,1,,0,XLA
GL,13,2022,6,16,24,-0.7,2.6,23,9,mayne,48.9747,-125.2899,48.97495,-125.2904,10,,3,118,,,,51,1,,0,XLA
GL,13,2022,6,16,24,-0.7,2.6,23,9,mayne,48.9747,-125.2899,48.97495,-125.2904,10,,1,135,,,,51,2,,0,XLA
GL,13,2022,6,16,24,-0.7,2.6,23,9,mayne,48.9747,-125.2899,48.97495,-125.2904,10,,1,135,,,,51,2,,0,XLA
GL,13,2022,6,16,24,-0.7,2.6,23,9,mayne,48.9747,-125.2899,48.97495,-125.2904,10,,1,105,,,,51,2,,0,XLA
GL,13,2022,6,16,24,-0.7,2.6,23,9,mayne,48.9747,-125.2899,48.97495,-125.2904,10,,3,112,,,,51,2,,0,XLA
GL,13,2022,6,16,24,-0.7,2.6,23,9,mayne,48.9747,-125.2899,48.97495,-125.2904,10,,1,125,,,,51,2,,0,XLA
GL,13,2022,6,16,24,-0.7,2.6,23,9,mayne,48.9747,-125.2899,48.97495,-125.2904,10,,1,146,,,,51,3,,0,XLA
GL,13,2022,6,16,24,-0.7,2.6,23,9,mayne,48.9747,-125.2899,48.97495,-125.2904,10,,3,120,,,,51,3,,0,XLA
GL,13,2022,6,16,24,-0.7,2.6,23,9,mayne,48.9747,-125.2899,48.97495,-125.2904,10,,1,138,,,,51,3,,0,XLA
GL,13,2022,6,16,24,-0.7,2.6,23,9,mayne,48.9747,-125.2899,48.97495,-125.2904,10,,1,149,,,,51,3,,0,XLA
GL,13,2022,6,16,24,-0.7,2.6,23,9,mayne,48.9747,-125.2899,48.97495,-125.2904,10,,1,120,,,,51,3,,0,XLA
GL,13,2022,6,16,24,-0.7,2.6,23,9,mayne,48.9747,-125.2899,48.97495,-125.2904,10,,3,92,,,,51,3,,0,XLA
GL,13,2022,6,16,24,-0.7,2.6,23,9,mayne,48.9747,-125.2899,48.97495,-125.2904,10,,3,105,,,,51,3,,0,XLA
GL,13,2022,6,16,24,-0.7,2.6,23,9,mayne,48.9747,-125.2899,48.97495,-125.2904,10,,1,150,,,,51,3,,0,XLA
GL,13,2022,6,16,24,-0.7,2.6,23,9,mayne,48.9747,-125.2899,48.97495,-125.2904,10,,3,112,,,,51,4,,0,XLA
GL,13,2022,6,16,24,-0.7,2.6,23,9,mayne,48.9747,-125.2899,48.97495,-125.2904,10,,3,121,,,,51,4,,0,XLA
GL,13,2022,6,16,24,-0.7,2.6,23,9,mayne,48.9747,-125.2899,48.97495,-125.2904,10,,3,110,,,,51,4,,0,XLA
GL,13,2022,6,16,24,-0.7,2.6,23,9,mayne,48.9747,-125.2899,48.97495,-125.2904,10,,1,111,,,,51,5,,0,XLA
GL,13,2022,6,16,24,-0.7,2.6,23,9,mayne,48.9747,-125.2899,48.97495,-125.2904,10,,1,150,,,,51,5,,0,XLA
GL,13,2022,6,16,24,-0.7,2.6,23,9,mayne,48.9747,-125.2899,48.97495,-125.2904,10,,1,150,,,,51,5,,0,XLA
GL,13,2022,6,16,24,-0.7,2.6,23,9,mayne,48.9747,-125.2899,48.97495,-125.2904,10,,3,119,,,,51,5,,0,XLA
GL,13,2022,6,16,24,-0.7,2.6,23,9,mayne,48.9747,-125.2899,48.97495,-125.2904,10,,1,147,,,,51,5,,0,XLA
GL,13,2022,6,16,24,-0.7,2.6,23,9,mayne,48.9747,-125.2899,48.97495,-125.2904,10,,1,140,,,,51,5,,0,XLA
GL,13,2022,6,16,24,-0.7,2.6,23,9,mayne,48.9747,-125.2899,48.97495,-125.2904,10,,3,119,,,,51,5,,0,XLA
GL,13,2022,6,16,24,-0.7,2.6,23,9,mayne,48.9747,-125.2899,48.97495,-125.2904,10,,3,113,,,,51,5,,0,XLA
GL,13,2022,6,16,24,-0.7,2.6,23,9,mayne,48.9747,-125.2899,48.97495,-125.2904,10,,3,114,,,,51,5,,0,XLA
GL,13,2022,6,16,24,-0.7,2.6,23,9,mayne,48.9747,-125.2899,48.97495,-125.2904,10,,1,157,,,,51,5,,0,XLA
GL,13,2022,6,16,24,-0.7,2.6,23,9,mayne,48.9747,-125.2899,48.97495,-125.2904,10,,3,116,,,,51,5,,0,XLA
GL,13,2022,6,16,24,-0.7,2.6,23,9,mayne,48.9747,-125.2899,48.97495,-125.2904,10,,1,137,,,,51,5,,0,XLA
GL,13,2022,6,16,24,-0.7,2.6,23,9,mayne,48.9747,-125.2899,48.97495,-125.2904,10,,,,,,,51,6,,15,848
GL,14,2022,6,16,24,-0.6,2.8,23,9,mayne,48.9752,-125.2893,48.9754,-125.2899,10,,1,142,,,,51,6,,0,XLA
GL,14,2022,6,16,24,-0.6,2.8,23,9,mayne,48.9752,-125.2893,48.9754,-125.2899,10,,1,138,,,,51,6,,0,XLA
GL,14,2022,6,16,24,-0.6,2.8,23,9,mayne,48.9752,-125.2893,48.9754,-125.2899,10,,1,126,,,,51,6,,0,XLA
GL,14,2022,6,16,24,-0.6,2.8,23,9,mayne,48.9752,-125.2893,48.9754,-125.2899,10,,3,119,,,,51,6,,0,XLA
GL,14,2022,6,16,24,-0.6,2.8,23,9,mayne,48.9752,-125.2893,48.9754,-125.2899,10,,3,127,,,,51,6,,0,XLA
GL,14,2022,6,16,24,-0.6,2.8,23,9,mayne,48.9752,-125.2893,48.9754,-125.2899,10,,3,114,,,,51,6,,0,XLA
GL,14,2022,6,16,24,-0.6,2.8,23,9,mayne,48.9752,-125.2893,48.9754,-125.2899,10,,3,112,,,,51,6,,0,XLA
GL,14,2022,6,16,24,-0.6,2.8,23,9,mayne,48.9752,-125.2893,48.9754,-125.2899,10,,1,86,,,,51,6,,0,XLA
GL,14,2022,6,16,24,-0.6,2.8,23,9,mayne,48.9752,-125.2893,48.9754,-125.2899,10,,1,145,,,,51,5,,0,XLA
GL,14,2022,6,16,24,-0.6,2.8,23,9,mayne,48.9752,-125.2893,48.9754,-125.2899,10,,1,156,,,,51,5,,0,XLA
GL,14,2022,6,16,24,-0.6,2.8,23,9,mayne,48.9752,-125.2893,48.9754,-125.2899,10,,1,148,,,,51,5,,0,XLA
GL,14,2022,6,16,24,-0.6,2.8,23,9,mayne,48.9752,-125.2893,48.9754,-125.2899,10,,1,190,,,,51,4,,0,XLA
GL,14,2022,6,16,24,-0.6,2.8,23,9,mayne,48.9752,-125.2893,48.9754,-125.2899,10,,1,133,,,,51,4,,0,XLA
GL,14,2022,6,16,24,-0.6,2.8,23,9,mayne,48.9752,-125.2893,48.9754,-125.2899,10,,1,152,,,,51,3,,0,XLA
GL,14,2022,6,16,24,-0.6,2.8,23,9,mayne,48.9752,-125.2893,48.9754,-125.2899,10,,1,147,,,,51,3,,0,XLA
GL,14,2022,6,16,24,-0.6,2.8,23,9,mayne,48.9752,-125.2893,48.9754,-125.2899,10,,1,137,,,,51,3,,0,XLA
GL,14,2022,6,16,24,-0.6,2.8,23,9,mayne,48.9752,-125.2893,48.9754,-125.2899,10,,1,112,,,,51,2,,0,XLA
GL,14,2022,6,16,24,-0.6,2.8,23,9,mayne,48.9752,-125.2893,48.9754,-125.2899,10,,3,112,,,,51,2,,0,XLA
GL,14,2022,6,16,24,-0.6,2.8,23,9,mayne,48.9752,-125.2893,48.9754,-125.2899,10,,1,103,,,,51,2,,0,XLA
GL,14,2022,6,16,24,-0.6,2.8,23,9,mayne,48.9752,-125.2893,48.9754,-125.2899,10,,3,116,,,,51,1,,0,XLA
GL,14,2022,6,16,24,-0.6,2.8,23,9,mayne,48.9752,-125.2893,48.9754,-125.2899,10,,1,135,,,,51,1,,0,XLA
GL,15,2022,6,16,24,-0.4,4.9,23,9,mayne,48.97482,-125.2908,48.97522,-125.2906,10,,3,105,,,,51,1,,0,XLA
GL,15,2022,6,16,24,-0.4,4.9,23,9,mayne,48.97482,-125.2908,48.97522,-125.2906,10,,1,147,,,,51,1,,0,XLA
GL,15,2022,6,16,24,-0.4,4.9,23,9,mayne,48.97482,-125.2908,48.97522,-125.2906,10,,3,125,,,,51,1,,0,XLA
GL,15,2022,6,16,24,-0.4,4.9,23,9,mayne,48.97482,-125.2908,48.97522,-125.2906,10,,3,114,,,,51,1,,0,XLA
GL,15,2022,6,16,24,-0.4,4.9,23,9,mayne,48.97482,-125.2908,48.97522,-125.2906,10,,3,95,,,,51,1,,0,XLA
GL,15,2022,6,16,24,-0.4,4.9,23,9,mayne,48.97482,-125.2908,48.97522,-125.2906,10,,1,134,,,,51,1,,0,XLA
GL,15,2022,6,16,24,-0.4,4.9,23,9,mayne,48.97482,-125.2908,48.97522,-125.2906,10,,1,102,,,,51,1,,0,XLA
GL,15,2022,6,16,24,-0.4,4.9,23,9,mayne,48.97482,-125.2908,48.97522,-125.2906,10,,3,123,,,,51,2,,0,XLA
GL,15,2022,6,16,24,-0.4,4.9,23,9,mayne,48.97482,-125.2908,48.97522,-125.2906,10,,1,114,,,,51,2,,0,XLA
GL,15,2022,6,16,24,-0.4,4.9,23,9,mayne,48.97482,-125.2908,48.97522,-125.2906,10,,3,88,,,,51,2,,0,XLA
GL,15,2022,6,16,24,-0.4,4.9,23,9,mayne,48.97482,-125.2908,48.97522,-125.2906,10,,1,115,,,,51,2,,0,XLA
GL,15,2022,6,16,24,-0.4,4.9,23,9,mayne,48.97482,-125.2908,48.97522,-125.2906,10,,3,119,,,,51,2,,0,XLA
GL,15,2022,6,16,24,-0.4,4.9,23,9,mayne,48.97482,-125.2908,48.97522,-125.2906,10,,3,115,,,,51,2,,0,XLA
GL,15,2022,6,16,24,-0.4,4.9,23,9,mayne,48.97482,-125.2908,48.97522,-125.2906,10,,3,112,,,,51,2,,0,XLA
GL,15,2022,6,16,24,-0.4,4.9,23,9,mayne,48.97482,-125.2908,48.97522,-125.2906,10,,3,97,,,,51,2,,0,XLA
GL,15,2022,6,16,24,-0.4,4.9,23,9,mayne,48.97482,-125.2908,48.97522,-125.2906,10,,3,93,,,,51,2,,0,XLA
GL,15,2022,6,16,24,-0.4,4.9,23,9,mayne,48.97482,-125.2908,48.97522,-125.2906,10,,3,110,,,,51,2,,0,XLA
GL,15,2022,6,16,24,-0.4,4.9,23,9,mayne,48.97482,-125.2908,48.97522,-125.2906,10,,3,108,,,,51,2,,0,XLA
GL,15,2022,6,16,24,-0.4,4.9,23,9,mayne,48.97482,-125.2908,48.97522,-125.2906,10,,1,141,,,,51,2,,0,XLA
GL,15,2022,6,16,24,-0.4,4.9,23,9,mayne,48.97482,-125.2908,48.97522,-125.2906,10,,3,121,,,,51,3,,0,XLA
GL,15,2022,6,16,24,-0.4,4.9,23,9,mayne,48.97482,-125.2908,48.97522,-125.2906,10,,1,84,,,,51,3,,0,XKE
GL,15,2022,6,16,24,-0.4,4.9,23,9,mayne,48.97482,-125.2908,48.97522,-125.2906,10,,1,100,,,,51,4,,0,XKE
GL,15,2022,6,16,24,-0.4,4.9,23,9,mayne,48.97482,-125.2908,48.97522,-125.2906,10,,1,56,,,,51,4,,0,XKE
GL,15,2022,6,16,24,-0.4,4.9,23,9,mayne,48.97482,-125.2908,48.97522,-125.2906,10,,1,140,,,,51,5,,0,XLA
GL,15,2022,6,16,24,-0.4,4.9,23,9,mayne,48.97482,-125.2908,48.97522,-125.2906,10,,1,105,,,,51,5,,0,XLA
GL,15,2022,6,16,24,-0.4,4.9,23,9,mayne,48.97482,-125.2908,48.97522,-125.2906,10,,1,136,,,,51,5,,0,XLA
GL,15,2022,6,16,24,-0.4,4.9,23,9,mayne,48.97482,-125.2908,48.97522,-125.2906,10,,1,96,,,,51,5,,0,XKE
GL,15,2022,6,16,24,-0.4,4.9,23,9,mayne,48.97482,-125.2908,48.97522,-125.2906,10,,1,105,,,,51,5,,0,XKE
GL,15,2022,6,16,24,-0.4,4.9,23,9,mayne,48.97482,-125.2908,48.97522,-125.2906,10,,1,97,,,,51,5,,0,XKE
GL,15,2022,6,16,24,-0.4,4.9,23,9,mayne,48.97482,-125.2908,48.97522,-125.2906,10,,1,135,,,,51,6,,0,XLA
GL,15,2022,6,16,24,-0.4,4.9,23,9,mayne,48.97482,-125.2908,48.97522,-125.2906,10,,1,133,,,,51,6,,0,XLA
GL,15,2022,6,16,24,-0.4,4.9,23,9,mayne,48.97482,-125.2908,48.97522,-125.2906,10,,1,144,,,,51,6,,0,XLA
GL,15,2022,6,16,24,-0.4,4.9,23,9,mayne,48.97482,-125.2908,48.97522,-125.2906,10,,1,88,,,,51,6,,0,XKE
GL,15,2022,6,16,24,-0.4,4.9,23,9,mayne,48.97482,-125.2908,48.97522,-125.2906,10,,1,102,,,,51,6,,0,XKE
GL,15,2022,6,16,24,-0.4,4.9,23,9,mayne,48.97482,-125.2908,48.97522,-125.2906,10,,1,90,,,,51,6,,0,XKE
GL,15,2022,6,16,24,-0.4,4.9,23,9,mayne,48.97482,-125.2908,48.97522,-125.2906,10,,1,89,,,,51,6,,0,XKE
GL,15,2022,6,16,24,-0.4,4.9,23,9,mayne,48.97482,-125.2908,48.97522,-125.2906,10,,1,90,,,,51,6,,0,XKE
GL,16,2022,6,17,23,-1.2,-0.9,23,10,secret,49.00315,-125.3692,49.00298,-125.3686,10,,1,45,,11,,51,1,,0,XMB
GL,16,2022,6,17,23,-1.2,-0.9,23,10,secret,49.00315,-125.3692,49.00298,-125.3686,10,,1,54,,11,,51,1,,0,XMB
GL,16,2022,6,17,23,-1.2,-0.9,23,10,secret,49.00315,-125.3692,49.00298,-125.3686,10,,1,44,,12,,51,1,,0,XMB
GL,16,2022,6,17,23,-1.2,-0.9,23,10,secret,49.00315,-125.3692,49.00298,-125.3686,10,,1,42,,12,,51,1,,0,XMB
GL,16,2022,6,17,23,-1.2,-0.9,23,10,secret,49.00315,-125.3692,49.00298,-125.3686,10,,3,48,,14,,51,1,,0,XMB
GL,16,2022,6,17,23,-1.2,-0.9,23,10,secret,49.00315,-125.3692,49.00298,-125.3686,10,,1,55,,11,,51,1,,0,XMB
GL,16,2022,6,17,23,-1.2,-0.9,23,10,secret,49.00315,-125.3692,49.00298,-125.3686,10,,3,49,,14,,51,2,,0,XMB
GL,16,2022,6,17,23,-1.2,-0.9,23,10,secret,49.00315,-125.3692,49.00298,-125.3686,10,,1,46,,11,,51,2,,0,XMB
GL,16,2022,6,17,23,-1.2,-0.9,23,10,secret,49.00315,-125.3692,49.00298,-125.3686,10,,1,47,,11,,51,2,,0,XMB
GL,16,2022,6,17,23,-1.2,-0.9,23,10,secret,49.00315,-125.3692,49.00298,-125.3686,10,,3,16,,,,51,2,,0,XLA
GL,16,2022,6,17,23,-1.2,-0.9,23,10,secret,49.00315,-125.3692,49.00298,-125.3686,10,,1,70,,11,,51,3,,0,XMB
GL,16,2022,6,17,23,-1.2,-0.9,23,10,secret,49.00315,-125.3692,49.00298,-125.3686,10,,3,49,,11,,51,3,,0,XMB
GL,16,2022,6,17,23,-1.2,-0.9,23,10,secret,49.00315,-125.3692,49.00298,-125.3686,10,,3,65,,14,,51,4,,0,XMB
GL,16,2022,6,17,23,-1.2,-0.9,23,10,secret,49.00315,-125.3692,49.00298,-125.3686,10,,1,71,,11,,51,4,,0,XMB
GL,16,2022,6,17,23,-1.2,-0.9,23,10,secret,49.00315,-125.3692,49.00298,-125.3686,10,,3,62,,12,,51,4,,0,XMB
GL,16,2022,6,17,23,-1.2,-0.9,23,10,secret,49.00315,-125.3692,49.00298,-125.3686,10,,1,59,,11,,51,5,,0,XMB
GL,16,2022,6,17,23,-1.2,-0.9,23,10,secret,49.00315,-125.3692,49.00298,-125.3686,10,,1,70,,,,51,6,,0,XLA
GL,17,2022,6,17,23,-1.4,-1.3,23,10,secret,49.00292,-125.3695,49.00267,-125.369,10,,1,46,,11,,51,1,,0,XMB
GL,17,2022,6,17,23,-1.4,-1.3,23,10,secret,49.00292,-125.3695,49.00267,-125.369,10,,1,63,,11,,51,1,,0,XMB
GL,17,2022,6,17,23,-1.4,-1.3,23,10,secret,49.00292,-125.3695,49.00267,-125.369,10,,1,76,,11,,51,1,,0,XMB
GL,17,2022,6,17,23,-1.4,-1.3,23,10,secret,49.00292,-125.3695,49.00267,-125.369,10,,1,82,,11,,51,1,,0,XMB
GL,17,2022,6,17,23,-1.4,-1.3,23,10,secret,49.00292,-125.3695,49.00267,-125.369,10,,1,83,,11,,51,1,,0,XMB
GL,17,2022,6,17,23,-1.4,-1.3,23,10,secret,49.00292,-125.3695,49.00267,-125.369,10,,1,75,,11,,51,1,,0,XMB
GL,17,2022,6,17,23,-1.4,-1.3,23,10,secret,49.00292,-125.3695,49.00267,-125.369,10,,1,62,,11,,51,1,,0,XMB
GL,17,2022,6,17,23,-1.4,-1.3,23,10,secret,49.00292,-125.3695,49.00267,-125.369,10,,3,68,,14,,51,1,,0,XMB
GL,17,2022,6,17,23,-1.4,-1.3,23,10,secret,49.00292,-125.3695,49.00267,-125.369,10,,3,45,,12,,51,1,,0,XMB
GL,17,2022,6,17,23,-1.4,-1.3,23,10,secret,49.00292,-125.3695,49.00267,-125.369,10,,3,45,,12,,51,1,,0,XMB
GL,17,2022,6,17,23,-1.4,-1.3,23,10,secret,49.00292,-125.3695,49.00267,-125.369,10,,1,44,,11,,51,1,,0,XMB
GL,17,2022,6,17,23,-1.4,-1.3,23,10,secret,49.00292,-125.3695,49.00267,-125.369,10,,1,41,,12,,51,1,,0,XMB
GL,17,2022,6,17,23,-1.4,-1.3,23,10,secret,49.00292,-125.3695,49.00267,-125.369,10,,3,40,,11,,51,1,,0,XMB
GL,17,2022,6,17,23,-1.4,-1.3,23,10,secret,49.00292,-125.3695,49.00267,-125.369,10,,1,53,,11,,51,2,,0,XMB
GL,17,2022,6,17,23,-1.4,-1.3,23,10,secret,49.00292,-125.3695,49.00267,-125.369,10,,1,50,,11,,51,3,,0,XMB
GL,17,2022,6,17,23,-1.4,-1.3,23,10,secret,49.00292,-125.3695,49.00267,-125.369,10,,3,69,,14,,51,3,,0,XMB
GL,17,2022,6,17,23,-1.4,-1.3,23,10,secret,49.00292,-125.3695,49.00267,-125.369,10,,1,67,,11,,51,3,,0,XMB
GL,17,2022,6,17,23,-1.4,-1.3,23,10,secret,49.00292,-125.3695,49.00267,-125.369,10,,1,62,,11,,51,3,,0,XMB
GL,17,2022,6,17,23,-1.4,-1.3,23,10,secret,49.00292,-125.3695,49.00267,-125.369,10,,1,51,,11,,51,3,,0,XMB
GL,17,2022,6,17,23,-1.4,-1.3,23,10,secret,49.00292,-125.3695,49.00267,-125.369,10,,1,44,,12,,51,3,,0,XMB
GL,17,2022,6,17,23,-1.4,-1.3,23,10,secret,49.00292,-125.3695,49.00267,-125.369,10,,1,49,,11,,51,3,,0,XMB
GL,17,2022,6,17,23,-1.4,-1.3,23,10,secret,49.00292,-125.3695,49.00267,-125.369,10,,1,53,,11,,51,3,,0,XMB
GL,17,2022,6,17,23,-1.4,-1.3,23,10,secret,49.00292,-125.3695,49.00267,-125.369,10,,3,52,,11,,51,3,,0,XMB
GL,17,2022,6,17,23,-1.4,-1.3,23,10,secret,49.00292,-125.3695,49.00267,-125.369,10,,3,41,,12,,51,3,,0,XMB
GL,17,2022,6,17,23,-1.4,-1.3,23,10,secret,49.00292,-125.3695,49.00267,-125.369,10,,3,43,,11,,51,3,,0,XMB
GL,17,2022,6,17,23,-1.4,-1.3,23,10,secret,49.00292,-125.3695,49.00267,-125.369,10,,3,40,,12,,51,3,,0,XMB
GL,17,2022,6,17,23,-1.4,-1.3,23,10,secret,49.00292,-125.3695,49.00267,-125.369,10,,1,75,,11,,51,4,,0,XMB
GL,17,2022,6,17,23,-1.4,-1.3,23,10,secret,49.00292,-125.3695,49.00267,-125.369,10,,3,63,,14,3,51,4,,0,XMB
GL,17,2022,6,17,23,-1.4,-1.3,23,10,secret,49.00292,-125.3695,49.00267,-125.369,10,,1,51,,11,,51,4,,0,XMB
GL,17,2022,6,17,23,-1.4,-1.3,23,10,secret,49.00292,-125.3695,49.00267,-125.369,10,,1,48,,10,,51,4,,0,XMB
GL,17,2022,6,17,23,-1.4,-1.3,23,10,secret,49.00292,-125.3695,49.00267,-125.369,10,,1,77,,11,,51,5,,0,XMB
GL,17,2022,6,17,23,-1.4,-1.3,23,10,secret,49.00292,-125.3695,49.00267,-125.369,10,,1,50,,11,,51,5,,0,XMB
GL,17,2022,6,17,23,-1.4,-1.3,23,10,secret,49.00292,-125.3695,49.00267,-125.369,10,,1,46,,11,,51,5,,0,XMB
GL,17,2022,6,17,23,-1.4,-1.3,23,10,secret,49.00292,-125.3695,49.00267,-125.369,10,,3,40,,12,,51,5,,0,XMB
GL,17,2022,6,17,23,-1.4,-1.3,23,10,secret,49.00292,-125.3695,49.00267,-125.369,10,,3,41,,11,,51,5,,0,XMB
GL,17,2022,6,17,23,-1.4,-1.3,23,10,secret,49.00292,-125.3695,49.00267,-125.369,10,,3,63,,14,,51,6,,0,XMB
GL,18,2022,6,17,23,-1.6,-1.5,23,10,secret,49.00218,-125.3693,49.00193,-125.3688,10,,1,82,,,,51,1,,0,XKG
GL,18,2022,6,17,23,-1.6,-1.5,23,10,secret,49.00218,-125.3693,49.00193,-125.3688,10,,,36,,,,51,1,,0,XMB
GL,18,2022,6,17,23,-1.6,-1.5,23,10,secret,49.00218,-125.3693,49.00193,-125.3688,10,,3,53,,14,,51,2,,0,XMB
GL,18,2022,6,17,23,-1.6,-1.5,23,10,secret,49.00218,-125.3693,49.00193,-125.3688,10,,1,40,,11,,51,2,,0,XMB
GL,18,2022,6,17,23,-1.6,-1.5,23,10,secret,49.00218,-125.3693,49.00193,-125.3688,10,,1,44,,11,,51,3,,0,XMB
GL,18,2022,6,17,23,-1.6,-1.5,23,10,secret,49.00218,-125.3693,49.00193,-125.3688,10,,3,34,,11,,51,3,,0,XMB
GL,18,2022,6,17,23,-1.6,-1.5,23,10,secret,49.00218,-125.3693,49.00193,-125.3688,10,,1,46,,11,,51,4,,0,XMB
GL,18,2022,6,17,23,-1.6,-1.5,23,10,secret,49.00218,-125.3693,49.00193,-125.3688,10,,3,107,,,,51,4,,0,XLA
GL,18,2022,6,17,23,-1.6,-1.5,23,10,secret,49.00218,-125.3693,49.00193,-125.3688,10,,3,96,,,,51,4,,0,XLA
GL,18,2022,6,17,23,-1.6,-1.5,23,10,secret,49.00218,-125.3693,49.00193,-125.3688,10,,1,141,,,,51,5,,0,XLA
GL,18,2022,6,17,23,-1.6,-1.5,23,10,secret,49.00218,-125.3693,49.00193,-125.3688,10,,3,107,,,,51,5,,0,XKG
GL,18,2022,6,17,23,-1.6,-1.5,23,10,secret,49.00218,-125.3693,49.00193,-125.3688,10,,1,43,,11,,51,6,,0,XMB
GL,18,2022,6,17,23,-1.6,-1.5,23,10,secret,49.00218,-125.3693,49.00193,-125.3688,10,,3,47,,12,,51,6,,0,XMB
GL,18,2022,6,17,23,-1.6,-1.5,23,10,secret,49.00218,-125.3693,49.00193,-125.3688,10,,1,50,,11,,51,6,,0,XMB
GL,18,2022,6,17,23,-1.6,-1.5,23,10,secret,49.00218,-125.3693,49.00193,-125.3688,10,,3,35,,11,,51,6,,0,XMB
GL,18,2022,6,17,23,-1.6,-1.5,23,10,secret,49.00218,-125.3693,49.00193,-125.3688,10,,3,92,,,,51,6,,0,XLA
GL,19,2022,6,17,17,-1.3,3.2,23,9,cigaretteeast,49.00607,-125.2906,49.00603,-125.2912,10,walked traps off - traps 5&6 still under water,1,69,,11,,51,1,,0,XMB
GL,19,2022,6,17,17,-1.3,3.2,23,9,cigaretteeast,49.00607,-125.2906,49.00603,-125.2912,10,walked traps off - traps 5&6 still under water,3,52,,12,,51,1,,0,XMB
GL,19,2022,6,17,17,-1.3,3.2,23,9,cigaretteeast,49.00607,-125.2906,49.00603,-125.2912,10,walked traps off - traps 5&6 still under water,3,46,,13,,51,1,,0,XMB
GL,19,2022,6,17,17,-1.3,3.2,23,9,cigaretteeast,49.00607,-125.2906,49.00603,-125.2912,10,walked traps off - traps 5&6 still under water,1,76,,11,,51,1,,0,XMB
GL,19,2022,6,17,17,-1.3,3.2,23,9,cigaretteeast,49.00607,-125.2906,49.00603,-125.2912,10,walked traps off - traps 5&6 still under water,1,56,,11,,51,1,,0,XMB
GL,19,2022,6,17,17,-1.3,3.2,23,9,cigaretteeast,49.00607,-125.2906,49.00603,-125.2912,10,walked traps off - traps 5&6 still under water,1,57,,14,,51,1,,0,XMB
GL,19,2022,6,17,17,-1.3,3.2,23,9,cigaretteeast,49.00607,-125.2906,49.00603,-125.2912,10,walked traps off - traps 5&6 still under water,3,53,,14,,51,1,,0,XMB
GL,19,2022,6,17,17,-1.3,3.2,23,9,cigaretteeast,49.00607,-125.2906,49.00603,-125.2912,10,walked traps off - traps 5&6 still under water,1,73,,11,,51,2,,0,XMB
GL,19,2022,6,17,17,-1.3,3.2,23,9,cigaretteeast,49.00607,-125.2906,49.00603,-125.2912,10,walked traps off - traps 5&6 still under water,1,78,,11,,51,2,,0,XMB
GL,19,2022,6,17,17,-1.3,3.2,23,9,cigaretteeast,49.00607,-125.2906,49.00603,-125.2912,10,walked traps off - traps 5&6 still under water,1,79,,11,,51,2,,0,XMB
GL,19,2022,6,17,17,-1.3,3.2,23,9,cigaretteeast,49.00607,-125.2906,49.00603,-125.2912,10,walked traps off - traps 5&6 still under water,1,74,,11,,51,2,,0,XMB
GL,19,2022,6,17,17,-1.3,3.2,23,9,cigaretteeast,49.00607,-125.2906,49.00603,-125.2912,10,walked traps off - traps 5&6 still under water,1,76,,11,,51,2,,0,XMB
GL,19,2022,6,17,17,-1.3,3.2,23,9,cigaretteeast,49.00607,-125.2906,49.00603,-125.2912,10,walked traps off - traps 5&6 still under water,1,71,,11,,51,2,,0,XMB
GL,19,2022,6,17,17,-1.3,3.2,23,9,cigaretteeast,49.00607,-125.2906,49.00603,-125.2912,10,walked traps off - traps 5&6 still under water,3,66,,12,,51,2,,0,XMB
GL,19,2022,6,17,17,-1.3,3.2,23,9,cigaretteeast,49.00607,-125.2906,49.00603,-125.2912,10,walked traps off - traps 5&6 still under water,1,66,,14,,51,3,,0,XMB
GL,19,2022,6,17,17,-1.3,3.2,23,9,cigaretteeast,49.00607,-125.2906,49.00603,-125.2912,10,walked traps off - traps 5&6 still under water,1,75,,11,,51,4,,0,XMB
GL,19,2022,6,17,17,-1.3,3.2,23,9,cigaretteeast,49.00607,-125.2906,49.00603,-125.2912,10,walked traps off - traps 5&6 still under water,3,62,,12,,51,4,,0,XMB
GL,19,2022,6,17,17,-1.3,3.2,23,9,cigaretteeast,49.00607,-125.2906,49.00603,-125.2912,10,walked traps off - traps 5&6 still under water,1,67,,14,,51,4,,0,XMB
GL,19,2022,6,17,17,-1.3,3.2,23,9,cigaretteeast,49.00607,-125.2906,49.00603,-125.2912,10,walked traps off - traps 5&6 still under water,1,160,,,,51,4,,0,XLA
GL,19,2022,6,17,17,-1.3,3.2,23,9,cigaretteeast,49.00607,-125.2906,49.00603,-125.2912,10,walked traps off - traps 5&6 still under water,1,150,,,,51,4,,0,XLA
GL,19,2022,6,17,17,-1.3,3.2,23,9,cigaretteeast,49.00607,-125.2906,49.00603,-125.2912,10,walked traps off - traps 5&6 still under water,1,147,,,,51,4,,0,XLA
GL,19,2022,6,17,17,-1.3,3.2,23,9,cigaretteeast,49.00607,-125.2906,49.00603,-125.2912,10,walked traps off - traps 5&6 still under water,3,122,,,,51,4,,0,XLA
GL,19,2022,6,17,17,-1.3,3.2,23,9,cigaretteeast,49.00607,-125.2906,49.00603,-125.2912,10,walked traps off - traps 5&6 still under water,3,112,,,,51,4,,0,XLA
GL,19,2022,6,17,17,-1.3,3.2,23,9,cigaretteeast,49.00607,-125.2906,49.00603,-125.2912,10,walked traps off - traps 5&6 still under water,1,103,,,,51,5,,0,XLA
GL,19,2022,6,17,17,-1.3,3.2,23,9,cigaretteeast,49.00607,-125.2906,49.00603,-125.2912,10,walked traps off - traps 5&6 still under water,1,88,,,,51,5,,0,XKE
GL,19,2022,6,17,17,-1.3,3.2,23,9,cigaretteeast,49.00607,-125.2906,49.00603,-125.2912,10,walked traps off - traps 5&6 still under water,3,76,,,,51,6,,0,XKE
GL,19,2022,6,17,17,-1.3,3.2,23,9,cigaretteeast,49.00607,-125.2906,49.00603,-125.2912,10,walked traps off - traps 5&6 still under water,3,69,,,,51,6,,0,XKE
GL,19,2022,6,17,17,-1.3,3.2,23,9,cigaretteeast,49.00607,-125.2906,49.00603,-125.2912,10,walked traps off - traps 5&6 still under water,1,84,,,,51,6,,0,XKE
GL,19,2022,6,17,17,-1.3,3.2,23,9,cigaretteeast,49.00607,-125.2906,49.00603,-125.2912,10,walked traps off - traps 5&6 still under water,3,63,,,,51,6,,0,XKE
GL,19,2022,6,17,17,-1.3,3.2,23,9,cigaretteeast,49.00607,-125.2906,49.00603,-125.2912,10,walked traps off - traps 5&6 still under water,3,61,,,,51,6,,0,XKE
GL,19,2022,6,17,17,-1.3,3.2,23,9,cigaretteeast,49.00607,-125.2906,49.00603,-125.2912,10,walked traps off - traps 5&6 still under water,3,77,,,,51,6,,0,XKE
GL,19,2022,6,17,17,-1.3,3.2,23,9,cigaretteeast,49.00607,-125.2906,49.00603,-125.2912,10,walked traps off - traps 5&6 still under water,1,103,,,,51,6,,0,XKE
GL,20,2022,6,17,17,-1.2,0.9,23,9,cigaretteeast,49.0065,-125.2904,49.00678,-125.2908,10,retrieved at low water - traps 5&6 still underwater,1,68,,11,,51,1,,0,XMB
GL,20,2022,6,17,17,-1.2,0.9,23,9,cigaretteeast,49.0065,-125.2904,49.00678,-125.2908,10,retrieved at low water - traps 5&6 still underwater,1,73,,11,,51,1,,0,XMB
GL,20,2022,6,17,17,-1.2,0.9,23,9,cigaretteeast,49.0065,-125.2904,49.00678,-125.2908,10,retrieved at low water - traps 5&6 still underwater,1,73,,11,,51,1,,0,XMB
GL,20,2022,6,17,17,-1.2,0.9,23,9,cigaretteeast,49.0065,-125.2904,49.00678,-125.2908,10,retrieved at low water - traps 5&6 still underwater,1,75,,11,,51,1,,0,XMB
GL,20,2022,6,17,17,-1.2,0.9,23,9,cigaretteeast,49.0065,-125.2904,49.00678,-125.2908,10,retrieved at low water - traps 5&6 still underwater,1,71,,13,,51,1,,0,XMB
GL,20,2022,6,17,17,-1.2,0.9,23,9,cigaretteeast,49.0065,-125.2904,49.00678,-125.2908,10,retrieved at low water - traps 5&6 still underwater,3,67,,14,,51,1,,0,XMB
GL,20,2022,6,17,17,-1.2,0.9,23,9,cigaretteeast,49.0065,-125.2904,49.00678,-125.2908,10,retrieved at low water - traps 5&6 still underwater,1,66,,11,,51,1,,0,XMB
GL,20,2022,6,17,17,-1.2,0.9,23,9,cigaretteeast,49.0065,-125.2904,49.00678,-125.2908,10,retrieved at low water - traps 5&6 still underwater,1,58,,11,,51,1,,0,XMB
GL,20,2022,6,17,17,-1.2,0.9,23,9,cigaretteeast,49.0065,-125.2904,49.00678,-125.2908,10,retrieved at low water - traps 5&6 still underwater,3,61,,12,,51,1,,0,XMB
GL,20,2022,6,17,17,-1.2,0.9,23,9,cigaretteeast,49.0065,-125.2904,49.00678,-125.2908,10,retrieved at low water - traps 5&6 still underwater,3,62,,14,,51,1,,0,XMB
GL,20,2022,6,17,17,-1.2,0.9,23,9,cigaretteeast,49.0065,-125.2904,49.00678,-125.2908,10,retrieved at low water - traps 5&6 still underwater,3,55,,12,,51,1,,0,XMB
GL,20,2022,6,17,17,-1.2,0.9,23,9,cigaretteeast,49.0065,-125.2904,49.00678,-125.2908,10,retrieved at low water - traps 5&6 still underwater,3,67,,14,,51,1,,0,XMB
GL,20,2022,6,17,17,-1.2,0.9,23,9,cigaretteeast,49.0065,-125.2904,49.00678,-125.2908,10,retrieved at low water - traps 5&6 still underwater,3,57,,12,,51,1,,0,XMB
GL,20,2022,6,17,17,-1.2,0.9,23,9,cigaretteeast,49.0065,-125.2904,49.00678,-125.2908,10,retrieved at low water - traps 5&6 still underwater,3,54,,12,,51,1,,0,XMB
GL,20,2022,6,17,17,-1.2,0.9,23,9,cigaretteeast,49.0065,-125.2904,49.00678,-125.2908,10,retrieved at low water - traps 5&6 still underwater,3,54,,13,,51,1,,0,XMB
GL,20,2022,6,17,17,-1.2,0.9,23,9,cigaretteeast,49.0065,-125.2904,49.00678,-125.2908,10,retrieved at low water - traps 5&6 still underwater,3,55,,12,,51,1,,0,XMB
GL,20,2022,6,17,17,-1.2,0.9,23,9,cigaretteeast,49.0065,-125.2904,49.00678,-125.2908,10,retrieved at low water - traps 5&6 still underwater,1,76,,11,,51,2,,0,XMB
GL,20,2022,6,17,17,-1.2,0.9,23,9,cigaretteeast,49.0065,-125.2904,49.00678,-125.2908,10,retrieved at low water - traps 5&6 still underwater,1,82,,11,,51,2,,0,XMB
GL,20,2022,6,17,17,-1.2,0.9,23,9,cigaretteeast,49.0065,-125.2904,49.00678,-125.2908,10,retrieved at low water - traps 5&6 still underwater,1,73,,11,,51,2,,0,XMB
GL,20,2022,6,17,17,-1.2,0.9,23,9,cigaretteeast,49.0065,-125.2904,49.00678,-125.2908,10,retrieved at low water - traps 5&6 still underwater,1,54,,11,,51,2,,0,XMB
GL,20,2022,6,17,17,-1.2,0.9,23,9,cigaretteeast,49.0065,-125.2904,49.00678,-125.2908,10,retrieved at low water - traps 5&6 still underwater,1,62,,11,,51,2,,0,XMB
GL,20,2022,6,17,17,-1.2,0.9,23,9,cigaretteeast,49.0065,-125.2904,49.00678,-125.2908,10,retrieved at low water - traps 5&6 still underwater,3,55,,13,,51,2,,0,XMB
GL,20,2022,6,17,17,-1.2,0.9,23,9,cigaretteeast,49.0065,-125.2904,49.00678,-125.2908,10,retrieved at low water - traps 5&6 still underwater,1,67,,14,,51,2,,0,XMB
GL,20,2022,6,17,17,-1.2,0.9,23,9,cigaretteeast,49.0065,-125.2904,49.00678,-125.2908,10,retrieved at low water - traps 5&6 still underwater,1,56,,11,,51,3,,0,XMB
GL,20,2022,6,17,17,-1.2,0.9,23,9,cigaretteeast,49.0065,-125.2904,49.00678,-125.2908,10,retrieved at low water - traps 5&6 still underwater,1,75,,11,,51,3,,0,XMB
GL,20,2022,6,17,17,-1.2,0.9,23,9,cigaretteeast,49.0065,-125.2904,49.00678,-125.2908,10,retrieved at low water - traps 5&6 still underwater,1,57,,11,,51,3,,0,XMB
GL,20,2022,6,17,17,-1.2,0.9,23,9,cigaretteeast,49.0065,-125.2904,49.00678,-125.2908,10,retrieved at low water - traps 5&6 still underwater,1,68,,11,,51,3,,0,XMB
GL,20,2022,6,17,17,-1.2,0.9,23,9,cigaretteeast,49.0065,-125.2904,49.00678,-125.2908,10,retrieved at low water - traps 5&6 still underwater,1,72,,11,,51,3,,0,XMB
GL,20,2022,6,17,17,-1.2,0.9,23,9,cigaretteeast,49.0065,-125.2904,49.00678,-125.2908,10,retrieved at low water - traps 5&6 still underwater,1,68,,11,,51,4,,0,XMB
GL,20,2022,6,17,17,-1.2,0.9,23,9,cigaretteeast,49.0065,-125.2904,49.00678,-125.2908,10,retrieved at low water - traps 5&6 still underwater,1,78,,13,,51,4,,0,XMB
GL,20,2022,6,17,17,-1.2,0.9,23,9,cigaretteeast,49.0065,-125.2904,49.00678,-125.2908,10,retrieved at low water - traps 5&6 still underwater,1,77,,11,,51,4,,0,XMB
GL,20,2022,6,17,17,-1.2,0.9,23,9,cigaretteeast,49.0065,-125.2904,49.00678,-125.2908,10,retrieved at low water - traps 5&6 still underwater,1,71,,11,,51,4,,0,XMB
GL,20,2022,6,17,17,-1.2,0.9,23,9,cigaretteeast,49.0065,-125.2904,49.00678,-125.2908,10,retrieved at low water - traps 5&6 still underwater,1,78,,11,,51,4,,0,XMB
GL,20,2022,6,17,17,-1.2,0.9,23,9,cigaretteeast,49.0065,-125.2904,49.00678,-125.2908,10,retrieved at low water - traps 5&6 still underwater,1,71,,11,,51,4,,0,XMB
GL,20,2022,6,17,17,-1.2,0.9,23,9,cigaretteeast,49.0065,-125.2904,49.00678,-125.2908,10,retrieved at low water - traps 5&6 still underwater,1,67,,14,,51,4,,0,XMB
GL,20,2022,6,17,17,-1.2,0.9,23,9,cigaretteeast,49.0065,-125.2904,49.00678,-125.2908,10,retrieved at low water - traps 5&6 still underwater,3,65,,12,,51,4,,0,XMB
GL,20,2022,6,17,17,-1.2,0.9,23,9,cigaretteeast,49.0065,-125.2904,49.00678,-125.2908,10,retrieved at low water - traps 5&6 still underwater,1,67,,11,,51,4,,0,XMB
GL,20,2022,6,17,17,-1.2,0.9,23,9,cigaretteeast,49.0065,-125.2904,49.00678,-125.2908,10,retrieved at low water - traps 5&6 still underwater,3,58,,12,,51,4,,0,XMB
GL,20,2022,6,17,17,-1.2,0.9,23,9,cigaretteeast,49.0065,-125.2904,49.00678,-125.2908,10,retrieved at low water - traps 5&6 still underwater,1,68,,11,,51,4,,0,XMB
GL,20,2022,6,17,17,-1.2,0.9,23,9,cigaretteeast,49.0065,-125.2904,49.00678,-125.2908,10,retrieved at low water - traps 5&6 still underwater,1,70,,14,,51,4,,0,XMB
GL,20,2022,6,17,17,-1.2,0.9,23,9,cigaretteeast,49.0065,-125.2904,49.00678,-125.2908,10,retrieved at low water - traps 5&6 still underwater,3,56,,12,,51,4,,0,XMB
GL,20,2022,6,17,17,-1.2,0.9,23,9,cigaretteeast,49.0065,-125.2904,49.00678,-125.2908,10,retrieved at low water - traps 5&6 still underwater,1,162,,,,51,5,,0,XLA
GL,20,2022,6,17,17,-1.2,0.9,23,9,cigaretteeast,49.0065,-125.2904,49.00678,-125.2908,10,retrieved at low water - traps 5&6 still underwater,1,83,,11,,51,5,,0,XMB
GL,20,2022,6,17,17,-1.2,0.9,23,9,cigaretteeast,49.0065,-125.2904,49.00678,-125.2908,10,retrieved at low water - traps 5&6 still underwater,1,73,,11,,51,5,,0,XMB
GL,20,2022,6,17,17,-1.2,0.9,23,9,cigaretteeast,49.0065,-125.2904,49.00678,-125.2908,10,retrieved at low water - traps 5&6 still underwater,1,74,,13,,51,5,,0,XMB
GL,20,2022,6,17,17,-1.2,0.9,23,9,cigaretteeast,49.0065,-125.2904,49.00678,-125.2908,10,retrieved at low water - traps 5&6 still underwater,3,65,,12,,51,5,,0,XMB
GL,20,2022,6,17,17,-1.2,0.9,23,9,cigaretteeast,49.0065,-125.2904,49.00678,-125.2908,10,retrieved at low water - traps 5&6 still underwater,1,64,,11,,51,5,,0,XMB
GL,20,2022,6,17,17,-1.2,0.9,23,9,cigaretteeast,49.0065,-125.2904,49.00678,-125.2908,10,retrieved at low water - traps 5&6 still underwater,3,58,,12,,51,5,,0,XMB
GL,20,2022,6,17,17,-1.2,0.9,23,9,cigaretteeast,49.0065,-125.2904,49.00678,-125.2908,10,retrieved at low water - traps 5&6 still underwater,1,118,,,,51,6,,0,XLA
GL,1,2022,7,13,24,-0.9,3.6,23,10,secret,49.00045,-125.3689,49.00032,-125.3683,10,,3,57,,14,,51,1,,0,XMB
GL,1,2022,7,13,24,-0.9,3.6,23,10,secret,49.00045,-125.3689,49.00032,-125.3683,10,,1,64,,11,,51,1,,0,XMB
GL,1,2022,7,13,24,-0.9,3.6,23,10,secret,49.00045,-125.3689,49.00032,-125.3683,10,,3,56,,14,,51,1,,0,XMB
GL,1,2022,7,13,24,-0.9,3.6,23,10,secret,49.00045,-125.3689,49.00032,-125.3683,10,,1,54,,11,,51,1,,0,XMB
GL,1,2022,7,13,24,-0.9,3.6,23,10,secret,49.00045,-125.3689,49.00032,-125.3683,10,,1,45,,12,,51,1,,0,XMB
GL,1,2022,7,13,24,-0.9,3.6,23,10,secret,49.00045,-125.3689,49.00032,-125.3683,10,,3,47,,12,,51,1,,0,XMB
GL,1,2022,7,13,24,-0.9,3.6,23,10,secret,49.00045,-125.3689,49.00032,-125.3683,10,,3,43,,12,,51,1,,0,XMB
GL,1,2022,7,13,24,-0.9,3.6,23,10,secret,49.00045,-125.3689,49.00032,-125.3683,10,,3,46,,11,,51,1,,0,XMB
GL,1,2022,7,13,24,-0.9,3.6,23,10,secret,49.00045,-125.3689,49.00032,-125.3683,10,,1,40,,12,,51,1,,0,XMB
GL,1,2022,7,13,24,-0.9,3.6,23,10,secret,49.00045,-125.3689,49.00032,-125.3683,10,,3,44,,11,,51,1,,0,XMB
GL,1,2022,7,13,24,-0.9,3.6,23,10,secret,49.00045,-125.3689,49.00032,-125.3683,10,,1,57,,11,,51,2,,0,XMB
GL,1,2022,7,13,24,-0.9,3.6,23,10,secret,49.00045,-125.3689,49.00032,-125.3683,10,,1,55,,11,,51,2,,0,XMB
GL,1,2022,7,13,24,-0.9,3.6,23,10,secret,49.00045,-125.3689,49.00032,-125.3683,10,,3,61,,14,,51,2,,0,XMB
GL,1,2022,7,13,24,-0.9,3.6,23,10,secret,49.00045,-125.3689,49.00032,-125.3683,10,,1,55,,11,,51,2,,0,XMB
GL,1,2022,7,13,24,-0.9,3.6,23,10,secret,49.00045,-125.3689,49.00032,-125.3683,10,,1,50,,11,,51,2,,0,XMB
GL,1,2022,7,13,24,-0.9,3.6,23,10,secret,49.00045,-125.3689,49.00032,-125.3683,10,,1,46,,12,,51,2,,0,XMB
GL,1,2022,7,13,24,-0.9,3.6,23,10,secret,49.00045,-125.3689,49.00032,-125.3683,10,,3,45,,12,,51,2,,0,XMB
GL,1,2022,7,13,24,-0.9,3.6,23,10,secret,49.00045,-125.3689,49.00032,-125.3683,10,,1,50,,12,,51,2,,0,XMB
GL,1,2022,7,13,24,-0.9,3.6,23,10,secret,49.00045,-125.3689,49.00032,-125.3683,10,,1,46,,12,,51,2,,0,XMB
GL,1,2022,7,13,24,-0.9,3.6,23,10,secret,49.00045,-125.3689,49.00032,-125.3683,10,,1,50,,11,,51,2,,0,XMB
GL,1,2022,7,13,24,-0.9,3.6,23,10,secret,49.00045,-125.3689,49.00032,-125.3683,10,,1,47,,12,,51,2,,0,XMB
GL,1,2022,7,13,24,-0.9,3.6,23,10,secret,49.00045,-125.3689,49.00032,-125.3683,10,,1,39,,12,,51,2,,0,XMB
GL,1,2022,7,13,24,-0.9,3.6,23,10,secret,49.00045,-125.3689,49.00032,-125.3683,10,,1,87,,,,51,2,,0,XLA
GL,1,2022,7,13,24,-0.9,3.6,23,10,secret,49.00045,-125.3689,49.00032,-125.3683,10,,3,104,,,,51,2,,0,XLA
GL,1,2022,7,13,24,-0.9,3.6,23,10,secret,49.00045,-125.3689,49.00032,-125.3683,10,,1,59,,11,,51,3,,0,XMB
GL,1,2022,7,13,24,-0.9,3.6,23,10,secret,49.00045,-125.3689,49.00032,-125.3683,10,,3,56,,11,,51,3,,0,XMB
GL,1,2022,7,13,24,-0.9,3.6,23,10,secret,49.00045,-125.3689,49.00032,-125.3683,10,,3,43,,12,,51,3,,0,XMB
GL,1,2022,7,13,24,-0.9,3.6,23,10,secret,49.00045,-125.3689,49.00032,-125.3683,10,,3,46,,13,,51,3,,0,XMB
GL,1,2022,7,13,24,-0.9,3.6,23,10,secret,49.00045,-125.3689,49.00032,-125.3683,10,,3,47,,11,,51,3,,0,XMB
GL,1,2022,7,13,24,-0.9,3.6,23,10,secret,49.00045,-125.3689,49.00032,-125.3683,10,,1,50,,11,,51,3,,0,XMB
GL,1,2022,7,13,24,-0.9,3.6,23,10,secret,49.00045,-125.3689,49.00032,-125.3683,10,,1,40,,11,,51,3,,0,XMB
GL,1,2022,7,13,24,-0.9,3.6,23,10,secret,49.00045,-125.3689,49.00032,-125.3683,10,,1,43,,11,,51,3,,0,XMB
GL,1,2022,7,13,24,-0.9,3.6,23,10,secret,49.00045,-125.3689,49.00032,-125.3683,10,,3,62,,,,51,3,,0,XLA
GL,1,2022,7,13,24,-0.9,3.6,23,10,secret,49.00045,-125.3689,49.00032,-125.3683,10,,1,44,,,,51,3,,0,XKE
GL,1,2022,7,13,24,-0.9,3.6,23,10,secret,49.00045,-125.3689,49.00032,-125.3683,10,,1,45,,11,,51,4,,0,XMB
GL,1,2022,7,13,24,-0.9,3.6,23,10,secret,49.00045,-125.3689,49.00032,-125.3683,10,,3,43,,12,,51,4,,0,XMB
GL,1,2022,7,13,24,-0.9,3.6,23,10,secret,49.00045,-125.3689,49.00032,-125.3683,10,,3,63,,13,,51,5,,0,XMB
GL,1,2022,7,13,24,-0.9,3.6,23,10,secret,49.00045,-125.3689,49.00032,-125.3683,10,,1,47,,11,,51,5,,0,XMB
GL,1,2022,7,13,24,-0.9,3.6,23,10,secret,49.00045,-125.3689,49.00032,-125.3683,10,,3,103,,,,51,5,,0,XLA
GL,1,2022,7,13,24,-0.9,3.6,23,10,secret,49.00045,-125.3689,49.00032,-125.3683,10,,1,126,,,,51,5,,0,XLA
GL,1,2022,7,13,24,-0.9,3.6,23,10,secret,49.00045,-125.3689,49.00032,-125.3683,10,,3,87,,,,51,5,,0,XLA
GL,1,2022,7,13,24,-0.9,3.6,23,10,secret,49.00045,-125.3689,49.00032,-125.3683,10,,1,87,,,,51,5,,0,XLA
GL,1,2022,7,13,24,-0.9,3.6,23,10,secret,49.00045,-125.3689,49.00032,-125.3683,10,,1,102,,,,51,5,,0,XLA
GL,1,2022,7,13,24,-0.9,3.6,23,10,secret,49.00045,-125.3689,49.00032,-125.3683,10,,3,97,,,,51,5,,0,XLA
GL,1,2022,7,13,24,-0.9,3.6,23,10,secret,49.00045,-125.3689,49.00032,-125.3683,10,,1,39,,,,51,5,,0,XLA
GL,1,2022,7,13,24,-0.9,3.6,23,10,secret,49.00045,-125.3689,49.00032,-125.3683,10,,1,127,,,,51,6,,0,XLA
GL,1,2022,7,13,24,-0.9,3.6,23,10,secret,49.00045,-125.3689,49.00032,-125.3683,10,,3,106,,,,51,6,,0,XLA
GL,1,2022,7,13,24,-0.9,3.6,23,10,secret,49.00045,-125.3689,49.00032,-125.3683,10,,3,71,,,,51,6,,0,XLA
GL,2,2022,7,13,24,-1,3.4,23,10,secret,49.00107,-125.3686,49.00089,-125.368,10,,1,52,,12,,51,1,,0,XMB
GL,2,2022,7,13,24,-1,3.4,23,10,secret,49.00107,-125.3686,49.00089,-125.368,10,,3,62,,13,,51,1,,0,XMB
GL,2,2022,7,13,24,-1,3.4,23,10,secret,49.00107,-125.3686,49.00089,-125.368,10,,1,80,,11,,51,1,,0,XMB
GL,2,2022,7,13,24,-1,3.4,23,10,secret,49.00107,-125.3686,49.00089,-125.368,10,,1,59,,11,,51,1,,0,XMB
GL,2,2022,7,13,24,-1,3.4,23,10,secret,49.00107,-125.3686,49.00089,-125.368,10,,1,61,,11,,51,1,,0,XMB
GL,2,2022,7,13,24,-1,3.4,23,10,secret,49.00107,-125.3686,49.00089,-125.368,10,,1,57,,13,,51,1,,0,XMB
GL,2,2022,7,13,24,-1,3.4,23,10,secret,49.00107,-125.3686,49.00089,-125.368,10,,1,52,,11,,51,1,,0,XMB
GL,2,2022,7,13,24,-1,3.4,23,10,secret,49.00107,-125.3686,49.00089,-125.368,10,,3,68,,14,,51,1,,0,XMB
GL,2,2022,7,13,24,-1,3.4,23,10,secret,49.00107,-125.3686,49.00089,-125.368,10,,1,48,,11,,51,1,,0,XMB
GL,2,2022,7,13,24,-1,3.4,23,10,secret,49.00107,-125.3686,49.00089,-125.368,10,,1,75,,11,,51,1,,0,XMB
GL,2,2022,7,13,24,-1,3.4,23,10,secret,49.00107,-125.3686,49.00089,-125.368,10,,3,60,,14,,51,1,,0,XMB
GL,2,2022,7,13,24,-1,3.4,23,10,secret,49.00107,-125.3686,49.00089,-125.368,10,,3,50,,13,,51,1,,0,XMB
GL,2,2022,7,13,24,-1,3.4,23,10,secret,49.00107,-125.3686,49.00089,-125.368,10,,3,50,,12,,51,1,,0,XMB
GL,2,2022,7,13,24,-1,3.4,23,10,secret,49.00107,-125.3686,49.00089,-125.368,10,,1,55,,11,,51,1,,0,XMB
GL,2,2022,7,13,24,-1,3.4,23,10,secret,49.00107,-125.3686,49.00089,-125.368,10,,3,50,,11,,51,1,,0,XMB
GL,2,2022,7,13,24,-1,3.4,23,10,secret,49.00107,-125.3686,49.00089,-125.368,10,,1,48,,11,,51,1,,0,XMB
GL,2,2022,7,13,24,-1,3.4,23,10,secret,49.00107,-125.3686,49.00089,-125.368,10,,1,70,,11,,51,1,,0,XMB
GL,2,2022,7,13,24,-1,3.4,23,10,secret,49.00107,-125.3686,49.00089,-125.368,10,,3,46,,13,,51,1,,0,XMB
GL,2,2022,7,13,24,-1,3.4,23,10,secret,49.00107,-125.3686,49.00089,-125.368,10,,1,44,,11,,51,1,,0,XMB
GL,2,2022,7,13,24,-1,3.4,23,10,secret,49.00107,-125.3686,49.00089,-125.368,10,,1,52,,11,,51,1,,0,XMB
GL,2,2022,7,13,24,-1,3.4,23,10,secret,49.00107,-125.3686,49.00089,-125.368,10,,1,137,,,,51,1,,0,XLA
GL,2,2022,7,13,24,-1,3.4,23,10,secret,49.00107,-125.3686,49.00089,-125.368,10,,1,128,,,,51,1,,0,XLA
GL,2,2022,7,13,24,-1,3.4,23,10,secret,49.00107,-125.3686,49.00089,-125.368,10,,1,56,,11,,51,2,,0,XMB
GL,2,2022,7,13,24,-1,3.4,23,10,secret,49.00107,-125.3686,49.00089,-125.368,10,,3,72,,12,,51,2,,0,XMB
GL,2,2022,7,13,24,-1,3.4,23,10,secret,49.00107,-125.3686,49.00089,-125.368,10,,3,65,,14,,51,2,,0,XMB
GL,2,2022,7,13,24,-1,3.4,23,10,secret,49.00107,-125.3686,49.00089,-125.368,10,,3,53,,14,,51,2,,0,XMB
GL,2,2022,7,13,24,-1,3.4,23,10,secret,49.00107,-125.3686,49.00089,-125.368,10,,1,48,,12,,51,2,,0,XMB
GL,2,2022,7,13,24,-1,3.4,23,10,secret,49.00107,-125.3686,49.00089,-125.368,10,,1,50,,11,,51,2,,0,XMB
GL,2,2022,7,13,24,-1,3.4,23,10,secret,49.00107,-125.3686,49.00089,-125.368,10,,3,47,,12,,51,2,,0,XMB
GL,2,2022,7,13,24,-1,3.4,23,10,secret,49.00107,-125.3686,49.00089,-125.368,10,,3,47,,12,,51,2,,0,XMB
GL,2,2022,7,13,24,-1,3.4,23,10,secret,49.00107,-125.3686,49.00089,-125.368,10,,1,45,,12,,51,2,,0,XMB
GL,2,2022,7,13,24,-1,3.4,23,10,secret,49.00107,-125.3686,49.00089,-125.368,10,,1,45,,11,,51,2,,0,XMB
GL,2,2022,7,13,24,-1,3.4,23,10,secret,49.00107,-125.3686,49.00089,-125.368,10,,1,44,,11,,51,2,,0,XMB
GL,2,2022,7,13,24,-1,3.4,23,10,secret,49.00107,-125.3686,49.00089,-125.368,10,,3,45,,11,,51,2,,0,XMB
GL,2,2022,7,13,24,-1,3.4,23,10,secret,49.00107,-125.3686,49.00089,-125.368,10,,3,104,,,,51,3,,0,XLA
GL,2,2022,7,13,24,-1,3.4,23,10,secret,49.00107,-125.3686,49.00089,-125.368,10,,3,56,,14,,51,3,,0,XMB
GL,2,2022,7,13,24,-1,3.4,23,10,secret,49.00107,-125.3686,49.00089,-125.368,10,,3,45,,13,,51,3,,0,XMB
GL,2,2022,7,13,24,-1,3.4,23,10,secret,49.00107,-125.3686,49.00089,-125.368,10,,3,50,,11,,51,3,,0,XMB
GL,2,2022,7,13,24,-1,3.4,23,10,secret,49.00107,-125.3686,49.00089,-125.368,10,,1,46,,11,,51,3,,0,XMB
GL,2,2022,7,13,24,-1,3.4,23,10,secret,49.00107,-125.3686,49.00089,-125.368,10,,1,132,,,,51,4,,0,XLA
GL,2,2022,7,13,24,-1,3.4,23,10,secret,49.00107,-125.3686,49.00089,-125.368,10,,1,137,,,,51,4,,0,XLA
GL,2,2022,7,13,24,-1,3.4,23,10,secret,49.00107,-125.3686,49.00089,-125.368,10,,3,95,,,,51,4,,0,XLA
GL,2,2022,7,13,24,-1,3.4,23,10,secret,49.00107,-125.3686,49.00089,-125.368,10,,3,91,,,,51,4,,0,XLA
GL,2,2022,7,13,24,-1,3.4,23,10,secret,49.00107,-125.3686,49.00089,-125.368,10,,3,75,,,,51,4,,0,XLA
GL,2,2022,7,13,24,-1,3.4,23,10,secret,49.00107,-125.3686,49.00089,-125.368,10,,3,63,,14,,51,4,,0,XMB
GL,2,2022,7,13,24,-1,3.4,23,10,secret,49.00107,-125.3686,49.00089,-125.368,10,,3,59,,14,,51,4,,0,XMB
GL,2,2022,7,13,24,-1,3.4,23,10,secret,49.00107,-125.3686,49.00089,-125.368,10,,3,63,,14,,51,4,,0,XMB
GL,2,2022,7,13,24,-1,3.4,23,10,secret,49.00107,-125.3686,49.00089,-125.368,10,,1,112,,,,51,5,,0,XLA
GL,2,2022,7,13,24,-1,3.4,23,10,secret,49.00107,-125.3686,49.00089,-125.368,10,,1,120,,,,51,5,,0,XLA
GL,2,2022,7,13,24,-1,3.4,23,10,secret,49.00107,-125.3686,49.00089,-125.368,10,,1,93,,,,51,5,,0,XKE
GL,2,2022,7,13,24,-1,3.4,23,10,secret,49.00107,-125.3686,49.00089,-125.368,10,,1,142,,,,51,6,,0,XLA
GL,2,2022,7,13,24,-1,3.4,23,10,secret,49.00107,-125.3686,49.00089,-125.368,10,,1,134,,,,51,6,,0,XLA
GL,2,2022,7,13,24,-1,3.4,23,10,secret,49.00107,-125.3686,49.00089,-125.368,10,,1,149,,,,51,6,,0,XLA
GL,2,2022,7,13,24,-1,3.4,23,10,secret,49.00107,-125.3686,49.00089,-125.368,10,,3,110,,,,51,6,,0,XLA
GL,3,2022,7,13,24,-0.8,4.9,23,10,secret,49.00153,-125.3683,49.00137,-125.3678,10,,3,65,,13,,51,1,,0,XMB
GL,3,2022,7,13,24,-0.8,4.9,23,10,secret,49.00153,-125.3683,49.00137,-125.3678,10,,3,65,,11,,51,1,,0,XMB
GL,3,2022,7,13,24,-0.8,4.9,23,10,secret,49.00153,-125.3683,49.00137,-125.3678,10,,1,76,,11,,51,1,,0,XMB
GL,3,2022,7,13,24,-0.8,4.9,23,10,secret,49.00153,-125.3683,49.00137,-125.3678,10,,1,67,,11,,51,1,,0,XMB
GL,3,2022,7,13,24,-0.8,4.9,23,10,secret,49.00153,-125.3683,49.00137,-125.3678,10,,1,57,,11,,51,1,,0,XMB
GL,3,2022,7,13,24,-0.8,4.9,23,10,secret,49.00153,-125.3683,49.00137,-125.3678,10,,3,60,,13,,51,1,,0,XMB
GL,3,2022,7,13,24,-0.8,4.9,23,10,secret,49.00153,-125.3683,49.00137,-125.3678,10,,3,59,,13,,51,1,,0,XMB
GL,3,2022,7,13,24,-0.8,4.9,23,10,secret,49.00153,-125.3683,49.00137,-125.3678,10,,1,55,,11,,51,1,,0,XMB
GL,3,2022,7,13,24,-0.8,4.9,23,10,secret,49.00153,-125.3683,49.00137,-125.3678,10,,3,58,,12,,51,1,,0,XMB
GL,3,2022,7,13,24,-0.8,4.9,23,10,secret,49.00153,-125.3683,49.00137,-125.3678,10,,3,60,,14,,51,1,,0,XMB
GL,3,2022,7,13,24,-0.8,4.9,23,10,secret,49.00153,-125.3683,49.00137,-125.3678,10,,1,53,,11,,51,1,,0,XMB
GL,3,2022,7,13,24,-0.8,4.9,23,10,secret,49.00153,-125.3683,49.00137,-125.3678,10,,1,55,,11,,51,1,,0,XMB
GL,3,2022,7,13,24,-0.8,4.9,23,10,secret,49.00153,-125.3683,49.00137,-125.3678,10,,1,48,,11,,51,1,,0,XMB
GL,3,2022,7,13,24,-0.8,4.9,23,10,secret,49.00153,-125.3683,49.00137,-125.3678,10,,3,36,,12,,51,1,,0,XMB
GL,3,2022,7,13,24,-0.8,4.9,23,10,secret,49.00153,-125.3683,49.00137,-125.3678,10,,3,45,,11,,51,1,,0,XMB
GL,3,2022,7,13,24,-0.8,4.9,23,10,secret,49.00153,-125.3683,49.00137,-125.3678,10,,1,41,,11,,51,1,,0,XMB
GL,3,2022,7,13,24,-0.8,4.9,23,10,secret,49.00153,-125.3683,49.00137,-125.3678,10,,1,48,,11,,51,1,,0,XMB
GL,3,2022,7,13,24,-0.8,4.9,23,10,secret,49.00153,-125.3683,49.00137,-125.3678,10,,3,44,,12,,51,1,,0,XMB
GL,3,2022,7,13,24,-0.8,4.9,23,10,secret,49.00153,-125.3683,49.00137,-125.3678,10,,1,40,,11,,51,1,,0,XMB
GL,3,2022,7,13,24,-0.8,4.9,23,10,secret,49.00153,-125.3683,49.00137,-125.3678,10,,1,47,,,,51,1,,0,XLA
GL,3,2022,7,13,24,-0.8,4.9,23,10,secret,49.00153,-125.3683,49.00137,-125.3678,10,,1,62,,11,,51,2,,0,XMB
GL,3,2022,7,13,24,-0.8,4.9,23,10,secret,49.00153,-125.3683,49.00137,-125.3678,10,,1,54,,11,,51,2,,0,XMB
GL,3,2022,7,13,24,-0.8,4.9,23,10,secret,49.00153,-125.3683,49.00137,-125.3678,10,,1,48,,11,,51,2,,0,XMB
GL,3,2022,7,13,24,-0.8,4.9,23,10,secret,49.00153,-125.3683,49.00137,-125.3678,10,,1,51,,11,,51,2,,0,XMB
GL,3,2022,7,13,24,-0.8,4.9,23,10,secret,49.00153,-125.3683,49.00137,-125.3678,10,,1,42,,11,,51,2,,0,XMB
GL,3,2022,7,13,24,-0.8,4.9,23,10,secret,49.00153,-125.3683,49.00137,-125.3678,10,,3,50,,13,,51,2,,0,XMB
GL,3,2022,7,13,24,-0.8,4.9,23,10,secret,49.00153,-125.3683,49.00137,-125.3678,10,,1,43,,11,,51,2,,0,XMB
GL,3,2022,7,13,24,-0.8,4.9,23,10,secret,49.00153,-125.3683,49.00137,-125.3678,10,,3,43,,11,,51,2,,0,XMB
GL,3,2022,7,13,24,-0.8,4.9,23,10,secret,49.00153,-125.3683,49.00137,-125.3678,10,,1,38,,12,,51,2,,0,XMB
GL,3,2022,7,13,24,-0.8,4.9,23,10,secret,49.00153,-125.3683,49.00137,-125.3678,10,,1,40,,11,,51,2,,0,XMB
GL,3,2022,7,13,24,-0.8,4.9,23,10,secret,49.00153,-125.3683,49.00137,-125.3678,10,,1,45,,11,,51,2,,0,XMB
GL,3,2022,7,13,24,-0.8,4.9,23,10,secret,49.00153,-125.3683,49.00137,-125.3678,10,,1,45,,11,,51,2,,0,XMB
GL,3,2022,7,13,24,-0.8,4.9,23,10,secret,49.00153,-125.3683,49.00137,-125.3678,10,,3,39,,12,,51,2,,0,XMB
GL,3,2022,7,13,24,-0.8,4.9,23,10,secret,49.00153,-125.3683,49.00137,-125.3678,10,,1,43,,11,3,51,2,,0,XMB
GL,3,2022,7,13,24,-0.8,4.9,23,10,secret,49.00153,-125.3683,49.00137,-125.3678,10,,1,42,,11,,51,2,,0,XMB
GL,3,2022,7,13,24,-0.8,4.9,23,10,secret,49.00153,-125.3683,49.00137,-125.3678,10,,1,43,,,,51,2,,0,XLA
GL,3,2022,7,13,24,-0.8,4.9,23,10,secret,49.00153,-125.3683,49.00137,-125.3678,10,,3,67,,13,,51,3,,0,XMB
GL,3,2022,7,13,24,-0.8,4.9,23,10,secret,49.00153,-125.3683,49.00137,-125.3678,10,,1,75,,11,,51,3,,0,XMB
GL,3,2022,7,13,24,-0.8,4.9,23,10,secret,49.00153,-125.3683,49.00137,-125.3678,10,,1,50,,11,,51,3,,0,XMB
GL,3,2022,7,13,24,-0.8,4.9,23,10,secret,49.00153,-125.3683,49.00137,-125.3678,10,,3,56,,14,,51,3,,0,XMB
GL,3,2022,7,13,24,-0.8,4.9,23,10,secret,49.00153,-125.3683,49.00137,-125.3678,10,,1,51,,11,,51,3,,0,XMB
GL,3,2022,7,13,24,-0.8,4.9,23,10,secret,49.00153,-125.3683,49.00137,-125.3678,10,,3,45,,12,,51,3,,0,XMB
GL,3,2022,7,13,24,-0.8,4.9,23,10,secret,49.00153,-125.3683,49.00137,-125.3678,10,,1,46,,11,,51,3,,0,XMB
GL,3,2022,7,13,24,-0.8,4.9,23,10,secret,49.00153,-125.3683,49.00137,-125.3678,10,,1,47,,12,,51,3,,0,XMB
GL,3,2022,7,13,24,-0.8,4.9,23,10,secret,49.00153,-125.3683,49.00137,-125.3678,10,,3,49,,11,,51,3,,0,XMB
GL,3,2022,7,13,24,-0.8,4.9,23,10,secret,49.00153,-125.3683,49.00137,-125.3678,10,,1,46,,12,,51,3,,0,XMB
GL,3,2022,7,13,24,-0.8,4.9,23,10,secret,49.00153,-125.3683,49.00137,-125.3678,10,,3,40,,11,,51,3,,0,XMB
GL,3,2022,7,13,24,-0.8,4.9,23,10,secret,49.00153,-125.3683,49.00137,-125.3678,10,,1,35,,12,,51,3,,0,XMB
GL,3,2022,7,13,24,-0.8,4.9,23,10,secret,49.00153,-125.3683,49.00137,-125.3678,10,,1,81,,14,,51,4,,0,XMB
GL,3,2022,7,13,24,-0.8,4.9,23,10,secret,49.00153,-125.3683,49.00137,-125.3678,10,,3,60,,14,,51,4,,0,XMB
GL,3,2022,7,13,24,-0.8,4.9,23,10,secret,49.00153,-125.3683,49.00137,-125.3678,10,,1,41,,12,,51,4,,0,XMB
GL,3,2022,7,13,24,-0.8,4.9,23,10,secret,49.00153,-125.3683,49.00137,-125.3678,10,,1,50,,11,,51,4,,0,XMB
GL,3,2022,7,13,24,-0.8,4.9,23,10,secret,49.00153,-125.3683,49.00137,-125.3678,10,,3,55,,13,,51,4,,0,XMB
GL,3,2022,7,13,24,-0.8,4.9,23,10,secret,49.00153,-125.3683,49.00137,-125.3678,10,,1,54,,11,,51,4,,0,XMB
GL,3,2022,7,13,24,-0.8,4.9,23,10,secret,49.00153,-125.3683,49.00137,-125.3678,10,,1,48,,12,,51,4,,0,XMB
GL,3,2022,7,13,24,-0.8,4.9,23,10,secret,49.00153,-125.3683,49.00137,-125.3678,10,,1,52,,11,,51,4,,0,XMB
GL,3,2022,7,13,24,-0.8,4.9,23,10,secret,49.00153,-125.3683,49.00137,-125.3678,10,,3,42,,13,,51,4,,0,XMB
GL,3,2022,7,13,24,-0.8,4.9,23,10,secret,49.00153,-125.3683,49.00137,-125.3678,10,,1,50,,11,,51,4,,0,XMB
GL,3,2022,7,13,24,-0.8,4.9,23,10,secret,49.00153,-125.3683,49.00137,-125.3678,10,,3,44,,11,,51,4,,0,XMB
GL,3,2022,7,13,24,-0.8,4.9,23,10,secret,49.00153,-125.3683,49.00137,-125.3678,10,,3,50,,11,,51,4,,0,XMB
GL,3,2022,7,13,24,-0.8,4.9,23,10,secret,49.00153,-125.3683,49.00137,-125.3678,10,,3,45,,12,,51,4,,0,XMB
GL,3,2022,7,13,24,-0.8,4.9,23,10,secret,49.00153,-125.3683,49.00137,-125.3678,10,,3,46,,11,,51,4,,0,XMB
GL,3,2022,7,13,24,-0.8,4.9,23,10,secret,49.00153,-125.3683,49.00137,-125.3678,10,,3,46,,12,,51,4,,0,XMB
GL,3,2022,7,13,24,-0.8,4.9,23,10,secret,49.00153,-125.3683,49.00137,-125.3678,10,,3,86,,,,51,4,,0,XLA
GL,3,2022,7,13,24,-0.8,4.9,23,10,secret,49.00153,-125.3683,49.00137,-125.3678,10,,3,72,,,,51,4,,0,XLA
GL,3,2022,7,13,24,-0.8,4.9,23,10,secret,49.00153,-125.3683,49.00137,-125.3678,10,,1,36,,,,51,4,,0,XLA
GL,3,2022,7,13,24,-0.8,4.9,23,10,secret,49.00153,-125.3683,49.00137,-125.3678,10,,3,112,,,,51,5,,0,XLA
GL,3,2022,7,13,24,-0.8,4.9,23,10,secret,49.00153,-125.3683,49.00137,-125.3678,10,,3,129,,,,51,5,,0,XLA
GL,3,2022,7,13,24,-0.8,4.9,23,10,secret,49.00153,-125.3683,49.00137,-125.3678,10,,3,98,,,,51,5,,0,XLA
GL,3,2022,7,13,24,-0.8,4.9,23,10,secret,49.00153,-125.3683,49.00137,-125.3678,10,,1,130,,,,51,5,,0,XLA
GL,3,2022,7,13,24,-0.8,4.9,23,10,secret,49.00153,-125.3683,49.00137,-125.3678,10,,3,54,,,,51,5,,0,XLA
GL,3,2022,7,13,24,-0.8,4.9,23,10,secret,49.00153,-125.3683,49.00137,-125.3678,10,,1,34,,,,51,5,,0,XLA
GL,3,2022,7,13,24,-0.8,4.9,23,10,secret,49.00153,-125.3683,49.00137,-125.3678,10,,1,63,,14,,51,5,,0,XMB
GL,3,2022,7,13,24,-0.8,4.9,23,10,secret,49.00153,-125.3683,49.00137,-125.3678,10,,3,65,,11,,51,5,,0,XMB
GL,3,2022,7,13,24,-0.8,4.9,23,10,secret,49.00153,-125.3683,49.00137,-125.3678,10,,3,69,,13,,51,5,,0,XMB
GL,3,2022,7,13,24,-0.8,4.9,23,10,secret,49.00153,-125.3683,49.00137,-125.3678,10,,3,64,,11,,51,5,,0,XMB
GL,3,2022,7,13,24,-0.8,4.9,23,10,secret,49.00153,-125.3683,49.00137,-125.3678,10,,1,61,,11,,51,5,,0,XMB
GL,3,2022,7,13,24,-0.8,4.9,23,10,secret,49.00153,-125.3683,49.00137,-125.3678,10,,3,45,,12,,51,5,,0,XMB
GL,3,2022,7,13,24,-0.8,4.9,23,10,secret,49.00153,-125.3683,49.00137,-125.3678,10,,3,42,,13,,51,5,,0,XMB
GL,3,2022,7,13,24,-0.8,4.9,23,10,secret,49.00153,-125.3683,49.00137,-125.3678,10,,1,122,,,,51,6,,0,XLA
GL,4,2022,7,13,25,-1.1,1.8,23,10,secret,49.00205,-125.3682,49.00188,-125.3676,10,,3,59,,14,,51,1,,0,XMB
GL,4,2022,7,13,25,-1.1,1.8,23,10,secret,49.00205,-125.3682,49.00188,-125.3676,10,,1,55,,11,,51,1,,0,XMB
GL,4,2022,7,13,25,-1.1,1.8,23,10,secret,49.00205,-125.3682,49.00188,-125.3676,10,,3,54,,13,,51,1,,0,XMB
GL,4,2022,7,13,25,-1.1,1.8,23,10,secret,49.00205,-125.3682,49.00188,-125.3676,10,,1,47,,11,,51,1,,0,XMB
GL,4,2022,7,13,25,-1.1,1.8,23,10,secret,49.00205,-125.3682,49.00188,-125.3676,10,,1,81,,11,,51,2,,0,XMB
GL,4,2022,7,13,25,-1.1,1.8,23,10,secret,49.00205,-125.3682,49.00188,-125.3676,10,,1,75,,11,,51,2,,0,XMB
GL,4,2022,7,13,25,-1.1,1.8,23,10,secret,49.00205,-125.3682,49.00188,-125.3676,10,,1,71,,11,,51,2,,0,XMB
GL,4,2022,7,13,25,-1.1,1.8,23,10,secret,49.00205,-125.3682,49.00188,-125.3676,10,,3,53,,12,,51,2,,0,XMB
GL,4,2022,7,13,25,-1.1,1.8,23,10,secret,49.00205,-125.3682,49.00188,-125.3676,10,,1,60,,11,,51,2,,0,XMB
GL,4,2022,7,13,25,-1.1,1.8,23,10,secret,49.00205,-125.3682,49.00188,-125.3676,10,,1,41,,11,,51,2,,0,XMB
GL,4,2022,7,13,25,-1.1,1.8,23,10,secret,49.00205,-125.3682,49.00188,-125.3676,10,,3,55,,13,,51,2,,0,XMB
GL,4,2022,7,13,25,-1.1,1.8,23,10,secret,49.00205,-125.3682,49.00188,-125.3676,10,,3,53,,14,,51,2,,0,XMB
GL,4,2022,7,13,25,-1.1,1.8,23,10,secret,49.00205,-125.3682,49.00188,-125.3676,10,,1,47,,11,3,51,2,,0,XMB
GL,4,2022,7,13,25,-1.1,1.8,23,10,secret,49.00205,-125.3682,49.00188,-125.3676,10,,1,43,,11,,51,2,,0,XMB
GL,4,2022,7,13,25,-1.1,1.8,23,10,secret,49.00205,-125.3682,49.00188,-125.3676,10,,3,44,,11,,51,2,,0,XMB
GL,4,2022,7,13,25,-1.1,1.8,23,10,secret,49.00205,-125.3682,49.00188,-125.3676,10,,1,43,,11,,51,2,,0,XMB
GL,4,2022,7,13,25,-1.1,1.8,23,10,secret,49.00205,-125.3682,49.00188,-125.3676,10,,3,43,,12,,51,2,,0,XMB
GL,4,2022,7,13,25,-1.1,1.8,23,10,secret,49.00205,-125.3682,49.00188,-125.3676,10,,1,75,,11,,51,3,,0,XMB
GL,4,2022,7,13,25,-1.1,1.8,23,10,secret,49.00205,-125.3682,49.00188,-125.3676,10,,1,80,,11,,51,3,,0,XMB
GL,4,2022,7,13,25,-1.1,1.8,23,10,secret,49.00205,-125.3682,49.00188,-125.3676,10,,1,65,,11,,51,3,,0,XMB
GL,4,2022,7,13,25,-1.1,1.8,23,10,secret,49.00205,-125.3682,49.00188,-125.3676,10,,1,58,,11,,51,3,,0,XMB
GL,4,2022,7,13,25,-1.1,1.8,23,10,secret,49.00205,-125.3682,49.00188,-125.3676,10,,1,53,,11,,51,3,,0,XMB
GL,4,2022,7,13,25,-1.1,1.8,23,10,secret,49.00205,-125.3682,49.00188,-125.3676,10,,1,48,,11,,51,3,,0,XMB
GL,4,2022,7,13,25,-1.1,1.8,23,10,secret,49.00205,-125.3682,49.00188,-125.3676,10,,1,53,,11,,51,4,,0,XMB
GL,4,2022,7,13,25,-1.1,1.8,23,10,secret,49.00205,-125.3682,49.00188,-125.3676,10,,3,50,,13,,51,4,,0,XMB
GL,4,2022,7,13,25,-1.1,1.8,23,10,secret,49.00205,-125.3682,49.00188,-125.3676,10,,1,45,,11,,51,4,,0,XMB
GL,4,2022,7,13,25,-1.1,1.8,23,10,secret,49.00205,-125.3682,49.00188,-125.3676,10,,3,42,,12,,51,4,,0,XMB
GL,4,2022,7,13,25,-1.1,1.8,23,10,secret,49.00205,-125.3682,49.00188,-125.3676,10,,3,47,,12,,51,4,,0,XMB
GL,4,2022,7,13,25,-1.1,1.8,23,10,secret,49.00205,-125.3682,49.00188,-125.3676,10,,3,45,,12,,51,4,,0,XMB
GL,4,2022,7,13,25,-1.1,1.8,23,10,secret,49.00205,-125.3682,49.00188,-125.3676,10,,1,47,,,,51,4,,0,XKE
GL,4,2022,7,13,25,-1.1,1.8,23,10,secret,49.00205,-125.3682,49.00188,-125.3676,10,,1,37,,,,51,4,,0,XLA
GL,4,2022,7,13,25,-1.1,1.8,23,10,secret,49.00205,-125.3682,49.00188,-125.3676,10,,1,37,,,,51,4,,0,XLA
GL,4,2022,7,13,25,-1.1,1.8,23,10,secret,49.00205,-125.3682,49.00188,-125.3676,10,,1,135,,,,51,5,,0,XLA
GL,4,2022,7,13,25,-1.1,1.8,23,10,secret,49.00205,-125.3682,49.00188,-125.3676,10,,1,115,,,,51,5,,0,XLA
GL,4,2022,7,13,25,-1.1,1.8,23,10,secret,49.00205,-125.3682,49.00188,-125.3676,10,,3,104,,,,51,5,,0,XLA
GL,4,2022,7,13,25,-1.1,1.8,23,10,secret,49.00205,-125.3682,49.00188,-125.3676,10,,1,33,,,,51,5,,0,XLA
GL,4,2022,7,13,25,-1.1,1.8,23,10,secret,49.00205,-125.3682,49.00188,-125.3676,10,,1,37,,,,51,5,,0,XLA
GL,4,2022,7,13,25,-1.1,1.8,23,10,secret,49.00205,-125.3682,49.00188,-125.3676,10,,1,41,,11,,51,5,,0,XMB
GL,4,2022,7,13,25,-1.1,1.8,23,10,secret,49.00205,-125.3682,49.00188,-125.3676,10,,1,134,,,,51,6,,0,XLA
GL,4,2022,7,13,25,-1.1,1.8,23,10,secret,49.00205,-125.3682,49.00188,-125.3676,10,,3,34,,,,51,6,,0,XLA
GL,5,2022,7,13,25,-0.8,5.1,23,10,secret,49.00238,-125.3678,49.00217,-125.3672,10,,1,62,,11,,51,1,,0,XMB
GL,5,2022,7,13,25,-0.8,5.1,23,10,secret,49.00238,-125.3678,49.00217,-125.3672,10,,1,38,,12,,51,1,,0,XMB
GL,5,2022,7,13,25,-0.8,5.1,23,10,secret,49.00238,-125.3678,49.00217,-125.3672,10,,1,39,,11,,51,1,,0,XMB
GL,5,2022,7,13,25,-0.8,5.1,23,10,secret,49.00238,-125.3678,49.00217,-125.3672,10,,1,31,,11,,51,1,,0,XMB
GL,5,2022,7,13,25,-0.8,5.1,23,10,secret,49.00238,-125.3678,49.00217,-125.3672,10,,3,44,,13,,51,1,,0,XMB
GL,5,2022,7,13,25,-0.8,5.1,23,10,secret,49.00238,-125.3678,49.00217,-125.3672,10,,3,83,,,,51,1,,0,XLA
GL,5,2022,7,13,25,-0.8,5.1,23,10,secret,49.00238,-125.3678,49.00217,-125.3672,10,,1,40,,,,51,1,,0,XLA
GL,5,2022,7,13,25,-0.8,5.1,23,10,secret,49.00238,-125.3678,49.00217,-125.3672,10,,1,44,,,,51,1,,0,XLA
GL,5,2022,7,13,25,-0.8,5.1,23,10,secret,49.00238,-125.3678,49.00217,-125.3672,10,,3,66,,13,,51,2,,0,XMB
GL,5,2022,7,13,25,-0.8,5.1,23,10,secret,49.00238,-125.3678,49.00217,-125.3672,10,,3,66,,13,,51,2,,0,XMB
GL,5,2022,7,13,25,-0.8,5.1,23,10,secret,49.00238,-125.3678,49.00217,-125.3672,10,,1,57,,11,,51,2,,0,XMB
GL,5,2022,7,13,25,-0.8,5.1,23,10,secret,49.00238,-125.3678,49.00217,-125.3672,10,,1,53,,11,,51,2,,0,XMB
GL,5,2022,7,13,25,-0.8,5.1,23,10,secret,49.00238,-125.3678,49.00217,-125.3672,10,,1,52,,11,,51,2,,0,XMB
GL,5,2022,7,13,25,-0.8,5.1,23,10,secret,49.00238,-125.3678,49.00217,-125.3672,10,,1,55,,11,,51,2,,0,XMB
GL,5,2022,7,13,25,-0.8,5.1,23,10,secret,49.00238,-125.3678,49.00217,-125.3672,10,,1,50,,11,,51,2,,0,XMB
GL,5,2022,7,13,25,-0.8,5.1,23,10,secret,49.00238,-125.3678,49.00217,-125.3672,10,,1,41,,11,,51,2,,0,XMB
GL,5,2022,7,13,25,-0.8,5.1,23,10,secret,49.00238,-125.3678,49.00217,-125.3672,10,,1,53,,11,,51,2,,0,XMB
GL,5,2022,7,13,25,-0.8,5.1,23,10,secret,49.00238,-125.3678,49.00217,-125.3672,10,,1,51,,11,,51,2,,0,XMB
GL,5,2022,7,13,25,-0.8,5.1,23,10,secret,49.00238,-125.3678,49.00217,-125.3672,10,,1,45,,11,,51,2,,0,XMB
GL,5,2022,7,13,25,-0.8,5.1,23,10,secret,49.00238,-125.3678,49.00217,-125.3672,10,,1,41,,12,,51,2,,0,XMB
GL,5,2022,7,13,25,-0.8,5.1,23,10,secret,49.00238,-125.3678,49.00217,-125.3672,10,,1,40,,11,,51,2,,0,XMB
GL,5,2022,7,13,25,-0.8,5.1,23,10,secret,49.00238,-125.3678,49.00217,-125.3672,10,,1,43,,11,,51,2,,0,XMB
GL,5,2022,7,13,25,-0.8,5.1,23,10,secret,49.00238,-125.3678,49.00217,-125.3672,10,,3,38,,11,,51,2,,0,XMB
GL,5,2022,7,13,25,-0.8,5.1,23,10,secret,49.00238,-125.3678,49.00217,-125.3672,10,,1,43,,11,,51,2,,0,XMB
GL,5,2022,7,13,25,-0.8,5.1,23,10,secret,49.00238,-125.3678,49.00217,-125.3672,10,,3,105,,,,51,3,,0,XLA
GL,5,2022,7,13,25,-0.8,5.1,23,10,secret,49.00238,-125.3678,49.00217,-125.3672,10,,3,113,,,,51,3,,0,XLA
GL,5,2022,7,13,25,-0.8,5.1,23,10,secret,49.00238,-125.3678,49.00217,-125.3672,10,,1,74,,14,,51,3,,0,XMB
GL,5,2022,7,13,25,-0.8,5.1,23,10,secret,49.00238,-125.3678,49.00217,-125.3672,10,,3,46,,13,,51,3,,0,XMB
GL,5,2022,7,13,25,-0.8,5.1,23,10,secret,49.00238,-125.3678,49.00217,-125.3672,10,,1,45,,11,,51,3,,0,XMB
GL,5,2022,7,13,25,-0.8,5.1,23,10,secret,49.00238,-125.3678,49.00217,-125.3672,10,,3,57,,14,,51,4,,0,XMB
GL,5,2022,7,13,25,-0.8,5.1,23,10,secret,49.00238,-125.3678,49.00217,-125.3672,10,,3,60,,12,,51,4,,0,XMB
GL,5,2022,7,13,25,-0.8,5.1,23,10,secret,49.00238,-125.3678,49.00217,-125.3672,10,,1,63,,11,,51,4,,0,XMB
GL,5,2022,7,13,25,-0.8,5.1,23,10,secret,49.00238,-125.3678,49.00217,-125.3672,10,,1,49,,11,,51,4,,0,XMB
GL,5,2022,7,13,25,-0.8,5.1,23,10,secret,49.00238,-125.3678,49.00217,-125.3672,10,,1,48,,11,,51,4,,0,XMB
GL,5,2022,7,13,25,-0.8,5.1,23,10,secret,49.00238,-125.3678,49.00217,-125.3672,10,,1,47,,11,,51,4,,0,XMB
GL,5,2022,7,13,25,-0.8,5.1,23,10,secret,49.00238,-125.3678,49.00217,-125.3672,10,,1,45,,11,,51,4,,0,XMB
GL,5,2022,7,13,25,-0.8,5.1,23,10,secret,49.00238,-125.3678,49.00217,-125.3672,10,,3,37,,12,,51,4,,0,XMB
GL,5,2022,7,13,25,-0.8,5.1,23,10,secret,49.00238,-125.3678,49.00217,-125.3672,10,,1,50,,,,51,4,,0,XLA
GL,5,2022,7,13,25,-0.8,5.1,23,10,secret,49.00238,-125.3678,49.00217,-125.3672,10,,1,132,,,,51,5,,0,XLA
GL,5,2022,7,13,25,-0.8,5.1,23,10,secret,49.00238,-125.3678,49.00217,-125.3672,10,,3,95,,,,51,5,,0,XLA
GL,5,2022,7,13,25,-0.8,5.1,23,10,secret,49.00238,-125.3678,49.00217,-125.3672,10,,1,120,,,,51,5,,0,XLA
GL,5,2022,7,13,25,-0.8,5.1,23,10,secret,49.00238,-125.3678,49.00217,-125.3672,10,,3,109,,,,51,5,,0,XLA
GL,5,2022,7,13,25,-0.8,5.1,23,10,secret,49.00238,-125.3678,49.00217,-125.3672,10,,3,117,,,,51,5,,0,XLA
GL,5,2022,7,13,25,-0.8,5.1,23,10,secret,49.00238,-125.3678,49.00217,-125.3672,10,,3,93,,,,51,5,,0,XLA
GL,5,2022,7,13,25,-0.8,5.1,23,10,secret,49.00238,-125.3678,49.00217,-125.3672,10,,3,40,,12,,51,6,,0,XMB
GL,5,2022,7,13,25,-0.8,5.1,23,10,secret,49.00238,-125.3678,49.00217,-125.3672,10,,3,110,,,,51,6,,0,XLA
GL,5,2022,7,13,25,-0.8,5.1,23,10,secret,49.00238,-125.3678,49.00217,-125.3672,10,,3,98,,,,51,6,,0,XLA
GL,5,2022,7,13,25,-0.8,5.1,23,10,secret,49.00238,-125.3678,49.00217,-125.3672,10,,1,137,,,,51,6,,0,XLA
GL,6,2022,7,13,25,-1.1,4.8,23,10,secret,49.00274,-125.3675,49.00252,-125.3668,10,LF trap 1 line 25 Marks was keypunched as 1 (unlikely for female crab :-)),1,55,,11,,51,1,,0,XMB
GL,6,2022,7,13,25,-1.1,4.8,23,10,secret,49.00274,-125.3675,49.00252,-125.3668,10,LF trap 1 line 25 Marks was keypunched as 1 (unlikely for female crab :-)),1,70,,14,,51,1,,0,XMB
GL,6,2022,7,13,25,-1.1,4.8,23,10,secret,49.00274,-125.3675,49.00252,-125.3668,10,LF trap 1 line 25 Marks was keypunched as 1 (unlikely for female crab :-)),3,59,,11,,51,1,,0,XMB
GL,6,2022,7,13,25,-1.1,4.8,23,10,secret,49.00274,-125.3675,49.00252,-125.3668,10,LF trap 1 line 25 Marks was keypunched as 1 (unlikely for female crab :-)),1,52,,11,,51,1,,0,XMB
GL,6,2022,7,13,25,-1.1,4.8,23,10,secret,49.00274,-125.3675,49.00252,-125.3668,10,LF trap 1 line 25 Marks was keypunched as 1 (unlikely for female crab :-)),1,50,,11,,51,1,,0,XMB
GL,6,2022,7,13,25,-1.1,4.8,23,10,secret,49.00274,-125.3675,49.00252,-125.3668,10,LF trap 1 line 25 Marks was keypunched as 1 (unlikely for female crab :-)),1,47,,11,,51,1,,0,XMB
GL,6,2022,7,13,25,-1.1,4.8,23,10,secret,49.00274,-125.3675,49.00252,-125.3668,10,LF trap 1 line 25 Marks was keypunched as 1 (unlikely for female crab :-)),1,54,,11,,51,1,,0,XMB
GL,6,2022,7,13,25,-1.1,4.8,23,10,secret,49.00274,-125.3675,49.00252,-125.3668,10,LF trap 1 line 25 Marks was keypunched as 1 (unlikely for female crab :-)),1,43,,11,,51,1,,0,XMB
GL,6,2022,7,13,25,-1.1,4.8,23,10,secret,49.00274,-125.3675,49.00252,-125.3668,10,LF trap 1 line 25 Marks was keypunched as 1 (unlikely for female crab :-)),1,37,,11,,51,1,,0,XMB
GL,6,2022,7,13,25,-1.1,4.8,23,10,secret,49.00274,-125.3675,49.00252,-125.3668,10,LF trap 1 line 25 Marks was keypunched as 1 (unlikely for female crab :-)),1,53,,11,,51,1,,0,XMB
GL,6,2022,7,13,25,-1.1,4.8,23,10,secret,49.00274,-125.3675,49.00252,-125.3668,10,LF trap 1 line 25 Marks was keypunched as 1 (unlikely for female crab :-)),1,53,,11,,51,1,,0,XMB
GL,6,2022,7,13,25,-1.1,4.8,23,10,secret,49.00274,-125.3675,49.00252,-125.3668,10,LF trap 1 line 25 Marks was keypunched as 1 (unlikely for female crab :-)),1,48,,11,,51,1,,0,XMB
GL,6,2022,7,13,25,-1.1,4.8,23,10,secret,49.00274,-125.3675,49.00252,-125.3668,10,LF trap 1 line 25 Marks was keypunched as 1 (unlikely for female crab :-)),3,47,,12,,51,1,,0,XMB
GL,6,2022,7,13,25,-1.1,4.8,23,10,secret,49.00274,-125.3675,49.00252,-125.3668,10,LF trap 1 line 25 Marks was keypunched as 1 (unlikely for female crab :-)),3,52,,12,,51,1,,0,XMB
GL,6,2022,7,13,25,-1.1,4.8,23,10,secret,49.00274,-125.3675,49.00252,-125.3668,10,LF trap 1 line 25 Marks was keypunched as 1 (unlikely for female crab :-)),3,45,,11,,51,1,,0,XMB
GL,6,2022,7,13,25,-1.1,4.8,23,10,secret,49.00274,-125.3675,49.00252,-125.3668,10,LF trap 1 line 25 Marks was keypunched as 1 (unlikely for female crab :-)),1,45,,11,,51,1,,0,XMB
GL,6,2022,7,13,25,-1.1,4.8,23,10,secret,49.00274,-125.3675,49.00252,-125.3668,10,LF trap 1 line 25 Marks was keypunched as 1 (unlikely for female crab :-)),3,45,,11,,51,1,,0,XMB
GL,6,2022,7,13,25,-1.1,4.8,23,10,secret,49.00274,-125.3675,49.00252,-125.3668,10,LF trap 1 line 25 Marks was keypunched as 1 (unlikely for female crab :-)),3,48,,13,,51,1,,0,XMB
GL,6,2022,7,13,25,-1.1,4.8,23,10,secret,49.00274,-125.3675,49.00252,-125.3668,10,LF trap 1 line 25 Marks was keypunched as 1 (unlikely for female crab :-)),3,42,,12,,51,1,,0,XMB
GL,6,2022,7,13,25,-1.1,4.8,23,10,secret,49.00274,-125.3675,49.00252,-125.3668,10,LF trap 1 line 25 Marks was keypunched as 1 (unlikely for female crab :-)),3,44,,13,,51,1,,0,XMB
GL,6,2022,7,13,25,-1.1,4.8,23,10,secret,49.00274,-125.3675,49.00252,-125.3668,10,LF trap 1 line 25 Marks was keypunched as 1 (unlikely for female crab :-)),1,45,,11,,51,1,,0,XMB
GL,6,2022,7,13,25,-1.1,4.8,23,10,secret,49.00274,-125.3675,49.00252,-125.3668,10,LF trap 1 line 25 Marks was keypunched as 1 (unlikely for female crab :-)),1,42,,11,,51,1,,0,XMB
GL,6,2022,7,13,25,-1.1,4.8,23,10,secret,49.00274,-125.3675,49.00252,-125.3668,10,LF trap 1 line 25 Marks was keypunched as 1 (unlikely for female crab :-)),3,58,,12,,51,1,,0,XMB
GL,6,2022,7,13,25,-1.1,4.8,23,10,secret,49.00274,-125.3675,49.00252,-125.3668,10,LF trap 1 line 25 Marks was keypunched as 1 (unlikely for female crab :-)),1,40,,12,,51,1,,0,XMB
GL,6,2022,7,13,25,-1.1,4.8,23,10,secret,49.00274,-125.3675,49.00252,-125.3668,10,LF trap 1 line 25 Marks was keypunched as 1 (unlikely for female crab :-)),3,48,,,,51,1,,0,XMB
GL,6,2022,7,13,25,-1.1,4.8,23,10,secret,49.00274,-125.3675,49.00252,-125.3668,10,LF trap 1 line 25 Marks was keypunched as 1 (unlikely for female crab :-)),1,45,,11,,51,1,,0,XMB
GL,6,2022,7,13,25,-1.1,4.8,23,10,secret,49.00274,-125.3675,49.00252,-125.3668,10,LF trap 1 line 25 Marks was keypunched as 1 (unlikely for female crab :-)),1,43,,11,,51,1,,0,XMB
GL,6,2022,7,13,25,-1.1,4.8,23,10,secret,49.00274,-125.3675,49.00252,-125.3668,10,LF trap 1 line 25 Marks was keypunched as 1 (unlikely for female crab :-)),1,46,,11,,51,1,,0,XMB
GL,6,2022,7,13,25,-1.1,4.8,23,10,secret,49.00274,-125.3675,49.00252,-125.3668,10,LF trap 1 line 25 Marks was keypunched as 1 (unlikely for female crab :-)),1,42,,11,,51,1,,0,XMB
GL,6,2022,7,13,25,-1.1,4.8,23,10,secret,49.00274,-125.3675,49.00252,-125.3668,10,LF trap 1 line 25 Marks was keypunched as 1 (unlikely for female crab :-)),1,48,,11,,51,1,,0,XMB
GL,6,2022,7,13,25,-1.1,4.8,23,10,secret,49.00274,-125.3675,49.00252,-125.3668,10,LF trap 1 line 25 Marks was keypunched as 1 (unlikely for female crab :-)),1,55,,11,,51,2,,0,XMB
GL,6,2022,7,13,25,-1.1,4.8,23,10,secret,49.00274,-125.3675,49.00252,-125.3668,10,LF trap 1 line 25 Marks was keypunched as 1 (unlikely for female crab :-)),3,64,,13,,51,2,,0,XMB
GL,6,2022,7,13,25,-1.1,4.8,23,10,secret,49.00274,-125.3675,49.00252,-125.3668,10,LF trap 1 line 25 Marks was keypunched as 1 (unlikely for female crab :-)),1,52,,11,,51,2,,0,XMB
GL,6,2022,7,13,25,-1.1,4.8,23,10,secret,49.00274,-125.3675,49.00252,-125.3668,10,LF trap 1 line 25 Marks was keypunched as 1 (unlikely for female crab :-)),1,49,,11,,51,2,,0,XMB
GL,6,2022,7,13,25,-1.1,4.8,23,10,secret,49.00274,-125.3675,49.00252,-125.3668,10,LF trap 1 line 25 Marks was keypunched as 1 (unlikely for female crab :-)),1,42,,11,,51,2,,0,XMB
GL,6,2022,7,13,25,-1.1,4.8,23,10,secret,49.00274,-125.3675,49.00252,-125.3668,10,LF trap 1 line 25 Marks was keypunched as 1 (unlikely for female crab :-)),3,42,,12,,51,2,,0,XMB
GL,6,2022,7,13,25,-1.1,4.8,23,10,secret,49.00274,-125.3675,49.00252,-125.3668,10,LF trap 1 line 25 Marks was keypunched as 1 (unlikely for female crab :-)),1,39,,11,,51,2,,0,XMB
GL,6,2022,7,13,25,-1.1,4.8,23,10,secret,49.00274,-125.3675,49.00252,-125.3668,10,LF trap 1 line 25 Marks was keypunched as 1 (unlikely for female crab :-)),1,105,,,,51,3,,0,XLA
GL,6,2022,7,13,25,-1.1,4.8,23,10,secret,49.00274,-125.3675,49.00252,-125.3668,10,LF trap 1 line 25 Marks was keypunched as 1 (unlikely for female crab :-)),3,114,,,,51,3,,0,XLA
GL,6,2022,7,13,25,-1.1,4.8,23,10,secret,49.00274,-125.3675,49.00252,-125.3668,10,LF trap 1 line 25 Marks was keypunched as 1 (unlikely for female crab :-)),1,66,,,,51,3,,0,XKG
GL,6,2022,7,13,25,-1.1,4.8,23,10,secret,49.00274,-125.3675,49.00252,-125.3668,10,LF trap 1 line 25 Marks was keypunched as 1 (unlikely for female crab :-)),1,66,,,,51,3,,0,XKG
GL,6,2022,7,13,25,-1.1,4.8,23,10,secret,49.00274,-125.3675,49.00252,-125.3668,10,LF trap 1 line 25 Marks was keypunched as 1 (unlikely for female crab :-)),3,46,,14,,51,3,,0,XMB
GL,6,2022,7,13,25,-1.1,4.8,23,10,secret,49.00274,-125.3675,49.00252,-125.3668,10,LF trap 1 line 25 Marks was keypunched as 1 (unlikely for female crab :-)),1,46,,11,,51,3,,0,XMB
GL,6,2022,7,13,25,-1.1,4.8,23,10,secret,49.00274,-125.3675,49.00252,-125.3668,10,LF trap 1 line 25 Marks was keypunched as 1 (unlikely for female crab :-)),1,44,,11,,51,3,,0,XMB
GL,6,2022,7,13,25,-1.1,4.8,23,10,secret,49.00274,-125.3675,49.00252,-125.3668,10,LF trap 1 line 25 Marks was keypunched as 1 (unlikely for female crab :-)),3,47,,13,,51,3,,0,XMB
GL,6,2022,7,13,25,-1.1,4.8,23,10,secret,49.00274,-125.3675,49.00252,-125.3668,10,LF trap 1 line 25 Marks was keypunched as 1 (unlikely for female crab :-)),1,132,,,,51,4,,0,XLA
GL,6,2022,7,13,25,-1.1,4.8,23,10,secret,49.00274,-125.3675,49.00252,-125.3668,10,LF trap 1 line 25 Marks was keypunched as 1 (unlikely for female crab :-)),3,118,,,,51,4,,0,XLA
GL,6,2022,7,13,25,-1.1,4.8,23,10,secret,49.00274,-125.3675,49.00252,-125.3668,10,LF trap 1 line 25 Marks was keypunched as 1 (unlikely for female crab :-)),1,103,,,,51,4,,0,XLA
GL,6,2022,7,13,25,-1.1,4.8,23,10,secret,49.00274,-125.3675,49.00252,-125.3668,10,LF trap 1 line 25 Marks was keypunched as 1 (unlikely for female crab :-)),3,103,,,,51,4,,0,XLA
GL,6,2022,7,13,25,-1.1,4.8,23,10,secret,49.00274,-125.3675,49.00252,-125.3668,10,LF trap 1 line 25 Marks was keypunched as 1 (unlikely for female crab :-)),1,87,,,,51,4,,0,XLA
GL,6,2022,7,13,25,-1.1,4.8,23,10,secret,49.00274,-125.3675,49.00252,-125.3668,10,LF trap 1 line 25 Marks was keypunched as 1 (unlikely for female crab :-)),3,92,,,,51,4,,0,XLA
GL,6,2022,7,13,25,-1.1,4.8,23,10,secret,49.00274,-125.3675,49.00252,-125.3668,10,LF trap 1 line 25 Marks was keypunched as 1 (unlikely for female crab :-)),1,64,,,,51,4,,0,XLA
GL,6,2022,7,13,25,-1.1,4.8,23,10,secret,49.00274,-125.3675,49.00252,-125.3668,10,LF trap 1 line 25 Marks was keypunched as 1 (unlikely for female crab :-)),1,142,,,,51,5,,0,XLA
GL,6,2022,7,13,25,-1.1,4.8,23,10,secret,49.00274,-125.3675,49.00252,-125.3668,10,LF trap 1 line 25 Marks was keypunched as 1 (unlikely for female crab :-)),1,135,,,,51,5,,0,XLA
GL,6,2022,7,13,25,-1.1,4.8,23,10,secret,49.00274,-125.3675,49.00252,-125.3668,10,LF trap 1 line 25 Marks was keypunched as 1 (unlikely for female crab :-)),1,136,,,,51,5,,0,XLA
GL,6,2022,7,13,25,-1.1,4.8,23,10,secret,49.00274,-125.3675,49.00252,-125.3668,10,LF trap 1 line 25 Marks was keypunched as 1 (unlikely for female crab :-)),3,100,,,,51,5,,0,XLA
GL,6,2022,7,13,25,-1.1,4.8,23,10,secret,49.00274,-125.3675,49.00252,-125.3668,10,LF trap 1 line 25 Marks was keypunched as 1 (unlikely for female crab :-)),1,147,,,,51,6,,0,XLA
GL,6,2022,7,13,25,-1.1,4.8,23,10,secret,49.00274,-125.3675,49.00252,-125.3668,10,LF trap 1 line 25 Marks was keypunched as 1 (unlikely for female crab :-)),3,109,,,,51,6,,0,XLA
GL,6,2022,7,13,25,-1.1,4.8,23,10,secret,49.00274,-125.3675,49.00252,-125.3668,10,LF trap 1 line 25 Marks was keypunched as 1 (unlikely for female crab :-)),3,112,,,,51,6,,0,XLA
GL,7,2022,7,13,25,-1.4,0.8,23,10,secret,49.00317,-125.3676,49.00305,-125.3669,10,,3,51,,12,,51,1,,0,XMB
GL,7,2022,7,13,25,-1.4,0.8,23,10,secret,49.00317,-125.3676,49.00305,-125.3669,10,,3,46,,11,,51,1,,0,XMB
GL,7,2022,7,13,25,-1.4,0.8,23,10,secret,49.00317,-125.3676,49.00305,-125.3669,10,,1,47,,11,,51,1,,0,XMB
GL,7,2022,7,13,25,-1.4,0.8,23,10,secret,49.00317,-125.3676,49.00305,-125.3669,10,,1,44,,11,,51,1,,0,XMB
GL,7,2022,7,13,25,-1.4,0.8,23,10,secret,49.00317,-125.3676,49.00305,-125.3669,10,,3,47,,13,,51,1,,0,XMB
GL,7,2022,7,13,25,-1.4,0.8,23,10,secret,49.00317,-125.3676,49.00305,-125.3669,10,,1,46,,11,,51,1,,0,XMB
GL,7,2022,7,13,25,-1.4,0.8,23,10,secret,49.00317,-125.3676,49.00305,-125.3669,10,,3,45,,12,,51,1,,0,XMB
GL,7,2022,7,13,25,-1.4,0.8,23,10,secret,49.00317,-125.3676,49.00305,-125.3669,10,,3,41,,12,,51,2,,0,XMB
GL,7,2022,7,13,25,-1.4,0.8,23,10,secret,49.00317,-125.3676,49.00305,-125.3669,10,,1,48,,11,,51,2,,0,XMB
GL,7,2022,7,13,25,-1.4,0.8,23,10,secret,49.00317,-125.3676,49.00305,-125.3669,10,,3,36,,11,,51,2,,0,XMB
GL,7,2022,7,13,25,-1.4,0.8,23,10,secret,49.00317,-125.3676,49.00305,-125.3669,10,,3,50,,11,,51,2,,0,XMB
GL,7,2022,7,13,25,-1.4,0.8,23,10,secret,49.00317,-125.3676,49.00305,-125.3669,10,,3,41,,13,,51,2,,0,XMB
GL,7,2022,7,13,25,-1.4,0.8,23,10,secret,49.00317,-125.3676,49.00305,-125.3669,10,,1,38,,11,,51,2,,0,XMB
GL,7,2022,7,13,25,-1.4,0.8,23,10,secret,49.00317,-125.3676,49.00305,-125.3669,10,,3,38,,13,,51,2,,0,XMB
GL,7,2022,7,13,25,-1.4,0.8,23,10,secret,49.00317,-125.3676,49.00305,-125.3669,10,,3,41,,11,,51,2,,0,XMB
GL,7,2022,7,13,25,-1.4,0.8,23,10,secret,49.00317,-125.3676,49.00305,-125.3669,10,,3,47,,13,,51,2,,0,XMB
GL,7,2022,7,13,25,-1.4,0.8,23,10,secret,49.00317,-125.3676,49.00305,-125.3669,10,,3,44,,11,,51,2,,0,XMB
GL,7,2022,7,13,25,-1.4,0.8,23,10,secret,49.00317,-125.3676,49.00305,-125.3669,10,,3,45,,12,,51,2,,0,XMB
GL,7,2022,7,13,25,-1.4,0.8,23,10,secret,49.00317,-125.3676,49.00305,-125.3669,10,,3,45,,11,,51,2,,0,XMB
GL,7,2022,7,13,25,-1.4,0.8,23,10,secret,49.00317,-125.3676,49.00305,-125.3669,10,,3,43,,13,,51,2,,0,XMB
GL,7,2022,7,13,25,-1.4,0.8,23,10,secret,49.00317,-125.3676,49.00305,-125.3669,10,,3,40,,11,,51,2,,0,XMB
GL,7,2022,7,13,25,-1.4,0.8,23,10,secret,49.00317,-125.3676,49.00305,-125.3669,10,,3,47,,11,,51,2,,0,XMB
GL,7,2022,7,13,25,-1.4,0.8,23,10,secret,49.00317,-125.3676,49.00305,-125.3669,10,,1,38,,11,,51,2,,0,XMB
GL,7,2022,7,13,25,-1.4,0.8,23,10,secret,49.00317,-125.3676,49.00305,-125.3669,10,,3,44,,11,,51,2,,0,XMB
GL,7,2022,7,13,25,-1.4,0.8,23,10,secret,49.00317,-125.3676,49.00305,-125.3669,10,,3,37,,14,,51,2,,0,XMB
GL,7,2022,7,13,25,-1.4,0.8,23,10,secret,49.00317,-125.3676,49.00305,-125.3669,10,,3,43,,12,,51,2,,0,XMB
GL,7,2022,7,13,25,-1.4,0.8,23,10,secret,49.00317,-125.3676,49.00305,-125.3669,10,,1,35,,11,,51,2,,0,XMB
GL,7,2022,7,13,25,-1.4,0.8,23,10,secret,49.00317,-125.3676,49.00305,-125.3669,10,,1,43,,11,,51,2,,0,XMB
GL,7,2022,7,13,25,-1.4,0.8,23,10,secret,49.00317,-125.3676,49.00305,-125.3669,10,,1,132,,,,51,3,,0,XLA
GL,7,2022,7,13,25,-1.4,0.8,23,10,secret,49.00317,-125.3676,49.00305,-125.3669,10,,1,65,,,,51,3,,0,XLA
GL,7,2022,7,13,25,-1.4,0.8,23,10,secret,49.00317,-125.3676,49.00305,-125.3669,10,,1,35,,,,51,3,,0,XKE
GL,7,2022,7,13,25,-1.4,0.8,23,10,secret,49.00317,-125.3676,49.00305,-125.3669,10,,1,43,,11,,51,3,,0,XMB
GL,7,2022,7,13,25,-1.4,0.8,23,10,secret,49.00317,-125.3676,49.00305,-125.3669,10,,3,39,,11,,51,3,,0,XMB
GL,7,2022,7,13,25,-1.4,0.8,23,10,secret,49.00317,-125.3676,49.00305,-125.3669,10,,3,50,,12,,51,3,,0,XMB
GL,7,2022,7,13,25,-1.4,0.8,23,10,secret,49.00317,-125.3676,49.00305,-125.3669,10,,3,42,,13,,51,3,,0,XMB
GL,7,2022,7,13,25,-1.4,0.8,23,10,secret,49.00317,-125.3676,49.00305,-125.3669,10,,3,46,,11,,51,3,,0,XMB
GL,7,2022,7,13,25,-1.4,0.8,23,10,secret,49.00317,-125.3676,49.00305,-125.3669,10,,1,42,,11,,51,3,,0,XMB
GL,7,2022,7,13,25,-1.4,0.8,23,10,secret,49.00317,-125.3676,49.00305,-125.3669,10,,3,43,,13,,51,3,,0,XMB
GL,7,2022,7,13,25,-1.4,0.8,23,10,secret,49.00317,-125.3676,49.00305,-125.3669,10,,3,43,,13,,51,3,,0,XMB
GL,7,2022,7,13,25,-1.4,0.8,23,10,secret,49.00317,-125.3676,49.00305,-125.3669,10,,3,92,,,,51,4,,0,XLA
GL,7,2022,7,13,25,-1.4,0.8,23,10,secret,49.00317,-125.3676,49.00305,-125.3669,10,,3,123,,,,51,4,,0,XLA
GL,7,2022,7,13,25,-1.4,0.8,23,10,secret,49.00317,-125.3676,49.00305,-125.3669,10,,3,101,,,,51,4,,0,XLA
GL,7,2022,7,13,25,-1.4,0.8,23,10,secret,49.00317,-125.3676,49.00305,-125.3669,10,,1,59,,,,51,4,,0,XLA
GL,7,2022,7,13,25,-1.4,0.8,23,10,secret,49.00317,-125.3676,49.00305,-125.3669,10,,1,33,,,,51,4,,0,XLA
GL,7,2022,7,13,25,-1.4,0.8,23,10,secret,49.00317,-125.3676,49.00305,-125.3669,10,,1,36,,,,51,4,,0,XLA
GL,7,2022,7,13,25,-1.4,0.8,23,10,secret,49.00317,-125.3676,49.00305,-125.3669,10,,3,65,,13,,51,4,,0,XMB
GL,7,2022,7,13,25,-1.4,0.8,23,10,secret,49.00317,-125.3676,49.00305,-125.3669,10,,1,55,,11,,51,4,,0,XMB
GL,7,2022,7,13,25,-1.4,0.8,23,10,secret,49.00317,-125.3676,49.00305,-125.3669,10,,1,45,,11,,51,4,,0,XMB
GL,7,2022,7,13,25,-1.4,0.8,23,10,secret,49.00317,-125.3676,49.00305,-125.3669,10,,1,44,,11,,51,4,,0,XMB
GL,7,2022,7,13,25,-1.4,0.8,23,10,secret,49.00317,-125.3676,49.00305,-125.3669,10,,3,56,,14,,51,4,,0,XMB
GL,7,2022,7,13,25,-1.4,0.8,23,10,secret,49.00317,-125.3676,49.00305,-125.3669,10,,3,48,,11,,51,4,,0,XMB
GL,7,2022,7,13,25,-1.4,0.8,23,10,secret,49.00317,-125.3676,49.00305,-125.3669,10,,3,50,,11,,51,4,,0,XMB
GL,7,2022,7,13,25,-1.4,0.8,23,10,secret,49.00317,-125.3676,49.00305,-125.3669,10,,3,47,,13,,51,4,,0,XMB
GL,7,2022,7,13,25,-1.4,0.8,23,10,secret,49.00317,-125.3676,49.00305,-125.3669,10,,1,44,,11,,51,4,,0,XMB
GL,7,2022,7,13,25,-1.4,0.8,23,10,secret,49.00317,-125.3676,49.00305,-125.3669,10,,3,47,,12,,51,4,,0,XMB
GL,7,2022,7,13,25,-1.4,0.8,23,10,secret,49.00317,-125.3676,49.00305,-125.3669,10,,3,50,,11,,51,4,,0,XMB
GL,7,2022,7,13,25,-1.4,0.8,23,10,secret,49.00317,-125.3676,49.00305,-125.3669,10,,1,46,,11,,51,4,,0,XMB
GL,7,2022,7,13,25,-1.4,0.8,23,10,secret,49.00317,-125.3676,49.00305,-125.3669,10,,1,52,,11,,51,4,,0,XMB
GL,7,2022,7,13,25,-1.4,0.8,23,10,secret,49.00317,-125.3676,49.00305,-125.3669,10,,3,45,,13,,51,4,,0,XMB
GL,7,2022,7,13,25,-1.4,0.8,23,10,secret,49.00317,-125.3676,49.00305,-125.3669,10,,3,50,,12,,51,4,,0,XMB
GL,7,2022,7,13,25,-1.4,0.8,23,10,secret,49.00317,-125.3676,49.00305,-125.3669,10,,3,45,,11,,51,4,,0,XMB
GL,7,2022,7,13,25,-1.4,0.8,23,10,secret,49.00317,-125.3676,49.00305,-125.3669,10,,3,52,,11,,51,4,,0,XMB
GL,7,2022,7,13,25,-1.4,0.8,23,10,secret,49.00317,-125.3676,49.00305,-125.3669,10,,1,46,,11,,51,4,,0,XMB
GL,7,2022,7,13,25,-1.4,0.8,23,10,secret,49.00317,-125.3676,49.00305,-125.3669,10,,1,42,,11,,51,4,,0,XMB
GL,7,2022,7,13,25,-1.4,0.8,23,10,secret,49.00317,-125.3676,49.00305,-125.3669,10,,3,50,,13,,51,4,,0,XMB
GL,7,2022,7,13,25,-1.4,0.8,23,10,secret,49.00317,-125.3676,49.00305,-125.3669,10,,3,42,,11,,51,4,,0,XMB
GL,7,2022,7,13,25,-1.4,0.8,23,10,secret,49.00317,-125.3676,49.00305,-125.3669,10,,3,44,,11,,51,4,,0,XMB
GL,7,2022,7,13,25,-1.4,0.8,23,10,secret,49.00317,-125.3676,49.00305,-125.3669,10,,3,43,,11,,51,4,,0,XMB
GL,7,2022,7,13,25,-1.4,0.8,23,10,secret,49.00317,-125.3676,49.00305,-125.3669,10,,1,42,,11,,51,4,,0,XMB
GL,7,2022,7,13,25,-1.4,0.8,23,10,secret,49.00317,-125.3676,49.00305,-125.3669,10,,3,36,,11,,51,4,,0,XMB
GL,7,2022,7,13,25,-1.4,0.8,23,10,secret,49.00317,-125.3676,49.00305,-125.3669,10,,1,44,,11,,51,4,,0,XMB
GL,7,2022,7,13,25,-1.4,0.8,23,10,secret,49.00317,-125.3676,49.00305,-125.3669,10,,1,38,,11,,51,4,,0,XMB
GL,7,2022,7,13,25,-1.4,0.8,23,10,secret,49.00317,-125.3676,49.00305,-125.3669,10,,1,41,,,,51,4,,0,XKE
GL,7,2022,7,13,25,-1.4,0.8,23,10,secret,49.00317,-125.3676,49.00305,-125.3669,10,,1,49,,,,51,4,,0,XKE
GL,7,2022,7,13,25,-1.4,0.8,23,10,secret,49.00317,-125.3676,49.00305,-125.3669,10,,1,46,,,,51,4,,0,XKE
GL,7,2022,7,13,25,-1.4,0.8,23,10,secret,49.00317,-125.3676,49.00305,-125.3669,10,,3,43,,,,51,4,,0,XKE
GL,7,2022,7,13,25,-1.4,0.8,23,10,secret,49.00317,-125.3676,49.00305,-125.3669,10,,1,100,,,,51,5,,0,XLA
GL,7,2022,7,13,25,-1.4,0.8,23,10,secret,49.00317,-125.3676,49.00305,-125.3669,10,,1,132,,,,51,5,,0,XLA
GL,7,2022,7,13,25,-1.4,0.8,23,10,secret,49.00317,-125.3676,49.00305,-125.3669,10,,1,48,,11,,51,5,,0,XMB
GL,7,2022,7,13,25,-1.4,0.8,23,10,secret,49.00317,-125.3676,49.00305,-125.3669,10,,3,49,,14,,51,5,,0,XMB
GL,7,2022,7,13,25,-1.4,0.8,23,10,secret,49.00317,-125.3676,49.00305,-125.3669,10,,1,49,,11,,51,5,,0,XMB
GL,7,2022,7,13,25,-1.4,0.8,23,10,secret,49.00317,-125.3676,49.00305,-125.3669,10,,3,42,,11,,51,5,,0,XMB
GL,7,2022,7,13,25,-1.4,0.8,23,10,secret,49.00317,-125.3676,49.00305,-125.3669,10,,1,118,,,,51,6,,0,XLA
GL,7,2022,7,13,25,-1.4,0.8,23,10,secret,49.00317,-125.3676,49.00305,-125.3669,10,,1,138,,,,51,6,,0,XLA
GL,7,2022,7,13,25,-1.4,0.8,23,10,secret,49.00317,-125.3676,49.00305,-125.3669,10,,1,96,,,,51,6,,0,XLA
GL,7,2022,7,13,25,-1.4,0.8,23,10,secret,49.00317,-125.3676,49.00305,-125.3669,10,,1,42,,11,,51,6,,0,XMB
GL,7,2022,7,13,25,-1.4,0.8,23,10,secret,49.00317,-125.3676,49.00305,-125.3669,10,,3,45,,11,,51,6,,0,XMB
GL,7,2022,7,13,25,-1.4,0.8,23,10,secret,49.00317,-125.3676,49.00305,-125.3669,10,,1,45,,11,,51,6,,0,XMB
GL,7,2022,7,13,25,-1.4,0.8,23,10,secret,49.00317,-125.3676,49.00305,-125.3669,10,,1,65,,11,,51,6,,0,XMB
GL,8,2022,7,13,25,-0.8,6,23,10,secret,49.00382,-125.3674,49.00377,-125.3667,10,,3,114,,,,51,1,,0,XLA
GL,8,2022,7,13,25,-0.8,6,23,10,secret,49.00382,-125.3674,49.00377,-125.3667,10,,3,62,,11,,51,1,,0,XMB
GL,8,2022,7,13,25,-0.8,6,23,10,secret,49.00382,-125.3674,49.00377,-125.3667,10,,3,61,,13,,51,1,,0,XMB
GL,8,2022,7,13,25,-0.8,6,23,10,secret,49.00382,-125.3674,49.00377,-125.3667,10,,3,51,,12,,51,1,,0,XMB
GL,8,2022,7,13,25,-0.8,6,23,10,secret,49.00382,-125.3674,49.00377,-125.3667,10,,3,47,,12,,51,1,,0,XMB
GL,8,2022,7,13,25,-0.8,6,23,10,secret,49.00382,-125.3674,49.00377,-125.3667,10,,3,48,,12,,51,1,,0,XMB
GL,8,2022,7,13,25,-0.8,6,23,10,secret,49.00382,-125.3674,49.00377,-125.3667,10,,1,44,,11,,51,1,,0,XMB
GL,8,2022,7,13,25,-0.8,6,23,10,secret,49.00382,-125.3674,49.00377,-125.3667,10,,1,49,,11,,51,1,,0,XMB
GL,8,2022,7,13,25,-0.8,6,23,10,secret,49.00382,-125.3674,49.00377,-125.3667,10,,3,48,,12,,51,1,,0,XMB
GL,8,2022,7,13,25,-0.8,6,23,10,secret,49.00382,-125.3674,49.00377,-125.3667,10,,1,45,,11,,51,1,,0,XMB
GL,8,2022,7,13,25,-0.8,6,23,10,secret,49.00382,-125.3674,49.00377,-125.3667,10,,1,42,,13,,51,1,,0,XMB
GL,8,2022,7,13,25,-0.8,6,23,10,secret,49.00382,-125.3674,49.00377,-125.3667,10,,3,39,,12,,51,1,,0,XMB
GL,8,2022,7,13,25,-0.8,6,23,10,secret,49.00382,-125.3674,49.00377,-125.3667,10,,3,44,,11,,51,1,,0,XMB
GL,8,2022,7,13,25,-0.8,6,23,10,secret,49.00382,-125.3674,49.00377,-125.3667,10,,3,52,,14,,51,1,,0,XMB
GL,8,2022,7,13,25,-0.8,6,23,10,secret,49.00382,-125.3674,49.00377,-125.3667,10,,1,38,,11,,51,1,,0,XMB
GL,8,2022,7,13,25,-0.8,6,23,10,secret,49.00382,-125.3674,49.00377,-125.3667,10,,1,117,,,,51,2,,0,XLA
GL,8,2022,7,13,25,-0.8,6,23,10,secret,49.00382,-125.3674,49.00377,-125.3667,10,,3,101,,,,51,2,,0,XLA
GL,8,2022,7,13,25,-0.8,6,23,10,secret,49.00382,-125.3674,49.00377,-125.3667,10,,3,94,,,,51,2,,0,XLA
GL,8,2022,7,13,25,-0.8,6,23,10,secret,49.00382,-125.3674,49.00377,-125.3667,10,,1,93,,,,51,2,,0,XLA
GL,8,2022,7,13,25,-0.8,6,23,10,secret,49.00382,-125.3674,49.00377,-125.3667,10,,3,68,,14,,51,2,,0,XMB
GL,8,2022,7,13,25,-0.8,6,23,10,secret,49.00382,-125.3674,49.00377,-125.3667,10,,3,63,,14,,51,2,,0,XMB
GL,8,2022,7,13,25,-0.8,6,23,10,secret,49.00382,-125.3674,49.00377,-125.3667,10,,3,45,,12,,51,2,,0,XMB
GL,8,2022,7,13,25,-0.8,6,23,10,secret,49.00382,-125.3674,49.00377,-125.3667,10,,1,55,,11,,51,2,,0,XMB
GL,8,2022,7,13,25,-0.8,6,23,10,secret,49.00382,-125.3674,49.00377,-125.3667,10,,3,47,,12,,51,2,,0,XMB
GL,8,2022,7,13,25,-0.8,6,23,10,secret,49.00382,-125.3674,49.00377,-125.3667,10,,3,109,,,,51,3,,0,XLA
GL,8,2022,7,13,25,-0.8,6,23,10,secret,49.00382,-125.3674,49.00377,-125.3667,10,,1,108,,,,51,3,,0,XLA
GL,8,2022,7,13,25,-0.8,6,23,10,secret,49.00382,-125.3674,49.00377,-125.3667,10,,3,82,,,,51,3,,0,XLA
GL,8,2022,7,13,25,-0.8,6,23,10,secret,49.00382,-125.3674,49.00377,-125.3667,10,,3,61,,,,51,3,,0,XKE
GL,8,2022,7,13,25,-0.8,6,23,10,secret,49.00382,-125.3674,49.00377,-125.3667,10,,1,50,,,,51,3,,0,XKE
GL,8,2022,7,13,25,-0.8,6,23,10,secret,49.00382,-125.3674,49.00377,-125.3667,10,,1,147,,,,51,4,,0,XLA
GL,8,2022,7,13,25,-0.8,6,23,10,secret,49.00382,-125.3674,49.00377,-125.3667,10,,1,137,,,,51,4,,0,XLA
GL,8,2022,7,13,25,-0.8,6,23,10,secret,49.00382,-125.3674,49.00377,-125.3667,10,,1,153,,,,51,4,,0,XLA
GL,8,2022,7,13,25,-0.8,6,23,10,secret,49.00382,-125.3674,49.00377,-125.3667,10,,1,142,,,,51,4,,0,XLA
GL,8,2022,7,13,25,-0.8,6,23,10,secret,49.00382,-125.3674,49.00377,-125.3667,10,,3,120,,,,51,4,,0,XLA
GL,8,2022,7,13,25,-0.8,6,23,10,secret,49.00382,-125.3674,49.00377,-125.3667,10,,1,138,,,,51,4,,0,XLA
GL,8,2022,7,13,25,-0.8,6,23,10,secret,49.00382,-125.3674,49.00377,-125.3667,10,,1,104,,,,51,4,,0,XLA
GL,8,2022,7,13,25,-0.8,6,23,10,secret,49.00382,-125.3674,49.00377,-125.3667,10,,1,122,,,,51,4,,0,XLA
GL,8,2022,7,13,25,-0.8,6,23,10,secret,49.00382,-125.3674,49.00377,-125.3667,10,,1,149,,,,51,4,,0,XLA
GL,8,2022,7,13,25,-0.8,6,23,10,secret,49.00382,-125.3674,49.00377,-125.3667,10,,1,102,,,,51,5,,0,XKE
GL,8,2022,7,13,25,-0.8,6,23,10,secret,49.00382,-125.3674,49.00377,-125.3667,10,,1,103,,,,51,5,,0,XKE
GL,8,2022,7,13,25,-0.8,6,23,10,secret,49.00382,-125.3674,49.00377,-125.3667,10,,1,106,,,,51,5,,0,XKE
GL,8,2022,7,13,25,-0.8,6,23,10,secret,49.00382,-125.3674,49.00377,-125.3667,10,,1,90,,,,51,5,,0,XKE
GL,8,2022,7,13,25,-0.8,6,23,10,secret,49.00382,-125.3674,49.00377,-125.3667,10,,1,96,,,,51,5,,0,XKE
GL,8,2022,7,13,25,-0.8,6,23,10,secret,49.00382,-125.3674,49.00377,-125.3667,10,,1,94,,,,51,5,,0,XKE
GL,8,2022,7,13,25,-0.8,6,23,10,secret,49.00382,-125.3674,49.00377,-125.3667,10,,1,91,,,,51,5,,0,XKE
GL,8,2022,7,13,25,-0.8,6,23,10,secret,49.00382,-125.3674,49.00377,-125.3667,10,,1,124,,,,51,5,,0,XLA
GL,8,2022,7,13,25,-0.8,6,23,10,secret,49.00382,-125.3674,49.00377,-125.3667,10,,3,112,,,,51,5,,0,XLA
GL,8,2022,7,13,25,-0.8,6,23,10,secret,49.00382,-125.3674,49.00377,-125.3667,10,,1,100,,,,51,6,,0,XKE
GL,8,2022,7,13,25,-0.8,6,23,10,secret,49.00382,-125.3674,49.00377,-125.3667,10,,1,89,,,,51,6,,0,XKE
GL,8,2022,7,13,25,-0.8,6,23,10,secret,49.00382,-125.3674,49.00377,-125.3667,10,,1,144,,,,51,6,,0,XLA
GL,8,2022,7,13,25,-0.8,6,23,10,secret,49.00382,-125.3674,49.00377,-125.3667,10,,1,142,,,,51,6,,0,XLA
GL,8,2022,7,13,25,-0.8,6,23,10,secret,49.00382,-125.3674,49.00377,-125.3667,10,,1,129,,,,51,6,,0,XLA
GL,9,2022,7,13,26,-1.4,0.7,23,10,secret,48.99917,-125.3691,48.99953,-125.3686,10,,1,64,,11,,51,1,,0,XMB
GL,9,2022,7,13,26,-1.4,0.7,23,10,secret,48.99917,-125.3691,48.99953,-125.3686,10,,3,66,,11,,51,1,,0,XMB
GL,9,2022,7,13,26,-1.4,0.7,23,10,secret,48.99917,-125.3691,48.99953,-125.3686,10,,1,61,,11,,51,1,,0,XMB
GL,9,2022,7,13,26,-1.4,0.7,23,10,secret,48.99917,-125.3691,48.99953,-125.3686,10,,1,50,,11,,51,1,,0,XMB
GL,9,2022,7,13,26,-1.4,0.7,23,10,secret,48.99917,-125.3691,48.99953,-125.3686,10,,1,60,,,,51,1,,0,XKE
GL,9,2022,7,13,26,-1.4,0.7,23,10,secret,48.99917,-125.3691,48.99953,-125.3686,10,,3,97,,,,51,2,,0,XLA
GL,9,2022,7,13,26,-1.4,0.7,23,10,secret,48.99917,-125.3691,48.99953,-125.3686,10,,3,67,,14,,51,2,,0,XMB
GL,9,2022,7,13,26,-1.4,0.7,23,10,secret,48.99917,-125.3691,48.99953,-125.3686,10,,3,59,,14,,51,2,,0,XMB
GL,9,2022,7,13,26,-1.4,0.7,23,10,secret,48.99917,-125.3691,48.99953,-125.3686,10,,1,68,,11,,51,2,,0,XMB
GL,9,2022,7,13,26,-1.4,0.7,23,10,secret,48.99917,-125.3691,48.99953,-125.3686,10,,1,68,,11,,51,2,,0,XMB
GL,9,2022,7,13,26,-1.4,0.7,23,10,secret,48.99917,-125.3691,48.99953,-125.3686,10,,3,47,,12,,51,2,,0,XMB
GL,9,2022,7,13,26,-1.4,0.7,23,10,secret,48.99917,-125.3691,48.99953,-125.3686,10,,1,49,,11,,51,2,,0,XMB
GL,9,2022,7,13,26,-1.4,0.7,23,10,secret,48.99917,-125.3691,48.99953,-125.3686,10,,3,44,,12,,51,2,,0,XMB
GL,9,2022,7,13,26,-1.4,0.7,23,10,secret,48.99917,-125.3691,48.99953,-125.3686,10,,3,42,,11,,51,2,,0,XMB
GL,9,2022,7,13,26,-1.4,0.7,23,10,secret,48.99917,-125.3691,48.99953,-125.3686,10,,1,44,,11,,51,2,,0,XMB
GL,9,2022,7,13,26,-1.4,0.7,23,10,secret,48.99917,-125.3691,48.99953,-125.3686,10,,1,49,,,,51,2,,0,XKG
GL,9,2022,7,13,26,-1.4,0.7,23,10,secret,48.99917,-125.3691,48.99953,-125.3686,10,,1,48,,,,51,2,,0,XKG
GL,9,2022,7,13,26,-1.4,0.7,23,10,secret,48.99917,-125.3691,48.99953,-125.3686,10,,3,42,,,,51,2,,0,XKE
GL,9,2022,7,13,26,-1.4,0.7,23,10,secret,48.99917,-125.3691,48.99953,-125.3686,10,,1,138,,,,51,3,,0,XLA
GL,9,2022,7,13,26,-1.4,0.7,23,10,secret,48.99917,-125.3691,48.99953,-125.3686,10,,1,116,,,,51,3,,0,XLA
GL,9,2022,7,13,26,-1.4,0.7,23,10,secret,48.99917,-125.3691,48.99953,-125.3686,10,,1,110,,,,51,3,,0,XLA
GL,9,2022,7,13,26,-1.4,0.7,23,10,secret,48.99917,-125.3691,48.99953,-125.3686,10,,1,116,,,,51,3,,0,XLA
GL,9,2022,7,13,26,-1.4,0.7,23,10,secret,48.99917,-125.3691,48.99953,-125.3686,10,,1,64,,11,,51,3,,0,XMB
GL,9,2022,7,13,26,-1.4,0.7,23,10,secret,48.99917,-125.3691,48.99953,-125.3686,10,,3,68,,13,,51,3,,0,XMB
GL,9,2022,7,13,26,-1.4,0.7,23,10,secret,48.99917,-125.3691,48.99953,-125.3686,10,,3,65,,13,,51,3,,0,XMB
GL,9,2022,7,13,26,-1.4,0.7,23,10,secret,48.99917,-125.3691,48.99953,-125.3686,10,,1,50,,11,,51,3,,0,XMB
GL,9,2022,7,13,26,-1.4,0.7,23,10,secret,48.99917,-125.3691,48.99953,-125.3686,10,,3,49,,13,,51,3,,0,XMB
GL,9,2022,7,13,26,-1.4,0.7,23,10,secret,48.99917,-125.3691,48.99953,-125.3686,10,,1,126,,,,51,4,,0,XLA
GL,9,2022,7,13,26,-1.4,0.7,23,10,secret,48.99917,-125.3691,48.99953,-125.3686,10,,1,40,,12,,51,4,,0,XMB
GL,9,2022,7,13,26,-1.4,0.7,23,10,secret,48.99917,-125.3691,48.99953,-125.3686,10,,3,48,,13,,51,4,,0,XMB
GL,9,2022,7,13,26,-1.4,0.7,23,10,secret,48.99917,-125.3691,48.99953,-125.3686,10,,1,56,,11,,51,4,,0,XMB
GL,9,2022,7,13,26,-1.4,0.7,23,10,secret,48.99917,-125.3691,48.99953,-125.3686,10,,1,44,,11,,51,4,,0,XMB
GL,9,2022,7,13,26,-1.4,0.7,23,10,secret,48.99917,-125.3691,48.99953,-125.3686,10,,3,48,,12,,51,4,,0,XMB
GL,9,2022,7,13,26,-1.4,0.7,23,10,secret,48.99917,-125.3691,48.99953,-125.3686,10,,1,45,,11,,51,4,,0,XMB
GL,9,2022,7,13,26,-1.4,0.7,23,10,secret,48.99917,-125.3691,48.99953,-125.3686,10,,1,52,,,,51,4,,0,XKG
GL,9,2022,7,13,26,-1.4,0.7,23,10,secret,48.99917,-125.3691,48.99953,-125.3686,10,,1,60,,,,51,4,,0,XKG
GL,9,2022,7,13,26,-1.4,0.7,23,10,secret,48.99917,-125.3691,48.99953,-125.3686,10,,1,41,,,,51,4,,0,XKG
GL,9,2022,7,13,26,-1.4,0.7,23,10,secret,48.99917,-125.3691,48.99953,-125.3686,10,,1,108,,,,51,5,,0,XLA
GL,9,2022,7,13,26,-1.4,0.7,23,10,secret,48.99917,-125.3691,48.99953,-125.3686,10,,1,53,,11,,51,5,,0,XMB
GL,9,2022,7,13,26,-1.4,0.7,23,10,secret,48.99917,-125.3691,48.99953,-125.3686,10,,1,48,,11,,51,5,,0,XMB
GL,9,2022,7,13,26,-1.4,0.7,23,10,secret,48.99917,-125.3691,48.99953,-125.3686,10,,3,52,,13,,51,5,,0,XMB
GL,9,2022,7,13,26,-1.4,0.7,23,10,secret,48.99917,-125.3691,48.99953,-125.3686,10,,1,39,,12,,51,5,,0,XMB
GL,9,2022,7,13,26,-1.4,0.7,23,10,secret,48.99917,-125.3691,48.99953,-125.3686,10,,1,50,,11,,51,5,,0,XMB
GL,9,2022,7,13,26,-1.4,0.7,23,10,secret,48.99917,-125.3691,48.99953,-125.3686,10,,1,42,,11,,51,5,,0,XMB
GL,9,2022,7,13,26,-1.4,0.7,23,10,secret,48.99917,-125.3691,48.99953,-125.3686,10,,3,41,,11,,51,5,,0,XMB
GL,9,2022,7,13,26,-1.4,0.7,23,10,secret,48.99917,-125.3691,48.99953,-125.3686,10,,1,152,,,,51,6,,0,XLA
GL,9,2022,7,13,26,-1.4,0.7,23,10,secret,48.99917,-125.3691,48.99953,-125.3686,10,,1,132,,,,51,6,,0,XLA
GL,9,2022,7,13,26,-1.4,0.7,23,10,secret,48.99917,-125.3691,48.99953,-125.3686,10,,1,141,,,,51,6,,0,XLA
GL,9,2022,7,13,26,-1.4,0.7,23,10,secret,48.99917,-125.3691,48.99953,-125.3686,10,,1,139,,,,51,6,,0,XLA
GL,9,2022,7,13,26,-1.4,0.7,23,10,secret,48.99917,-125.3691,48.99953,-125.3686,10,,3,89,,,,51,6,,0,XLA
GL,9,2022,7,13,26,-1.4,0.7,23,10,secret,48.99917,-125.3691,48.99953,-125.3686,10,,3,113,,,,51,6,,0,XLA
GL,9,2022,7,13,26,-1.4,0.7,23,10,secret,48.99917,-125.3691,48.99953,-125.3686,10,,3,118,,,,51,6,,0,XLA
GL,9,2022,7,13,26,-1.4,0.7,23,10,secret,48.99917,-125.3691,48.99953,-125.3686,10,,1,111,,,,51,6,,0,XLA
GL,9,2022,7,13,26,-1.4,0.7,23,10,secret,48.99917,-125.3691,48.99953,-125.3686,10,,1,103,,,,51,6,,0,XLA
GL,9,2022,7,13,26,-1.4,0.7,23,10,secret,48.99917,-125.3691,48.99953,-125.3686,10,,3,89,,,,51,6,,0,XLA
GL,9,2022,7,13,26,-1.4,0.7,23,10,secret,48.99917,-125.3691,48.99953,-125.3686,10,,1,102,,,,51,6,,0,XLA
GL,9,2022,7,13,26,-1.4,0.7,23,10,secret,48.99917,-125.3691,48.99953,-125.3686,10,,1,94,,,,51,6,,0,XLA
GL,9,2022,7,13,26,-1.4,0.7,23,10,secret,48.99917,-125.3691,48.99953,-125.3686,10,,1,109,,,,51,6,,0,XLA
GL,9,2022,7,13,26,-1.4,0.7,23,10,secret,48.99917,-125.3691,48.99953,-125.3686,10,,3,64,,,,51,6,,0,XLA
GL,9,2022,7,13,26,-1.4,0.7,23,10,secret,48.99917,-125.3691,48.99953,-125.3686,10,,3,49,,12,,51,6,,0,XMB
GL,10,2022,7,14,22,-1.4,-0.2,23,10,secret,49.00092,-125.3689,49.00075,-125.3683,10,,1,47,,11,,51,1,,0,XMB
GL,10,2022,7,14,22,-1.4,-0.2,23,10,secret,49.00092,-125.3689,49.00075,-125.3683,10,,1,39,,11,,51,1,,0,XMB
GL,10,2022,7,14,22,-1.4,-0.2,23,10,secret,49.00092,-125.3689,49.00075,-125.3683,10,,3,35,,12,,51,1,,0,XMB
GL,10,2022,7,14,22,-1.4,-0.2,23,10,secret,49.00092,-125.3689,49.00075,-125.3683,10,,3,44,,11,,51,1,,0,XMB
GL,10,2022,7,14,22,-1.4,-0.2,23,10,secret,49.00092,-125.3689,49.00075,-125.3683,10,,3,102,,,,51,2,,0,XLA
GL,10,2022,7,14,22,-1.4,-0.2,23,10,secret,49.00092,-125.3689,49.00075,-125.3683,10,,1,55,,11,,51,2,,0,XMB
GL,10,2022,7,14,22,-1.4,-0.2,23,10,secret,49.00092,-125.3689,49.00075,-125.3683,10,,1,42,,11,,51,2,,0,XMB
GL,10,2022,7,14,22,-1.4,-0.2,23,10,secret,49.00092,-125.3689,49.00075,-125.3683,10,,3,97,,,,51,3,,0,XLA
GL,10,2022,7,14,22,-1.4,-0.2,23,10,secret,49.00092,-125.3689,49.00075,-125.3683,10,,1,65,,11,,51,3,,0,XMB
GL,10,2022,7,14,22,-1.4,-0.2,23,10,secret,49.00092,-125.3689,49.00075,-125.3683,10,,1,60,,11,,51,3,,0,XMB
GL,10,2022,7,14,22,-1.4,-0.2,23,10,secret,49.00092,-125.3689,49.00075,-125.3683,10,,1,54,,11,,51,3,,0,XMB
GL,10,2022,7,14,22,-1.4,-0.2,23,10,secret,49.00092,-125.3689,49.00075,-125.3683,10,,1,47,,11,,51,3,,0,XMB
GL,10,2022,7,14,22,-1.4,-0.2,23,10,secret,49.00092,-125.3689,49.00075,-125.3683,10,,3,49,,12,,51,3,,0,XMB
GL,10,2022,7,14,22,-1.4,-0.2,23,10,secret,49.00092,-125.3689,49.00075,-125.3683,10,,1,42,,11,,51,3,,0,XMB
GL,10,2022,7,14,22,-1.4,-0.2,23,10,secret,49.00092,-125.3689,49.00075,-125.3683,10,,1,38,,11,,51,3,,0,XMB
GL,10,2022,7,14,22,-1.4,-0.2,23,10,secret,49.00092,-125.3689,49.00075,-125.3683,10,,3,64,,13,,51,4,,0,XMB
GL,10,2022,7,14,22,-1.4,-0.2,23,10,secret,49.00092,-125.3689,49.00075,-125.3683,10,,1,49,,11,,51,4,,0,XMB
GL,10,2022,7,14,22,-1.4,-0.2,23,10,secret,49.00092,-125.3689,49.00075,-125.3683,10,,1,47,,11,,51,4,,0,XMB
GL,10,2022,7,14,22,-1.4,-0.2,23,10,secret,49.00092,-125.3689,49.00075,-125.3683,10,,3,54,,12,,51,4,,0,XMB
GL,10,2022,7,14,22,-1.4,-0.2,23,10,secret,49.00092,-125.3689,49.00075,-125.3683,10,,3,50,,12,,51,4,,0,XMB
GL,10,2022,7,14,22,-1.4,-0.2,23,10,secret,49.00092,-125.3689,49.00075,-125.3683,10,,3,50,,12,,51,4,,0,XMB
GL,10,2022,7,14,22,-1.4,-0.2,23,10,secret,49.00092,-125.3689,49.00075,-125.3683,10,,3,47,,11,,51,4,,0,XMB
GL,10,2022,7,14,22,-1.4,-0.2,23,10,secret,49.00092,-125.3689,49.00075,-125.3683,10,,3,47,,11,,51,4,,0,XMB
GL,10,2022,7,14,22,-1.4,-0.2,23,10,secret,49.00092,-125.3689,49.00075,-125.3683,10,,3,44,,11,,51,4,,0,XMB
GL,10,2022,7,14,22,-1.4,-0.2,23,10,secret,49.00092,-125.3689,49.00075,-125.3683,10,,1,43,,11,,51,4,,0,XMB
GL,10,2022,7,14,22,-1.4,-0.2,23,10,secret,49.00092,-125.3689,49.00075,-125.3683,10,,1,41,,12,,51,4,,0,XMB
GL,10,2022,7,14,22,-1.4,-0.2,23,10,secret,49.00092,-125.3689,49.00075,-125.3683,10,,3,59,,13,,51,5,,0,XMB
GL,10,2022,7,14,22,-1.4,-0.2,23,10,secret,49.00092,-125.3689,49.00075,-125.3683,10,,3,50,,11,,51,5,,0,XMB
GL,10,2022,7,14,22,-1.4,-0.2,23,10,secret,49.00092,-125.3689,49.00075,-125.3683,10,,1,45,,11,,51,5,,0,XMB
GL,10,2022,7,14,22,-1.4,-0.2,23,10,secret,49.00092,-125.3689,49.00075,-125.3683,10,,3,40,,12,,51,5,,0,XMB
GL,10,2022,7,14,22,-1.4,-0.2,23,10,secret,49.00092,-125.3689,49.00075,-125.3683,10,,1,146,,,,51,6,,0,XLA
GL,10,2022,7,14,22,-1.4,-0.2,23,10,secret,49.00092,-125.3689,49.00075,-125.3683,10,,1,120,,,,51,6,,0,XLA
GL,10,2022,7,14,22,-1.4,-0.2,23,10,secret,49.00092,-125.3689,49.00075,-125.3683,10,,1,136,,,,51,6,,0,XLA
GL,10,2022,7,14,22,-1.4,-0.2,23,10,secret,49.00092,-125.3689,49.00075,-125.3683,10,,1,58,,11,,51,6,,0,XMB
GL,10,2022,7,14,22,-1.4,-0.2,23,10,secret,49.00092,-125.3689,49.00075,-125.3683,10,,3,45,,12,,51,6,,0,XMB
GL,11,2022,7,14,22,-1.4,-0.8,23,10,secret,49.00155,-125.3688,49.00132,-125.3683,10,,1,44,,11,,51,1,,0,XMB
GL,11,2022,7,14,22,-1.4,-0.8,23,10,secret,49.00155,-125.3688,49.00132,-125.3683,10,,3,42,,11,,51,1,,0,XMB
GL,11,2022,7,14,22,-1.4,-0.8,23,10,secret,49.00155,-125.3688,49.00132,-125.3683,10,,3,109,,,,51,1,,0,XLA
GL,11,2022,7,14,22,-1.4,-0.8,23,10,secret,49.00155,-125.3688,49.00132,-125.3683,10,,1,41,,11,,51,2,,0,XMB
GL,11,2022,7,14,22,-1.4,-0.8,23,10,secret,49.00155,-125.3688,49.00132,-125.3683,10,,3,41,,11,,51,2,,0,XMB
GL,11,2022,7,14,22,-1.4,-0.8,23,10,secret,49.00155,-125.3688,49.00132,-125.3683,10,,3,50,,14,,51,2,,0,XMB
GL,11,2022,7,14,22,-1.4,-0.8,23,10,secret,49.00155,-125.3688,49.00132,-125.3683,10,,1,43,,11,,51,2,,0,XMB
GL,11,2022,7,14,22,-1.4,-0.8,23,10,secret,49.00155,-125.3688,49.00132,-125.3683,10,,3,44,,12,,51,2,,0,XMB
GL,11,2022,7,14,22,-1.4,-0.8,23,10,secret,49.00155,-125.3688,49.00132,-125.3683,10,,1,52,,11,,51,3,,0,XMB
GL,11,2022,7,14,22,-1.4,-0.8,23,10,secret,49.00155,-125.3688,49.00132,-125.3683,10,,1,44,,11,,51,3,,0,XMB
GL,11,2022,7,14,22,-1.4,-0.8,23,10,secret,49.00155,-125.3688,49.00132,-125.3683,10,,1,61,,11,,51,3,,0,XMB
GL,11,2022,7,14,22,-1.4,-0.8,23,10,secret,49.00155,-125.3688,49.00132,-125.3683,10,,1,45,,12,,51,3,,0,XMB
GL,11,2022,7,14,22,-1.4,-0.8,23,10,secret,49.00155,-125.3688,49.00132,-125.3683,10,,3,46,,11,,51,3,,0,XMB
GL,11,2022,7,14,22,-1.4,-0.8,23,10,secret,49.00155,-125.3688,49.00132,-125.3683,10,,1,38,,11,,51,3,,0,XMB
GL,11,2022,7,14,22,-1.4,-0.8,23,10,secret,49.00155,-125.3688,49.00132,-125.3683,10,,1,69,,,,51,3,,0,XKG
GL,11,2022,7,14,22,-1.4,-0.8,23,10,secret,49.00155,-125.3688,49.00132,-125.3683,10,,1,60,,11,,51,4,,0,XMB
GL,11,2022,7,14,22,-1.4,-0.8,23,10,secret,49.00155,-125.3688,49.00132,-125.3683,10,,3,65,,14,,51,4,,0,XMB
GL,11,2022,7,14,22,-1.4,-0.8,23,10,secret,49.00155,-125.3688,49.00132,-125.3683,10,,1,65,,14,,51,4,,0,XMB
GL,11,2022,7,14,22,-1.4,-0.8,23,10,secret,49.00155,-125.3688,49.00132,-125.3683,10,,3,61,,11,,51,4,,0,XMB
GL,11,2022,7,14,22,-1.4,-0.8,23,10,secret,49.00155,-125.3688,49.00132,-125.3683,10,,3,56,,14,,51,4,,0,XMB
GL,11,2022,7,14,22,-1.4,-0.8,23,10,secret,49.00155,-125.3688,49.00132,-125.3683,10,,1,55,,11,,51,4,,0,XMB
GL,11,2022,7,14,22,-1.4,-0.8,23,10,secret,49.00155,-125.3688,49.00132,-125.3683,10,,3,61,,14,,51,4,,0,XMB
GL,11,2022,7,14,22,-1.4,-0.8,23,10,secret,49.00155,-125.3688,49.00132,-125.3683,10,,1,57,,11,,51,4,,0,XMB
GL,11,2022,7,14,22,-1.4,-0.8,23,10,secret,49.00155,-125.3688,49.00132,-125.3683,10,,3,48,,12,,51,4,,0,XMB
GL,11,2022,7,14,22,-1.4,-0.8,23,10,secret,49.00155,-125.3688,49.00132,-125.3683,10,,3,42,,12,,51,4,,0,XMB
GL,11,2022,7,14,22,-1.4,-0.8,23,10,secret,49.00155,-125.3688,49.00132,-125.3683,10,,1,39,,11,,51,4,,0,XMB
GL,11,2022,7,14,22,-1.4,-0.8,23,10,secret,49.00155,-125.3688,49.00132,-125.3683,10,,1,50,,,,51,4,,0,XKG
GL,11,2022,7,14,22,-1.4,-0.8,23,10,secret,49.00155,-125.3688,49.00132,-125.3683,10,,3,32,,,,51,4,,0,XKE
GL,11,2022,7,14,22,-1.4,-0.8,23,10,secret,49.00155,-125.3688,49.00132,-125.3683,10,,3,57,,11,,51,5,,0,XMB
GL,11,2022,7,14,22,-1.4,-0.8,23,10,secret,49.00155,-125.3688,49.00132,-125.3683,10,,3,56,,11,,51,5,,0,XMB
GL,11,2022,7,14,22,-1.4,-0.8,23,10,secret,49.00155,-125.3688,49.00132,-125.3683,10,,1,46,,12,,51,5,,0,XMB
GL,11,2022,7,14,22,-1.4,-0.8,23,10,secret,49.00155,-125.3688,49.00132,-125.3683,10,,3,51,,12,,51,5,,0,XMB
GL,11,2022,7,14,22,-1.4,-0.8,23,10,secret,49.00155,-125.3688,49.00132,-125.3683,10,,1,41,,11,,51,5,,0,XMB
GL,11,2022,7,14,22,-1.4,-0.8,23,10,secret,49.00155,-125.3688,49.00132,-125.3683,10,,1,42,,11,,51,5,,0,XMB
GL,11,2022,7,14,22,-1.4,-0.8,23,10,secret,49.00155,-125.3688,49.00132,-125.3683,10,,1,47,,11,,51,5,,0,XMB
GL,11,2022,7,14,22,-1.4,-0.8,23,10,secret,49.00155,-125.3688,49.00132,-125.3683,10,,1,47,,11,,51,5,,0,XMB
GL,11,2022,7,14,22,-1.4,-0.8,23,10,secret,49.00155,-125.3688,49.00132,-125.3683,10,,3,44,,12,,51,5,,0,XMB
GL,11,2022,7,14,22,-1.4,-0.8,23,10,secret,49.00155,-125.3688,49.00132,-125.3683,10,,3,42,,11,,51,5,,0,XMB
GL,11,2022,7,14,22,-1.4,-0.8,23,10,secret,49.00155,-125.3688,49.00132,-125.3683,10,,3,62,,14,,51,6,,0,XMB
GL,11,2022,7,14,22,-1.4,-0.8,23,10,secret,49.00155,-125.3688,49.00132,-125.3683,10,,3,63,,11,,51,6,,0,XMB
GL,11,2022,7,14,22,-1.4,-0.8,23,10,secret,49.00155,-125.3688,49.00132,-125.3683,10,,1,45,,11,,51,6,,0,XMB
GL,11,2022,7,14,22,-1.4,-0.8,23,10,secret,49.00155,-125.3688,49.00132,-125.3683,10,,1,57,,11,,51,6,,0,XMB
GL,11,2022,7,14,22,-1.4,-0.8,23,10,secret,49.00155,-125.3688,49.00132,-125.3683,10,,1,49,,11,,51,6,,0,XMB
GL,11,2022,7,14,22,-1.4,-0.8,23,10,secret,49.00155,-125.3688,49.00132,-125.3683,10,,3,46,,12,,51,6,,0,XMB
GL,11,2022,7,14,22,-1.4,-0.8,23,10,secret,49.00155,-125.3688,49.00132,-125.3683,10,,3,35,,12,,51,6,,0,XMB
GL,12,2022,7,14,22,-1.4,-0.7,23,10,secret,49.00212,-125.3686,49.00188,-125.368,10,,3,107,,,,51,1,,0,XLA
GL,12,2022,7,14,22,-1.4,-0.7,23,10,secret,49.00212,-125.3686,49.00188,-125.368,10,,3,121,,,,51,1,,0,XLA
GL,12,2022,7,14,22,-1.4,-0.7,23,10,secret,49.00212,-125.3686,49.00188,-125.368,10,,1,80,,11,,51,1,,0,XMB
GL,12,2022,7,14,22,-1.4,-0.7,23,10,secret,49.00212,-125.3686,49.00188,-125.368,10,,3,39,,11,,51,1,,0,XMB
GL,12,2022,7,14,22,-1.4,-0.7,23,10,secret,49.00212,-125.3686,49.00188,-125.368,10,,1,69,,11,,51,2,,0,XMB
GL,12,2022,7,14,22,-1.4,-0.7,23,10,secret,49.00212,-125.3686,49.00188,-125.368,10,,1,57,,11,,51,2,,0,XMB
GL,12,2022,7,14,22,-1.4,-0.7,23,10,secret,49.00212,-125.3686,49.00188,-125.368,10,,3,60,,14,,51,2,,0,XMB
GL,12,2022,7,14,22,-1.4,-0.7,23,10,secret,49.00212,-125.3686,49.00188,-125.368,10,,1,46,,11,,51,2,,0,XMB
GL,12,2022,7,14,22,-1.4,-0.7,23,10,secret,49.00212,-125.3686,49.00188,-125.368,10,,1,52,,11,,51,2,,0,XMB
GL,12,2022,7,14,22,-1.4,-0.7,23,10,secret,49.00212,-125.3686,49.00188,-125.368,10,,1,45,,11,,51,2,,0,XMB
GL,12,2022,7,14,22,-1.4,-0.7,23,10,secret,49.00212,-125.3686,49.00188,-125.368,10,,3,39,,10,,51,2,,0,XMB
GL,12,2022,7,14,22,-1.4,-0.7,23,10,secret,49.00212,-125.3686,49.00188,-125.368,10,,3,42,,10,,51,2,,0,XMB
GL,12,2022,7,14,22,-1.4,-0.7,23,10,secret,49.00212,-125.3686,49.00188,-125.368,10,,3,46,,12,,51,2,,0,XMB
GL,12,2022,7,14,22,-1.4,-0.7,23,10,secret,49.00212,-125.3686,49.00188,-125.368,10,,1,42,,11,,51,2,,0,XMB
GL,12,2022,7,14,22,-1.4,-0.7,23,10,secret,49.00212,-125.3686,49.00188,-125.368,10,,3,43,,11,,51,2,,0,XMB
GL,12,2022,7,14,22,-1.4,-0.7,23,10,secret,49.00212,-125.3686,49.00188,-125.368,10,,3,46,,13,,51,2,,0,XMB
GL,12,2022,7,14,22,-1.4,-0.7,23,10,secret,49.00212,-125.3686,49.00188,-125.368,10,,1,60,,11,,51,3,,0,XMB
GL,12,2022,7,14,22,-1.4,-0.7,23,10,secret,49.00212,-125.3686,49.00188,-125.368,10,,1,46,,11,,51,3,,0,XMB
GL,12,2022,7,14,22,-1.4,-0.7,23,10,secret,49.00212,-125.3686,49.00188,-125.368,10,,1,49,,11,,51,3,,0,XMB
GL,12,2022,7,14,22,-1.4,-0.7,23,10,secret,49.00212,-125.3686,49.00188,-125.368,10,,1,43,,11,,51,3,,0,XMB
GL,12,2022,7,14,22,-1.4,-0.7,23,10,secret,49.00212,-125.3686,49.00188,-125.368,10,,1,41,,11,,51,3,,0,XMB
GL,12,2022,7,14,22,-1.4,-0.7,23,10,secret,49.00212,-125.3686,49.00188,-125.368,10,,1,28,,11,,51,3,,0,XMB
GL,12,2022,7,14,22,-1.4,-0.7,23,10,secret,49.00212,-125.3686,49.00188,-125.368,10,,,,,,,51,4,,15,848
GL,12,2022,7,14,22,-1.4,-0.7,23,10,secret,49.00212,-125.3686,49.00188,-125.368,10,,1,46,,11,,51,5,,0,XMB
GL,12,2022,7,14,22,-1.4,-0.7,23,10,secret,49.00212,-125.3686,49.00188,-125.368,10,,3,42,,11,,51,5,,0,XMB
GL,12,2022,7,14,22,-1.4,-0.7,23,10,secret,49.00212,-125.3686,49.00188,-125.368,10,,1,39,,11,,51,5,,0,XMB
GL,12,2022,7,14,22,-1.4,-0.7,23,10,secret,49.00212,-125.3686,49.00188,-125.368,10,,1,37,,,,51,5,,0,XKE
GL,12,2022,7,14,22,-1.4,-0.7,23,10,secret,49.00212,-125.3686,49.00188,-125.368,10,,1,65,,11,,51,6,,0,XMB
GL,12,2022,7,14,22,-1.4,-0.7,23,10,secret,49.00212,-125.3686,49.00188,-125.368,10,,3,60,,13,,51,6,,0,XMB
GL,12,2022,7,14,22,-1.4,-0.7,23,10,secret,49.00212,-125.3686,49.00188,-125.368,10,,1,74,,11,,51,6,,0,XMB
GL,12,2022,7,14,22,-1.4,-0.7,23,10,secret,49.00212,-125.3686,49.00188,-125.368,10,,1,60,,11,,51,6,,0,XMB
GL,12,2022,7,14,22,-1.4,-0.7,23,10,secret,49.00212,-125.3686,49.00188,-125.368,10,,3,42,,13,,51,6,,0,XMB
GL,12,2022,7,14,22,-1.4,-0.7,23,10,secret,49.00212,-125.3686,49.00188,-125.368,10,,1,43,,11,,51,6,,0,XMB
GL,12,2022,7,14,22,-1.4,-0.7,23,10,secret,49.00212,-125.3686,49.00188,-125.368,10,,1,47,,11,,51,6,,0,XMB
GL,12,2022,7,14,22,-1.4,-0.7,23,10,secret,49.00212,-125.3686,49.00188,-125.368,10,,3,51,,11,,51,6,,0,XMB
GL,13,2022,7,14,22,-1.4,-0.6,23,10,secret,49.00242,-125.3685,49.00218,-125.3679,10,,1,53,,11,,51,1,,0,XMB
GL,13,2022,7,14,22,-1.4,-0.6,23,10,secret,49.00242,-125.3685,49.00218,-125.3679,10,,1,63,,11,,51,1,,0,XMB
GL,13,2022,7,14,22,-1.4,-0.6,23,10,secret,49.00242,-125.3685,49.00218,-125.3679,10,,3,63,,14,,51,1,,0,XMB
GL,13,2022,7,14,22,-1.4,-0.6,23,10,secret,49.00242,-125.3685,49.00218,-125.3679,10,,1,49,,11,,51,1,,0,XMB
GL,13,2022,7,14,22,-1.4,-0.6,23,10,secret,49.00242,-125.3685,49.00218,-125.3679,10,,3,46,,12,,51,1,,0,XMB
GL,13,2022,7,14,22,-1.4,-0.6,23,10,secret,49.00242,-125.3685,49.00218,-125.3679,10,,1,44,,11,,51,1,,0,XMB
GL,13,2022,7,14,22,-1.4,-0.6,23,10,secret,49.00242,-125.3685,49.00218,-125.3679,10,,3,38,,12,,51,1,,0,XMB
GL,13,2022,7,14,22,-1.4,-0.6,23,10,secret,49.00242,-125.3685,49.00218,-125.3679,10,,3,41,,11,,51,1,,0,XMB
GL,13,2022,7,14,22,-1.4,-0.6,23,10,secret,49.00242,-125.3685,49.00218,-125.3679,10,,1,42,,11,,51,1,,0,XMB
GL,13,2022,7,14,22,-1.4,-0.6,23,10,secret,49.00242,-125.3685,49.00218,-125.3679,10,,1,65,,11,,51,2,,0,XMB
GL,13,2022,7,14,22,-1.4,-0.6,23,10,secret,49.00242,-125.3685,49.00218,-125.3679,10,,3,70,,13,,51,2,,0,XMB
GL,13,2022,7,14,22,-1.4,-0.6,23,10,secret,49.00242,-125.3685,49.00218,-125.3679,10,,3,47,,12,,51,2,,0,XMB
GL,13,2022,7,14,22,-1.4,-0.6,23,10,secret,49.00242,-125.3685,49.00218,-125.3679,10,,1,51,,11,,51,2,,0,XMB
GL,13,2022,7,14,22,-1.4,-0.6,23,10,secret,49.00242,-125.3685,49.00218,-125.3679,10,,1,50,,11,,51,2,,0,XMB
GL,13,2022,7,14,22,-1.4,-0.6,23,10,secret,49.00242,-125.3685,49.00218,-125.3679,10,,1,45,,11,,51,2,,0,XMB
GL,13,2022,7,14,22,-1.4,-0.6,23,10,secret,49.00242,-125.3685,49.00218,-125.3679,10,,1,45,,11,,51,2,,0,XMB
GL,13,2022,7,14,22,-1.4,-0.6,23,10,secret,49.00242,-125.3685,49.00218,-125.3679,10,,1,41,,11,,51,2,,0,XMB
GL,13,2022,7,14,22,-1.4,-0.6,23,10,secret,49.00242,-125.3685,49.00218,-125.3679,10,,3,37,,11,,51,2,,0,XMB
GL,13,2022,7,14,22,-1.4,-0.6,23,10,secret,49.00242,-125.3685,49.00218,-125.3679,10,,3,32,,11,,51,2,,0,XMB
GL,13,2022,7,14,22,-1.4,-0.6,23,10,secret,49.00242,-125.3685,49.00218,-125.3679,10,,3,61,,12,,51,3,,0,XMB
GL,13,2022,7,14,22,-1.4,-0.6,23,10,secret,49.00242,-125.3685,49.00218,-125.3679,10,,1,76,,11,,51,4,,0,XMB
GL,13,2022,7,14,22,-1.4,-0.6,23,10,secret,49.00242,-125.3685,49.00218,-125.3679,10,,3,68,,13,,51,4,,0,XMB
GL,13,2022,7,14,22,-1.4,-0.6,23,10,secret,49.00242,-125.3685,49.00218,-125.3679,10,,1,57,,12,,51,4,,0,XMB
GL,13,2022,7,14,22,-1.4,-0.6,23,10,secret,49.00242,-125.3685,49.00218,-125.3679,10,,3,58,,13,,51,4,,0,XMB
GL,13,2022,7,14,22,-1.4,-0.6,23,10,secret,49.00242,-125.3685,49.00218,-125.3679,10,,1,55,,11,,51,4,,0,XMB
GL,13,2022,7,14,22,-1.4,-0.6,23,10,secret,49.00242,-125.3685,49.00218,-125.3679,10,,1,52,,11,,51,4,,0,XMB
GL,13,2022,7,14,22,-1.4,-0.6,23,10,secret,49.00242,-125.3685,49.00218,-125.3679,10,,1,47,,11,,51,4,,0,XMB
GL,13,2022,7,14,22,-1.4,-0.6,23,10,secret,49.00242,-125.3685,49.00218,-125.3679,10,,3,54,,12,,51,4,,0,XMB
GL,13,2022,7,14,22,-1.4,-0.6,23,10,secret,49.00242,-125.3685,49.00218,-125.3679,10,,1,44,,11,,51,4,,0,XMB
GL,13,2022,7,14,22,-1.4,-0.6,23,10,secret,49.00242,-125.3685,49.00218,-125.3679,10,,3,32,,12,,51,4,,0,XMB
GL,13,2022,7,14,22,-1.4,-0.6,23,10,secret,49.00242,-125.3685,49.00218,-125.3679,10,,1,37,,11,,51,4,,0,XMB
GL,13,2022,7,14,22,-1.4,-0.6,23,10,secret,49.00242,-125.3685,49.00218,-125.3679,10,,1,34,,11,,51,4,,0,XMB
GL,13,2022,7,14,22,-1.4,-0.6,23,10,secret,49.00242,-125.3685,49.00218,-125.3679,10,,3,60,,13,,51,5,,0,XMB
GL,13,2022,7,14,22,-1.4,-0.6,23,10,secret,49.00242,-125.3685,49.00218,-125.3679,10,,3,59,,14,,51,5,,0,XMB
GL,13,2022,7,14,22,-1.4,-0.6,23,10,secret,49.00242,-125.3685,49.00218,-125.3679,10,,1,42,,11,,51,5,,0,XMB
GL,13,2022,7,14,22,-1.4,-0.6,23,10,secret,49.00242,-125.3685,49.00218,-125.3679,10,,1,50,,11,,51,5,,0,XMB
GL,13,2022,7,14,22,-1.4,-0.6,23,10,secret,49.00242,-125.3685,49.00218,-125.3679,10,,1,43,,11,,51,5,,0,XMB
GL,13,2022,7,14,22,-1.4,-0.6,23,10,secret,49.00242,-125.3685,49.00218,-125.3679,10,,3,49,,12,,51,5,,0,XMB
GL,13,2022,7,14,22,-1.4,-0.6,23,10,secret,49.00242,-125.3685,49.00218,-125.3679,10,,1,44,,11,,51,5,,0,XMB
GL,13,2022,7,14,22,-1.4,-0.6,23,10,secret,49.00242,-125.3685,49.00218,-125.3679,10,,3,47,,11,,51,5,,0,XMB
GL,13,2022,7,14,22,-1.4,-0.6,23,10,secret,49.00242,-125.3685,49.00218,-125.3679,10,,3,40,,12,,51,5,,0,XMB
GL,13,2022,7,14,22,-1.4,-0.6,23,10,secret,49.00242,-125.3685,49.00218,-125.3679,10,,1,42,,11,,51,5,,0,XMB
GL,13,2022,7,14,22,-1.4,-0.6,23,10,secret,49.00242,-125.3685,49.00218,-125.3679,10,,3,41,,,,51,5,,0,XKE
GL,13,2022,7,14,22,-1.4,-0.6,23,10,secret,49.00242,-125.3685,49.00218,-125.3679,10,,3,114,,,,51,6,,0,XLA
GL,13,2022,7,14,22,-1.4,-0.6,23,10,secret,49.00242,-125.3685,49.00218,-125.3679,10,,3,99,,,,51,6,,0,XLA
GL,13,2022,7,14,22,-1.4,-0.6,23,10,secret,49.00242,-125.3685,49.00218,-125.3679,10,,1,52,,11,,51,6,,0,XMB
GL,13,2022,7,14,22,-1.4,-0.6,23,10,secret,49.00242,-125.3685,49.00218,-125.3679,10,,3,46,,12,,51,6,,0,XMB
GL,13,2022,7,14,22,-1.4,-0.6,23,10,secret,49.00242,-125.3685,49.00218,-125.3679,10,,3,49,,13,,51,6,,0,XMB
GL,13,2022,7,14,22,-1.4,-0.6,23,10,secret,49.00242,-125.3685,49.00218,-125.3679,10,,1,46,,11,,51,6,,0,XMB
GL,13,2022,7,14,22,-1.4,-0.6,23,10,secret,49.00242,-125.3685,49.00218,-125.3679,10,,1,46,,11,,51,6,,0,XMB
GL,13,2022,7,14,22,-1.4,-0.6,23,10,secret,49.00242,-125.3685,49.00218,-125.3679,10,,3,36,,11,,51,6,,0,XMB
GL,13,2022,7,14,22,-1.4,-0.6,23,10,secret,49.00242,-125.3685,49.00218,-125.3679,10,,1,43,,11,,51,6,,0,XMB
GL,13,2022,7,14,22,-1.4,-0.6,23,10,secret,49.00242,-125.3685,49.00218,-125.3679,10,,1,50,,,,51,6,,0,XKE
GL,14,2022,7,15,24,-1.3,-1.1,23,9,mayne,48.97513,-125.2889,48.9747,-125.2891,10,,1,67,,11,,51,1,,0,XMB
GL,14,2022,7,15,24,-1.3,-1.1,23,9,mayne,48.97513,-125.2889,48.9747,-125.2891,10,,1,52,,11,,51,1,,0,XMB
GL,14,2022,7,15,24,-1.3,-1.1,23,9,mayne,48.97513,-125.2889,48.9747,-125.2891,10,,3,61,,13,,51,1,,0,XMB
GL,14,2022,7,15,24,-1.3,-1.1,23,9,mayne,48.97513,-125.2889,48.9747,-125.2891,10,,1,50,,11,,51,1,,0,XMB
GL,14,2022,7,15,24,-1.3,-1.1,23,9,mayne,48.97513,-125.2889,48.9747,-125.2891,10,,3,54,,12,,51,1,,0,XMB
GL,14,2022,7,15,24,-1.3,-1.1,23,9,mayne,48.97513,-125.2889,48.9747,-125.2891,10,,3,36,,12,,51,1,,0,XMB
GL,14,2022,7,15,24,-1.3,-1.1,23,9,mayne,48.97513,-125.2889,48.9747,-125.2891,10,,1,77,,11,,51,2,,0,XMB
GL,14,2022,7,15,24,-1.3,-1.1,23,9,mayne,48.97513,-125.2889,48.9747,-125.2891,10,,1,62,,11,,51,2,,0,XMB
GL,14,2022,7,15,24,-1.3,-1.1,23,9,mayne,48.97513,-125.2889,48.9747,-125.2891,10,,3,39,,11,,51,3,,0,XMB
GL,14,2022,7,15,24,-1.3,-1.1,23,9,mayne,48.97513,-125.2889,48.9747,-125.2891,10,,1,51,,11,,51,3,,0,XMB
GL,14,2022,7,15,24,-1.3,-1.1,23,9,mayne,48.97513,-125.2889,48.9747,-125.2891,10,,1,53,,11,,51,3,,0,XMB
GL,14,2022,7,15,24,-1.3,-1.1,23,9,mayne,48.97513,-125.2889,48.9747,-125.2891,10,,1,67,,11,,51,3,,0,XMB
GL,14,2022,7,15,24,-1.3,-1.1,23,9,mayne,48.97513,-125.2889,48.9747,-125.2891,10,,1,50,,11,,51,3,,0,XMB
GL,14,2022,7,15,24,-1.3,-1.1,23,9,mayne,48.97513,-125.2889,48.9747,-125.2891,10,,3,58,,13,,51,3,,0,XMB
GL,14,2022,7,15,24,-1.3,-1.1,23,9,mayne,48.97513,-125.2889,48.9747,-125.2891,10,,1,73,,11,,51,4,,0,XMB
GL,14,2022,7,15,24,-1.3,-1.1,23,9,mayne,48.97513,-125.2889,48.9747,-125.2891,10,,1,76,,11,,51,4,,0,XMB
GL,14,2022,7,15,24,-1.3,-1.1,23,9,mayne,48.97513,-125.2889,48.9747,-125.2891,10,,3,50,,11,,51,4,,0,XMB
GL,14,2022,7,15,24,-1.3,-1.1,23,9,mayne,48.97513,-125.2889,48.9747,-125.2891,10,,1,46,,11,,51,4,,0,XMB
GL,14,2022,7,15,24,-1.3,-1.1,23,9,mayne,48.97513,-125.2889,48.9747,-125.2891,10,,3,41,,12,,51,4,,0,XMB
GL,14,2022,7,15,24,-1.3,-1.1,23,9,mayne,48.97513,-125.2889,48.9747,-125.2891,10,,1,54,,11,,51,5,,0,XMB
GL,14,2022,7,15,24,-1.3,-1.1,23,9,mayne,48.97513,-125.2889,48.9747,-125.2891,10,,3,57,,12,,51,6,,0,XMB
GL,15,2022,7,15,23,-1.1,1.9,23,9,mayne,48.97465,-125.2896,48.97485,-125.2903,10,,3,52,,12,,51,1,,0,XMB
GL,15,2022,7,15,23,-1.1,1.9,23,9,mayne,48.97465,-125.2896,48.97485,-125.2903,10,,1,37,,11,,51,1,,0,XMB
GL,15,2022,7,15,23,-1.1,1.9,23,9,mayne,48.97465,-125.2896,48.97485,-125.2903,10,,1,125,,,,51,2,,0,XLA
GL,15,2022,7,15,23,-1.1,1.9,23,9,mayne,48.97465,-125.2896,48.97485,-125.2903,10,,1,69,,11,,51,2,,0,XMB
GL,15,2022,7,15,23,-1.1,1.9,23,9,mayne,48.97465,-125.2896,48.97485,-125.2903,10,,1,47,,12,,51,3,,0,XMB
GL,15,2022,7,15,23,-1.1,1.9,23,9,mayne,48.97465,-125.2896,48.97485,-125.2903,10,,3,103,,,,51,4,,0,XLA
GL,15,2022,7,15,23,-1.1,1.9,23,9,mayne,48.97465,-125.2896,48.97485,-125.2903,10,,3,80,,,,51,4,,0,XLA
GL,15,2022,7,15,23,-1.1,1.9,23,9,mayne,48.97465,-125.2896,48.97485,-125.2903,10,,,,,,,51,5,,15,848
GL,15,2022,7,15,23,-1.1,1.9,23,9,mayne,48.97465,-125.2896,48.97485,-125.2903,10,,,,,,,51,6,,15,848
GL,16,2022,7,15,23,-1.1,-0.9,23,9,mayne,48.97512,-125.2891,48.97475,-125.2894,10,,3,39,,12,,51,1,,0,XMB
GL,16,2022,7,15,23,-1.1,-0.9,23,9,mayne,48.97512,-125.2891,48.97475,-125.2894,10,,1,65,,11,,51,2,,0,XMB
GL,16,2022,7,15,23,-1.1,-0.9,23,9,mayne,48.97512,-125.2891,48.97475,-125.2894,10,,3,98,,,,51,2,,0,XLA
GL,16,2022,7,15,23,-1.1,-0.9,23,9,mayne,48.97512,-125.2891,48.97475,-125.2894,10,,3,38,,11,,51,3,,0,XMB
GL,16,2022,7,15,23,-1.1,-0.9,23,9,mayne,48.97512,-125.2891,48.97475,-125.2894,10,,1,54,,,,51,3,,0,XKE
GL,16,2022,7,15,23,-1.1,-0.9,23,9,mayne,48.97512,-125.2891,48.97475,-125.2894,10,,1,48,,,,51,3,,0,XKE
GL,16,2022,7,15,23,-1.1,-0.9,23,9,mayne,48.97512,-125.2891,48.97475,-125.2894,10,,1,38,,,,51,3,,0,XKE
GL,16,2022,7,15,23,-1.1,-0.9,23,9,mayne,48.97512,-125.2891,48.97475,-125.2894,10,,1,42,,12,,51,4,,0,XMB
GL,16,2022,7,15,23,-1.1,-0.9,23,9,mayne,48.97512,-125.2891,48.97475,-125.2894,10,,1,61,,11,,51,5,,0,XMB
GL,16,2022,7,15,23,-1.1,-0.9,23,9,mayne,48.97512,-125.2891,48.97475,-125.2894,10,,1,55,,11,,51,6,,0,XMB
GL,16,2022,7,15,23,-1.1,-0.9,23,9,mayne,48.97512,-125.2891,48.97475,-125.2894,10,,1,53,,11,,51,6,,0,XMB
GL,16,2022,7,15,23,-1.1,-0.9,23,9,mayne,48.97512,-125.2891,48.97475,-125.2894,10,,3,51,,13,,51,6,,0,XMB
GL,16,2022,7,15,23,-1.1,-0.9,23,9,mayne,48.97512,-125.2891,48.97475,-125.2894,10,,3,43,,11,,51,1,,0,XMB
GL,17,2022,7,16,24,-1.6,-1.1,23,10,pipestem,,,,,10,No coordinates keypunched,,,,,,51,1,,18,848
GL,17,2022,7,16,24,-1.6,-1.1,23,10,pipestem,,,,,10,No coordinates keypunched,3,38,,12,,51,2,,0,XMB
GL,17,2022,7,16,24,-1.6,-1.1,23,10,pipestem,,,,,10,No coordinates keypunched,1,28,,11,,51,2,,0,XMB
GL,17,2022,7,16,24,-1.6,-1.1,23,10,pipestem,,,,,10,No coordinates keypunched,3,36,,12,,51,2,,0,XMB
GL,17,2022,7,16,24,-1.6,-1.1,23,10,pipestem,,,,,10,No coordinates keypunched,1,37,,11,,51,2,,0,XMB
GL,17,2022,7,16,24,-1.6,-1.1,23,10,pipestem,,,,,10,No coordinates keypunched,1,42,,11,,51,2,,0,XMB
GL,17,2022,7,16,24,-1.6,-1.1,23,10,pipestem,,,,,10,No coordinates keypunched,3,38,,11,,51,2,,0,XMB
GL,17,2022,7,16,24,-1.6,-1.1,23,10,pipestem,,,,,10,No coordinates keypunched,3,61,,14,,51,3,,0,XMB
GL,17,2022,7,16,24,-1.6,-1.1,23,10,pipestem,,,,,10,No coordinates keypunched,3,57,,14,,51,3,,0,XMB
GL,17,2022,7,16,24,-1.6,-1.1,23,10,pipestem,,,,,10,No coordinates keypunched,1,71,,11,,51,3,,0,XMB
GL,17,2022,7,16,24,-1.6,-1.1,23,10,pipestem,,,,,10,No coordinates keypunched,3,57,,14,,51,3,,0,XMB
GL,17,2022,7,16,24,-1.6,-1.1,23,10,pipestem,,,,,10,No coordinates keypunched,3,52,,11,,51,3,,0,XMB
GL,17,2022,7,16,24,-1.6,-1.1,23,10,pipestem,,,,,10,No coordinates keypunched,1,54,,11,,51,3,,0,XMB
GL,17,2022,7,16,24,-1.6,-1.1,23,10,pipestem,,,,,10,No coordinates keypunched,1,41,,11,,51,3,,0,XMB
GL,17,2022,7,16,24,-1.6,-1.1,23,10,pipestem,,,,,10,No coordinates keypunched,1,42,,11,,51,3,,0,XMB
GL,17,2022,7,16,24,-1.6,-1.1,23,10,pipestem,,,,,10,No coordinates keypunched,3,40,,11,,51,3,,0,XMB
GL,17,2022,7,16,24,-1.6,-1.1,23,10,pipestem,,,,,10,No coordinates keypunched,3,36,,12,,51,3,,0,XMB
GL,17,2022,7,16,24,-1.6,-1.1,23,10,pipestem,,,,,10,No coordinates keypunched,1,44,,12,,51,3,,0,XMB
GL,17,2022,7,16,24,-1.6,-1.1,23,10,pipestem,,,,,10,No coordinates keypunched,1,38,,12,,51,3,,0,XMB
GL,17,2022,7,16,24,-1.6,-1.1,23,10,pipestem,,,,,10,No coordinates keypunched,3,40,,12,,51,3,,0,XMB
GL,17,2022,7,16,24,-1.6,-1.1,23,10,pipestem,,,,,10,No coordinates keypunched,3,47,,11,,51,3,,0,XMB
GL,17,2022,7,16,24,-1.6,-1.1,23,10,pipestem,,,,,10,No coordinates keypunched,3,40,,11,,51,3,,0,XMB
GL,17,2022,7,16,24,-1.6,-1.1,23,10,pipestem,,,,,10,No coordinates keypunched,3,41,,11,,51,3,,0,XMB
GL,17,2022,7,16,24,-1.6,-1.1,23,10,pipestem,,,,,10,No coordinates keypunched,1,48,,11,,51,4,,0,XMB
GL,17,2022,7,16,24,-1.6,-1.1,23,10,pipestem,,,,,10,No coordinates keypunched,1,50,,11,,51,4,,0,XMB
GL,17,2022,7,16,24,-1.6,-1.1,23,10,pipestem,,,,,10,No coordinates keypunched,1,36,,11,,51,4,,0,XMB
GL,17,2022,7,16,24,-1.6,-1.1,23,10,pipestem,,,,,10,No coordinates keypunched,1,38,,11,,51,4,,0,XMB
GL,17,2022,7,16,24,-1.6,-1.1,23,10,pipestem,,,,,10,No coordinates keypunched,3,59,,13,,51,5,,0,XMB
GL,17,2022,7,16,24,-1.6,-1.1,23,10,pipestem,,,,,10,No coordinates keypunched,1,41,,11,,51,5,,0,XMB
GL,17,2022,7,16,24,-1.6,-1.1,23,10,pipestem,,,,,10,No coordinates keypunched,3,43,,11,,51,5,,0,XMB
GL,17,2022,7,16,24,-1.6,-1.1,23,10,pipestem,,,,,10,No coordinates keypunched,1,38,,12,,51,5,,0,XMB
GL,17,2022,7,16,24,-1.6,-1.1,23,10,pipestem,,,,,10,No coordinates keypunched,1,44,,11,,51,5,,0,XMB
GL,17,2022,7,16,24,-1.6,-1.1,23,10,pipestem,,,,,10,No coordinates keypunched,3,40,,11,,51,5,,0,XMB
GL,17,2022,7,16,24,-1.6,-1.1,23,10,pipestem,,,,,10,No coordinates keypunched,1,34,,12,,51,5,,0,XMB
GL,17,2022,7,16,24,-1.6,-1.1,23,10,pipestem,,,,,10,No coordinates keypunched,3,35,,11,,51,5,,0,XMB
GL,17,2022,7,16,24,-1.6,-1.1,23,10,pipestem,,,,,10,No coordinates keypunched,1,38,,11,,51,5,,0,XMB
GL,17,2022,7,16,24,-1.6,-1.1,23,10,pipestem,,,,,10,No coordinates keypunched,3,59,,14,,51,6,,0,XMB
GL,17,2022,7,16,24,-1.6,-1.1,23,10,pipestem,,,,,10,No coordinates keypunched,3,58,,14,,51,6,,0,XMB
GL,17,2022,7,16,24,-1.6,-1.1,23,10,pipestem,,,,,10,No coordinates keypunched,1,54,,13,,51,6,,0,XMB
GL,17,2022,7,16,24,-1.6,-1.1,23,10,pipestem,,,,,10,No coordinates keypunched,3,54,,12,,51,6,,0,XMB
GL,17,2022,7,16,24,-1.6,-1.1,23,10,pipestem,,,,,10,No coordinates keypunched,3,46,,12,,51,6,,0,XMB
GL,17,2022,7,16,24,-1.6,-1.1,23,10,pipestem,,,,,10,No coordinates keypunched,1,55,,13,,51,6,,0,XMB
GL,17,2022,7,16,24,-1.6,-1.1,23,10,pipestem,,,,,10,No coordinates keypunched,3,47,,12,,51,6,,0,XMB
GL,17,2022,7,16,24,-1.6,-1.1,23,10,pipestem,,,,,10,No coordinates keypunched,1,50,,11,,51,6,,0,XMB
GL,17,2022,7,16,24,-1.6,-1.1,23,10,pipestem,,,,,10,No coordinates keypunched,1,41,,11,,51,6,,0,XMB
GL,17,2022,7,16,24,-1.6,-1.1,23,10,pipestem,,,,,10,No coordinates keypunched,3,50,,12,,51,6,,0,XMB
GL,17,2022,7,16,24,-1.6,-1.1,23,10,pipestem,,,,,10,No coordinates keypunched,1,46,,11,,51,6,,0,XMB
GL,17,2022,7,16,24,-1.6,-1.1,23,10,pipestem,,,,,10,No coordinates keypunched,3,48,,12,,51,6,,0,XMB
GL,17,2022,7,16,24,-1.6,-1.1,23,10,pipestem,,,,,10,No coordinates keypunched,1,47,,11,,51,6,,0,XMB
GL,17,2022,7,16,24,-1.6,-1.1,23,10,pipestem,,,,,10,No coordinates keypunched,1,44,,11,,51,6,,0,XMB
GL,17,2022,7,16,24,-1.6,-1.1,23,10,pipestem,,,,,10,No coordinates keypunched,3,34,,12,,51,6,,0,XMB
GL,17,2022,7,16,24,-1.6,-1.1,23,10,pipestem,,,,,10,No coordinates keypunched,3,42,,12,,51,6,,0,XMB
GL,17,2022,7,16,24,-1.6,-1.1,23,10,pipestem,,,,,10,No coordinates keypunched,3,41,,12,,51,6,,0,XMB
GL,17,2022,7,16,24,-1.6,-1.1,23,10,pipestem,,,,,10,No coordinates keypunched,3,38,,12,,51,6,,0,XMB
GL,18,2022,7,16,24,-0.8,1.2,23,10,pipestem,,,,,10,No coordinates keypunched,,,,,,51,1,,18,848
GL,18,2022,7,16,24,-0.8,1.2,23,10,pipestem,,,,,10,No coordinates keypunched,1,75,,11,,51,2,,0,XMB
GL,18,2022,7,16,24,-0.8,1.2,23,10,pipestem,,,,,10,No coordinates keypunched,1,52,,11,,51,2,,0,XMB
GL,18,2022,7,16,24,-0.8,1.2,23,10,pipestem,,,,,10,No coordinates keypunched,3,43,,12,,51,2,,0,XMB
GL,18,2022,7,16,24,-0.8,1.2,23,10,pipestem,,,,,10,No coordinates keypunched,1,49,,11,,51,2,,0,XMB
GL,18,2022,7,16,24,-0.8,1.2,23,10,pipestem,,,,,10,No coordinates keypunched,1,44,,11,,51,2,,0,XMB
GL,18,2022,7,16,24,-0.8,1.2,23,10,pipestem,,,,,10,No coordinates keypunched,3,44,,12,,51,2,,0,XMB
GL,18,2022,7,16,24,-0.8,1.2,23,10,pipestem,,,,,10,No coordinates keypunched,3,31,,12,,51,2,,0,XMB
GL,18,2022,7,16,24,-0.8,1.2,23,10,pipestem,,,,,10,No coordinates keypunched,3,39,,11,,51,2,,0,XMB
GL,18,2022,7,16,24,-0.8,1.2,23,10,pipestem,,,,,10,No coordinates keypunched,1,35,,12,,51,2,,0,XMB
GL,18,2022,7,16,24,-0.8,1.2,23,10,pipestem,,,,,10,No coordinates keypunched,3,38,,12,,51,2,,0,XMB
GL,18,2022,7,16,24,-0.8,1.2,23,10,pipestem,,,,,10,No coordinates keypunched,3,35,,12,,51,2,,0,XMB
GL,18,2022,7,16,24,-0.8,1.2,23,10,pipestem,,,,,10,No coordinates keypunched,1,41,,11,,51,2,,0,XMB
GL,18,2022,7,16,24,-0.8,1.2,23,10,pipestem,,,,,10,No coordinates keypunched,3,45,,12,,51,2,,0,XMB
GL,18,2022,7,16,24,-0.8,1.2,23,10,pipestem,,,,,10,No coordinates keypunched,1,27,,12,,51,2,,0,XMB
GL,18,2022,7,16,24,-0.8,1.2,23,10,pipestem,,,,,10,No coordinates keypunched,3,29,,12,,51,2,,0,XMB
GL,18,2022,7,16,24,-0.8,1.2,23,10,pipestem,,,,,10,No coordinates keypunched,3,74,,11,,51,3,,0,XMB
GL,18,2022,7,16,24,-0.8,1.2,23,10,pipestem,,,,,10,No coordinates keypunched,1,70,,11,,51,3,,0,XMB
GL,18,2022,7,16,24,-0.8,1.2,23,10,pipestem,,,,,10,No coordinates keypunched,3,56,,14,,51,3,,0,XMB
GL,18,2022,7,16,24,-0.8,1.2,23,10,pipestem,,,,,10,No coordinates keypunched,3,53,,12,,51,3,,0,XMB
GL,18,2022,7,16,24,-0.8,1.2,23,10,pipestem,,,,,10,No coordinates keypunched,1,47,,11,,51,3,,0,XMB
GL,18,2022,7,16,24,-0.8,1.2,23,10,pipestem,,,,,10,No coordinates keypunched,1,52,,11,,51,3,,0,XMB
GL,18,2022,7,16,24,-0.8,1.2,23,10,pipestem,,,,,10,No coordinates keypunched,3,56,,14,,51,3,,0,XMB
GL,18,2022,7,16,24,-0.8,1.2,23,10,pipestem,,,,,10,No coordinates keypunched,3,49,,11,,51,3,,0,XMB
GL,18,2022,7,16,24,-0.8,1.2,23,10,pipestem,,,,,10,No coordinates keypunched,3,36,,12,,51,3,,0,XMB
GL,18,2022,7,16,24,-0.8,1.2,23,10,pipestem,,,,,10,No coordinates keypunched,1,52,,11,,51,3,,0,XMB
GL,18,2022,7,16,24,-0.8,1.2,23,10,pipestem,,,,,10,No coordinates keypunched,3,40,,12,,51,3,,0,XMB
GL,18,2022,7,16,24,-0.8,1.2,23,10,pipestem,,,,,10,No coordinates keypunched,3,38,,12,,51,3,,0,XMB
GL,18,2022,7,16,24,-0.8,1.2,23,10,pipestem,,,,,10,No coordinates keypunched,1,103,,,,51,4,,0,XKE
GL,18,2022,7,16,24,-0.8,1.2,23,10,pipestem,,,,,10,No coordinates keypunched,1,55,,11,,51,4,,0,XMB
GL,18,2022,7,16,24,-0.8,1.2,23,10,pipestem,,,,,10,No coordinates keypunched,1,51,,11,,51,4,,0,XMB
GL,18,2022,7,16,24,-0.8,1.2,23,10,pipestem,,,,,10,No coordinates keypunched,3,57,,14,,51,4,,0,XMB
GL,18,2022,7,16,24,-0.8,1.2,23,10,pipestem,,,,,10,No coordinates keypunched,1,61,,11,,51,4,,0,XMB
GL,18,2022,7,16,24,-0.8,1.2,23,10,pipestem,,,,,10,No coordinates keypunched,3,60,,14,,51,4,,0,XMB
GL,18,2022,7,16,24,-0.8,1.2,23,10,pipestem,,,,,10,No coordinates keypunched,1,97,,,,51,5,,0,XKE
GL,18,2022,7,16,24,-0.8,1.2,23,10,pipestem,,,,,10,No coordinates keypunched,1,82,,11,,51,5,,0,XMB
GL,18,2022,7,16,24,-0.8,1.2,23,10,pipestem,,,,,10,No coordinates keypunched,1,78,,10,,51,5,,0,XMB
GL,18,2022,7,16,24,-0.8,1.2,23,10,pipestem,,,,,10,No coordinates keypunched,1,79,,10,,51,5,,0,XMB
GL,18,2022,7,16,24,-0.8,1.2,23,10,pipestem,,,,,10,No coordinates keypunched,3,63,,12,,51,5,,0,XMB
GL,18,2022,7,16,24,-0.8,1.2,23,10,pipestem,,,,,10,No coordinates keypunched,3,66,,11,,51,5,,0,XMB
GL,18,2022,7,16,24,-0.8,1.2,23,10,pipestem,,,,,10,No coordinates keypunched,3,55,,14,,51,5,,0,XMB
GL,18,2022,7,16,24,-0.8,1.2,23,10,pipestem,,,,,10,No coordinates keypunched,1,60,,11,,51,5,,0,XMB
GL,18,2022,7,16,24,-0.8,1.2,23,10,pipestem,,,,,10,No coordinates keypunched,1,57,,11,,51,5,,0,XMB
GL,18,2022,7,16,24,-0.8,1.2,23,10,pipestem,,,,,10,No coordinates keypunched,1,50,,12,,51,5,,0,XMB
GL,18,2022,7,16,24,-0.8,1.2,23,10,pipestem,,,,,10,No coordinates keypunched,3,29,,12,,51,5,,0,XMB
GL,18,2022,7,16,24,-0.8,1.2,23,10,pipestem,,,,,10,No coordinates keypunched,1,60,,11,,51,6,,0,XMB
GL,18,2022,7,16,24,-0.8,1.2,23,10,pipestem,,,,,10,No coordinates keypunched,1,51,,11,,51,6,,0,XMB
GL,18,2022,7,16,24,-0.8,1.2,23,10,pipestem,,,,,10,No coordinates keypunched,1,65,,11,,51,6,,0,XMB
GL,18,2022,7,16,24,-0.8,1.2,23,10,pipestem,,,,,10,No coordinates keypunched,3,61,,14,,51,6,,0,XMB
GL,18,2022,7,16,24,-0.8,1.2,23,10,pipestem,,,,,10,No coordinates keypunched,3,50,,12,,51,6,,0,XMB
GL,18,2022,7,16,24,-0.8,1.2,23,10,pipestem,,,,,10,No coordinates keypunched,1,44,,12,,51,6,,0,XMB
GL,18,2022,7,16,24,-0.8,1.2,23,10,pipestem,,,,,10,No coordinates keypunched,3,35,,12,,51,6,,0,XMB
GL,19,2022,7,16,24,-1.1,0.5,23,10,pipestem,,,,,10,No coordinates keypunched,,,,,,51,1,,18,848
GL,19,2022,7,16,24,-1.1,0.5,23,10,pipestem,,,,,10,No coordinates keypunched,,,,,,51,2,,18,848
GL,19,2022,7,16,24,-1.1,0.5,23,10,pipestem,,,,,10,No coordinates keypunched,,,,,,51,3,,18,848
GL,19,2022,7,16,24,-1.1,0.5,23,10,pipestem,,,,,10,No coordinates keypunched,,,,,,51,4,,15,848
GL,19,2022,7,16,24,-1.1,0.5,23,10,pipestem,,,,,10,No coordinates keypunched,,,,,,51,5,,15,848
GL,19,2022,7,16,24,-1.1,0.5,23,10,pipestem,,,,,10,No coordinates keypunched,1,52,,11,,51,6,,0,XMB
GL,20,2022,7,16,26,-1.4,-1.1,23,10,hillier,49.03242,-125.3249,49.03245,-125.3242,10,,3,67,,14,,51,1,,0,XMB
GL,20,2022,7,16,26,-1.4,-1.1,23,10,hillier,49.03242,-125.3249,49.03245,-125.3242,10,,1,52,,11,,51,1,,0,XMB
GL,20,2022,7,16,26,-1.4,-1.1,23,10,hillier,49.03242,-125.3249,49.03245,-125.3242,10,,3,50,,12,,51,1,,0,XMB
GL,20,2022,7,16,26,-1.4,-1.1,23,10,hillier,49.03242,-125.3249,49.03245,-125.3242,10,,3,60,,14,,51,1,,0,XMB
GL,20,2022,7,16,26,-1.4,-1.1,23,10,hillier,49.03242,-125.3249,49.03245,-125.3242,10,,1,47,,11,,51,1,,0,XMB
GL,20,2022,7,16,26,-1.4,-1.1,23,10,hillier,49.03242,-125.3249,49.03245,-125.3242,10,,1,43,,11,,51,1,,0,XMB
GL,20,2022,7,16,26,-1.4,-1.1,23,10,hillier,49.03242,-125.3249,49.03245,-125.3242,10,,1,42,,11,,51,1,,0,XMB
GL,20,2022,7,16,26,-1.4,-1.1,23,10,hillier,49.03242,-125.3249,49.03245,-125.3242,10,,3,46,,12,,51,1,,0,XMB
GL,20,2022,7,16,26,-1.4,-1.1,23,10,hillier,49.03242,-125.3249,49.03245,-125.3242,10,,3,51,,12,,51,1,,0,XMB
GL,20,2022,7,16,26,-1.4,-1.1,23,10,hillier,49.03242,-125.3249,49.03245,-125.3242,10,,1,64,,11,,51,1,,0,XMB
GL,20,2022,7,16,26,-1.4,-1.1,23,10,hillier,49.03242,-125.3249,49.03245,-125.3242,10,,1,42,,11,,51,1,,0,XMB
GL,20,2022,7,16,26,-1.4,-1.1,23,10,hillier,49.03242,-125.3249,49.03245,-125.3242,10,,3,51,,11,,51,1,,0,XMB
GL,20,2022,7,16,26,-1.4,-1.1,23,10,hillier,49.03242,-125.3249,49.03245,-125.3242,10,,3,42,,13,,51,1,,0,XMB
GL,20,2022,7,16,26,-1.4,-1.1,23,10,hillier,49.03242,-125.3249,49.03245,-125.3242,10,,3,39,,11,,51,1,,0,XMB
GL,20,2022,7,16,26,-1.4,-1.1,23,10,hillier,49.03242,-125.3249,49.03245,-125.3242,10,,3,67,,14,,51,2,,0,XMB
GL,20,2022,7,16,26,-1.4,-1.1,23,10,hillier,49.03242,-125.3249,49.03245,-125.3242,10,,3,62,,11,,51,2,,0,XMB
GL,20,2022,7,16,26,-1.4,-1.1,23,10,hillier,49.03242,-125.3249,49.03245,-125.3242,10,,3,42,,12,,51,2,,0,XMB
GL,20,2022,7,16,26,-1.4,-1.1,23,10,hillier,49.03242,-125.3249,49.03245,-125.3242,10,,3,42,,11,,51,2,,0,XMB
GL,20,2022,7,16,26,-1.4,-1.1,23,10,hillier,49.03242,-125.3249,49.03245,-125.3242,10,,3,41,,12,,51,2,,0,XMB
GL,20,2022,7,16,26,-1.4,-1.1,23,10,hillier,49.03242,-125.3249,49.03245,-125.3242,10,,3,47,,11,,51,2,,0,XMB
GL,20,2022,7,16,26,-1.4,-1.1,23,10,hillier,49.03242,-125.3249,49.03245,-125.3242,10,,3,42,,11,,51,2,,0,XMB
GL,20,2022,7,16,26,-1.4,-1.1,23,10,hillier,49.03242,-125.3249,49.03245,-125.3242,10,,3,40,,11,,51,2,,0,XMB
GL,20,2022,7,16,26,-1.4,-1.1,23,10,hillier,49.03242,-125.3249,49.03245,-125.3242,10,,3,44,,12,,51,2,,0,XMB
GL,20,2022,7,16,26,-1.4,-1.1,23,10,hillier,49.03242,-125.3249,49.03245,-125.3242,10,,1,46,,11,,51,2,,0,XMB
GL,20,2022,7,16,26,-1.4,-1.1,23,10,hillier,49.03242,-125.3249,49.03245,-125.3242,10,,1,38,,11,,51,2,,0,XMB
GL,20,2022,7,16,26,-1.4,-1.1,23,10,hillier,49.03242,-125.3249,49.03245,-125.3242,10,,3,40,,11,,51,2,,0,XMB
GL,20,2022,7,16,26,-1.4,-1.1,23,10,hillier,49.03242,-125.3249,49.03245,-125.3242,10,,1,70,,11,,51,3,,0,XMB
GL,20,2022,7,16,26,-1.4,-1.1,23,10,hillier,49.03242,-125.3249,49.03245,-125.3242,10,,3,58,,14,,51,3,,0,XMB
GL,20,2022,7,16,26,-1.4,-1.1,23,10,hillier,49.03242,-125.3249,49.03245,-125.3242,10,,1,55,,11,,51,3,,0,XMB
GL,20,2022,7,16,26,-1.4,-1.1,23,10,hillier,49.03242,-125.3249,49.03245,-125.3242,10,,1,48,,11,,51,3,,0,XMB
GL,20,2022,7,16,26,-1.4,-1.1,23,10,hillier,49.03242,-125.3249,49.03245,-125.3242,10,,3,57,,12,,51,3,,0,XMB
GL,20,2022,7,16,26,-1.4,-1.1,23,10,hillier,49.03242,-125.3249,49.03245,-125.3242,10,,1,52,,11,,51,3,,0,XMB
GL,20,2022,7,16,26,-1.4,-1.1,23,10,hillier,49.03242,-125.3249,49.03245,-125.3242,10,,1,51,,11,,51,3,,0,XMB
GL,20,2022,7,16,26,-1.4,-1.1,23,10,hillier,49.03242,-125.3249,49.03245,-125.3242,10,,3,65,,14,,51,3,,0,XMB
GL,20,2022,7,16,26,-1.4,-1.1,23,10,hillier,49.03242,-125.3249,49.03245,-125.3242,10,,1,50,,11,,51,3,,0,XMB
GL,20,2022,7,16,26,-1.4,-1.1,23,10,hillier,49.03242,-125.3249,49.03245,-125.3242,10,,1,49,,12,,51,3,,0,XMB
GL,20,2022,7,16,26,-1.4,-1.1,23,10,hillier,49.03242,-125.3249,49.03245,-125.3242,10,,1,52,,11,,51,3,,0,XMB
GL,20,2022,7,16,26,-1.4,-1.1,23,10,hillier,49.03242,-125.3249,49.03245,-125.3242,10,,1,47,,11,,51,3,,0,XMB
GL,20,2022,7,16,26,-1.4,-1.1,23,10,hillier,49.03242,-125.3249,49.03245,-125.3242,10,,3,53,,11,,51,3,,0,XMB
GL,20,2022,7,16,26,-1.4,-1.1,23,10,hillier,49.03242,-125.3249,49.03245,-125.3242,10,,1,49,,11,,51,3,,0,XMB
GL,20,2022,7,16,26,-1.4,-1.1,23,10,hillier,49.03242,-125.3249,49.03245,-125.3242,10,,1,51,,11,,51,3,,0,XMB
GL,20,2022,7,16,26,-1.4,-1.1,23,10,hillier,49.03242,-125.3249,49.03245,-125.3242,10,,1,51,,11,,51,3,,0,XMB
GL,20,2022,7,16,26,-1.4,-1.1,23,10,hillier,49.03242,-125.3249,49.03245,-125.3242,10,,3,57,,14,,51,3,,0,XMB
GL,20,2022,7,16,26,-1.4,-1.1,23,10,hillier,49.03242,-125.3249,49.03245,-125.3242,10,,3,59,,14,,51,3,,0,XMB
GL,20,2022,7,16,26,-1.4,-1.1,23,10,hillier,49.03242,-125.3249,49.03245,-125.3242,10,,1,49,,11,,51,3,,0,XMB
GL,20,2022,7,16,26,-1.4,-1.1,23,10,hillier,49.03242,-125.3249,49.03245,-125.3242,10,,3,56,,14,,51,3,,0,XMB
GL,20,2022,7,16,26,-1.4,-1.1,23,10,hillier,49.03242,-125.3249,49.03245,-125.3242,10,,3,40,,12,,51,3,,0,XMB
GL,20,2022,7,16,26,-1.4,-1.1,23,10,hillier,49.03242,-125.3249,49.03245,-125.3242,10,,3,63,,12,,51,4,,0,XMB
GL,20,2022,7,16,26,-1.4,-1.1,23,10,hillier,49.03242,-125.3249,49.03245,-125.3242,10,,3,60,,12,,51,4,,0,XMB
GL,20,2022,7,16,26,-1.4,-1.1,23,10,hillier,49.03242,-125.3249,49.03245,-125.3242,10,,1,55,,11,,51,4,,0,XMB
GL,20,2022,7,16,26,-1.4,-1.1,23,10,hillier,49.03242,-125.3249,49.03245,-125.3242,10,,3,53,,14,,51,4,,0,XMB
GL,20,2022,7,16,26,-1.4,-1.1,23,10,hillier,49.03242,-125.3249,49.03245,-125.3242,10,,3,62,,14,,51,4,,0,XMB
GL,20,2022,7,16,26,-1.4,-1.1,23,10,hillier,49.03242,-125.3249,49.03245,-125.3242,10,,3,57,,12,,51,4,,0,XMB
GL,20,2022,7,16,26,-1.4,-1.1,23,10,hillier,49.03242,-125.3249,49.03245,-125.3242,10,,1,49,,11,,51,4,,0,XMB
GL,20,2022,7,16,26,-1.4,-1.1,23,10,hillier,49.03242,-125.3249,49.03245,-125.3242,10,,1,54,,11,,51,4,,0,XMB
GL,20,2022,7,16,26,-1.4,-1.1,23,10,hillier,49.03242,-125.3249,49.03245,-125.3242,10,,1,50,,11,,51,4,,0,XMB
GL,20,2022,7,16,26,-1.4,-1.1,23,10,hillier,49.03242,-125.3249,49.03245,-125.3242,10,,3,51,,12,,51,4,,0,XMB
GL,20,2022,7,16,26,-1.4,-1.1,23,10,hillier,49.03242,-125.3249,49.03245,-125.3242,10,,3,53,,14,,51,4,,0,XMB
GL,20,2022,7,16,26,-1.4,-1.1,23,10,hillier,49.03242,-125.3249,49.03245,-125.3242,10,,1,46,,11,,51,4,,0,XMB
GL,20,2022,7,16,26,-1.4,-1.1,23,10,hillier,49.03242,-125.3249,49.03245,-125.3242,10,,1,46,,11,,51,4,,0,XMB
GL,20,2022,7,16,26,-1.4,-1.1,23,10,hillier,49.03242,-125.3249,49.03245,-125.3242,10,,3,46,,12,,51,4,,0,XMB
GL,20,2022,7,16,26,-1.4,-1.1,23,10,hillier,49.03242,-125.3249,49.03245,-125.3242,10,,1,43,,12,,51,4,,0,XMB
GL,20,2022,7,16,26,-1.4,-1.1,23,10,hillier,49.03242,-125.3249,49.03245,-125.3242,10,,3,41,,11,,51,4,,0,XMB
GL,20,2022,7,16,26,-1.4,-1.1,23,10,hillier,49.03242,-125.3249,49.03245,-125.3242,10,,1,37,,11,,51,4,,0,XMB
GL,20,2022,7,16,26,-1.4,-1.1,23,10,hillier,49.03242,-125.3249,49.03245,-125.3242,10,,1,40,,11,,51,4,,0,XMB
GL,20,2022,7,16,26,-1.4,-1.1,23,10,hillier,49.03242,-125.3249,49.03245,-125.3242,10,,3,38,,12,,51,4,,0,XMB
GL,20,2022,7,16,26,-1.4,-1.1,23,10,hillier,49.03242,-125.3249,49.03245,-125.3242,10,,3,42,,11,,51,5,,0,XMB
GL,20,2022,7,16,26,-1.4,-1.1,23,10,hillier,49.03242,-125.3249,49.03245,-125.3242,10,,3,42,,12,,51,5,,0,XMB
GL,20,2022,7,16,26,-1.4,-1.1,23,10,hillier,49.03242,-125.3249,49.03245,-125.3242,10,,1,37,,11,,51,5,,0,XMB
GL,20,2022,7,16,26,-1.4,-1.1,23,10,hillier,49.03242,-125.3249,49.03245,-125.3242,10,,3,71,,14,,51,6,,0,XMB
GL,20,2022,7,16,26,-1.4,-1.1,23,10,hillier,49.03242,-125.3249,49.03245,-125.3242,10,,3,63,,11,,51,6,,0,XMB
GL,20,2022,7,16,26,-1.4,-1.1,23,10,hillier,49.03242,-125.3249,49.03245,-125.3242,10,,1,54,,11,,51,6,,0,XMB
GL,20,2022,7,16,26,-1.4,-1.1,23,10,hillier,49.03242,-125.3249,49.03245,-125.3242,10,,1,55,,11,,51,6,,0,XMB
GL,20,2022,7,16,26,-1.4,-1.1,23,10,hillier,49.03242,-125.3249,49.03245,-125.3242,10,,3,56,,12,,51,6,,0,XMB
GL,20,2022,7,16,26,-1.4,-1.1,23,10,hillier,49.03242,-125.3249,49.03245,-125.3242,10,,1,58,,11,,51,6,,0,XMB
GL,20,2022,7,16,26,-1.4,-1.1,23,10,hillier,49.03242,-125.3249,49.03245,-125.3242,10,,1,58,,11,,51,6,,0,XMB
GL,20,2022,7,16,26,-1.4,-1.1,23,10,hillier,49.03242,-125.3249,49.03245,-125.3242,10,,1,57,,11,,51,6,,0,XMB
GL,20,2022,7,16,26,-1.4,-1.1,23,10,hillier,49.03242,-125.3249,49.03245,-125.3242,10,,1,54,,11,,51,6,,0,XMB
GL,20,2022,7,16,26,-1.4,-1.1,23,10,hillier,49.03242,-125.3249,49.03245,-125.3242,10,,1,50,,11,,51,6,,0,XMB
GL,20,2022,7,16,26,-1.4,-1.1,23,10,hillier,49.03242,-125.3249,49.03245,-125.3242,10,,3,45,,13,,51,6,,0,XMB
GL,20,2022,7,16,26,-1.4,-1.1,23,10,hillier,49.03242,-125.3249,49.03245,-125.3242,10,,1,40,,12,,51,6,,0,XMB
GL,20,2022,7,16,26,-1.4,-1.1,23,10,hillier,49.03242,-125.3249,49.03245,-125.3242,10,,1,40,,11,,51,6,,0,XMB
GL,20,2022,7,16,26,-1.4,-1.1,23,10,hillier,49.03242,-125.3249,49.03245,-125.3242,10,,3,42,,11,,51,6,,0,XMB
GL,20,2022,7,16,26,-1.4,-1.1,23,10,hillier,49.03242,-125.3249,49.03245,-125.3242,10,,1,37,,11,,51,6,,0,XMB
GL,20,2022,7,16,26,-1.4,-1.1,23,10,hillier,49.03242,-125.3249,49.03245,-125.3242,10,,3,45,,11,,51,6,,0,XMB
GL,20,2022,7,16,26,-1.4,-1.1,23,10,hillier,49.03242,-125.3249,49.03245,-125.3242,10,,3,42,,13,,51,6,,0,XMB
GL,20,2022,7,16,26,-1.4,-1.1,23,10,hillier,49.03242,-125.3249,49.03245,-125.3242,10,,3,44,,13,,51,6,,0,XMB
GL,20,2022,7,16,26,-1.4,-1.1,23,10,hillier,49.03242,-125.3249,49.03245,-125.3242,10,,1,44,,11,,51,6,,0,XMB
GL,20,2022,7,16,26,-1.4,-1.1,23,10,hillier,49.03242,-125.3249,49.03245,-125.3242,10,,3,41,,11,,51,6,,0,XMB
GL,20,2022,7,16,26,-1.4,-1.1,23,10,hillier,49.03242,-125.3249,49.03245,-125.3242,10,,3,44,,12,,51,6,,0,XMB
GL,20,2022,7,16,26,-1.4,-1.1,23,10,hillier,49.03242,-125.3249,49.03245,-125.3242,10,,3,45,,12,,51,6,,0,XMB
GL,20,2022,7,16,26,-1.4,-1.1,23,10,hillier,49.03242,-125.3249,49.03245,-125.3242,10,,3,42,,12,,51,6,,0,XMB
GL,20,2022,7,16,26,-1.4,-1.1,23,10,hillier,49.03242,-125.3249,49.03245,-125.3242,10,,3,39,,12,,51,6,,0,XMB
GL,20,2022,7,16,26,-1.4,-1.1,23,10,hillier,49.03242,-125.3249,49.03245,-125.3242,10,,3,43,,12,,51,6,,0,XMB
GL,20,2022,7,16,26,-1.4,-1.1,23,10,hillier,49.03242,-125.3249,49.03245,-125.3242,10,,1,38,,11,,51,6,,0,XMB
GL,20,2022,7,16,26,-1.4,-1.1,23,10,hillier,49.03242,-125.3249,49.03245,-125.3242,10,,3,38,,12,,51,6,,0,XMB
GL,20,2022,7,16,26,-1.4,-1.1,23,10,hillier,49.03242,-125.3249,49.03245,-125.3242,10,,1,37,,11,,51,6,,0,XMB
GL,20,2022,7,16,26,-1.4,-1.1,23,10,hillier,49.03242,-125.3249,49.03245,-125.3242,10,,3,36,,12,,51,6,,0,XMB
GL,20,2022,7,16,26,-1.4,-1.1,23,10,hillier,49.03242,-125.3249,49.03245,-125.3242,10,,1,40,,11,,51,6,,0,XMB
GL,20,2022,7,16,26,-1.4,-1.1,23,10,hillier,49.03242,-125.3249,49.03245,-125.3242,10,,3,39,,12,,51,6,,0,XMB
GL,20,2022,7,16,26,-1.4,-1.1,23,10,hillier,49.03242,-125.3249,49.03245,-125.3242,10,,3,32,,12,,51,6,,0,XMB
GL,21,2022,7,16,26,-1,0.1,23,10,hillier,49.03305,-125.3234,49.03265,-125.3235,10,,,,,,,51,1,,18,848
GL,21,2022,7,16,26,-1,0.1,23,10,hillier,49.03305,-125.3234,49.03265,-125.3235,10,,,,,,,51,2,,18,848
GL,21,2022,7,16,26,-1,0.1,23,10,hillier,49.03305,-125.3234,49.03265,-125.3235,10,,,,,,,51,3,,15,848
GL,21,2022,7,16,26,-1,0.1,23,10,hillier,49.03305,-125.3234,49.03265,-125.3235,10,,3,67,,10,,51,4,,0,XMB
GL,21,2022,7,16,26,-1,0.1,23,10,hillier,49.03305,-125.3234,49.03265,-125.3235,10,,3,68,,14,,51,4,,0,XMB
GL,21,2022,7,16,26,-1,0.1,23,10,hillier,49.03305,-125.3234,49.03265,-125.3235,10,,1,52,,11,,51,4,,0,XMB
GL,21,2022,7,16,26,-1,0.1,23,10,hillier,49.03305,-125.3234,49.03265,-125.3235,10,,1,65,,11,,51,4,,0,XMB
GL,21,2022,7,16,26,-1,0.1,23,10,hillier,49.03305,-125.3234,49.03265,-125.3235,10,,3,61,,14,,51,4,,0,XMB
GL,21,2022,7,16,26,-1,0.1,23,10,hillier,49.03305,-125.3234,49.03265,-125.3235,10,,3,61,,12,,51,4,,0,XMB
GL,21,2022,7,16,26,-1,0.1,23,10,hillier,49.03305,-125.3234,49.03265,-125.3235,10,,3,63,,11,,51,4,,0,XMB
GL,21,2022,7,16,26,-1,0.1,23,10,hillier,49.03305,-125.3234,49.03265,-125.3235,10,,3,55,,14,,51,4,,0,XMB
GL,21,2022,7,16,26,-1,0.1,23,10,hillier,49.03305,-125.3234,49.03265,-125.3235,10,,1,54,,11,,51,4,,0,XMB
GL,21,2022,7,16,26,-1,0.1,23,10,hillier,49.03305,-125.3234,49.03265,-125.3235,10,,1,52,,11,,51,4,,0,XMB
GL,21,2022,7,16,26,-1,0.1,23,10,hillier,49.03305,-125.3234,49.03265,-125.3235,10,,3,51,,12,,51,4,,0,XMB
GL,21,2022,7,16,26,-1,0.1,23,10,hillier,49.03305,-125.3234,49.03265,-125.3235,10,,1,48,,11,,51,4,,0,XMB
GL,21,2022,7,16,26,-1,0.1,23,10,hillier,49.03305,-125.3234,49.03265,-125.3235,10,,1,49,,11,,51,4,,0,XMB
GL,21,2022,7,16,26,-1,0.1,23,10,hillier,49.03305,-125.3234,49.03265,-125.3235,10,,3,45,,12,,51,4,,0,XMB
GL,21,2022,7,16,26,-1,0.1,23,10,hillier,49.03305,-125.3234,49.03265,-125.3235,10,,3,42,,12,,51,4,,0,XMB
GL,21,2022,7,16,26,-1,0.1,23,10,hillier,49.03305,-125.3234,49.03265,-125.3235,10,,3,42,,12,,51,4,,0,XMB
GL,21,2022,7,16,26,-1,0.1,23,10,hillier,49.03305,-125.3234,49.03265,-125.3235,10,,1,43,,11,,51,4,,0,XMB
GL,21,2022,7,16,26,-1,0.1,23,10,hillier,49.03305,-125.3234,49.03265,-125.3235,10,,3,42,,11,,51,4,,0,XMB
GL,21,2022,7,16,26,-1,0.1,23,10,hillier,49.03305,-125.3234,49.03265,-125.3235,10,,1,45,,11,,51,4,,0,XMB
GL,21,2022,7,16,26,-1,0.1,23,10,hillier,49.03305,-125.3234,49.03265,-125.3235,10,,1,48,,11,,51,4,,0,XMB
GL,21,2022,7,16,26,-1,0.1,23,10,hillier,49.03305,-125.3234,49.03265,-125.3235,10,,1,45,,11,,51,4,,0,XMB
GL,21,2022,7,16,26,-1,0.1,23,10,hillier,49.03305,-125.3234,49.03265,-125.3235,10,,3,47,,12,,51,5,,0,XMB
GL,21,2022,7,16,26,-1,0.1,23,10,hillier,49.03305,-125.3234,49.03265,-125.3235,10,,1,44,,11,,51,5,,0,XMB
GL,21,2022,7,16,26,-1,0.1,23,10,hillier,49.03305,-125.3234,49.03265,-125.3235,10,,3,39,,11,,51,5,,0,XMB
GL,21,2022,7,16,26,-1,0.1,23,10,hillier,49.03305,-125.3234,49.03265,-125.3235,10,,1,65,,11,,51,6,,0,XMB
GL,21,2022,7,16,26,-1,0.1,23,10,hillier,49.03305,-125.3234,49.03265,-125.3235,10,,3,42,,11,,51,6,,0,XMB
GL,21,2022,7,16,26,-1,0.1,23,10,hillier,49.03305,-125.3234,49.03265,-125.3235,10,,3,44,,12,,51,6,,0,XMB
GL,21,2022,7,16,26,-1,0.1,23,10,hillier,49.03305,-125.3234,49.03265,-125.3235,10,,3,38,,12,,51,6,,0,XMB
GL,22,2022,7,16,26,-0.6,-0.3,23,10,hillier,49.03233,-125.3237,49.03198,-125.3241,10,,1,47,,11,,51,1,,0,XMB
GL,22,2022,7,16,26,-0.6,-0.3,23,10,hillier,49.03233,-125.3237,49.03198,-125.3241,10,,3,58,,14,,51,1,,0,XMB
GL,22,2022,7,16,26,-0.6,-0.3,23,10,hillier,49.03233,-125.3237,49.03198,-125.3241,10,,3,38,,12,,51,1,,0,XMB
GL,22,2022,7,16,26,-0.6,-0.3,23,10,hillier,49.03233,-125.3237,49.03198,-125.3241,10,,3,46,,12,,51,1,,0,XMB
GL,22,2022,7,16,26,-0.6,-0.3,23,10,hillier,49.03233,-125.3237,49.03198,-125.3241,10,,1,52,,11,,51,1,,0,XMB
GL,22,2022,7,16,26,-0.6,-0.3,23,10,hillier,49.03233,-125.3237,49.03198,-125.3241,10,,1,48,,11,,51,1,,0,XMB
GL,22,2022,7,16,26,-0.6,-0.3,23,10,hillier,49.03233,-125.3237,49.03198,-125.3241,10,,3,60,,12,,51,1,,0,XMB
GL,22,2022,7,16,26,-0.6,-0.3,23,10,hillier,49.03233,-125.3237,49.03198,-125.3241,10,,3,46,,11,,51,1,,0,XMB
GL,22,2022,7,16,26,-0.6,-0.3,23,10,hillier,49.03233,-125.3237,49.03198,-125.3241,10,,1,58,,11,,51,1,,0,XMB
GL,22,2022,7,16,26,-0.6,-0.3,23,10,hillier,49.03233,-125.3237,49.03198,-125.3241,10,,1,44,,12,,51,1,,0,XMB
GL,22,2022,7,16,26,-0.6,-0.3,23,10,hillier,49.03233,-125.3237,49.03198,-125.3241,10,,3,41,,12,,51,1,,0,XMB
GL,22,2022,7,16,26,-0.6,-0.3,23,10,hillier,49.03233,-125.3237,49.03198,-125.3241,10,,3,59,,14,,51,2,,0,XMB
GL,22,2022,7,16,26,-0.6,-0.3,23,10,hillier,49.03233,-125.3237,49.03198,-125.3241,10,,1,54,,12,,51,2,,0,XMB
GL,22,2022,7,16,26,-0.6,-0.3,23,10,hillier,49.03233,-125.3237,49.03198,-125.3241,10,,3,53,,12,,51,2,,0,XMB
GL,22,2022,7,16,26,-0.6,-0.3,23,10,hillier,49.03233,-125.3237,49.03198,-125.3241,10,,1,46,,11,,51,2,,0,XMB
GL,22,2022,7,16,26,-0.6,-0.3,23,10,hillier,49.03233,-125.3237,49.03198,-125.3241,10,,1,43,,12,,51,2,,0,XMB
GL,22,2022,7,16,26,-0.6,-0.3,23,10,hillier,49.03233,-125.3237,49.03198,-125.3241,10,,3,43,,12,,51,2,,0,XMB
GL,22,2022,7,16,26,-0.6,-0.3,23,10,hillier,49.03233,-125.3237,49.03198,-125.3241,10,,1,49,,11,,51,2,,0,XMB
GL,22,2022,7,16,26,-0.6,-0.3,23,10,hillier,49.03233,-125.3237,49.03198,-125.3241,10,,3,41,,12,,51,2,,0,XMB
GL,22,2022,7,16,26,-0.6,-0.3,23,10,hillier,49.03233,-125.3237,49.03198,-125.3241,10,,3,56,,12,,51,2,,0,XMB
GL,22,2022,7,16,26,-0.6,-0.3,23,10,hillier,49.03233,-125.3237,49.03198,-125.3241,10,,3,48,,12,,51,3,,0,XMB
GL,22,2022,7,16,26,-0.6,-0.3,23,10,hillier,49.03233,-125.3237,49.03198,-125.3241,10,,1,40,,11,,51,4,,0,XMB
GL,22,2022,7,16,26,-0.6,-0.3,23,10,hillier,49.03233,-125.3237,49.03198,-125.3241,10,,1,50,,11,,51,5,,0,XMB
GL,22,2022,7,16,26,-0.6,-0.3,23,10,hillier,49.03233,-125.3237,49.03198,-125.3241,10,,1,62,,11,,51,5,,0,XMB
GL,22,2022,7,16,26,-0.6,-0.3,23,10,hillier,49.03233,-125.3237,49.03198,-125.3241,10,,1,60,,11,,51,5,,0,XMB
GL,22,2022,7,16,26,-0.6,-0.3,23,10,hillier,49.03233,-125.3237,49.03198,-125.3241,10,,1,54,,11,,51,5,,0,XMB
GL,22,2022,7,16,26,-0.6,-0.3,23,10,hillier,49.03233,-125.3237,49.03198,-125.3241,10,,1,65,,11,,51,5,,0,XMB
GL,22,2022,7,16,26,-0.6,-0.3,23,10,hillier,49.03233,-125.3237,49.03198,-125.3241,10,,1,64,,11,,51,5,,0,XMB
GL,22,2022,7,16,26,-0.6,-0.3,23,10,hillier,49.03233,-125.3237,49.03198,-125.3241,10,,3,46,,12,,51,6,,0,XMB
GL,22,2022,7,16,26,-0.6,-0.3,23,10,hillier,49.03233,-125.3237,49.03198,-125.3241,10,,3,45,,12,,51,6,,0,XMB
GL,1,2023,4,21,24,-1.2,-1,23,9,mayne,48.9748,-125.2883,48.97448,-125.2888,10,,1,134,,,,51,1,,0,XLA
GL,1,2023,4,21,24,-1.2,-1,23,9,mayne,48.9748,-125.2883,48.97448,-125.2888,10,,3,87,,,,51,1,,0,XLA
GL,1,2023,4,21,24,-1.2,-1,23,9,mayne,48.9748,-125.2883,48.97448,-125.2888,10,,1,70,,11,,51,1,,0,XMB
GL,1,2023,4,21,24,-1.2,-1,23,9,mayne,48.9748,-125.2883,48.97448,-125.2888,10,,,,,,,51,2,,15,848
GL,1,2023,4,21,24,-1.2,-1,23,9,mayne,48.9748,-125.2883,48.97448,-125.2888,10,,1,127,,,,51,3,,0,XLA
GL,1,2023,4,21,24,-1.2,-1,23,9,mayne,48.9748,-125.2883,48.97448,-125.2888,10,,1,110,,,3,51,3,,0,XLA
GL,1,2023,4,21,24,-1.2,-1,23,9,mayne,48.9748,-125.2883,48.97448,-125.2888,10,,1,65,,11,,51,3,,0,XMB
GL,1,2023,4,21,24,-1.2,-1,23,9,mayne,48.9748,-125.2883,48.97448,-125.2888,10,,1,31,,10,,51,3,,0,XMB
GL,1,2023,4,21,24,-1.2,-1,23,9,mayne,48.9748,-125.2883,48.97448,-125.2888,10,,,,,,,51,4,,15,848
GL,1,2023,4,21,24,-1.2,-1,23,9,mayne,48.9748,-125.2883,48.97448,-125.2888,10,,,,,,,51,5,,15,848
GL,1,2023,4,21,24,-1.2,-1,23,9,mayne,48.9748,-125.2883,48.97448,-125.2888,10,,,,,,,51,6,,15,848
GL,2,2023,4,21,24,-1.2,-1.1,23,9,mayne,48.97441,-125.2889,48.97448,-125.2896,10,,,,,,,51,1,,15,848
GL,2,2023,4,21,24,-1.2,-1.1,23,9,mayne,48.97441,-125.2889,48.97448,-125.2896,10,,,,,,,51,2,,15,848
GL,2,2023,4,21,24,-1.2,-1.1,23,9,mayne,48.97441,-125.2889,48.97448,-125.2896,10,,,,,,,51,3,,15,848
GL,2,2023,4,21,24,-1.2,-1.1,23,9,mayne,48.97441,-125.2889,48.97448,-125.2896,10,,1,120,,,,51,4,,0,XLA
GL,2,2023,4,21,24,-1.2,-1.1,23,9,mayne,48.97441,-125.2889,48.97448,-125.2896,10,,,,,,,51,5,,15,848
GL,2,2023,4,21,24,-1.2,-1.1,23,9,mayne,48.97441,-125.2889,48.97448,-125.2896,10,,1,144,,,,51,6,,0,XLA
GL,3,2023,4,21,24,-0.7,-0.3,23,9,mayne,48.975,-125.2891,48.97463,-125.2894,10,,1,140,,,,51,1,,0,XLA
GL,3,2023,4,21,24,-0.7,-0.3,23,9,mayne,48.975,-125.2891,48.97463,-125.2894,10,,1,108,,,,51,1,,0,XLA
GL,3,2023,4,21,24,-0.7,-0.3,23,9,mayne,48.975,-125.2891,48.97463,-125.2894,10,,1,95,,,,51,1,,0,XLA
GL,3,2023,4,21,24,-0.7,-0.3,23,9,mayne,48.975,-125.2891,48.97463,-125.2894,10,,1,126,,,,51,1,,0,XLA
GL,3,2023,4,21,24,-0.7,-0.3,23,9,mayne,48.975,-125.2891,48.97463,-125.2894,10,,,,,,,51,2,,15,848
GL,3,2023,4,21,24,-0.7,-0.3,23,9,mayne,48.975,-125.2891,48.97463,-125.2894,10,,,,,,,51,3,,15,848
GL,3,2023,4,21,24,-0.7,-0.3,23,9,mayne,48.975,-125.2891,48.97463,-125.2894,10,,1,76,,11,,51,4,,0,XMB
GL,3,2023,4,21,24,-0.7,-0.3,23,9,mayne,48.975,-125.2891,48.97463,-125.2894,10,,1,71,,11,,51,4,,0,XMB
GL,3,2023,4,21,24,-0.7,-0.3,23,9,mayne,48.975,-125.2891,48.97463,-125.2894,10,,,,,,,51,5,,15,848
GL,3,2023,4,21,24,-0.7,-0.3,23,9,mayne,48.975,-125.2891,48.97463,-125.2894,10,,,,,,,51,6,,15,848
GL,4,2023,4,21,23,-0.4,4,23,9,mayne,48.97497,-125.2894,48.975,-125.2899,10,,1,142,,,,51,1,,0,XLA
GL,4,2023,4,21,23,-0.4,4,23,9,mayne,48.97497,-125.2894,48.975,-125.2899,10,,1,136,,,,51,1,,0,XLA
GL,4,2023,4,21,23,-0.4,4,23,9,mayne,48.97497,-125.2894,48.975,-125.2899,10,,1,136,,,,51,2,,0,XLA
GL,4,2023,4,21,23,-0.4,4,23,9,mayne,48.97497,-125.2894,48.975,-125.2899,10,,1,155,,,,51,2,,0,XLA
GL,4,2023,4,21,23,-0.4,4,23,9,mayne,48.97497,-125.2894,48.975,-125.2899,10,,1,151,,,,51,2,,0,XLA
GL,4,2023,4,21,23,-0.4,4,23,9,mayne,48.97497,-125.2894,48.975,-125.2899,10,,3,112,,,,51,2,,0,XLA
GL,4,2023,4,21,23,-0.4,4,23,9,mayne,48.97497,-125.2894,48.975,-125.2899,10,,1,96,,,,51,2,,0,XLA
GL,4,2023,4,21,23,-0.4,4,23,9,mayne,48.97497,-125.2894,48.975,-125.2899,10,,1,157,,,,51,2,,0,XLA
GL,4,2023,4,21,23,-0.4,4,23,9,mayne,48.97497,-125.2894,48.975,-125.2899,10,,1,135,,,,51,2,,0,XLA
GL,4,2023,4,21,23,-0.4,4,23,9,mayne,48.97497,-125.2894,48.975,-125.2899,10,,1,160,,,,51,2,,0,XLA
GL,4,2023,4,21,23,-0.4,4,23,9,mayne,48.97497,-125.2894,48.975,-125.2899,10,,1,140,,,,51,2,,0,XLA
GL,4,2023,4,21,23,-0.4,4,23,9,mayne,48.97497,-125.2894,48.975,-125.2899,10,,1,113,,,,51,2,,0,XLA
GL,4,2023,4,21,23,-0.4,4,23,9,mayne,48.97497,-125.2894,48.975,-125.2899,10,,3,114,,,,51,2,,0,XLA
GL,4,2023,4,21,23,-0.4,4,23,9,mayne,48.97497,-125.2894,48.975,-125.2899,10,,1,123,,,,51,2,,0,XLA
GL,4,2023,4,21,23,-0.4,4,23,9,mayne,48.97497,-125.2894,48.975,-125.2899,10,,1,103,,,,51,2,,0,XLA
GL,4,2023,4,21,23,-0.4,4,23,9,mayne,48.97497,-125.2894,48.975,-125.2899,10,,1,148,,,,51,3,,0,XLA
GL,4,2023,4,21,23,-0.4,4,23,9,mayne,48.97497,-125.2894,48.975,-125.2899,10,,1,131,,,,51,3,,0,XLA
GL,4,2023,4,21,23,-0.4,4,23,9,mayne,48.97497,-125.2894,48.975,-125.2899,10,,1,151,,,,51,3,,0,XLA
GL,4,2023,4,21,23,-0.4,4,23,9,mayne,48.97497,-125.2894,48.975,-125.2899,10,,1,138,,,,51,3,,0,XLA
GL,4,2023,4,21,23,-0.4,4,23,9,mayne,48.97497,-125.2894,48.975,-125.2899,10,,1,151,,,,51,3,,0,XLA
GL,4,2023,4,21,23,-0.4,4,23,9,mayne,48.97497,-125.2894,48.975,-125.2899,10,,1,135,,,,51,3,,0,XLA
GL,4,2023,4,21,23,-0.4,4,23,9,mayne,48.97497,-125.2894,48.975,-125.2899,10,,3,103,,,,51,3,,0,XLA
GL,4,2023,4,21,23,-0.4,4,23,9,mayne,48.97497,-125.2894,48.975,-125.2899,10,,1,137,,,,51,4,,0,XLA
GL,4,2023,4,21,23,-0.4,4,23,9,mayne,48.97497,-125.2894,48.975,-125.2899,10,,1,140,,,,51,4,,0,XLA
GL,4,2023,4,21,23,-0.4,4,23,9,mayne,48.97497,-125.2894,48.975,-125.2899,10,,1,154,,,,51,4,,0,XLA
GL,4,2023,4,21,23,-0.4,4,23,9,mayne,48.97497,-125.2894,48.975,-125.2899,10,,1,138,,,,51,4,,0,XLA
GL,4,2023,4,21,23,-0.4,4,23,9,mayne,48.97497,-125.2894,48.975,-125.2899,10,,1,126,,,,51,4,,0,XLA
GL,4,2023,4,21,23,-0.4,4,23,9,mayne,48.97497,-125.2894,48.975,-125.2899,10,,1,132,,,,51,4,,0,XLA
GL,4,2023,4,21,23,-0.4,4,23,9,mayne,48.97497,-125.2894,48.975,-125.2899,10,,1,136,,,,51,4,,0,XLA
GL,4,2023,4,21,23,-0.4,4,23,9,mayne,48.97497,-125.2894,48.975,-125.2899,10,,1,145,,,,51,4,,0,XLA
GL,4,2023,4,21,23,-0.4,4,23,9,mayne,48.97497,-125.2894,48.975,-125.2899,10,,1,129,,,,51,5,,0,XLA
GL,4,2023,4,21,23,-0.4,4,23,9,mayne,48.97497,-125.2894,48.975,-125.2899,10,,1,156,,,,51,5,,0,XLA
GL,4,2023,4,21,23,-0.4,4,23,9,mayne,48.97497,-125.2894,48.975,-125.2899,10,,1,121,,,,51,5,,0,XLA
GL,4,2023,4,21,23,-0.4,4,23,9,mayne,48.97497,-125.2894,48.975,-125.2899,10,,1,131,,,,51,5,,0,XLA
GL,4,2023,4,21,23,-0.4,4,23,9,mayne,48.97497,-125.2894,48.975,-125.2899,10,,3,127,,,,51,5,,0,XLA
GL,4,2023,4,21,23,-0.4,4,23,9,mayne,48.97497,-125.2894,48.975,-125.2899,10,,1,141,,,,51,6,,0,XLA
GL,4,2023,4,21,23,-0.4,4,23,9,mayne,48.97497,-125.2894,48.975,-125.2899,10,,1,148,,,,51,6,,0,XLA
GL,4,2023,4,21,23,-0.4,4,23,9,mayne,48.97497,-125.2894,48.975,-125.2899,10,,1,147,,,,51,6,,0,XLA
GL,4,2023,4,21,23,-0.4,4,23,9,mayne,48.97497,-125.2894,48.975,-125.2899,10,,3,109,,,,51,6,,0,XLA
GL,5,2023,4,21,24,-0.9,-0.4,23,10,hillier,49.0324,-125.3248,49.0324,-125.325,10,,1,64,,11,,51,1,,0,XMB
GL,5,2023,4,21,24,-0.9,-0.4,23,10,hillier,49.0324,-125.3248,49.0324,-125.325,10,,1,67,,11,,51,1,,0,XMB
GL,5,2023,4,21,24,-0.9,-0.4,23,10,hillier,49.0324,-125.3248,49.0324,-125.325,10,,1,53,,11,3,51,1,,0,XMB
GL,5,2023,4,21,24,-0.9,-0.4,23,10,hillier,49.0324,-125.3248,49.0324,-125.325,10,,1,56,,11,,51,1,,0,XMB
GL,5,2023,4,21,24,-0.9,-0.4,23,10,hillier,49.0324,-125.3248,49.0324,-125.325,10,,3,57,,13,,51,1,,0,XMB
GL,5,2023,4,21,24,-0.9,-0.4,23,10,hillier,49.0324,-125.3248,49.0324,-125.325,10,,3,60,,14,,51,1,,0,XMB
GL,5,2023,4,21,24,-0.9,-0.4,23,10,hillier,49.0324,-125.3248,49.0324,-125.325,10,,3,52,,14,,51,1,,0,XMB
GL,5,2023,4,21,24,-0.9,-0.4,23,10,hillier,49.0324,-125.3248,49.0324,-125.325,10,,3,51,,14,,51,1,,0,XMB
GL,5,2023,4,21,24,-0.9,-0.4,23,10,hillier,49.0324,-125.3248,49.0324,-125.325,10,,3,53,,14,,51,1,,0,XMB
GL,5,2023,4,21,24,-0.9,-0.4,23,10,hillier,49.0324,-125.3248,49.0324,-125.325,10,,1,62,,11,,51,1,,0,XMB
GL,5,2023,4,21,24,-0.9,-0.4,23,10,hillier,49.0324,-125.3248,49.0324,-125.325,10,,3,48,,14,,51,1,,0,XMB
GL,5,2023,4,21,24,-0.9,-0.4,23,10,hillier,49.0324,-125.3248,49.0324,-125.325,10,,3,51,,14,,51,1,,0,XMB
GL,5,2023,4,21,24,-0.9,-0.4,23,10,hillier,49.0324,-125.3248,49.0324,-125.325,10,,3,54,,14,,51,1,,0,XMB
GL,5,2023,4,21,24,-0.9,-0.4,23,10,hillier,49.0324,-125.3248,49.0324,-125.325,10,,3,50,,14,,51,1,,0,XMB
GL,5,2023,4,21,24,-0.9,-0.4,23,10,hillier,49.0324,-125.3248,49.0324,-125.325,10,,1,50,,11,,51,1,,0,XMB
GL,5,2023,4,21,24,-0.9,-0.4,23,10,hillier,49.0324,-125.3248,49.0324,-125.325,10,,3,44,,14,,51,1,,0,XMB
GL,5,2023,4,21,24,-0.9,-0.4,23,10,hillier,49.0324,-125.3248,49.0324,-125.325,10,,3,49,,14,,51,1,,0,XMB
GL,5,2023,4,21,24,-0.9,-0.4,23,10,hillier,49.0324,-125.3248,49.0324,-125.325,10,,3,49,,14,,51,1,,0,XMB
GL,5,2023,4,21,24,-0.9,-0.4,23,10,hillier,49.0324,-125.3248,49.0324,-125.325,10,,3,56,,13,,51,1,,0,XMB
GL,5,2023,4,21,24,-0.9,-0.4,23,10,hillier,49.0324,-125.3248,49.0324,-125.325,10,,3,42,,13,,51,1,,0,XMB
GL,5,2023,4,21,24,-0.9,-0.4,23,10,hillier,49.0324,-125.3248,49.0324,-125.325,10,,3,45,,14,,51,1,,0,XMB
GL,5,2023,4,21,24,-0.9,-0.4,23,10,hillier,49.0324,-125.3248,49.0324,-125.325,10,,3,48,,14,,51,1,,0,XMB
GL,5,2023,4,21,24,-0.9,-0.4,23,10,hillier,49.0324,-125.3248,49.0324,-125.325,10,,3,42,,14,,51,1,,0,XMB
GL,5,2023,4,21,24,-0.9,-0.4,23,10,hillier,49.0324,-125.3248,49.0324,-125.325,10,,3,47,,13,,51,1,,0,XMB
GL,5,2023,4,21,24,-0.9,-0.4,23,10,hillier,49.0324,-125.3248,49.0324,-125.325,10,,3,42,,14,,51,1,,0,XMB
GL,5,2023,4,21,24,-0.9,-0.4,23,10,hillier,49.0324,-125.3248,49.0324,-125.325,10,,1,62,,11,,51,2,,0,XMB
GL,5,2023,4,21,24,-0.9,-0.4,23,10,hillier,49.0324,-125.3248,49.0324,-125.325,10,,3,49,,13,,51,2,,0,XMB
GL,5,2023,4,21,24,-0.9,-0.4,23,10,hillier,49.0324,-125.3248,49.0324,-125.325,10,,3,47,,13,,51,2,,0,XMB
GL,5,2023,4,21,24,-0.9,-0.4,23,10,hillier,49.0324,-125.3248,49.0324,-125.325,10,,3,42,,13,,51,2,,0,XMB
GL,5,2023,4,21,24,-0.9,-0.4,23,10,hillier,49.0324,-125.3248,49.0324,-125.325,10,,3,44,,14,,51,2,,0,XMB
GL,5,2023,4,21,24,-0.9,-0.4,23,10,hillier,49.0324,-125.3248,49.0324,-125.325,10,,3,55,,14,,51,2,,0,XMB
GL,5,2023,4,21,24,-0.9,-0.4,23,10,hillier,49.0324,-125.3248,49.0324,-125.325,10,,3,48,,14,,51,2,,0,XMB
GL,5,2023,4,21,24,-0.9,-0.4,23,10,hillier,49.0324,-125.3248,49.0324,-125.325,10,,3,42,,14,,51,2,,0,XMB
GL,5,2023,4,21,24,-0.9,-0.4,23,10,hillier,49.0324,-125.3248,49.0324,-125.325,10,,3,45,,14,,51,2,,0,XMB
GL,5,2023,4,21,24,-0.9,-0.4,23,10,hillier,49.0324,-125.3248,49.0324,-125.325,10,,3,40,,14,,51,2,,0,XMB
GL,5,2023,4,21,24,-0.9,-0.4,23,10,hillier,49.0324,-125.3248,49.0324,-125.325,10,,3,47,,13,,51,2,,0,XMB
GL,5,2023,4,21,24,-0.9,-0.4,23,10,hillier,49.0324,-125.3248,49.0324,-125.325,10,,3,40,,14,,51,2,,0,XMB
GL,5,2023,4,21,24,-0.9,-0.4,23,10,hillier,49.0324,-125.3248,49.0324,-125.325,10,,3,39,,14,,51,2,,0,XMB
GL,5,2023,4,21,24,-0.9,-0.4,23,10,hillier,49.0324,-125.3248,49.0324,-125.325,10,,3,66,,14,,51,3,,0,XMB
GL,5,2023,4,21,24,-0.9,-0.4,23,10,hillier,49.0324,-125.3248,49.0324,-125.325,10,,1,62,,11,,51,3,,0,XMB
GL,5,2023,4,21,24,-0.9,-0.4,23,10,hillier,49.0324,-125.3248,49.0324,-125.325,10,,3,58,,14,,51,3,,0,XMB
GL,5,2023,4,21,24,-0.9,-0.4,23,10,hillier,49.0324,-125.3248,49.0324,-125.325,10,,3,68,,14,,51,3,,0,XMB
GL,5,2023,4,21,24,-0.9,-0.4,23,10,hillier,49.0324,-125.3248,49.0324,-125.325,10,,3,55,,14,,51,3,,0,XMB
GL,5,2023,4,21,24,-0.9,-0.4,23,10,hillier,49.0324,-125.3248,49.0324,-125.325,10,,3,47,,13,,51,3,,0,XMB
GL,5,2023,4,21,24,-0.9,-0.4,23,10,hillier,49.0324,-125.3248,49.0324,-125.325,10,,3,54,,13,,51,3,,0,XMB
GL,5,2023,4,21,24,-0.9,-0.4,23,10,hillier,49.0324,-125.3248,49.0324,-125.325,10,,3,50,,13,,51,3,,0,XMB
GL,5,2023,4,21,24,-0.9,-0.4,23,10,hillier,49.0324,-125.3248,49.0324,-125.325,10,,3,50,,13,,51,3,,0,XMB
GL,5,2023,4,21,24,-0.9,-0.4,23,10,hillier,49.0324,-125.3248,49.0324,-125.325,10,,3,50,,13,,51,3,,0,XMB
GL,5,2023,4,21,24,-0.9,-0.4,23,10,hillier,49.0324,-125.3248,49.0324,-125.325,10,,3,51,,14,,51,3,,0,XMB
GL,5,2023,4,21,24,-0.9,-0.4,23,10,hillier,49.0324,-125.3248,49.0324,-125.325,10,,3,43,,13,,51,3,,0,XMB
GL,5,2023,4,21,24,-0.9,-0.4,23,10,hillier,49.0324,-125.3248,49.0324,-125.325,10,,3,49,,14,,51,3,,0,XMB
GL,5,2023,4,21,24,-0.9,-0.4,23,10,hillier,49.0324,-125.3248,49.0324,-125.325,10,,3,51,,14,,51,3,,0,XMB
GL,5,2023,4,21,24,-0.9,-0.4,23,10,hillier,49.0324,-125.3248,49.0324,-125.325,10,,3,52,,13,,51,3,,0,XMB
GL,5,2023,4,21,24,-0.9,-0.4,23,10,hillier,49.0324,-125.3248,49.0324,-125.325,10,,3,52,,14,,51,3,,0,XMB
GL,5,2023,4,21,24,-0.9,-0.4,23,10,hillier,49.0324,-125.3248,49.0324,-125.325,10,,3,43,,13,,51,3,,0,XMB
GL,5,2023,4,21,24,-0.9,-0.4,23,10,hillier,49.0324,-125.3248,49.0324,-125.325,10,,3,45,,14,,51,3,,0,XMB
GL,5,2023,4,21,24,-0.9,-0.4,23,10,hillier,49.0324,-125.3248,49.0324,-125.325,10,,3,41,,13,,51,3,,0,XMB
GL,5,2023,4,21,24,-0.9,-0.4,23,10,hillier,49.0324,-125.3248,49.0324,-125.325,10,,3,45,,14,,51,3,,0,XMB
GL,5,2023,4,21,24,-0.9,-0.4,23,10,hillier,49.0324,-125.3248,49.0324,-125.325,10,,3,54,,14,,51,3,,0,XMB
GL,5,2023,4,21,24,-0.9,-0.4,23,10,hillier,49.0324,-125.3248,49.0324,-125.325,10,,3,55,,13,,51,3,,0,XMB
GL,5,2023,4,21,24,-0.9,-0.4,23,10,hillier,49.0324,-125.3248,49.0324,-125.325,10,,3,47,,14,,51,3,,0,XMB
GL,5,2023,4,21,24,-0.9,-0.4,23,10,hillier,49.0324,-125.3248,49.0324,-125.325,10,,3,44,,13,,51,3,,0,XMB
GL,5,2023,4,21,24,-0.9,-0.4,23,10,hillier,49.0324,-125.3248,49.0324,-125.325,10,,1,57,,11,,51,4,,0,XMB
GL,5,2023,4,21,24,-0.9,-0.4,23,10,hillier,49.0324,-125.3248,49.0324,-125.325,10,,3,52,,14,,51,4,,0,XMB
GL,5,2023,4,21,24,-0.9,-0.4,23,10,hillier,49.0324,-125.3248,49.0324,-125.325,10,,3,42,,14,,51,4,,0,XMB
GL,5,2023,4,21,24,-0.9,-0.4,23,10,hillier,49.0324,-125.3248,49.0324,-125.325,10,,1,59,,11,,51,5,,0,XMB
GL,5,2023,4,21,24,-0.9,-0.4,23,10,hillier,49.0324,-125.3248,49.0324,-125.325,10,,3,50,,14,,51,5,,0,XMB
GL,5,2023,4,21,24,-0.9,-0.4,23,10,hillier,49.0324,-125.3248,49.0324,-125.325,10,,3,64,,14,,51,5,,0,XMB
GL,5,2023,4,21,24,-0.9,-0.4,23,10,hillier,49.0324,-125.3248,49.0324,-125.325,10,,1,57,,11,,51,5,,0,XMB
GL,5,2023,4,21,24,-0.9,-0.4,23,10,hillier,49.0324,-125.3248,49.0324,-125.325,10,,3,48,,13,,51,5,,0,XMB
GL,5,2023,4,21,24,-0.9,-0.4,23,10,hillier,49.0324,-125.3248,49.0324,-125.325,10,,3,48,,14,,51,5,,0,XMB
GL,5,2023,4,21,24,-0.9,-0.4,23,10,hillier,49.0324,-125.3248,49.0324,-125.325,10,,3,44,,14,,51,5,,0,XMB
GL,5,2023,4,21,24,-0.9,-0.4,23,10,hillier,49.0324,-125.3248,49.0324,-125.325,10,,3,39,,14,,51,5,,0,XMB
GL,5,2023,4,21,24,-0.9,-0.4,23,10,hillier,49.0324,-125.3248,49.0324,-125.325,10,,3,46,,13,,51,5,,0,XMB
GL,5,2023,4,21,24,-0.9,-0.4,23,10,hillier,49.0324,-125.3248,49.0324,-125.325,10,,1,68,,11,,51,6,,0,XMB
GL,5,2023,4,21,24,-0.9,-0.4,23,10,hillier,49.0324,-125.3248,49.0324,-125.325,10,,1,71,,14,,51,6,,0,XMB
GL,5,2023,4,21,24,-0.9,-0.4,23,10,hillier,49.0324,-125.3248,49.0324,-125.325,10,,1,60,,11,,51,6,,0,XMB
GL,5,2023,4,21,24,-0.9,-0.4,23,10,hillier,49.0324,-125.3248,49.0324,-125.325,10,,1,69,,14,,51,6,,0,XMB
GL,5,2023,4,21,24,-0.9,-0.4,23,10,hillier,49.0324,-125.3248,49.0324,-125.325,10,,3,59,,14,,51,6,,0,XMB
GL,5,2023,4,21,24,-0.9,-0.4,23,10,hillier,49.0324,-125.3248,49.0324,-125.325,10,,3,54,,14,,51,6,,0,XMB
GL,5,2023,4,21,24,-0.9,-0.4,23,10,hillier,49.0324,-125.3248,49.0324,-125.325,10,,3,45,,14,,51,6,,0,XMB
GL,5,2023,4,21,24,-0.9,-0.4,23,10,hillier,49.0324,-125.3248,49.0324,-125.325,10,,3,64,,13,,51,6,,0,XMB
GL,5,2023,4,21,24,-0.9,-0.4,23,10,hillier,49.0324,-125.3248,49.0324,-125.325,10,,3,50,,13,,51,6,,0,XMB
GL,5,2023,4,21,24,-0.9,-0.4,23,10,hillier,49.0324,-125.3248,49.0324,-125.325,10,,3,51,,13,,51,6,,0,XMB
GL,5,2023,4,21,24,-0.9,-0.4,23,10,hillier,49.0324,-125.3248,49.0324,-125.325,10,,3,50,,13,,51,6,,0,XMB
GL,5,2023,4,21,24,-0.9,-0.4,23,10,hillier,49.0324,-125.3248,49.0324,-125.325,10,,3,46,,14,,51,6,,0,XMB
GL,6,2023,4,21,24,-0.4,0.4,23,10,hillier,49.03303,-125.3234,49.03265,-125.3235,10,,1,68,,11,,51,1,,0,XMB
GL,6,2023,4,21,24,-0.4,0.4,23,10,hillier,49.03303,-125.3234,49.03265,-125.3235,10,,3,64,,14,,51,1,,0,XMB
GL,6,2023,4,21,24,-0.4,0.4,23,10,hillier,49.03303,-125.3234,49.03265,-125.3235,10,,3,48,,14,,51,1,,0,XMB
GL,6,2023,4,21,24,-0.4,0.4,23,10,hillier,49.03303,-125.3234,49.03265,-125.3235,10,,1,64,,11,,51,2,,0,XMB
GL,6,2023,4,21,24,-0.4,0.4,23,10,hillier,49.03303,-125.3234,49.03265,-125.3235,10,,3,65,,14,,51,2,,0,XMB
GL,6,2023,4,21,24,-0.4,0.4,23,10,hillier,49.03303,-125.3234,49.03265,-125.3235,10,,3,51,,14,,51,2,,0,XMB
GL,6,2023,4,21,24,-0.4,0.4,23,10,hillier,49.03303,-125.3234,49.03265,-125.3235,10,,3,46,,14,,51,2,,0,XMB
GL,6,2023,4,21,24,-0.4,0.4,23,10,hillier,49.03303,-125.3234,49.03265,-125.3235,10,,3,49,,14,,51,2,,0,XMB
GL,6,2023,4,21,24,-0.4,0.4,23,10,hillier,49.03303,-125.3234,49.03265,-125.3235,10,,1,79,,14,,51,3,,0,XMB
GL,6,2023,4,21,24,-0.4,0.4,23,10,hillier,49.03303,-125.3234,49.03265,-125.3235,10,,1,71,,11,,51,3,,0,XMB
GL,6,2023,4,21,24,-0.4,0.4,23,10,hillier,49.03303,-125.3234,49.03265,-125.3235,10,,3,52,,13,,51,3,,0,XMB
GL,6,2023,4,21,24,-0.4,0.4,23,10,hillier,49.03303,-125.3234,49.03265,-125.3235,10,,1,48,,11,,51,3,,0,XMB
GL,6,2023,4,21,24,-0.4,0.4,23,10,hillier,49.03303,-125.3234,49.03265,-125.3235,10,,3,48,,13,,51,3,,0,XMB
GL,6,2023,4,21,24,-0.4,0.4,23,10,hillier,49.03303,-125.3234,49.03265,-125.3235,10,,3,51,,14,,51,3,,0,XMB
GL,6,2023,4,21,24,-0.4,0.4,23,10,hillier,49.03303,-125.3234,49.03265,-125.3235,10,,3,49,,14,,51,3,,0,XMB
GL,6,2023,4,21,24,-0.4,0.4,23,10,hillier,49.03303,-125.3234,49.03265,-125.3235,10,,3,48,,14,,51,4,,0,XMB
GL,6,2023,4,21,24,-0.4,0.4,23,10,hillier,49.03303,-125.3234,49.03265,-125.3235,10,,3,61,,14,,51,4,,0,XMB
GL,6,2023,4,21,24,-0.4,0.4,23,10,hillier,49.03303,-125.3234,49.03265,-125.3235,10,,3,68,,14,,51,4,,0,XMB
GL,6,2023,4,21,24,-0.4,0.4,23,10,hillier,49.03303,-125.3234,49.03265,-125.3235,10,,3,64,,13,,51,4,,0,XMB
GL,6,2023,4,21,24,-0.4,0.4,23,10,hillier,49.03303,-125.3234,49.03265,-125.3235,10,,1,64,,11,,51,4,,0,XMB
GL,6,2023,4,21,24,-0.4,0.4,23,10,hillier,49.03303,-125.3234,49.03265,-125.3235,10,,3,61,,14,,51,4,,0,XMB
GL,6,2023,4,21,24,-0.4,0.4,23,10,hillier,49.03303,-125.3234,49.03265,-125.3235,10,,3,56,,14,,51,4,,0,XMB
GL,6,2023,4,21,24,-0.4,0.4,23,10,hillier,49.03303,-125.3234,49.03265,-125.3235,10,,3,56,,14,,51,4,,0,XMB
GL,6,2023,4,21,24,-0.4,0.4,23,10,hillier,49.03303,-125.3234,49.03265,-125.3235,10,,3,56,,14,,51,4,,0,XMB
GL,6,2023,4,21,24,-0.4,0.4,23,10,hillier,49.03303,-125.3234,49.03265,-125.3235,10,,1,68,,14,,51,4,,0,XMB
GL,6,2023,4,21,24,-0.4,0.4,23,10,hillier,49.03303,-125.3234,49.03265,-125.3235,10,,3,50,,14,,51,4,,0,XMB
GL,6,2023,4,21,24,-0.4,0.4,23,10,hillier,49.03303,-125.3234,49.03265,-125.3235,10,,1,53,,11,,51,4,,0,XMB
GL,6,2023,4,21,24,-0.4,0.4,23,10,hillier,49.03303,-125.3234,49.03265,-125.3235,10,,3,50,,13,,51,4,,0,XMB
GL,6,2023,4,21,24,-0.4,0.4,23,10,hillier,49.03303,-125.3234,49.03265,-125.3235,10,,3,51,,14,,51,4,,0,XMB
GL,6,2023,4,21,24,-0.4,0.4,23,10,hillier,49.03303,-125.3234,49.03265,-125.3235,10,,3,45,,13,,51,4,,0,XMB
GL,6,2023,4,21,24,-0.4,0.4,23,10,hillier,49.03303,-125.3234,49.03265,-125.3235,10,,1,61,,10,,51,5,,0,XMB
GL,6,2023,4,21,24,-0.4,0.4,23,10,hillier,49.03303,-125.3234,49.03265,-125.3235,10,,1,65,,10,,51,5,,0,XMB
GL,6,2023,4,21,24,-0.4,0.4,23,10,hillier,49.03303,-125.3234,49.03265,-125.3235,10,,3,62,,14,,51,5,,0,XMB
GL,6,2023,4,21,24,-0.4,0.4,23,10,hillier,49.03303,-125.3234,49.03265,-125.3235,10,,1,67,,11,,51,5,,0,XMB
GL,6,2023,4,21,24,-0.4,0.4,23,10,hillier,49.03303,-125.3234,49.03265,-125.3235,10,,3,53,,13,,51,5,,0,XMB
GL,6,2023,4,21,24,-0.4,0.4,23,10,hillier,49.03303,-125.3234,49.03265,-125.3235,10,,1,58,,11,,51,5,,0,XMB
GL,6,2023,4,21,24,-0.4,0.4,23,10,hillier,49.03303,-125.3234,49.03265,-125.3235,10,,3,58,,14,,51,5,,0,XMB
GL,6,2023,4,21,24,-0.4,0.4,23,10,hillier,49.03303,-125.3234,49.03265,-125.3235,10,,0,52,,14,,51,5,,0,XMB
GL,6,2023,4,21,24,-0.4,0.4,23,10,hillier,49.03303,-125.3234,49.03265,-125.3235,10,,1,47,,11,,51,5,,0,XMB
GL,6,2023,4,21,24,-0.4,0.4,23,10,hillier,49.03303,-125.3234,49.03265,-125.3235,10,,3,51,,14,,51,5,,0,XMB
GL,6,2023,4,21,24,-0.4,0.4,23,10,hillier,49.03303,-125.3234,49.03265,-125.3235,10,,3,45,,14,,51,5,,0,XMB
GL,6,2023,4,21,24,-0.4,0.4,23,10,hillier,49.03303,-125.3234,49.03265,-125.3235,10,,3,44,,14,,51,5,,0,XMB
GL,6,2023,4,21,24,-0.4,0.4,23,10,hillier,49.03303,-125.3234,49.03265,-125.3235,10,,3,57,,13,,51,6,,0,XMB
GL,6,2023,4,21,24,-0.4,0.4,23,10,hillier,49.03303,-125.3234,49.03265,-125.3235,10,,3,64,,14,,51,5,,0,XMB
GL,6,2023,4,21,24,-0.4,0.4,23,10,hillier,49.03303,-125.3234,49.03265,-125.3235,10,,3,50,,14,,51,5,,0,XMB
GL,1,2023,7,18,22,-1.1,-1,23,10,secret,49.00303,-125.3692,49.00283,-125.3687,10,,3,55,,12,,51,1,,0,XMB
GL,1,2023,7,18,22,-1.1,-1,23,10,secret,49.00303,-125.3692,49.00283,-125.3687,10,,3,59,,11,,51,1,,0,XMB
GL,1,2023,7,18,22,-1.1,-1,23,10,secret,49.00303,-125.3692,49.00283,-125.3687,10,,1,64,,11,,51,1,,0,XMB
GL,1,2023,7,18,22,-1.1,-1,23,10,secret,49.00303,-125.3692,49.00283,-125.3687,10,,1,63,,11,,51,2,,0,XMB
GL,1,2023,7,18,22,-1.1,-1,23,10,secret,49.00303,-125.3692,49.00283,-125.3687,10,,3,68,,14,,51,2,,0,XMB
GL,1,2023,7,18,22,-1.1,-1,23,10,secret,49.00303,-125.3692,49.00283,-125.3687,10,,3,64,,11,,51,2,,0,XMB
GL,1,2023,7,18,22,-1.1,-1,23,10,secret,49.00303,-125.3692,49.00283,-125.3687,10,,1,68,,11,,51,2,,0,XMB
GL,1,2023,7,18,22,-1.1,-1,23,10,secret,49.00303,-125.3692,49.00283,-125.3687,10,,3,50,,11,,51,2,,0,XMB
GL,1,2023,7,18,22,-1.1,-1,23,10,secret,49.00303,-125.3692,49.00283,-125.3687,10,,1,55,,11,,51,2,,0,XMB
GL,1,2023,7,18,22,-1.1,-1,23,10,secret,49.00303,-125.3692,49.00283,-125.3687,10,,3,47,,14,,51,2,,0,XMB
GL,1,2023,7,18,22,-1.1,-1,23,10,secret,49.00303,-125.3692,49.00283,-125.3687,10,,1,55,,11,,51,2,,0,XMB
GL,1,2023,7,18,22,-1.1,-1,23,10,secret,49.00303,-125.3692,49.00283,-125.3687,10,,3,56,,11,,51,2,,0,XMB
GL,1,2023,7,18,22,-1.1,-1,23,10,secret,49.00303,-125.3692,49.00283,-125.3687,10,,3,58,,12,,51,2,,0,XMB
GL,1,2023,7,18,22,-1.1,-1,23,10,secret,49.00303,-125.3692,49.00283,-125.3687,10,,3,56,,11,,51,2,,0,XMB
GL,1,2023,7,18,22,-1.1,-1,23,10,secret,49.00303,-125.3692,49.00283,-125.3687,10,,1,59,,11,,51,2,,0,XMB
GL,1,2023,7,18,22,-1.1,-1,23,10,secret,49.00303,-125.3692,49.00283,-125.3687,10,,1,51,,11,,51,2,,0,XMB
GL,1,2023,7,18,22,-1.1,-1,23,10,secret,49.00303,-125.3692,49.00283,-125.3687,10,,3,41,,13,,51,2,,0,XMB
GL,1,2023,7,18,22,-1.1,-1,23,10,secret,49.00303,-125.3692,49.00283,-125.3687,10,,1,52,,11,,51,2,,0,XMB
GL,1,2023,7,18,22,-1.1,-1,23,10,secret,49.00303,-125.3692,49.00283,-125.3687,10,,3,48,,14,,51,2,,0,XMB
GL,1,2023,7,18,22,-1.1,-1,23,10,secret,49.00303,-125.3692,49.00283,-125.3687,10,,3,49,,13,,51,2,,0,XMB
GL,1,2023,7,18,22,-1.1,-1,23,10,secret,49.00303,-125.3692,49.00283,-125.3687,10,,3,42,,12,,51,2,,0,XMB
GL,1,2023,7,18,22,-1.1,-1,23,10,secret,49.00303,-125.3692,49.00283,-125.3687,10,,1,41,,12,,51,2,,0,XMB
GL,1,2023,7,18,22,-1.1,-1,23,10,secret,49.00303,-125.3692,49.00283,-125.3687,10,,1,69,,11,,51,2,,0,XMB
GL,1,2023,7,18,22,-1.1,-1,23,10,secret,49.00303,-125.3692,49.00283,-125.3687,10,,1,45,,12,,51,3,,0,XMB
GL,1,2023,7,18,22,-1.1,-1,23,10,secret,49.00303,-125.3692,49.00283,-125.3687,10,,1,40,,12,,51,3,,0,XMB
GL,1,2023,7,18,22,-1.1,-1,23,10,secret,49.00303,-125.3692,49.00283,-125.3687,10,,1,71,,11,,51,3,,0,XMB
GL,1,2023,7,18,22,-1.1,-1,23,10,secret,49.00303,-125.3692,49.00283,-125.3687,10,,3,46,,12,,51,3,,0,XMB
GL,1,2023,7,18,22,-1.1,-1,23,10,secret,49.00303,-125.3692,49.00283,-125.3687,10,,3,58,,11,,51,3,,0,XMB
GL,1,2023,7,18,22,-1.1,-1,23,10,secret,49.00303,-125.3692,49.00283,-125.3687,10,,1,69,,11,,51,4,,0,XMB
GL,1,2023,7,18,22,-1.1,-1,23,10,secret,49.00303,-125.3692,49.00283,-125.3687,10,,1,70,,11,,51,4,,0,XMB
GL,1,2023,7,18,22,-1.1,-1,23,10,secret,49.00303,-125.3692,49.00283,-125.3687,10,,1,66,,11,,51,4,,0,XMB
GL,1,2023,7,18,22,-1.1,-1,23,10,secret,49.00303,-125.3692,49.00283,-125.3687,10,,1,59,,11,,51,4,,0,XMB
GL,1,2023,7,18,22,-1.1,-1,23,10,secret,49.00303,-125.3692,49.00283,-125.3687,10,,1,49,,13,,51,4,,0,XMB
GL,1,2023,7,18,22,-1.1,-1,23,10,secret,49.00303,-125.3692,49.00283,-125.3687,10,,1,64,,11,,51,4,,0,XMB
GL,1,2023,7,18,22,-1.1,-1,23,10,secret,49.00303,-125.3692,49.00283,-125.3687,10,,3,54,,12,,51,4,,0,XMB
GL,1,2023,7,18,22,-1.1,-1,23,10,secret,49.00303,-125.3692,49.00283,-125.3687,10,,1,53,,11,,51,4,,0,XMB
GL,1,2023,7,18,22,-1.1,-1,23,10,secret,49.00303,-125.3692,49.00283,-125.3687,10,,3,54,,11,,51,4,,0,XMB
GL,1,2023,7,18,22,-1.1,-1,23,10,secret,49.00303,-125.3692,49.00283,-125.3687,10,,1,49,,12,,51,4,,0,XMB
GL,1,2023,7,18,22,-1.1,-1,23,10,secret,49.00303,-125.3692,49.00283,-125.3687,10,,3,51,,14,,51,4,,0,XMB
GL,1,2023,7,18,22,-1.1,-1,23,10,secret,49.00303,-125.3692,49.00283,-125.3687,10,,3,49,,13,,51,4,,0,XMB
GL,1,2023,7,18,22,-1.1,-1,23,10,secret,49.00303,-125.3692,49.00283,-125.3687,10,,1,47,,11,,51,4,,0,XMB
GL,1,2023,7,18,22,-1.1,-1,23,10,secret,49.00303,-125.3692,49.00283,-125.3687,10,,1,73,,11,,51,5,,0,XMB
GL,1,2023,7,18,22,-1.1,-1,23,10,secret,49.00303,-125.3692,49.00283,-125.3687,10,,1,69,,11,,51,5,,0,XMB
GL,1,2023,7,18,22,-1.1,-1,23,10,secret,49.00303,-125.3692,49.00283,-125.3687,10,,1,57,,11,,51,5,,0,XMB
GL,1,2023,7,18,22,-1.1,-1,23,10,secret,49.00303,-125.3692,49.00283,-125.3687,10,,1,52,,11,,51,5,,0,XMB
GL,1,2023,7,18,22,-1.1,-1,23,10,secret,49.00303,-125.3692,49.00283,-125.3687,10,,3,60,,14,,51,5,,0,XMB
GL,1,2023,7,18,22,-1.1,-1,23,10,secret,49.00303,-125.3692,49.00283,-125.3687,10,,1,54,,11,,51,5,,0,XMB
GL,1,2023,7,18,22,-1.1,-1,23,10,secret,49.00303,-125.3692,49.00283,-125.3687,10,,1,48,,11,,51,5,,0,XMB
GL,1,2023,7,18,22,-1.1,-1,23,10,secret,49.00303,-125.3692,49.00283,-125.3687,10,,1,49,,11,,51,5,,0,XMB
GL,1,2023,7,18,22,-1.1,-1,23,10,secret,49.00303,-125.3692,49.00283,-125.3687,10,,1,69,,11,,51,6,,0,XMB
GL,1,2023,7,18,22,-1.1,-1,23,10,secret,49.00303,-125.3692,49.00283,-125.3687,10,,1,75,,11,,51,6,,0,XMB
GL,1,2023,7,18,22,-1.1,-1,23,10,secret,49.00303,-125.3692,49.00283,-125.3687,10,,1,61,,11,,51,6,,0,XMB
GL,1,2023,7,18,22,-1.1,-1,23,10,secret,49.00303,-125.3692,49.00283,-125.3687,10,,1,75,,11,,51,6,,0,XMB
GL,1,2023,7,18,22,-1.1,-1,23,10,secret,49.00303,-125.3692,49.00283,-125.3687,10,,1,59,,11,,51,6,,0,XMB
GL,1,2023,7,18,22,-1.1,-1,23,10,secret,49.00303,-125.3692,49.00283,-125.3687,10,,1,65,,11,,51,6,,0,XMB
GL,1,2023,7,18,22,-1.1,-1,23,10,secret,49.00303,-125.3692,49.00283,-125.3687,10,,3,51,,14,,51,6,,0,XMB
GL,1,2023,7,18,22,-1.1,-1,23,10,secret,49.00303,-125.3692,49.00283,-125.3687,10,,1,69,,11,,51,6,,0,XMB
GL,1,2023,7,18,22,-1.1,-1,23,10,secret,49.00303,-125.3692,49.00283,-125.3687,10,,1,72,,11,,51,6,,0,XMB
GL,1,2023,7,18,22,-1.1,-1,23,10,secret,49.00303,-125.3692,49.00283,-125.3687,10,,1,60,,11,,51,6,,0,XMB
GL,1,2023,7,18,22,-1.1,-1,23,10,secret,49.00303,-125.3692,49.00283,-125.3687,10,,1,66,,14,,51,6,,0,XMB
GL,1,2023,7,18,22,-1.1,-1,23,10,secret,49.00303,-125.3692,49.00283,-125.3687,10,,3,66,,11,,51,6,,0,XMB
GL,1,2023,7,18,22,-1.1,-1,23,10,secret,49.00303,-125.3692,49.00283,-125.3687,10,,3,57,,13,,51,6,,0,XMB
GL,1,2023,7,18,22,-1.1,-1,23,10,secret,49.00303,-125.3692,49.00283,-125.3687,10,,1,55,,11,,51,6,,0,XMB
GL,1,2023,7,18,22,-1.1,-1,23,10,secret,49.00303,-125.3692,49.00283,-125.3687,10,,1,59,,11,,51,6,,0,XMB
GL,1,2023,7,18,22,-1.1,-1,23,10,secret,49.00303,-125.3692,49.00283,-125.3687,10,,1,60,,13,,51,6,,0,XMB
GL,1,2023,7,18,22,-1.1,-1,23,10,secret,49.00303,-125.3692,49.00283,-125.3687,10,,1,61,,11,,51,6,,0,XMB
GL,1,2023,7,18,22,-1.1,-1,23,10,secret,49.00303,-125.3692,49.00283,-125.3687,10,,1,61,,11,,51,6,,0,XMB
GL,1,2023,7,18,22,-1.1,-1,23,10,secret,49.00303,-125.3692,49.00283,-125.3687,10,,3,51,,14,,51,6,,0,XMB
GL,1,2023,7,18,22,-1.1,-1,23,10,secret,49.00303,-125.3692,49.00283,-125.3687,10,,1,57,,14,,51,6,,0,XMB
GL,1,2023,7,18,22,-1.1,-1,23,10,secret,49.00303,-125.3692,49.00283,-125.3687,10,,3,62,,11,,51,6,,0,XMB
GL,2,2023,7,18,22,-1.3,-0.9,23,10,secret,49.00208,-125.3689,49.00187,-125.3683,10,,3,56,,11,,51,1,,0,XMB
GL,2,2023,7,18,22,-1.3,-0.9,23,10,secret,49.00208,-125.3689,49.00187,-125.3683,10,,3,62,,14,,51,1,,0,XMB
GL,2,2023,7,18,22,-1.3,-0.9,23,10,secret,49.00208,-125.3689,49.00187,-125.3683,10,,1,67,,11,,51,1,,0,XMB
GL,2,2023,7,18,22,-1.3,-0.9,23,10,secret,49.00208,-125.3689,49.00187,-125.3683,10,,3,62,,13,,51,1,,0,XMB
GL,2,2023,7,18,22,-1.3,-0.9,23,10,secret,49.00208,-125.3689,49.00187,-125.3683,10,,1,53,,11,,51,1,,0,XMB
GL,2,2023,7,18,22,-1.3,-0.9,23,10,secret,49.00208,-125.3689,49.00187,-125.3683,10,,1,55,,11,,51,1,,0,XMB
GL,2,2023,7,18,22,-1.3,-0.9,23,10,secret,49.00208,-125.3689,49.00187,-125.3683,10,,3,49,,11,,51,1,,0,XMB
GL,2,2023,7,18,22,-1.3,-0.9,23,10,secret,49.00208,-125.3689,49.00187,-125.3683,10,,3,58,,14,,51,1,,0,XMB
GL,2,2023,7,18,22,-1.3,-0.9,23,10,secret,49.00208,-125.3689,49.00187,-125.3683,10,,1,56,,11,,51,1,,0,XMB
GL,2,2023,7,18,22,-1.3,-0.9,23,10,secret,49.00208,-125.3689,49.00187,-125.3683,10,,1,60,,11,,51,1,,0,XMB
GL,2,2023,7,18,22,-1.3,-0.9,23,10,secret,49.00208,-125.3689,49.00187,-125.3683,10,,3,58,,12,,51,1,,0,XMB
GL,2,2023,7,18,22,-1.3,-0.9,23,10,secret,49.00208,-125.3689,49.00187,-125.3683,10,,3,53,,14,,51,1,,0,XMB
GL,2,2023,7,18,22,-1.3,-0.9,23,10,secret,49.00208,-125.3689,49.00187,-125.3683,10,,3,49,,14,,51,1,,0,XMB
GL,2,2023,7,18,22,-1.3,-0.9,23,10,secret,49.00208,-125.3689,49.00187,-125.3683,10,,3,47,,14,,51,1,,0,XMB
GL,2,2023,7,18,22,-1.3,-0.9,23,10,secret,49.00208,-125.3689,49.00187,-125.3683,10,,3,39,,11,,51,1,,0,XMB
GL,2,2023,7,18,22,-1.3,-0.9,23,10,secret,49.00208,-125.3689,49.00187,-125.3683,10,,1,40,,11,,51,1,,0,XMB
GL,2,2023,7,18,22,-1.3,-0.9,23,10,secret,49.00208,-125.3689,49.00187,-125.3683,10,,3,41,,12,,51,1,,0,XMB
GL,2,2023,7,18,22,-1.3,-0.9,23,10,secret,49.00208,-125.3689,49.00187,-125.3683,10,,1,50,,11,,51,2,,0,XMB
GL,2,2023,7,18,22,-1.3,-0.9,23,10,secret,49.00208,-125.3689,49.00187,-125.3683,10,,1,68,,11,,51,2,,0,XMB
GL,2,2023,7,18,22,-1.3,-0.9,23,10,secret,49.00208,-125.3689,49.00187,-125.3683,10,,3,58,,14,,51,2,,0,XMB
GL,2,2023,7,18,22,-1.3,-0.9,23,10,secret,49.00208,-125.3689,49.00187,-125.3683,10,,1,70,,11,,51,2,,0,XMB
GL,2,2023,7,18,22,-1.3,-0.9,23,10,secret,49.00208,-125.3689,49.00187,-125.3683,10,,3,62,,12,,51,2,,0,XMB
GL,2,2023,7,18,22,-1.3,-0.9,23,10,secret,49.00208,-125.3689,49.00187,-125.3683,10,,3,48,,14,,51,2,,0,XMB
GL,2,2023,7,18,22,-1.3,-0.9,23,10,secret,49.00208,-125.3689,49.00187,-125.3683,10,,1,63,,11,,51,2,,0,XMB
GL,2,2023,7,18,22,-1.3,-0.9,23,10,secret,49.00208,-125.3689,49.00187,-125.3683,10,,1,60,,11,,51,2,,0,XMB
GL,2,2023,7,18,22,-1.3,-0.9,23,10,secret,49.00208,-125.3689,49.00187,-125.3683,10,,1,65,,11,,51,2,,0,XMB
GL,2,2023,7,18,22,-1.3,-0.9,23,10,secret,49.00208,-125.3689,49.00187,-125.3683,10,,3,65,,11,,51,2,,0,XMB
GL,2,2023,7,18,22,-1.3,-0.9,23,10,secret,49.00208,-125.3689,49.00187,-125.3683,10,,1,60,,11,,51,2,,0,XMB
GL,2,2023,7,18,22,-1.3,-0.9,23,10,secret,49.00208,-125.3689,49.00187,-125.3683,10,,1,67,,11,,51,2,,0,XMB
GL,2,2023,7,18,22,-1.3,-0.9,23,10,secret,49.00208,-125.3689,49.00187,-125.3683,10,,1,50,,11,,51,2,,0,XMB
GL,2,2023,7,18,22,-1.3,-0.9,23,10,secret,49.00208,-125.3689,49.00187,-125.3683,10,,3,51,,12,,51,2,,0,XMB
GL,2,2023,7,18,22,-1.3,-0.9,23,10,secret,49.00208,-125.3689,49.00187,-125.3683,10,,3,52,,14,,51,2,,0,XMB
GL,2,2023,7,18,22,-1.3,-0.9,23,10,secret,49.00208,-125.3689,49.00187,-125.3683,10,,1,57,,11,,51,2,,0,XMB
GL,2,2023,7,18,22,-1.3,-0.9,23,10,secret,49.00208,-125.3689,49.00187,-125.3683,10,,1,64,,11,,51,2,,0,XMB
GL,2,2023,7,18,22,-1.3,-0.9,23,10,secret,49.00208,-125.3689,49.00187,-125.3683,10,,1,60,,11,,51,2,,0,XMB
GL,2,2023,7,18,22,-1.3,-0.9,23,10,secret,49.00208,-125.3689,49.00187,-125.3683,10,,1,53,,11,,51,2,,0,XMB
GL,2,2023,7,18,22,-1.3,-0.9,23,10,secret,49.00208,-125.3689,49.00187,-125.3683,10,,3,46,,14,,51,2,,0,XMB
GL,2,2023,7,18,22,-1.3,-0.9,23,10,secret,49.00208,-125.3689,49.00187,-125.3683,10,,3,42,,11,,51,2,,0,XMB
GL,2,2023,7,18,22,-1.3,-0.9,23,10,secret,49.00208,-125.3689,49.00187,-125.3683,10,,3,46,,13,,51,2,,0,XMB
GL,2,2023,7,18,22,-1.3,-0.9,23,10,secret,49.00208,-125.3689,49.00187,-125.3683,10,,3,54,,13,,51,2,,0,XMB
GL,2,2023,7,18,22,-1.3,-0.9,23,10,secret,49.00208,-125.3689,49.00187,-125.3683,10,,3,48,,14,,51,2,,0,XMB
GL,2,2023,7,18,22,-1.3,-0.9,23,10,secret,49.00208,-125.3689,49.00187,-125.3683,10,,3,51,,12,,51,2,,0,XMB
GL,2,2023,7,18,22,-1.3,-0.9,23,10,secret,49.00208,-125.3689,49.00187,-125.3683,10,,3,46,,12,,51,2,,0,XMB
GL,2,2023,7,18,22,-1.3,-0.9,23,10,secret,49.00208,-125.3689,49.00187,-125.3683,10,,1,56,,11,,51,2,,0,XMB
GL,2,2023,7,18,22,-1.3,-0.9,23,10,secret,49.00208,-125.3689,49.00187,-125.3683,10,,3,43,,11,,51,2,,0,XMB
GL,2,2023,7,18,22,-1.3,-0.9,23,10,secret,49.00208,-125.3689,49.00187,-125.3683,10,,3,50,,11,,51,2,,0,XMB
GL,2,2023,7,18,22,-1.3,-0.9,23,10,secret,49.00208,-125.3689,49.00187,-125.3683,10,,1,42,,11,,51,2,,0,XMB
GL,2,2023,7,18,22,-1.3,-0.9,23,10,secret,49.00208,-125.3689,49.00187,-125.3683,10,,1,43,,12,,51,2,,0,XMB
GL,2,2023,7,18,22,-1.3,-0.9,23,10,secret,49.00208,-125.3689,49.00187,-125.3683,10,,1,50,,11,,51,2,,0,XMB
GL,2,2023,7,18,22,-1.3,-0.9,23,10,secret,49.00208,-125.3689,49.00187,-125.3683,10,,1,42,,11,,51,2,,0,XMB
GL,2,2023,7,18,22,-1.3,-0.9,23,10,secret,49.00208,-125.3689,49.00187,-125.3683,10,,1,42,,11,,51,2,,0,XMB
GL,2,2023,7,18,22,-1.3,-0.9,23,10,secret,49.00208,-125.3689,49.00187,-125.3683,10,,3,44,,11,,51,2,,0,XMB
GL,2,2023,7,18,22,-1.3,-0.9,23,10,secret,49.00208,-125.3689,49.00187,-125.3683,10,,1,71,,11,,51,3,,0,XMB
GL,2,2023,7,18,22,-1.3,-0.9,23,10,secret,49.00208,-125.3689,49.00187,-125.3683,10,,1,53,,11,,51,3,,0,XMB
GL,2,2023,7,18,22,-1.3,-0.9,23,10,secret,49.00208,-125.3689,49.00187,-125.3683,10,,1,63,,11,,51,3,,0,XMB
GL,2,2023,7,18,22,-1.3,-0.9,23,10,secret,49.00208,-125.3689,49.00187,-125.3683,10,,1,63,,11,,51,3,,0,XMB
GL,2,2023,7,18,22,-1.3,-0.9,23,10,secret,49.00208,-125.3689,49.00187,-125.3683,10,,3,52,,14,,51,3,,0,XMB
GL,2,2023,7,18,22,-1.3,-0.9,23,10,secret,49.00208,-125.3689,49.00187,-125.3683,10,,1,46,,11,,51,3,,0,XMB
GL,2,2023,7,18,22,-1.3,-0.9,23,10,secret,49.00208,-125.3689,49.00187,-125.3683,10,,3,34,,12,,51,3,,0,XMB
GL,2,2023,7,18,22,-1.3,-0.9,23,10,secret,49.00208,-125.3689,49.00187,-125.3683,10,,1,36,,11,,51,3,,0,XMB
GL,2,2023,7,18,22,-1.3,-0.9,23,10,secret,49.00208,-125.3689,49.00187,-125.3683,10,,3,34,,12,,51,3,,0,XMB
GL,2,2023,7,18,22,-1.3,-0.9,23,10,secret,49.00208,-125.3689,49.00187,-125.3683,10,,1,64,,11,,51,4,,0,XMB
GL,2,2023,7,18,22,-1.3,-0.9,23,10,secret,49.00208,-125.3689,49.00187,-125.3683,10,,1,69,,11,,51,4,,0,XMB
GL,2,2023,7,18,22,-1.3,-0.9,23,10,secret,49.00208,-125.3689,49.00187,-125.3683,10,,1,67,,11,,51,4,,0,XMB
GL,2,2023,7,18,22,-1.3,-0.9,23,10,secret,49.00208,-125.3689,49.00187,-125.3683,10,,1,73,,11,,51,4,,0,XMB
GL,2,2023,7,18,22,-1.3,-0.9,23,10,secret,49.00208,-125.3689,49.00187,-125.3683,10,,1,67,,11,,51,4,,0,XMB
GL,2,2023,7,18,22,-1.3,-0.9,23,10,secret,49.00208,-125.3689,49.00187,-125.3683,10,,1,58,,13,,51,4,,0,XMB
GL,2,2023,7,18,22,-1.3,-0.9,23,10,secret,49.00208,-125.3689,49.00187,-125.3683,10,,1,68,,11,,51,4,,0,XMB
GL,2,2023,7,18,22,-1.3,-0.9,23,10,secret,49.00208,-125.3689,49.00187,-125.3683,10,,1,69,,11,,51,4,,0,XMB
GL,2,2023,7,18,22,-1.3,-0.9,23,10,secret,49.00208,-125.3689,49.00187,-125.3683,10,,1,60,,11,,51,4,,0,XMB
GL,2,2023,7,18,22,-1.3,-0.9,23,10,secret,49.00208,-125.3689,49.00187,-125.3683,10,,3,59,,12,,51,4,,0,XMB
GL,2,2023,7,18,22,-1.3,-0.9,23,10,secret,49.00208,-125.3689,49.00187,-125.3683,10,,3,62,,11,,51,4,,0,XMB
GL,2,2023,7,18,22,-1.3,-0.9,23,10,secret,49.00208,-125.3689,49.00187,-125.3683,10,,3,58,,14,,51,4,,0,XMB
GL,2,2023,7,18,22,-1.3,-0.9,23,10,secret,49.00208,-125.3689,49.00187,-125.3683,10,,1,50,,11,,51,4,,0,XMB
GL,2,2023,7,18,22,-1.3,-0.9,23,10,secret,49.00208,-125.3689,49.00187,-125.3683,10,,1,58,,11,,51,4,,0,XMB
GL,2,2023,7,18,22,-1.3,-0.9,23,10,secret,49.00208,-125.3689,49.00187,-125.3683,10,,3,45,,12,,51,4,,0,XMB
GL,2,2023,7,18,22,-1.3,-0.9,23,10,secret,49.00208,-125.3689,49.00187,-125.3683,10,,3,53,,13,,51,5,,0,XMB
GL,2,2023,7,18,22,-1.3,-0.9,23,10,secret,49.00208,-125.3689,49.00187,-125.3683,10,,1,63,,11,,51,5,,0,XMB
GL,2,2023,7,18,22,-1.3,-0.9,23,10,secret,49.00208,-125.3689,49.00187,-125.3683,10,,3,52,,14,,51,5,,0,XMB
GL,2,2023,7,18,22,-1.3,-0.9,23,10,secret,49.00208,-125.3689,49.00187,-125.3683,10,,1,54,,11,,51,5,,0,XMB
GL,2,2023,7,18,22,-1.3,-0.9,23,10,secret,49.00208,-125.3689,49.00187,-125.3683,10,,1,62,,11,,51,6,,0,XMB
GL,2,2023,7,18,22,-1.3,-0.9,23,10,secret,49.00208,-125.3689,49.00187,-125.3683,10,,3,70,,11,,51,6,,0,XMB
GL,2,2023,7,18,22,-1.3,-0.9,23,10,secret,49.00208,-125.3689,49.00187,-125.3683,10,,1,66,,11,,51,6,,0,XMB
GL,2,2023,7,18,22,-1.3,-0.9,23,10,secret,49.00208,-125.3689,49.00187,-125.3683,10,,1,72,,11,,51,6,,0,XMB
GL,2,2023,7,18,22,-1.3,-0.9,23,10,secret,49.00208,-125.3689,49.00187,-125.3683,10,,1,64,,13,,51,6,,0,XMB
GL,2,2023,7,18,22,-1.3,-0.9,23,10,secret,49.00208,-125.3689,49.00187,-125.3683,10,,3,60,,11,,51,6,,0,XMB
GL,2,2023,7,18,22,-1.3,-0.9,23,10,secret,49.00208,-125.3689,49.00187,-125.3683,10,,1,66,,11,,51,6,,0,XMB
GL,2,2023,7,18,22,-1.3,-0.9,23,10,secret,49.00208,-125.3689,49.00187,-125.3683,10,,3,58,,13,,51,6,,0,XMB
GL,2,2023,7,18,22,-1.3,-0.9,23,10,secret,49.00208,-125.3689,49.00187,-125.3683,10,,1,67,,11,,51,6,,0,XMB
GL,2,2023,7,18,22,-1.3,-0.9,23,10,secret,49.00208,-125.3689,49.00187,-125.3683,10,,3,51,,11,,51,6,,0,XMB
GL,2,2023,7,18,22,-1.3,-0.9,23,10,secret,49.00208,-125.3689,49.00187,-125.3683,10,,3,51,,14,,51,6,,0,XMB
GL,2,2023,7,18,22,-1.3,-0.9,23,10,secret,49.00208,-125.3689,49.00187,-125.3683,10,,3,40,,11,,51,6,,0,XMB
GL,3,2023,7,18,23,-1.1,-0.1,23,10,secret,49.0019,-125.3686,49.00155,-125.3681,10,,3,62,,14,,51,1,,0,XMB
GL,3,2023,7,18,23,-1.1,-0.1,23,10,secret,49.0019,-125.3686,49.00155,-125.3681,10,,3,49,,14,,51,1,,0,XMB
GL,3,2023,7,18,23,-1.1,-0.1,23,10,secret,49.0019,-125.3686,49.00155,-125.3681,10,,1,63,,11,,51,1,,0,XMB
GL,3,2023,7,18,23,-1.1,-0.1,23,10,secret,49.0019,-125.3686,49.00155,-125.3681,10,,1,55,,11,,51,1,,0,XMB
GL,3,2023,7,18,23,-1.1,-0.1,23,10,secret,49.0019,-125.3686,49.00155,-125.3681,10,,3,55,,12,,51,1,,0,XMB
GL,3,2023,7,18,23,-1.1,-0.1,23,10,secret,49.0019,-125.3686,49.00155,-125.3681,10,,1,37,,11,,51,1,,0,XMB
GL,3,2023,7,18,23,-1.1,-0.1,23,10,secret,49.0019,-125.3686,49.00155,-125.3681,10,,1,59,,11,,51,1,,0,XMB
GL,3,2023,7,18,23,-1.1,-0.1,23,10,secret,49.0019,-125.3686,49.00155,-125.3681,10,,3,54,,11,,51,1,,0,XMB
GL,3,2023,7,18,23,-1.1,-0.1,23,10,secret,49.0019,-125.3686,49.00155,-125.3681,10,,1,48,,12,,51,1,,0,XMB
GL,3,2023,7,18,23,-1.1,-0.1,23,10,secret,49.0019,-125.3686,49.00155,-125.3681,10,,3,52,,11,,51,1,,0,XMB
GL,3,2023,7,18,23,-1.1,-0.1,23,10,secret,49.0019,-125.3686,49.00155,-125.3681,10,,1,39,,11,,51,1,,0,XMB
GL,3,2023,7,18,23,-1.1,-0.1,23,10,secret,49.0019,-125.3686,49.00155,-125.3681,10,,3,41,,12,,51,1,,0,XMB
GL,3,2023,7,18,23,-1.1,-0.1,23,10,secret,49.0019,-125.3686,49.00155,-125.3681,10,,1,31,,12,,51,1,,0,XMB
GL,3,2023,7,18,23,-1.1,-0.1,23,10,secret,49.0019,-125.3686,49.00155,-125.3681,10,,3,62,,12,,51,2,,0,XMB
GL,3,2023,7,18,23,-1.1,-0.1,23,10,secret,49.0019,-125.3686,49.00155,-125.3681,10,,3,62,,12,,51,2,,0,XMB
GL,3,2023,7,18,23,-1.1,-0.1,23,10,secret,49.0019,-125.3686,49.00155,-125.3681,10,,1,73,,11,,51,2,,0,XMB
GL,3,2023,7,18,23,-1.1,-0.1,23,10,secret,49.0019,-125.3686,49.00155,-125.3681,10,,3,70,,14,,51,2,,0,XMB
GL,3,2023,7,18,23,-1.1,-0.1,23,10,secret,49.0019,-125.3686,49.00155,-125.3681,10,,3,72,,11,,51,2,,0,XMB
GL,3,2023,7,18,23,-1.1,-0.1,23,10,secret,49.0019,-125.3686,49.00155,-125.3681,10,,3,42,,14,,51,2,,0,XMB
GL,3,2023,7,18,23,-1.1,-0.1,23,10,secret,49.0019,-125.3686,49.00155,-125.3681,10,,3,63,,12,,51,2,,0,XMB
GL,3,2023,7,18,23,-1.1,-0.1,23,10,secret,49.0019,-125.3686,49.00155,-125.3681,10,,3,64,,14,,51,2,,0,XMB
GL,3,2023,7,18,23,-1.1,-0.1,23,10,secret,49.0019,-125.3686,49.00155,-125.3681,10,,3,50,,13,,51,2,,0,XMB
GL,3,2023,7,18,23,-1.1,-0.1,23,10,secret,49.0019,-125.3686,49.00155,-125.3681,10,,3,54,,14,,51,2,,0,XMB
GL,3,2023,7,18,23,-1.1,-0.1,23,10,secret,49.0019,-125.3686,49.00155,-125.3681,10,,3,51,,12,,51,2,,0,XMB
GL,3,2023,7,18,23,-1.1,-0.1,23,10,secret,49.0019,-125.3686,49.00155,-125.3681,10,,3,46,,12,,51,2,,0,XMB
GL,3,2023,7,18,23,-1.1,-0.1,23,10,secret,49.0019,-125.3686,49.00155,-125.3681,10,,3,45,,14,,51,2,,0,XMB
GL,3,2023,7,18,23,-1.1,-0.1,23,10,secret,49.0019,-125.3686,49.00155,-125.3681,10,,1,79,,11,,51,3,,0,XMB
GL,3,2023,7,18,23,-1.1,-0.1,23,10,secret,49.0019,-125.3686,49.00155,-125.3681,10,,1,80,,14,,51,3,,0,XMB
GL,3,2023,7,18,23,-1.1,-0.1,23,10,secret,49.0019,-125.3686,49.00155,-125.3681,10,,1,82,,11,,51,3,,0,XMB
GL,3,2023,7,18,23,-1.1,-0.1,23,10,secret,49.0019,-125.3686,49.00155,-125.3681,10,,1,66,,11,,51,3,,0,XMB
GL,3,2023,7,18,23,-1.1,-0.1,23,10,secret,49.0019,-125.3686,49.00155,-125.3681,10,,3,56,,12,,51,3,,0,XMB
GL,3,2023,7,18,23,-1.1,-0.1,23,10,secret,49.0019,-125.3686,49.00155,-125.3681,10,,1,57,,11,,51,3,,0,XMB
GL,3,2023,7,18,23,-1.1,-0.1,23,10,secret,49.0019,-125.3686,49.00155,-125.3681,10,,1,57,,11,,51,3,,0,XMB
GL,3,2023,7,18,23,-1.1,-0.1,23,10,secret,49.0019,-125.3686,49.00155,-125.3681,10,,3,63,,11,,51,3,,0,XMB
GL,3,2023,7,18,23,-1.1,-0.1,23,10,secret,49.0019,-125.3686,49.00155,-125.3681,10,,1,66,,11,,51,3,,0,XMB
GL,3,2023,7,18,23,-1.1,-0.1,23,10,secret,49.0019,-125.3686,49.00155,-125.3681,10,,3,47,,12,,51,3,,0,XMB
GL,3,2023,7,18,23,-1.1,-0.1,23,10,secret,49.0019,-125.3686,49.00155,-125.3681,10,,3,52,,11,,51,3,,0,XMB
GL,3,2023,7,18,23,-1.1,-0.1,23,10,secret,49.0019,-125.3686,49.00155,-125.3681,10,,1,52,,11,,51,3,,0,XMB
GL,3,2023,7,18,23,-1.1,-0.1,23,10,secret,49.0019,-125.3686,49.00155,-125.3681,10,,3,43,,12,,51,3,,0,XMB
GL,3,2023,7,18,23,-1.1,-0.1,23,10,secret,49.0019,-125.3686,49.00155,-125.3681,10,,1,52,,11,,51,3,,0,XMB
GL,3,2023,7,18,23,-1.1,-0.1,23,10,secret,49.0019,-125.3686,49.00155,-125.3681,10,,3,49,,12,,51,3,,0,XMB
GL,3,2023,7,18,23,-1.1,-0.1,23,10,secret,49.0019,-125.3686,49.00155,-125.3681,10,,1,43,,11,,51,3,,0,XMB
GL,3,2023,7,18,23,-1.1,-0.1,23,10,secret,49.0019,-125.3686,49.00155,-125.3681,10,,1,43,,12,,51,3,,0,XMB
GL,3,2023,7,18,23,-1.1,-0.1,23,10,secret,49.0019,-125.3686,49.00155,-125.3681,10,,1,38,,11,,51,3,,0,XMB
GL,3,2023,7,18,23,-1.1,-0.1,23,10,secret,49.0019,-125.3686,49.00155,-125.3681,10,,3,43,,14,,51,3,,0,XMB
GL,3,2023,7,18,23,-1.1,-0.1,23,10,secret,49.0019,-125.3686,49.00155,-125.3681,10,,3,49,,12,,51,3,,0,XMB
GL,3,2023,7,18,23,-1.1,-0.1,23,10,secret,49.0019,-125.3686,49.00155,-125.3681,10,,3,42,,12,,51,3,,0,XMB
GL,3,2023,7,18,23,-1.1,-0.1,23,10,secret,49.0019,-125.3686,49.00155,-125.3681,10,,1,37,,11,,51,3,,0,XMB
GL,3,2023,7,18,23,-1.1,-0.1,23,10,secret,49.0019,-125.3686,49.00155,-125.3681,10,,3,46,,12,,51,3,,0,XMB
GL,3,2023,7,18,23,-1.1,-0.1,23,10,secret,49.0019,-125.3686,49.00155,-125.3681,10,,1,47,,11,,51,3,,0,XMB
GL,3,2023,7,18,23,-1.1,-0.1,23,10,secret,49.0019,-125.3686,49.00155,-125.3681,10,,1,35,,12,,51,3,,0,XMB
GL,3,2023,7,18,23,-1.1,-0.1,23,10,secret,49.0019,-125.3686,49.00155,-125.3681,10,,1,74,,11,,51,4,,0,XMB
GL,3,2023,7,18,23,-1.1,-0.1,23,10,secret,49.0019,-125.3686,49.00155,-125.3681,10,,3,56,,11,,51,4,,0,XMB
GL,3,2023,7,18,23,-1.1,-0.1,23,10,secret,49.0019,-125.3686,49.00155,-125.3681,10,,1,59,,11,,51,4,,0,XMB
GL,3,2023,7,18,23,-1.1,-0.1,23,10,secret,49.0019,-125.3686,49.00155,-125.3681,10,,3,36,,11,,51,4,,0,XMB
GL,3,2023,7,18,23,-1.1,-0.1,23,10,secret,49.0019,-125.3686,49.00155,-125.3681,10,,1,68,,11,,51,4,,0,XMB
GL,3,2023,7,18,23,-1.1,-0.1,23,10,secret,49.0019,-125.3686,49.00155,-125.3681,10,,3,56,,12,,51,4,,0,XMB
GL,3,2023,7,18,23,-1.1,-0.1,23,10,secret,49.0019,-125.3686,49.00155,-125.3681,10,,3,67,,11,,51,5,,0,XMB
GL,3,2023,7,18,23,-1.1,-0.1,23,10,secret,49.0019,-125.3686,49.00155,-125.3681,10,,1,66,,11,,51,5,,0,XMB
GL,3,2023,7,18,23,-1.1,-0.1,23,10,secret,49.0019,-125.3686,49.00155,-125.3681,10,,1,72,,11,,51,5,,0,XMB
GL,3,2023,7,18,23,-1.1,-0.1,23,10,secret,49.0019,-125.3686,49.00155,-125.3681,10,,1,66,,11,,51,5,,0,XMB
GL,3,2023,7,18,23,-1.1,-0.1,23,10,secret,49.0019,-125.3686,49.00155,-125.3681,10,,1,78,,11,,51,5,,0,XMB
GL,3,2023,7,18,23,-1.1,-0.1,23,10,secret,49.0019,-125.3686,49.00155,-125.3681,10,,3,52,,14,,51,5,,0,XMB
GL,3,2023,7,18,23,-1.1,-0.1,23,10,secret,49.0019,-125.3686,49.00155,-125.3681,10,,1,79,,11,,51,5,,0,XMB
GL,3,2023,7,18,23,-1.1,-0.1,23,10,secret,49.0019,-125.3686,49.00155,-125.3681,10,,1,72,,11,,51,5,,0,XMB
GL,3,2023,7,18,23,-1.1,-0.1,23,10,secret,49.0019,-125.3686,49.00155,-125.3681,10,,3,60,,13,,51,5,,0,XMB
GL,3,2023,7,18,23,-1.1,-0.1,23,10,secret,49.0019,-125.3686,49.00155,-125.3681,10,,1,58,,11,,51,5,,0,XMB
GL,3,2023,7,18,23,-1.1,-0.1,23,10,secret,49.0019,-125.3686,49.00155,-125.3681,10,,1,72,,14,,51,5,,0,XMB
GL,3,2023,7,18,23,-1.1,-0.1,23,10,secret,49.0019,-125.3686,49.00155,-125.3681,10,,1,65,,11,,51,5,,0,XMB
GL,3,2023,7,18,23,-1.1,-0.1,23,10,secret,49.0019,-125.3686,49.00155,-125.3681,10,,1,40,,11,,51,5,,0,XMB
GL,3,2023,7,18,23,-1.1,-0.1,23,10,secret,49.0019,-125.3686,49.00155,-125.3681,10,,1,70,,11,,51,6,,0,XMB
GL,4,2023,7,19,26,-0.5,0,23,10,pipestem,49.03923,-125.201,49.03898,-125.2015,10,,1,59,,11,,51,1,,0,XMB
GL,4,2023,7,19,26,-0.5,0,23,10,pipestem,49.03923,-125.201,49.03898,-125.2015,10,,1,62,,11,,51,1,,0,XMB
GL,4,2023,7,19,26,-0.5,0,23,10,pipestem,49.03923,-125.201,49.03898,-125.2015,10,,1,42,,13,,51,1,,0,XMB
GL,4,2023,7,19,26,-0.5,0,23,10,pipestem,49.03923,-125.201,49.03898,-125.2015,10,,1,59,,11,,51,1,,0,XMB
GL,4,2023,7,19,26,-0.5,0,23,10,pipestem,49.03923,-125.201,49.03898,-125.2015,10,,1,53,,11,,51,1,,0,XMB
GL,4,2023,7,19,26,-0.5,0,23,10,pipestem,49.03923,-125.201,49.03898,-125.2015,10,,1,55,,11,,51,1,,0,XMB
GL,4,2023,7,19,26,-0.5,0,23,10,pipestem,49.03923,-125.201,49.03898,-125.2015,10,,1,52,,13,,51,1,,0,XMB
GL,4,2023,7,19,26,-0.5,0,23,10,pipestem,49.03923,-125.201,49.03898,-125.2015,10,,1,59,,13,,51,1,,0,XMB
GL,4,2023,7,19,26,-0.5,0,23,10,pipestem,49.03923,-125.201,49.03898,-125.2015,10,,1,66,,11,,51,1,,0,XMB
GL,4,2023,7,19,26,-0.5,0,23,10,pipestem,49.03923,-125.201,49.03898,-125.2015,10,,1,52,,13,,51,1,,0,XMB
GL,4,2023,7,19,26,-0.5,0,23,10,pipestem,49.03923,-125.201,49.03898,-125.2015,10,,1,41,,12,,51,1,,0,XMB
GL,4,2023,7,19,26,-0.5,0,23,10,pipestem,49.03923,-125.201,49.03898,-125.2015,10,,1,62,,12,,51,1,,0,XMB
GL,4,2023,7,19,26,-0.5,0,23,10,pipestem,49.03923,-125.201,49.03898,-125.2015,10,,3,43,,13,,51,1,,0,XMB
GL,4,2023,7,19,26,-0.5,0,23,10,pipestem,49.03923,-125.201,49.03898,-125.2015,10,,1,54,,11,,51,1,,0,XMB
GL,4,2023,7,19,26,-0.5,0,23,10,pipestem,49.03923,-125.201,49.03898,-125.2015,10,,3,44,,12,,51,1,,0,XMB
GL,4,2023,7,19,26,-0.5,0,23,10,pipestem,49.03923,-125.201,49.03898,-125.2015,10,,1,59,,11,,51,1,,0,XMB
GL,4,2023,7,19,26,-0.5,0,23,10,pipestem,49.03923,-125.201,49.03898,-125.2015,10,,1,43,,13,,51,1,,0,XMB
GL,4,2023,7,19,26,-0.5,0,23,10,pipestem,49.03923,-125.201,49.03898,-125.2015,10,,3,48,,12,,51,1,,0,XMB
GL,4,2023,7,19,26,-0.5,0,23,10,pipestem,49.03923,-125.201,49.03898,-125.2015,10,,3,59,,13,,51,1,,0,XMB
GL,4,2023,7,19,26,-0.5,0,23,10,pipestem,49.03923,-125.201,49.03898,-125.2015,10,,1,60,,11,,51,1,,0,XMB
GL,4,2023,7,19,26,-0.5,0,23,10,pipestem,49.03923,-125.201,49.03898,-125.2015,10,,3,46,,12,,51,1,,0,XMB
GL,4,2023,7,19,26,-0.5,0,23,10,pipestem,49.03923,-125.201,49.03898,-125.2015,10,,3,49,,13,,51,1,,0,XMB
GL,4,2023,7,19,26,-0.5,0,23,10,pipestem,49.03923,-125.201,49.03898,-125.2015,10,,1,51,,11,,51,1,,0,XMB
GL,4,2023,7,19,26,-0.5,0,23,10,pipestem,49.03923,-125.201,49.03898,-125.2015,10,,1,47,,11,,51,1,,0,XMB
GL,4,2023,7,19,26,-0.5,0,23,10,pipestem,49.03923,-125.201,49.03898,-125.2015,10,,3,46,,13,,51,1,,0,XMB
GL,4,2023,7,19,26,-0.5,0,23,10,pipestem,49.03923,-125.201,49.03898,-125.2015,10,,3,49,,13,,51,1,,0,XMB
GL,4,2023,7,19,26,-0.5,0,23,10,pipestem,49.03923,-125.201,49.03898,-125.2015,10,,3,53,,13,,51,1,,0,XMB
GL,4,2023,7,19,26,-0.5,0,23,10,pipestem,49.03923,-125.201,49.03898,-125.2015,10,,3,43,,14,,51,1,,0,XMB
GL,4,2023,7,19,26,-0.5,0,23,10,pipestem,49.03923,-125.201,49.03898,-125.2015,10,,3,42,,12,,51,2,,0,XMB
GL,4,2023,7,19,26,-0.5,0,23,10,pipestem,49.03923,-125.201,49.03898,-125.2015,10,,3,42,,12,,51,2,,0,XMB
GL,4,2023,7,19,26,-0.5,0,23,10,pipestem,49.03923,-125.201,49.03898,-125.2015,10,,1,55,,11,,51,2,,0,XMB
GL,4,2023,7,19,26,-0.5,0,23,10,pipestem,49.03923,-125.201,49.03898,-125.2015,10,,3,54,,13,,51,2,,0,XMB
GL,4,2023,7,19,26,-0.5,0,23,10,pipestem,49.03923,-125.201,49.03898,-125.2015,10,,1,54,,13,,51,2,,0,XMB
GL,4,2023,7,19,26,-0.5,0,23,10,pipestem,49.03923,-125.201,49.03898,-125.2015,10,,1,59,,11,,51,2,,0,XMB
GL,4,2023,7,19,26,-0.5,0,23,10,pipestem,49.03923,-125.201,49.03898,-125.2015,10,,3,47,,13,,51,2,,0,XMB
GL,4,2023,7,19,26,-0.5,0,23,10,pipestem,49.03923,-125.201,49.03898,-125.2015,10,,1,60,,11,,51,2,,0,XMB
GL,4,2023,7,19,26,-0.5,0,23,10,pipestem,49.03923,-125.201,49.03898,-125.2015,10,,1,42,,13,,51,2,,0,XMB
GL,4,2023,7,19,26,-0.5,0,23,10,pipestem,49.03923,-125.201,49.03898,-125.2015,10,,3,43,,12,,51,2,,0,XMB
GL,4,2023,7,19,26,-0.5,0,23,10,pipestem,49.03923,-125.201,49.03898,-125.2015,10,,1,50,,13,,51,2,,0,XMB
GL,4,2023,7,19,26,-0.5,0,23,10,pipestem,49.03923,-125.201,49.03898,-125.2015,10,,1,63,,11,,51,3,,0,XMB
GL,4,2023,7,19,26,-0.5,0,23,10,pipestem,49.03923,-125.201,49.03898,-125.2015,10,,1,59,,11,,51,3,,0,XMB
GL,4,2023,7,19,26,-0.5,0,23,10,pipestem,49.03923,-125.201,49.03898,-125.2015,10,,,,,,,51,4,,2,848
GL,4,2023,7,19,26,-0.5,0,23,10,pipestem,49.03923,-125.201,49.03898,-125.2015,10,,3,50,,12,,51,5,,0,XMB
GL,4,2023,7,19,26,-0.5,0,23,10,pipestem,49.03923,-125.201,49.03898,-125.2015,10,,1,50,,11,,51,5,,0,XMB
GL,4,2023,7,19,26,-0.5,0,23,10,pipestem,49.03923,-125.201,49.03898,-125.2015,10,,3,55,,13,,51,5,,0,XMB
GL,4,2023,7,19,26,-0.5,0,23,10,pipestem,49.03923,-125.201,49.03898,-125.2015,10,,1,73,,11,,51,5,,0,XMB
GL,4,2023,7,19,26,-0.5,0,23,10,pipestem,49.03923,-125.201,49.03898,-125.2015,10,,1,66,,11,,51,5,,0,XMB
GL,4,2023,7,19,26,-0.5,0,23,10,pipestem,49.03923,-125.201,49.03898,-125.2015,10,,3,50,,13,,51,5,,0,XMB
GL,4,2023,7,19,26,-0.5,0,23,10,pipestem,49.03923,-125.201,49.03898,-125.2015,10,,3,42,,14,,51,5,,0,XMB
GL,4,2023,7,19,26,-0.5,0,23,10,pipestem,49.03923,-125.201,49.03898,-125.2015,10,,3,62,,14,,51,5,,0,XMB
GL,4,2023,7,19,26,-0.5,0,23,10,pipestem,49.03923,-125.201,49.03898,-125.2015,10,,3,39,,12,,51,5,,0,XMB
GL,4,2023,7,19,26,-0.5,0,23,10,pipestem,49.03923,-125.201,49.03898,-125.2015,10,,3,52,,12,,51,5,,0,XMB
GL,4,2023,7,19,26,-0.5,0,23,10,pipestem,49.03923,-125.201,49.03898,-125.2015,10,,1,53,,11,,51,5,,0,XMB
GL,4,2023,7,19,26,-0.5,0,23,10,pipestem,49.03923,-125.201,49.03898,-125.2015,10,,3,59,,13,,51,5,,0,XMB
GL,4,2023,7,19,26,-0.5,0,23,10,pipestem,49.03923,-125.201,49.03898,-125.2015,10,,1,46,,11,,51,5,,0,XMB
GL,4,2023,7,19,26,-0.5,0,23,10,pipestem,49.03923,-125.201,49.03898,-125.2015,10,,3,49,,13,,51,5,,0,XMB
GL,4,2023,7,19,26,-0.5,0,23,10,pipestem,49.03923,-125.201,49.03898,-125.2015,10,,3,50,,12,,51,5,,0,XMB
GL,4,2023,7,19,26,-0.5,0,23,10,pipestem,49.03923,-125.201,49.03898,-125.2015,10,,3,52,,12,,51,5,,0,XMB
GL,4,2023,7,19,26,-0.5,0,23,10,pipestem,49.03923,-125.201,49.03898,-125.2015,10,,1,52,,13,,51,5,,0,XMB
GL,4,2023,7,19,26,-0.5,0,23,10,pipestem,49.03923,-125.201,49.03898,-125.2015,10,,3,49,,12,,51,5,,0,XMB
GL,4,2023,7,19,26,-0.5,0,23,10,pipestem,49.03923,-125.201,49.03898,-125.2015,10,,1,48,,11,,51,5,,0,XMB
GL,4,2023,7,19,26,-0.5,0,23,10,pipestem,49.03923,-125.201,49.03898,-125.2015,10,,3,51,,13,,51,5,,0,XMB
GL,4,2023,7,19,26,-0.5,0,23,10,pipestem,49.03923,-125.201,49.03898,-125.2015,10,,1,40,,11,,51,5,,0,XMB
GL,4,2023,7,19,26,-0.5,0,23,10,pipestem,49.03923,-125.201,49.03898,-125.2015,10,,1,49,,11,,51,5,,0,XMB
GL,4,2023,7,19,26,-0.5,0,23,10,pipestem,49.03923,-125.201,49.03898,-125.2015,10,,3,50,,12,,51,5,,0,XMB
GL,4,2023,7,19,26,-0.5,0,23,10,pipestem,49.03923,-125.201,49.03898,-125.2015,10,,1,56,,13,,51,5,,0,XMB
GL,4,2023,7,19,26,-0.5,0,23,10,pipestem,49.03923,-125.201,49.03898,-125.2015,10,,3,36,,12,,51,5,,0,XMB
GL,4,2023,7,19,26,-0.5,0,23,10,pipestem,49.03923,-125.201,49.03898,-125.2015,10,,1,53,,11,,51,5,,0,XMB
GL,4,2023,7,19,26,-0.5,0,23,10,pipestem,49.03923,-125.201,49.03898,-125.2015,10,,1,69,,11,,51,5,,0,XMB
GL,4,2023,7,19,26,-0.5,0,23,10,pipestem,49.03923,-125.201,49.03898,-125.2015,10,,3,35,,12,,51,5,,0,XMB
GL,4,2023,7,19,26,-0.5,0,23,10,pipestem,49.03923,-125.201,49.03898,-125.2015,10,,1,49,,13,,51,5,,0,XMB
GL,4,2023,7,19,26,-0.5,0,23,10,pipestem,49.03923,-125.201,49.03898,-125.2015,10,,1,51,,13,,51,6,,0,XMB
GL,4,2023,7,19,26,-0.5,0,23,10,pipestem,49.03923,-125.201,49.03898,-125.2015,10,,1,72,,13,,51,6,,0,XMB
GL,4,2023,7,19,26,-0.5,0,23,10,pipestem,49.03923,-125.201,49.03898,-125.2015,10,,1,71,,13,,51,6,,0,XMB
GL,4,2023,7,19,26,-0.5,0,23,10,pipestem,49.03923,-125.201,49.03898,-125.2015,10,,1,68,,11,,51,6,,0,XMB
GL,4,2023,7,19,26,-0.5,0,23,10,pipestem,49.03923,-125.201,49.03898,-125.2015,10,,1,55,,12,,51,6,,0,XMB
GL,4,2023,7,19,26,-0.5,0,23,10,pipestem,49.03923,-125.201,49.03898,-125.2015,10,,1,61,,13,,51,6,,0,XMB
GL,4,2023,7,19,26,-0.5,0,23,10,pipestem,49.03923,-125.201,49.03898,-125.2015,10,,1,64,,11,,51,6,,0,XMB
GL,4,2023,7,19,26,-0.5,0,23,10,pipestem,49.03923,-125.201,49.03898,-125.2015,10,,1,53,,11,,51,6,,0,XMB
GL,4,2023,7,19,26,-0.5,0,23,10,pipestem,49.03923,-125.201,49.03898,-125.2015,10,,1,51,,13,,51,6,,0,XMB
GL,4,2023,7,19,26,-0.5,0,23,10,pipestem,49.03923,-125.201,49.03898,-125.2015,10,,1,69,,13,,51,6,,0,XMB
GL,4,2023,7,19,26,-0.5,0,23,10,pipestem,49.03923,-125.201,49.03898,-125.2015,10,,1,56,,11,,51,6,,0,XMB
GL,4,2023,7,19,26,-0.5,0,23,10,pipestem,49.03923,-125.201,49.03898,-125.2015,10,,1,51,,13,,51,6,,0,XMB
GL,4,2023,7,19,26,-0.5,0,23,10,pipestem,49.03923,-125.201,49.03898,-125.2015,10,,1,69,,11,,51,6,,0,XMB
GL,4,2023,7,19,26,-0.5,0,23,10,pipestem,49.03923,-125.201,49.03898,-125.2015,10,,1,51,,13,,51,6,,0,XMB
GL,4,2023,7,19,26,-0.5,0,23,10,pipestem,49.03923,-125.201,49.03898,-125.2015,10,,1,49,,11,,51,6,,0,XMB
GL,4,2023,7,19,26,-0.5,0,23,10,pipestem,49.03923,-125.201,49.03898,-125.2015,10,,3,54,,12,,51,6,,0,XMB
GL,4,2023,7,19,26,-0.5,0,23,10,pipestem,49.03923,-125.201,49.03898,-125.2015,10,,1,47,,11,,51,6,,0,XMB
GL,4,2023,7,19,26,-0.5,0,23,10,pipestem,49.03923,-125.201,49.03898,-125.2015,10,,1,53,,11,,51,6,,0,XMB
GL,4,2023,7,19,26,-0.5,0,23,10,pipestem,49.03923,-125.201,49.03898,-125.2015,10,,1,58,,11,,51,6,,0,XMB
GL,4,2023,7,19,26,-0.5,0,23,10,pipestem,49.03923,-125.201,49.03898,-125.2015,10,,1,51,,11,,51,6,,0,XMB
GL,4,2023,7,19,26,-0.5,0,23,10,pipestem,49.03923,-125.201,49.03898,-125.2015,10,,3,48,,13,,51,6,,0,XMB
GL,4,2023,7,19,26,-0.5,0,23,10,pipestem,49.03923,-125.201,49.03898,-125.2015,10,,1,47,,11,,51,6,,0,XMB
GL,4,2023,7,19,26,-0.5,0,23,10,pipestem,49.03923,-125.201,49.03898,-125.2015,10,,3,41,,12,,51,6,,0,XMB
GL,4,2023,7,19,26,-0.5,0,23,10,pipestem,49.03923,-125.201,49.03898,-125.2015,10,,1,49,,11,,51,6,,0,XMB
GL,4,2023,7,19,26,-0.5,0,23,10,pipestem,49.03923,-125.201,49.03898,-125.2015,10,,1,49,,11,,51,6,,0,XMB
GL,4,2023,7,19,26,-0.5,0,23,10,pipestem,49.03923,-125.201,49.03898,-125.2015,10,,3,45,,13,,51,6,,0,XMB
GL,4,2023,7,19,26,-0.5,0,23,10,pipestem,49.03923,-125.201,49.03898,-125.2015,10,,3,45,,13,,51,6,,0,XMB
GL,4,2023,7,19,26,-0.5,0,23,10,pipestem,49.03923,-125.201,49.03898,-125.2015,10,,3,40,,12,,51,6,,0,XMB
GL,4,2023,7,19,26,-0.5,0,23,10,pipestem,49.03923,-125.201,49.03898,-125.2015,10,,1,51,,11,,51,6,,0,XMB
GL,4,2023,7,19,26,-0.5,0,23,10,pipestem,49.03923,-125.201,49.03898,-125.2015,10,,3,50,,14,,51,6,,0,XMB
GL,4,2023,7,19,26,-0.5,0,23,10,pipestem,49.03923,-125.201,49.03898,-125.2015,10,,3,49,,12,,51,6,,0,XMB
GL,4,2023,7,19,26,-0.5,0,23,10,pipestem,49.03923,-125.201,49.03898,-125.2015,10,,3,45,,13,,51,6,,0,XMB
GL,4,2023,7,19,26,-0.5,0,23,10,pipestem,49.03923,-125.201,49.03898,-125.2015,10,,1,54,,11,,51,6,,0,XMB
GL,4,2023,7,19,26,-0.5,0,23,10,pipestem,49.03923,-125.201,49.03898,-125.2015,10,,1,51,,11,,51,6,,0,XMB
GL,4,2023,7,19,26,-0.5,0,23,10,pipestem,49.03923,-125.201,49.03898,-125.2015,10,,1,59,,11,,51,6,,0,XMB
GL,4,2023,7,19,26,-0.5,0,23,10,pipestem,49.03923,-125.201,49.03898,-125.2015,10,,3,41,,12,,51,6,,0,XMB
GL,4,2023,7,19,26,-0.5,0,23,10,pipestem,49.03923,-125.201,49.03898,-125.2015,10,,3,46,,12,,51,6,,0,XMB
GL,4,2023,7,19,26,-0.5,0,23,10,pipestem,49.03923,-125.201,49.03898,-125.2015,10,,1,46,,13,,51,6,,0,XMB
GL,4,2023,7,19,26,-0.5,0,23,10,pipestem,49.03923,-125.201,49.03898,-125.2015,10,,1,47,,11,,51,6,,0,XMB
GL,4,2023,7,19,26,-0.5,0,23,10,pipestem,49.03923,-125.201,49.03898,-125.2015,10,,3,46,,12,,51,6,,0,XMB
GL,4,2023,7,19,26,-0.5,0,23,10,pipestem,49.03923,-125.201,49.03898,-125.2015,10,,3,44,,12,,51,6,,0,XMB
GL,4,2023,7,19,26,-0.5,0,23,10,pipestem,49.03923,-125.201,49.03898,-125.2015,10,,3,49,,12,,51,6,,0,XMB
GL,5,2023,7,19,25,-0.5,5,23,10,pipestem,49.03893,-125.2018,49.03918,-125.2018,10,,1,47,,11,,51,1,,0,XMB
GL,5,2023,7,19,25,-0.5,5,23,10,pipestem,49.03893,-125.2018,49.03918,-125.2018,10,,1,69,,11,,51,2,,0,XMB
GL,5,2023,7,19,25,-0.5,5,23,10,pipestem,49.03893,-125.2018,49.03918,-125.2018,10,,3,42,,11,,51,2,,0,XMB
GL,5,2023,7,19,25,-0.5,5,23,10,pipestem,49.03893,-125.2018,49.03918,-125.2018,10,,1,49,,11,,51,2,,0,XMB
GL,5,2023,7,19,25,-0.5,5,23,10,pipestem,49.03893,-125.2018,49.03918,-125.2018,10,,1,58,,11,,51,2,,0,XMB
GL,5,2023,7,19,25,-0.5,5,23,10,pipestem,49.03893,-125.2018,49.03918,-125.2018,10,,1,62,,11,,51,2,,0,XMB
GL,5,2023,7,19,25,-0.5,5,23,10,pipestem,49.03893,-125.2018,49.03918,-125.2018,10,,3,58,,12,,51,2,,0,XMB
GL,5,2023,7,19,25,-0.5,5,23,10,pipestem,49.03893,-125.2018,49.03918,-125.2018,10,,1,52,,13,,51,2,,0,XMB
GL,5,2023,7,19,25,-0.5,5,23,10,pipestem,49.03893,-125.2018,49.03918,-125.2018,10,,1,53,,11,,51,2,,0,XMB
GL,5,2023,7,19,25,-0.5,5,23,10,pipestem,49.03893,-125.2018,49.03918,-125.2018,10,,3,46,,12,,51,2,,0,XMB
GL,5,2023,7,19,25,-0.5,5,23,10,pipestem,49.03893,-125.2018,49.03918,-125.2018,10,,3,58,,11,,51,2,,0,XMB
GL,5,2023,7,19,25,-0.5,5,23,10,pipestem,49.03893,-125.2018,49.03918,-125.2018,10,,3,45,,12,,51,2,,0,XMB
GL,5,2023,7,19,25,-0.5,5,23,10,pipestem,49.03893,-125.2018,49.03918,-125.2018,10,,1,59,,11,,51,2,,0,XMB
GL,5,2023,7,19,25,-0.5,5,23,10,pipestem,49.03893,-125.2018,49.03918,-125.2018,10,,3,55,,14,,51,2,,0,XMB
GL,5,2023,7,19,25,-0.5,5,23,10,pipestem,49.03893,-125.2018,49.03918,-125.2018,10,,3,52,,11,,51,2,,0,XMB
GL,5,2023,7,19,25,-0.5,5,23,10,pipestem,49.03893,-125.2018,49.03918,-125.2018,10,,1,57,,11,,51,2,,0,XMB
GL,5,2023,7,19,25,-0.5,5,23,10,pipestem,49.03893,-125.2018,49.03918,-125.2018,10,,3,49,,12,,51,2,,0,XMB
GL,5,2023,7,19,25,-0.5,5,23,10,pipestem,49.03893,-125.2018,49.03918,-125.2018,10,,1,52,,11,,51,2,,0,XMB
GL,5,2023,7,19,25,-0.5,5,23,10,pipestem,49.03893,-125.2018,49.03918,-125.2018,10,,3,42,,12,,51,2,,0,XMB
GL,5,2023,7,19,25,-0.5,5,23,10,pipestem,49.03893,-125.2018,49.03918,-125.2018,10,,3,43,,12,,51,2,,0,XMB
GL,5,2023,7,19,25,-0.5,5,23,10,pipestem,49.03893,-125.2018,49.03918,-125.2018,10,,1,45,,13,,51,2,,0,XMB
GL,5,2023,7,19,25,-0.5,5,23,10,pipestem,49.03893,-125.2018,49.03918,-125.2018,10,,3,44,,12,,51,2,,0,XMB
GL,5,2023,7,19,25,-0.5,5,23,10,pipestem,49.03893,-125.2018,49.03918,-125.2018,10,,1,48,,11,,51,2,,0,XMB
GL,5,2023,7,19,25,-0.5,5,23,10,pipestem,49.03893,-125.2018,49.03918,-125.2018,10,,3,45,,14,,51,2,,0,XMB
GL,5,2023,7,19,25,-0.5,5,23,10,pipestem,49.03893,-125.2018,49.03918,-125.2018,10,,1,45,,11,,51,2,,0,XMB
GL,5,2023,7,19,25,-0.5,5,23,10,pipestem,49.03893,-125.2018,49.03918,-125.2018,10,,3,50,,12,,51,2,,0,XMB
GL,5,2023,7,19,25,-0.5,5,23,10,pipestem,49.03893,-125.2018,49.03918,-125.2018,10,,1,49,,12,,51,2,,0,XMB
GL,5,2023,7,19,25,-0.5,5,23,10,pipestem,49.03893,-125.2018,49.03918,-125.2018,10,,3,50,,13,,51,2,,0,XMB
GL,5,2023,7,19,25,-0.5,5,23,10,pipestem,49.03893,-125.2018,49.03918,-125.2018,10,,3,49,,13,,51,2,,0,XMB
GL,5,2023,7,19,25,-0.5,5,23,10,pipestem,49.03893,-125.2018,49.03918,-125.2018,10,,1,43,,11,,51,2,,0,XMB
GL,5,2023,7,19,25,-0.5,5,23,10,pipestem,49.03893,-125.2018,49.03918,-125.2018,10,,1,45,,11,,51,2,,0,XMB
GL,5,2023,7,19,25,-0.5,5,23,10,pipestem,49.03893,-125.2018,49.03918,-125.2018,10,,3,49,,12,,51,2,,0,XMB
GL,5,2023,7,19,25,-0.5,5,23,10,pipestem,49.03893,-125.2018,49.03918,-125.2018,10,,3,37,,12,,51,2,,0,XMB
GL,5,2023,7,19,25,-0.5,5,23,10,pipestem,49.03893,-125.2018,49.03918,-125.2018,10,,3,50,,11,,51,2,,0,XMB
GL,5,2023,7,19,25,-0.5,5,23,10,pipestem,49.03893,-125.2018,49.03918,-125.2018,10,,,,,,,51,3,,15,848
GL,5,2023,7,19,25,-0.5,5,23,10,pipestem,49.03893,-125.2018,49.03918,-125.2018,10,,3,66,,11,,51,4,,0,XMB
GL,5,2023,7,19,25,-0.5,5,23,10,pipestem,49.03893,-125.2018,49.03918,-125.2018,10,,3,51,,11,,51,4,,0,XMB
GL,5,2023,7,19,25,-0.5,5,23,10,pipestem,49.03893,-125.2018,49.03918,-125.2018,10,,1,63,,11,,51,4,,0,XMB
GL,5,2023,7,19,25,-0.5,5,23,10,pipestem,49.03893,-125.2018,49.03918,-125.2018,10,,1,57,,11,,51,4,,0,XMB
GL,5,2023,7,19,25,-0.5,5,23,10,pipestem,49.03893,-125.2018,49.03918,-125.2018,10,,1,61,,11,,51,4,,0,XMB
GL,5,2023,7,19,25,-0.5,5,23,10,pipestem,49.03893,-125.2018,49.03918,-125.2018,10,,1,61,,11,,51,4,,0,XMB
GL,5,2023,7,19,25,-0.5,5,23,10,pipestem,49.03893,-125.2018,49.03918,-125.2018,10,,1,53,,11,,51,4,,0,XMB
GL,5,2023,7,19,25,-0.5,5,23,10,pipestem,49.03893,-125.2018,49.03918,-125.2018,10,,1,53,,11,,51,4,,0,XMB
GL,5,2023,7,19,25,-0.5,5,23,10,pipestem,49.03893,-125.2018,49.03918,-125.2018,10,,1,56,,13,,51,4,,0,XMB
GL,5,2023,7,19,25,-0.5,5,23,10,pipestem,49.03893,-125.2018,49.03918,-125.2018,10,,3,53,,12,,51,4,,0,XMB
GL,5,2023,7,19,25,-0.5,5,23,10,pipestem,49.03893,-125.2018,49.03918,-125.2018,10,,3,59,,11,,51,4,,0,XMB
GL,5,2023,7,19,25,-0.5,5,23,10,pipestem,49.03893,-125.2018,49.03918,-125.2018,10,,3,52,,11,,51,4,,0,XMB
GL,5,2023,7,19,25,-0.5,5,23,10,pipestem,49.03893,-125.2018,49.03918,-125.2018,10,,1,58,,11,,51,4,,0,XMB
GL,5,2023,7,19,25,-0.5,5,23,10,pipestem,49.03893,-125.2018,49.03918,-125.2018,10,,1,56,,11,,51,4,,0,XMB
GL,5,2023,7,19,25,-0.5,5,23,10,pipestem,49.03893,-125.2018,49.03918,-125.2018,10,,1,53,,11,,51,4,,0,XMB
GL,5,2023,7,19,25,-0.5,5,23,10,pipestem,49.03893,-125.2018,49.03918,-125.2018,10,,1,61,,11,,51,4,,0,XMB
GL,5,2023,7,19,25,-0.5,5,23,10,pipestem,49.03893,-125.2018,49.03918,-125.2018,10,,1,54,,11,,51,4,,0,XMB
GL,5,2023,7,19,25,-0.5,5,23,10,pipestem,49.03893,-125.2018,49.03918,-125.2018,10,,1,63,,11,,51,4,,0,XMB
GL,5,2023,7,19,25,-0.5,5,23,10,pipestem,49.03893,-125.2018,49.03918,-125.2018,10,,1,53,,11,,51,4,,0,XMB
GL,5,2023,7,19,25,-0.5,5,23,10,pipestem,49.03893,-125.2018,49.03918,-125.2018,10,,1,58,,11,,51,4,,0,XMB
GL,5,2023,7,19,25,-0.5,5,23,10,pipestem,49.03893,-125.2018,49.03918,-125.2018,10,,1,60,,11,,51,4,,0,XMB
GL,5,2023,7,19,25,-0.5,5,23,10,pipestem,49.03893,-125.2018,49.03918,-125.2018,10,,1,56,,11,,51,4,,0,XMB
GL,5,2023,7,19,25,-0.5,5,23,10,pipestem,49.03893,-125.2018,49.03918,-125.2018,10,,1,56,,11,,51,4,,0,XMB
GL,5,2023,7,19,25,-0.5,5,23,10,pipestem,49.03893,-125.2018,49.03918,-125.2018,10,,3,52,,12,,51,4,,0,XMB
GL,5,2023,7,19,25,-0.5,5,23,10,pipestem,49.03893,-125.2018,49.03918,-125.2018,10,,3,56,,12,,51,4,,0,XMB
GL,5,2023,7,19,25,-0.5,5,23,10,pipestem,49.03893,-125.2018,49.03918,-125.2018,10,,1,54,,13,,51,4,,0,XMB
GL,5,2023,7,19,25,-0.5,5,23,10,pipestem,49.03893,-125.2018,49.03918,-125.2018,10,,3,53,,12,,51,4,,0,XMB
GL,5,2023,7,19,25,-0.5,5,23,10,pipestem,49.03893,-125.2018,49.03918,-125.2018,10,,3,53,,12,,51,4,,0,XMB
GL,5,2023,7,19,25,-0.5,5,23,10,pipestem,49.03893,-125.2018,49.03918,-125.2018,10,,3,54,,14,,51,4,,0,XMB
GL,5,2023,7,19,25,-0.5,5,23,10,pipestem,49.03893,-125.2018,49.03918,-125.2018,10,,3,49,,14,,51,4,,0,XMB
GL,5,2023,7,19,25,-0.5,5,23,10,pipestem,49.03893,-125.2018,49.03918,-125.2018,10,,3,49,,13,,51,4,,0,XMB
GL,5,2023,7,19,25,-0.5,5,23,10,pipestem,49.03893,-125.2018,49.03918,-125.2018,10,,3,56,,12,,51,4,,0,XMB
GL,5,2023,7,19,25,-0.5,5,23,10,pipestem,49.03893,-125.2018,49.03918,-125.2018,10,,3,57,,13,,51,4,,0,XMB
GL,5,2023,7,19,25,-0.5,5,23,10,pipestem,49.03893,-125.2018,49.03918,-125.2018,10,,1,75,,11,,51,4,,0,XMB
GL,5,2023,7,19,25,-0.5,5,23,10,pipestem,49.03893,-125.2018,49.03918,-125.2018,10,,3,52,,13,,51,4,,0,XMB
GL,5,2023,7,19,25,-0.5,5,23,10,pipestem,49.03893,-125.2018,49.03918,-125.2018,10,,1,53,,13,,51,4,,0,XMB
GL,5,2023,7,19,25,-0.5,5,23,10,pipestem,49.03893,-125.2018,49.03918,-125.2018,10,,1,59,,11,,51,4,,0,XMB
GL,5,2023,7,19,25,-0.5,5,23,10,pipestem,49.03893,-125.2018,49.03918,-125.2018,10,,1,55,,11,,51,4,,0,XMB
GL,5,2023,7,19,25,-0.5,5,23,10,pipestem,49.03893,-125.2018,49.03918,-125.2018,10,,1,56,,11,,51,4,,0,XMB
GL,5,2023,7,19,25,-0.5,5,23,10,pipestem,49.03893,-125.2018,49.03918,-125.2018,10,,3,51,,13,,51,4,,0,XMB
GL,5,2023,7,19,25,-0.5,5,23,10,pipestem,49.03893,-125.2018,49.03918,-125.2018,10,,1,58,,12,,51,4,,0,XMB
GL,5,2023,7,19,25,-0.5,5,23,10,pipestem,49.03893,-125.2018,49.03918,-125.2018,10,,1,63,,11,,51,4,,0,XMB
GL,5,2023,7,19,25,-0.5,5,23,10,pipestem,49.03893,-125.2018,49.03918,-125.2018,10,,1,52,,11,,51,4,,0,XMB
GL,5,2023,7,19,25,-0.5,5,23,10,pipestem,49.03893,-125.2018,49.03918,-125.2018,10,,1,59,,11,,51,4,,0,XMB
GL,5,2023,7,19,25,-0.5,5,23,10,pipestem,49.03893,-125.2018,49.03918,-125.2018,10,,1,69,,13,,51,4,,0,XMB
GL,5,2023,7,19,25,-0.5,5,23,10,pipestem,49.03893,-125.2018,49.03918,-125.2018,10,,3,52,,12,,51,4,,0,XMB
GL,5,2023,7,19,25,-0.5,5,23,10,pipestem,49.03893,-125.2018,49.03918,-125.2018,10,,1,59,,11,,51,4,,0,XMB
GL,5,2023,7,19,25,-0.5,5,23,10,pipestem,49.03893,-125.2018,49.03918,-125.2018,10,,1,52,,13,,51,4,,0,XMB
GL,5,2023,7,19,25,-0.5,5,23,10,pipestem,49.03893,-125.2018,49.03918,-125.2018,10,,1,46,,11,,51,4,,0,XMB
GL,5,2023,7,19,25,-0.5,5,23,10,pipestem,49.03893,-125.2018,49.03918,-125.2018,10,,1,59,,11,,51,4,,0,XMB
GL,5,2023,7,19,25,-0.5,5,23,10,pipestem,49.03893,-125.2018,49.03918,-125.2018,10,,1,45,,13,,51,4,,0,XMB
GL,5,2023,7,19,25,-0.5,5,23,10,pipestem,49.03893,-125.2018,49.03918,-125.2018,10,,3,59,,11,,51,4,,0,XMB
GL,5,2023,7,19,25,-0.5,5,23,10,pipestem,49.03893,-125.2018,49.03918,-125.2018,10,,1,54,,11,,51,4,,0,XMB
GL,5,2023,7,19,25,-0.5,5,23,10,pipestem,49.03893,-125.2018,49.03918,-125.2018,10,,3,54,,11,,51,4,,0,XMB
GL,5,2023,7,19,25,-0.5,5,23,10,pipestem,49.03893,-125.2018,49.03918,-125.2018,10,,3,45,,11,,51,4,,0,XMB
GL,5,2023,7,19,25,-0.5,5,23,10,pipestem,49.03893,-125.2018,49.03918,-125.2018,10,,1,49,,11,,51,4,,0,XMB
GL,5,2023,7,19,25,-0.5,5,23,10,pipestem,49.03893,-125.2018,49.03918,-125.2018,10,,1,55,,11,,51,4,,0,XMB
GL,5,2023,7,19,25,-0.5,5,23,10,pipestem,49.03893,-125.2018,49.03918,-125.2018,10,,1,52,,13,,51,4,,0,XMB
GL,5,2023,7,19,25,-0.5,5,23,10,pipestem,49.03893,-125.2018,49.03918,-125.2018,10,,1,59,,11,,51,4,,0,XMB
GL,5,2023,7,19,25,-0.5,5,23,10,pipestem,49.03893,-125.2018,49.03918,-125.2018,10,,1,56,,13,,51,4,,0,XMB
GL,5,2023,7,19,25,-0.5,5,23,10,pipestem,49.03893,-125.2018,49.03918,-125.2018,10,,1,55,,13,,51,4,,0,XMB
GL,5,2023,7,19,25,-0.5,5,23,10,pipestem,49.03893,-125.2018,49.03918,-125.2018,10,,1,56,,13,,51,4,,0,XMB
GL,5,2023,7,19,25,-0.5,5,23,10,pipestem,49.03893,-125.2018,49.03918,-125.2018,10,,1,51,,11,,51,4,,0,XMB
GL,5,2023,7,19,25,-0.5,5,23,10,pipestem,49.03893,-125.2018,49.03918,-125.2018,10,,1,69,,13,,51,4,,0,XMB
GL,5,2023,7,19,25,-0.5,5,23,10,pipestem,49.03893,-125.2018,49.03918,-125.2018,10,,1,55,,13,,51,4,,0,XMB
GL,5,2023,7,19,25,-0.5,5,23,10,pipestem,49.03893,-125.2018,49.03918,-125.2018,10,,1,53,,11,,51,4,,0,XMB
GL,5,2023,7,19,25,-0.5,5,23,10,pipestem,49.03893,-125.2018,49.03918,-125.2018,10,,1,52,,13,,51,4,,0,XMB
GL,5,2023,7,19,25,-0.5,5,23,10,pipestem,49.03893,-125.2018,49.03918,-125.2018,10,,1,54,,13,,51,4,,0,XMB
GL,5,2023,7,19,25,-0.5,5,23,10,pipestem,49.03893,-125.2018,49.03918,-125.2018,10,,1,54,,13,,51,4,,0,XMB
GL,5,2023,7,19,25,-0.5,5,23,10,pipestem,49.03893,-125.2018,49.03918,-125.2018,10,,3,45,,13,,51,4,,0,XMB
GL,5,2023,7,19,25,-0.5,5,23,10,pipestem,49.03893,-125.2018,49.03918,-125.2018,10,,3,46,,13,,51,4,,0,XMB
GL,5,2023,7,19,25,-0.5,5,23,10,pipestem,49.03893,-125.2018,49.03918,-125.2018,10,,3,46,,13,,51,4,,0,XMB
GL,5,2023,7,19,25,-0.5,5,23,10,pipestem,49.03893,-125.2018,49.03918,-125.2018,10,,3,46,,13,,51,4,,0,XMB
GL,5,2023,7,19,25,-0.5,5,23,10,pipestem,49.03893,-125.2018,49.03918,-125.2018,10,,3,54,,12,,51,4,,0,XMB
GL,5,2023,7,19,25,-0.5,5,23,10,pipestem,49.03893,-125.2018,49.03918,-125.2018,10,,3,48,,12,,51,4,,0,XMB
GL,5,2023,7,19,25,-0.5,5,23,10,pipestem,49.03893,-125.2018,49.03918,-125.2018,10,,1,50,,13,,51,4,,0,XMB
GL,5,2023,7,19,25,-0.5,5,23,10,pipestem,49.03893,-125.2018,49.03918,-125.2018,10,,3,51,,12,,51,4,,0,XMB
GL,5,2023,7,19,25,-0.5,5,23,10,pipestem,49.03893,-125.2018,49.03918,-125.2018,10,,3,49,,12,,51,4,,0,XMB
GL,5,2023,7,19,25,-0.5,5,23,10,pipestem,49.03893,-125.2018,49.03918,-125.2018,10,,3,49,,12,,51,4,,0,XMB
GL,5,2023,7,19,25,-0.5,5,23,10,pipestem,49.03893,-125.2018,49.03918,-125.2018,10,,3,49,,14,,51,4,,0,XMB
GL,5,2023,7,19,25,-0.5,5,23,10,pipestem,49.03893,-125.2018,49.03918,-125.2018,10,,3,49,,14,,51,4,,0,XMB
GL,5,2023,7,19,25,-0.5,5,23,10,pipestem,49.03893,-125.2018,49.03918,-125.2018,10,,3,42,,14,,51,4,,0,XMB
GL,5,2023,7,19,25,-0.5,5,23,10,pipestem,49.03893,-125.2018,49.03918,-125.2018,10,,3,42,,11,,51,4,,0,XMB
GL,5,2023,7,19,25,-0.5,5,23,10,pipestem,49.03893,-125.2018,49.03918,-125.2018,10,,3,42,,13,,51,4,,0,XMB
GL,5,2023,7,19,25,-0.5,5,23,10,pipestem,49.03893,-125.2018,49.03918,-125.2018,10,,1,35,,11,,51,4,,0,XMB
GL,5,2023,7,19,25,-0.5,5,23,10,pipestem,49.03893,-125.2018,49.03918,-125.2018,10,,3,46,,14,,51,4,,0,XMB
GL,5,2023,7,19,25,-0.5,5,23,10,pipestem,49.03893,-125.2018,49.03918,-125.2018,10,,3,42,,11,,51,4,,0,XMB
GL,5,2023,7,19,25,-0.5,5,23,10,pipestem,49.03893,-125.2018,49.03918,-125.2018,10,,3,46,,11,,51,4,,0,XMB
GL,5,2023,7,19,25,-0.5,5,23,10,pipestem,49.03893,-125.2018,49.03918,-125.2018,10,,3,42,,14,,51,4,,0,XMB
GL,5,2023,7,19,25,-0.5,5,23,10,pipestem,49.03893,-125.2018,49.03918,-125.2018,10,,3,,84,,,51,5,,0,ZCA
GL,5,2023,7,19,25,-0.5,5,23,10,pipestem,49.03893,-125.2018,49.03918,-125.2018,10,,1,72,,11,,51,6,,0,XMB
GL,5,2023,7,19,25,-0.5,5,23,10,pipestem,49.03893,-125.2018,49.03918,-125.2018,10,,1,79,,11,,51,6,,0,XMB
GL,5,2023,7,19,25,-0.5,5,23,10,pipestem,49.03893,-125.2018,49.03918,-125.2018,10,,1,55,,13,,51,6,,0,XMB
GL,5,2023,7,19,25,-0.5,5,23,10,pipestem,49.03893,-125.2018,49.03918,-125.2018,10,,3,65,,14,,51,6,,0,XMB
GL,5,2023,7,19,25,-0.5,5,23,10,pipestem,49.03893,-125.2018,49.03918,-125.2018,10,,1,53,,11,,51,6,,0,XMB
GL,5,2023,7,19,25,-0.5,5,23,10,pipestem,49.03893,-125.2018,49.03918,-125.2018,10,,1,53,,11,,51,6,,0,XMB
GL,5,2023,7,19,25,-0.5,5,23,10,pipestem,49.03893,-125.2018,49.03918,-125.2018,10,,1,61,,11,,51,6,,0,XMB
GL,5,2023,7,19,25,-0.5,5,23,10,pipestem,49.03893,-125.2018,49.03918,-125.2018,10,,1,,109,,,51,6,,0,ZCA
GL,5,2023,7,19,25,-0.5,5,23,10,pipestem,49.03893,-125.2018,49.03918,-125.2018,10,,3,,72,,,51,6,,0,ZCA
GL,5,2023,7,19,25,-0.5,5,23,10,pipestem,49.03893,-125.2018,49.03918,-125.2018,10,,3,,87,,,51,6,,0,ZCA
GL,5,2023,7,19,25,-0.5,5,23,10,pipestem,49.03893,-125.2018,49.03918,-125.2018,10,,3,,83,,,51,6,,0,ZCA
GL,5,2023,7,19,25,-0.5,5,23,10,pipestem,49.03893,-125.2018,49.03918,-125.2018,10,,1,,84,,,51,6,,0,ZCA
GL,5,2023,7,19,25,-0.5,5,23,10,pipestem,49.03893,-125.2018,49.03918,-125.2018,10,,3,,87,,,51,6,,0,ZCA
GL,5,2023,7,19,25,-0.5,5,23,10,pipestem,49.03893,-125.2018,49.03918,-125.2018,10,,3,,86,,,51,6,,0,ZCA
GL,5,2023,7,19,25,-0.5,5,23,10,pipestem,49.03893,-125.2018,49.03918,-125.2018,10,,1,,98,,,51,6,,0,ZCA
GL,5,2023,7,19,25,-0.5,5,23,10,pipestem,49.03893,-125.2018,49.03918,-125.2018,10,,3,,91,,,51,6,,0,ZCA
GL,5,2023,7,19,25,-0.5,5,23,10,pipestem,49.03893,-125.2018,49.03918,-125.2018,10,,3,,76,,,51,6,,0,ZCA
GL,5,2023,7,19,25,-0.5,5,23,10,pipestem,49.03893,-125.2018,49.03918,-125.2018,10,,3,,109,,,51,6,,0,ZCA
GL,5,2023,7,19,25,-0.5,5,23,10,pipestem,49.03893,-125.2018,49.03918,-125.2018,10,,1,,93,,,51,6,,0,ZCA
GL,5,2023,7,19,25,-0.5,5,23,10,pipestem,49.03893,-125.2018,49.03918,-125.2018,10,,3,,69,,,51,6,,0,ZCA
GL,5,2023,7,19,25,-0.5,5,23,10,pipestem,49.03893,-125.2018,49.03918,-125.2018,10,,3,,74,,,51,6,,0,ZCA
GL,5,2023,7,19,25,-0.5,5,23,10,pipestem,49.03893,-125.2018,49.03918,-125.2018,10,,3,,53,,,51,6,,0,ZCA
GL,5,2023,7,19,25,-0.5,5,23,10,pipestem,49.03893,-125.2018,49.03918,-125.2018,10,,1,,,,,51,5,,0,XMB
GL,5,2023,7,19,25,-0.5,5,23,10,pipestem,49.03893,-125.2018,49.03918,-125.2018,10,,1,,,,,51,5,,0,XMB
GL,5,2023,7,19,25,-0.5,5,23,10,pipestem,49.03893,-125.2018,49.03918,-125.2018,10,,1,,,,,51,5,,0,XMB
GL,5,2023,7,19,25,-0.5,5,23,10,pipestem,49.03893,-125.2018,49.03918,-125.2018,10,,1,,,,,51,5,,0,XMB
GL,5,2023,7,19,25,-0.5,5,23,10,pipestem,49.03893,-125.2018,49.03918,-125.2018,10,,1,,,,,51,5,,0,XMB
GL,5,2023,7,19,25,-0.5,5,23,10,pipestem,49.03893,-125.2018,49.03918,-125.2018,10,,1,,,,,51,5,,0,XMB
GL,5,2023,7,19,25,-0.5,5,23,10,pipestem,49.03893,-125.2018,49.03918,-125.2018,10,,1,,,,,51,5,,0,XMB
GL,5,2023,7,19,25,-0.5,5,23,10,pipestem,49.03893,-125.2018,49.03918,-125.2018,10,,1,,,,,51,5,,0,XMB
GL,5,2023,7,19,25,-0.5,5,23,10,pipestem,49.03893,-125.2018,49.03918,-125.2018,10,,1,,,,,51,5,,0,XMB
GL,5,2023,7,19,25,-0.5,5,23,10,pipestem,49.03893,-125.2018,49.03918,-125.2018,10,,1,,,,,51,5,,0,XMB
GL,5,2023,7,19,25,-0.5,5,23,10,pipestem,49.03893,-125.2018,49.03918,-125.2018,10,,1,,,,,51,5,,0,XMB
GL,5,2023,7,19,25,-0.5,5,23,10,pipestem,49.03893,-125.2018,49.03918,-125.2018,10,,1,,,,,51,5,,0,XMB
GL,5,2023,7,19,25,-0.5,5,23,10,pipestem,49.03893,-125.2018,49.03918,-125.2018,10,,1,,,,,51,5,,0,XMB
GL,5,2023,7,19,25,-0.5,5,23,10,pipestem,49.03893,-125.2018,49.03918,-125.2018,10,,1,,,,,51,5,,0,XMB
GL,5,2023,7,19,25,-0.5,5,23,10,pipestem,49.03893,-125.2018,49.03918,-125.2018,10,,1,,,,,51,5,,0,XMB
GL,5,2023,7,19,25,-0.5,5,23,10,pipestem,49.03893,-125.2018,49.03918,-125.2018,10,,1,,,,,51,5,,0,XMB
GL,5,2023,7,19,25,-0.5,5,23,10,pipestem,49.03893,-125.2018,49.03918,-125.2018,10,,1,,,,,51,5,,0,XMB
GL,5,2023,7,19,25,-0.5,5,23,10,pipestem,49.03893,-125.2018,49.03918,-125.2018,10,,1,,,,,51,5,,0,XMB
GL,5,2023,7,19,25,-0.5,5,23,10,pipestem,49.03893,-125.2018,49.03918,-125.2018,10,,1,,,,,51,5,,0,XMB
GL,5,2023,7,19,25,-0.5,5,23,10,pipestem,49.03893,-125.2018,49.03918,-125.2018,10,,1,,,,,51,5,,0,XMB
GL,5,2023,7,19,25,-0.5,5,23,10,pipestem,49.03893,-125.2018,49.03918,-125.2018,10,,1,,,,,51,5,,0,XMB
GL,5,2023,7,19,25,-0.5,5,23,10,pipestem,49.03893,-125.2018,49.03918,-125.2018,10,,1,,,,,51,5,,0,XMB
GL,5,2023,7,19,25,-0.5,5,23,10,pipestem,49.03893,-125.2018,49.03918,-125.2018,10,,1,,,,,51,5,,0,XMB
GL,5,2023,7,19,25,-0.5,5,23,10,pipestem,49.03893,-125.2018,49.03918,-125.2018,10,,1,,,,,51,5,,0,XMB
GL,5,2023,7,19,25,-0.5,5,23,10,pipestem,49.03893,-125.2018,49.03918,-125.2018,10,,1,,,,,51,5,,0,XMB
GL,5,2023,7,19,25,-0.5,5,23,10,pipestem,49.03893,-125.2018,49.03918,-125.2018,10,,1,,,,,51,5,,0,XMB
GL,5,2023,7,19,25,-0.5,5,23,10,pipestem,49.03893,-125.2018,49.03918,-125.2018,10,,1,,,,,51,5,,0,XMB
GL,5,2023,7,19,25,-0.5,5,23,10,pipestem,49.03893,-125.2018,49.03918,-125.2018,10,,1,,,,,51,5,,0,XMB
GL,5,2023,7,19,25,-0.5,5,23,10,pipestem,49.03893,-125.2018,49.03918,-125.2018,10,,1,,,,,51,5,,0,XMB
GL,5,2023,7,19,25,-0.5,5,23,10,pipestem,49.03893,-125.2018,49.03918,-125.2018,10,,1,,,,,51,5,,0,XMB
GL,5,2023,7,19,25,-0.5,5,23,10,pipestem,49.03893,-125.2018,49.03918,-125.2018,10,,1,,,,,51,5,,0,XMB
GL,5,2023,7,19,25,-0.5,5,23,10,pipestem,49.03893,-125.2018,49.03918,-125.2018,10,,1,,,,,51,5,,0,XMB
GL,5,2023,7,19,25,-0.5,5,23,10,pipestem,49.03893,-125.2018,49.03918,-125.2018,10,,1,,,,,51,5,,0,XMB
GL,5,2023,7,19,25,-0.5,5,23,10,pipestem,49.03893,-125.2018,49.03918,-125.2018,10,,1,,,,,51,5,,0,XMB
GL,5,2023,7,19,25,-0.5,5,23,10,pipestem,49.03893,-125.2018,49.03918,-125.2018,10,,1,,,,,51,5,,0,XMB
GL,5,2023,7,19,25,-0.5,5,23,10,pipestem,49.03893,-125.2018,49.03918,-125.2018,10,,1,,,,,51,5,,0,XMB
GL,5,2023,7,19,25,-0.5,5,23,10,pipestem,49.03893,-125.2018,49.03918,-125.2018,10,,1,,,,,51,5,,0,XMB
GL,5,2023,7,19,25,-0.5,5,23,10,pipestem,49.03893,-125.2018,49.03918,-125.2018,10,,1,,,,,51,5,,0,XMB
GL,5,2023,7,19,25,-0.5,5,23,10,pipestem,49.03893,-125.2018,49.03918,-125.2018,10,,1,,,,,51,5,,0,XMB
GL,5,2023,7,19,25,-0.5,5,23,10,pipestem,49.03893,-125.2018,49.03918,-125.2018,10,,1,,,,,51,5,,0,XMB
GL,5,2023,7,19,25,-0.5,5,23,10,pipestem,49.03893,-125.2018,49.03918,-125.2018,10,,1,,,,,51,5,,0,XMB
GL,5,2023,7,19,25,-0.5,5,23,10,pipestem,49.03893,-125.2018,49.03918,-125.2018,10,,1,,,,,51,5,,0,XMB
GL,5,2023,7,19,25,-0.5,5,23,10,pipestem,49.03893,-125.2018,49.03918,-125.2018,10,,1,,,,,51,5,,0,XMB
GL,5,2023,7,19,25,-0.5,5,23,10,pipestem,49.03893,-125.2018,49.03918,-125.2018,10,,1,,,,,51,5,,0,XMB
GL,5,2023,7,19,25,-0.5,5,23,10,pipestem,49.03893,-125.2018,49.03918,-125.2018,10,,1,,,,,51,5,,0,XMB
GL,5,2023,7,19,25,-0.5,5,23,10,pipestem,49.03893,-125.2018,49.03918,-125.2018,10,,1,,,,,51,5,,0,XMB
GL,5,2023,7,19,25,-0.5,5,23,10,pipestem,49.03893,-125.2018,49.03918,-125.2018,10,,1,,,,,51,5,,0,XMB
GL,5,2023,7,19,25,-0.5,5,23,10,pipestem,49.03893,-125.2018,49.03918,-125.2018,10,,1,,,,,51,5,,0,XMB
GL,5,2023,7,19,25,-0.5,5,23,10,pipestem,49.03893,-125.2018,49.03918,-125.2018,10,,1,,,,,51,5,,0,XMB
GL,5,2023,7,19,25,-0.5,5,23,10,pipestem,49.03893,-125.2018,49.03918,-125.2018,10,,1,,,,,51,5,,0,XMB
GL,5,2023,7,19,25,-0.5,5,23,10,pipestem,49.03893,-125.2018,49.03918,-125.2018,10,,1,,,,,51,5,,0,XMB
GL,5,2023,7,19,25,-0.5,5,23,10,pipestem,49.03893,-125.2018,49.03918,-125.2018,10,,1,,,,,51,5,,0,XMB
GL,5,2023,7,19,25,-0.5,5,23,10,pipestem,49.03893,-125.2018,49.03918,-125.2018,10,,1,,,,,51,5,,0,XMB
GL,5,2023,7,19,25,-0.5,5,23,10,pipestem,49.03893,-125.2018,49.03918,-125.2018,10,,1,,,,,51,5,,0,XMB
GL,5,2023,7,19,25,-0.5,5,23,10,pipestem,49.03893,-125.2018,49.03918,-125.2018,10,,1,,,,,51,5,,0,XMB
GL,5,2023,7,19,25,-0.5,5,23,10,pipestem,49.03893,-125.2018,49.03918,-125.2018,10,,1,,,,,51,5,,0,XMB
GL,5,2023,7,19,25,-0.5,5,23,10,pipestem,49.03893,-125.2018,49.03918,-125.2018,10,,3,,,,,51,5,,0,XMB
GL,5,2023,7,19,25,-0.5,5,23,10,pipestem,49.03893,-125.2018,49.03918,-125.2018,10,,3,,,,,51,5,,0,XMB
GL,5,2023,7,19,25,-0.5,5,23,10,pipestem,49.03893,-125.2018,49.03918,-125.2018,10,,3,,,,,51,5,,0,XMB
GL,5,2023,7,19,25,-0.5,5,23,10,pipestem,49.03893,-125.2018,49.03918,-125.2018,10,,3,,,,,51,5,,0,XMB
GL,5,2023,7,19,25,-0.5,5,23,10,pipestem,49.03893,-125.2018,49.03918,-125.2018,10,,3,,,,,51,5,,0,XMB
GL,5,2023,7,19,25,-0.5,5,23,10,pipestem,49.03893,-125.2018,49.03918,-125.2018,10,,3,,,,,51,5,,0,XMB
GL,5,2023,7,19,25,-0.5,5,23,10,pipestem,49.03893,-125.2018,49.03918,-125.2018,10,,3,,,,,51,5,,0,XMB
GL,5,2023,7,19,25,-0.5,5,23,10,pipestem,49.03893,-125.2018,49.03918,-125.2018,10,,3,,,,,51,5,,0,XMB
GL,5,2023,7,19,25,-0.5,5,23,10,pipestem,49.03893,-125.2018,49.03918,-125.2018,10,,3,,,,,51,5,,0,XMB
GL,5,2023,7,19,25,-0.5,5,23,10,pipestem,49.03893,-125.2018,49.03918,-125.2018,10,,3,,,,,51,5,,0,XMB
GL,5,2023,7,19,25,-0.5,5,23,10,pipestem,49.03893,-125.2018,49.03918,-125.2018,10,,3,,,,,51,5,,0,XMB
GL,5,2023,7,19,25,-0.5,5,23,10,pipestem,49.03893,-125.2018,49.03918,-125.2018,10,,3,,,,,51,5,,0,XMB
GL,5,2023,7,19,25,-0.5,5,23,10,pipestem,49.03893,-125.2018,49.03918,-125.2018,10,,3,,,,,51,5,,0,XMB
GL,5,2023,7,19,25,-0.5,5,23,10,pipestem,49.03893,-125.2018,49.03918,-125.2018,10,,3,,,,,51,5,,0,XMB
GL,5,2023,7,19,25,-0.5,5,23,10,pipestem,49.03893,-125.2018,49.03918,-125.2018,10,,3,,,,,51,5,,0,XMB
GL,5,2023,7,19,25,-0.5,5,23,10,pipestem,49.03893,-125.2018,49.03918,-125.2018,10,,3,,,,,51,5,,0,XMB
GL,5,2023,7,19,25,-0.5,5,23,10,pipestem,49.03893,-125.2018,49.03918,-125.2018,10,,3,,,,,51,5,,0,XMB
GL,5,2023,7,19,25,-0.5,5,23,10,pipestem,49.03893,-125.2018,49.03918,-125.2018,10,,3,,,,,51,5,,0,XMB
GL,5,2023,7,19,25,-0.5,5,23,10,pipestem,49.03893,-125.2018,49.03918,-125.2018,10,,3,,,,,51,5,,0,XMB
GL,5,2023,7,19,25,-0.5,5,23,10,pipestem,49.03893,-125.2018,49.03918,-125.2018,10,,3,,,,,51,5,,0,XMB
GL,5,2023,7,19,25,-0.5,5,23,10,pipestem,49.03893,-125.2018,49.03918,-125.2018,10,,3,,,,,51,5,,0,XMB
GL,5,2023,7,19,25,-0.5,5,23,10,pipestem,49.03893,-125.2018,49.03918,-125.2018,10,,3,,,,,51,5,,0,XMB
GL,5,2023,7,19,25,-0.5,5,23,10,pipestem,49.03893,-125.2018,49.03918,-125.2018,10,,3,,,,,51,5,,0,XMB
GL,6,2023,7,19,26,-0.6,-0.3,23,10,pipestem,49.03876,-125.2023,49.03842,-125.2027,10,,3,51,,14,,51,1,,0,XMB
GL,6,2023,7,19,26,-0.6,-0.3,23,10,pipestem,49.03876,-125.2023,49.03842,-125.2027,10,,1,80,,14,,51,1,,0,XMB
GL,6,2023,7,19,26,-0.6,-0.3,23,10,pipestem,49.03876,-125.2023,49.03842,-125.2027,10,,1,51,,11,,51,1,,0,XMB
GL,6,2023,7,19,26,-0.6,-0.3,23,10,pipestem,49.03876,-125.2023,49.03842,-125.2027,10,,1,94,,11,,51,1,,0,XMB
GL,6,2023,7,19,26,-0.6,-0.3,23,10,pipestem,49.03876,-125.2023,49.03842,-125.2027,10,,1,46,,13,,51,1,,0,XMB
GL,6,2023,7,19,26,-0.6,-0.3,23,10,pipestem,49.03876,-125.2023,49.03842,-125.2027,10,,1,59,,11,,51,1,,0,XMB
GL,6,2023,7,19,26,-0.6,-0.3,23,10,pipestem,49.03876,-125.2023,49.03842,-125.2027,10,,1,51,,12,,51,1,,0,XMB
GL,6,2023,7,19,26,-0.6,-0.3,23,10,pipestem,49.03876,-125.2023,49.03842,-125.2027,10,,1,55,,11,,51,1,,0,XMB
GL,6,2023,7,19,26,-0.6,-0.3,23,10,pipestem,49.03876,-125.2023,49.03842,-125.2027,10,,1,57,,11,,51,1,,0,XMB
GL,6,2023,7,19,26,-0.6,-0.3,23,10,pipestem,49.03876,-125.2023,49.03842,-125.2027,10,,3,46,,11,,51,1,,0,XMB
GL,6,2023,7,19,26,-0.6,-0.3,23,10,pipestem,49.03876,-125.2023,49.03842,-125.2027,10,,3,52,,12,,51,1,,0,XMB
GL,6,2023,7,19,26,-0.6,-0.3,23,10,pipestem,49.03876,-125.2023,49.03842,-125.2027,10,,3,46,,13,,51,1,,0,XMB
GL,6,2023,7,19,26,-0.6,-0.3,23,10,pipestem,49.03876,-125.2023,49.03842,-125.2027,10,,1,63,,13,,51,1,,0,XMB
GL,6,2023,7,19,26,-0.6,-0.3,23,10,pipestem,49.03876,-125.2023,49.03842,-125.2027,10,,1,51,,13,,51,1,,0,XMB
GL,6,2023,7,19,26,-0.6,-0.3,23,10,pipestem,49.03876,-125.2023,49.03842,-125.2027,10,,1,59,,11,,51,1,,0,XMB
GL,6,2023,7,19,26,-0.6,-0.3,23,10,pipestem,49.03876,-125.2023,49.03842,-125.2027,10,,1,56,,11,,51,1,,0,XMB
GL,6,2023,7,19,26,-0.6,-0.3,23,10,pipestem,49.03876,-125.2023,49.03842,-125.2027,10,,3,44,,12,,51,1,,0,XMB
GL,6,2023,7,19,26,-0.6,-0.3,23,10,pipestem,49.03876,-125.2023,49.03842,-125.2027,10,,3,52,,11,,51,1,,0,XMB
GL,6,2023,7,19,26,-0.6,-0.3,23,10,pipestem,49.03876,-125.2023,49.03842,-125.2027,10,,1,55,,13,,51,1,,0,XMB
GL,6,2023,7,19,26,-0.6,-0.3,23,10,pipestem,49.03876,-125.2023,49.03842,-125.2027,10,,3,53,,11,,51,1,,0,XMB
GL,6,2023,7,19,26,-0.6,-0.3,23,10,pipestem,49.03876,-125.2023,49.03842,-125.2027,10,,3,52,,13,,51,1,,0,XMB
GL,6,2023,7,19,26,-0.6,-0.3,23,10,pipestem,49.03876,-125.2023,49.03842,-125.2027,10,,3,49,,13,,51,1,,0,XMB
GL,6,2023,7,19,26,-0.6,-0.3,23,10,pipestem,49.03876,-125.2023,49.03842,-125.2027,10,,1,50,,11,,51,1,,0,XMB
GL,6,2023,7,19,26,-0.6,-0.3,23,10,pipestem,49.03876,-125.2023,49.03842,-125.2027,10,,1,49,,11,,51,1,,0,XMB
GL,6,2023,7,19,26,-0.6,-0.3,23,10,pipestem,49.03876,-125.2023,49.03842,-125.2027,10,,1,44,,13,,51,1,,0,XMB
GL,6,2023,7,19,26,-0.6,-0.3,23,10,pipestem,49.03876,-125.2023,49.03842,-125.2027,10,,1,32,,12,,51,1,,0,XMB
GL,6,2023,7,19,26,-0.6,-0.3,23,10,pipestem,49.03876,-125.2023,49.03842,-125.2027,10,,3,50,,13,,51,1,,0,XMB
GL,6,2023,7,19,26,-0.6,-0.3,23,10,pipestem,49.03876,-125.2023,49.03842,-125.2027,10,,3,49,,14,,51,1,,0,XMB
GL,6,2023,7,19,26,-0.6,-0.3,23,10,pipestem,49.03876,-125.2023,49.03842,-125.2027,10,,3,44,,14,,51,1,,0,XMB
GL,6,2023,7,19,26,-0.6,-0.3,23,10,pipestem,49.03876,-125.2023,49.03842,-125.2027,10,,3,42,,12,,51,1,,0,XMB
GL,6,2023,7,19,26,-0.6,-0.3,23,10,pipestem,49.03876,-125.2023,49.03842,-125.2027,10,,1,49,,13,,51,1,,0,XMB
GL,6,2023,7,19,26,-0.6,-0.3,23,10,pipestem,49.03876,-125.2023,49.03842,-125.2027,10,,1,40,,13,,51,1,,0,XMB
GL,6,2023,7,19,26,-0.6,-0.3,23,10,pipestem,49.03876,-125.2023,49.03842,-125.2027,10,,3,49,,12,,51,1,,0,XMB
GL,6,2023,7,19,26,-0.6,-0.3,23,10,pipestem,49.03876,-125.2023,49.03842,-125.2027,10,,1,34,,11,,51,1,,0,XMB
GL,6,2023,7,19,26,-0.6,-0.3,23,10,pipestem,49.03876,-125.2023,49.03842,-125.2027,10,,1,32,,11,,51,1,,0,XMB
GL,6,2023,7,19,26,-0.6,-0.3,23,10,pipestem,49.03876,-125.2023,49.03842,-125.2027,10,,3,33,,13,,51,1,,0,XMB
GL,6,2023,7,19,26,-0.6,-0.3,23,10,pipestem,49.03876,-125.2023,49.03842,-125.2027,10,,3,62,,12,,51,2,,0,XMB
GL,6,2023,7,19,26,-0.6,-0.3,23,10,pipestem,49.03876,-125.2023,49.03842,-125.2027,10,,1,45,,11,,51,2,,0,XMB
GL,6,2023,7,19,26,-0.6,-0.3,23,10,pipestem,49.03876,-125.2023,49.03842,-125.2027,10,,1,60,,11,,51,2,,0,XMB
GL,6,2023,7,19,26,-0.6,-0.3,23,10,pipestem,49.03876,-125.2023,49.03842,-125.2027,10,,3,42,,13,,51,2,,0,XMB
GL,6,2023,7,19,26,-0.6,-0.3,23,10,pipestem,49.03876,-125.2023,49.03842,-125.2027,10,,1,61,,11,,51,2,,0,XMB
GL,6,2023,7,19,26,-0.6,-0.3,23,10,pipestem,49.03876,-125.2023,49.03842,-125.2027,10,,1,60,,12,,51,2,,0,XMB
GL,6,2023,7,19,26,-0.6,-0.3,23,10,pipestem,49.03876,-125.2023,49.03842,-125.2027,10,,3,58,,12,,51,2,,0,XMB
GL,6,2023,7,19,26,-0.6,-0.3,23,10,pipestem,49.03876,-125.2023,49.03842,-125.2027,10,,1,62,,11,,51,2,,0,XMB
GL,6,2023,7,19,26,-0.6,-0.3,23,10,pipestem,49.03876,-125.2023,49.03842,-125.2027,10,,3,49,,13,,51,2,,0,XMB
GL,6,2023,7,19,26,-0.6,-0.3,23,10,pipestem,49.03876,-125.2023,49.03842,-125.2027,10,,3,39,,14,,51,2,,0,XMB
GL,6,2023,7,19,26,-0.6,-0.3,23,10,pipestem,49.03876,-125.2023,49.03842,-125.2027,10,,3,49,,12,,51,2,,0,XMB
GL,6,2023,7,19,26,-0.6,-0.3,23,10,pipestem,49.03876,-125.2023,49.03842,-125.2027,10,,1,44,,11,,51,2,,0,XMB
GL,6,2023,7,19,26,-0.6,-0.3,23,10,pipestem,49.03876,-125.2023,49.03842,-125.2027,10,,3,54,,13,,51,2,,0,XMB
GL,6,2023,7,19,26,-0.6,-0.3,23,10,pipestem,49.03876,-125.2023,49.03842,-125.2027,10,,1,49,,11,,51,2,,0,XMB
GL,6,2023,7,19,26,-0.6,-0.3,23,10,pipestem,49.03876,-125.2023,49.03842,-125.2027,10,,3,48,,12,,51,2,,0,XMB
GL,6,2023,7,19,26,-0.6,-0.3,23,10,pipestem,49.03876,-125.2023,49.03842,-125.2027,10,,3,46,,12,,51,2,,0,XMB
GL,6,2023,7,19,26,-0.6,-0.3,23,10,pipestem,49.03876,-125.2023,49.03842,-125.2027,10,,3,43,,12,,51,2,,0,XMB
GL,6,2023,7,19,26,-0.6,-0.3,23,10,pipestem,49.03876,-125.2023,49.03842,-125.2027,10,,1,43,,12,,51,2,,0,XMB
GL,6,2023,7,19,26,-0.6,-0.3,23,10,pipestem,49.03876,-125.2023,49.03842,-125.2027,10,,3,45,,12,,51,2,,0,XMB
GL,6,2023,7,19,26,-0.6,-0.3,23,10,pipestem,49.03876,-125.2023,49.03842,-125.2027,10,,3,44,,12,,51,2,,0,XMB
GL,6,2023,7,19,26,-0.6,-0.3,23,10,pipestem,49.03876,-125.2023,49.03842,-125.2027,10,,3,49,,14,,51,2,,0,XMB
GL,6,2023,7,19,26,-0.6,-0.3,23,10,pipestem,49.03876,-125.2023,49.03842,-125.2027,10,,1,42,,11,,51,2,,0,XMB
GL,6,2023,7,19,26,-0.6,-0.3,23,10,pipestem,49.03876,-125.2023,49.03842,-125.2027,10,,3,49,,14,,51,2,,0,XMB
GL,6,2023,7,19,26,-0.6,-0.3,23,10,pipestem,49.03876,-125.2023,49.03842,-125.2027,10,,1,36,,12,,51,2,,0,XMB
GL,6,2023,7,19,26,-0.6,-0.3,23,10,pipestem,49.03876,-125.2023,49.03842,-125.2027,10,,1,38,,11,,51,2,,0,XMB
GL,6,2023,7,19,26,-0.6,-0.3,23,10,pipestem,49.03876,-125.2023,49.03842,-125.2027,10,,3,52,,12,,51,3,,0,XMB
GL,6,2023,7,19,26,-0.6,-0.3,23,10,pipestem,49.03876,-125.2023,49.03842,-125.2027,10,,1,62,,12,,51,3,,0,XMB
GL,6,2023,7,19,26,-0.6,-0.3,23,10,pipestem,49.03876,-125.2023,49.03842,-125.2027,10,,3,49,,12,,51,3,,0,XMB
GL,6,2023,7,19,26,-0.6,-0.3,23,10,pipestem,49.03876,-125.2023,49.03842,-125.2027,10,,3,46,,12,,51,3,,0,XMB
GL,6,2023,7,19,26,-0.6,-0.3,23,10,pipestem,49.03876,-125.2023,49.03842,-125.2027,10,,3,46,,14,,51,3,,0,XMB
GL,6,2023,7,19,26,-0.6,-0.3,23,10,pipestem,49.03876,-125.2023,49.03842,-125.2027,10,,1,46,,14,,51,3,,0,XMB
GL,6,2023,7,19,26,-0.6,-0.3,23,10,pipestem,49.03876,-125.2023,49.03842,-125.2027,10,,3,47,,14,,51,3,,0,XMB
GL,6,2023,7,19,26,-0.6,-0.3,23,10,pipestem,49.03876,-125.2023,49.03842,-125.2027,10,,3,42,,12,,51,3,,0,XMB
GL,6,2023,7,19,26,-0.6,-0.3,23,10,pipestem,49.03876,-125.2023,49.03842,-125.2027,10,,3,46,,12,,51,3,,0,XMB
GL,6,2023,7,19,26,-0.6,-0.3,23,10,pipestem,49.03876,-125.2023,49.03842,-125.2027,10,,1,41,,12,,51,3,,0,XMB
GL,6,2023,7,19,26,-0.6,-0.3,23,10,pipestem,49.03876,-125.2023,49.03842,-125.2027,10,,1,43,,12,,51,3,,0,XMB
GL,6,2023,7,19,26,-0.6,-0.3,23,10,pipestem,49.03876,-125.2023,49.03842,-125.2027,10,,3,47,,13,,51,3,,0,XMB
GL,6,2023,7,19,26,-0.6,-0.3,23,10,pipestem,49.03876,-125.2023,49.03842,-125.2027,10,,1,,,,,51,4,,0,XMB
GL,6,2023,7,19,26,-0.6,-0.3,23,10,pipestem,49.03876,-125.2023,49.03842,-125.2027,10,,1,,,,,51,4,,0,XMB
GL,6,2023,7,19,26,-0.6,-0.3,23,10,pipestem,49.03876,-125.2023,49.03842,-125.2027,10,,1,,,,,51,4,,0,XMB
GL,6,2023,7,19,26,-0.6,-0.3,23,10,pipestem,49.03876,-125.2023,49.03842,-125.2027,10,,1,,,,,51,4,,0,XMB
GL,6,2023,7,19,26,-0.6,-0.3,23,10,pipestem,49.03876,-125.2023,49.03842,-125.2027,10,,1,,,,,51,4,,0,XMB
GL,6,2023,7,19,26,-0.6,-0.3,23,10,pipestem,49.03876,-125.2023,49.03842,-125.2027,10,,1,,,,,51,4,,0,XMB
GL,6,2023,7,19,26,-0.6,-0.3,23,10,pipestem,49.03876,-125.2023,49.03842,-125.2027,10,,1,,,,,51,4,,0,XMB
GL,6,2023,7,19,26,-0.6,-0.3,23,10,pipestem,49.03876,-125.2023,49.03842,-125.2027,10,,1,,,,,51,4,,0,XMB
GL,6,2023,7,19,26,-0.6,-0.3,23,10,pipestem,49.03876,-125.2023,49.03842,-125.2027,10,,1,,,,,51,4,,0,XMB
GL,6,2023,7,19,26,-0.6,-0.3,23,10,pipestem,49.03876,-125.2023,49.03842,-125.2027,10,,1,,,,,51,4,,0,XMB
GL,6,2023,7,19,26,-0.6,-0.3,23,10,pipestem,49.03876,-125.2023,49.03842,-125.2027,10,,1,,,,,51,4,,0,XMB
GL,6,2023,7,19,26,-0.6,-0.3,23,10,pipestem,49.03876,-125.2023,49.03842,-125.2027,10,,1,,,,,51,4,,0,XMB
GL,6,2023,7,19,26,-0.6,-0.3,23,10,pipestem,49.03876,-125.2023,49.03842,-125.2027,10,,1,,,,,51,4,,0,XMB
GL,6,2023,7,19,26,-0.6,-0.3,23,10,pipestem,49.03876,-125.2023,49.03842,-125.2027,10,,1,,,,,51,4,,0,XMB
GL,6,2023,7,19,26,-0.6,-0.3,23,10,pipestem,49.03876,-125.2023,49.03842,-125.2027,10,,1,,,,,51,4,,0,XMB
GL,6,2023,7,19,26,-0.6,-0.3,23,10,pipestem,49.03876,-125.2023,49.03842,-125.2027,10,,1,,,,,51,4,,0,XMB
GL,6,2023,7,19,26,-0.6,-0.3,23,10,pipestem,49.03876,-125.2023,49.03842,-125.2027,10,,1,,,,,51,4,,0,XMB
GL,6,2023,7,19,26,-0.6,-0.3,23,10,pipestem,49.03876,-125.2023,49.03842,-125.2027,10,,1,,,,,51,4,,0,XMB
GL,6,2023,7,19,26,-0.6,-0.3,23,10,pipestem,49.03876,-125.2023,49.03842,-125.2027,10,,1,,,,,51,4,,0,XMB
GL,6,2023,7,19,26,-0.6,-0.3,23,10,pipestem,49.03876,-125.2023,49.03842,-125.2027,10,,1,,,,,51,4,,0,XMB
GL,6,2023,7,19,26,-0.6,-0.3,23,10,pipestem,49.03876,-125.2023,49.03842,-125.2027,10,,1,,,,,51,4,,0,XMB
GL,6,2023,7,19,26,-0.6,-0.3,23,10,pipestem,49.03876,-125.2023,49.03842,-125.2027,10,,1,,,,,51,4,,0,XMB
GL,6,2023,7,19,26,-0.6,-0.3,23,10,pipestem,49.03876,-125.2023,49.03842,-125.2027,10,,1,,,,,51,4,,0,XMB
GL,6,2023,7,19,26,-0.6,-0.3,23,10,pipestem,49.03876,-125.2023,49.03842,-125.2027,10,,1,,,,,51,4,,0,XMB
GL,6,2023,7,19,26,-0.6,-0.3,23,10,pipestem,49.03876,-125.2023,49.03842,-125.2027,10,,1,,,,,51,4,,0,XMB
GL,6,2023,7,19,26,-0.6,-0.3,23,10,pipestem,49.03876,-125.2023,49.03842,-125.2027,10,,1,,,,,51,4,,0,XMB
GL,6,2023,7,19,26,-0.6,-0.3,23,10,pipestem,49.03876,-125.2023,49.03842,-125.2027,10,,1,,,,,51,4,,0,XMB
GL,6,2023,7,19,26,-0.6,-0.3,23,10,pipestem,49.03876,-125.2023,49.03842,-125.2027,10,,1,,,,,51,4,,0,XMB
GL,6,2023,7,19,26,-0.6,-0.3,23,10,pipestem,49.03876,-125.2023,49.03842,-125.2027,10,,1,,,,,51,4,,0,XMB
GL,6,2023,7,19,26,-0.6,-0.3,23,10,pipestem,49.03876,-125.2023,49.03842,-125.2027,10,,1,,,,,51,4,,0,XMB
GL,6,2023,7,19,26,-0.6,-0.3,23,10,pipestem,49.03876,-125.2023,49.03842,-125.2027,10,,1,,,,,51,4,,0,XMB
GL,6,2023,7,19,26,-0.6,-0.3,23,10,pipestem,49.03876,-125.2023,49.03842,-125.2027,10,,1,,,,,51,4,,0,XMB
GL,6,2023,7,19,26,-0.6,-0.3,23,10,pipestem,49.03876,-125.2023,49.03842,-125.2027,10,,1,,,,,51,4,,0,XMB
GL,6,2023,7,19,26,-0.6,-0.3,23,10,pipestem,49.03876,-125.2023,49.03842,-125.2027,10,,3,,,,,51,4,,0,XMB
GL,6,2023,7,19,26,-0.6,-0.3,23,10,pipestem,49.03876,-125.2023,49.03842,-125.2027,10,,3,,,,,51,4,,0,XMB
GL,6,2023,7,19,26,-0.6,-0.3,23,10,pipestem,49.03876,-125.2023,49.03842,-125.2027,10,,3,,,,,51,4,,0,XMB
GL,6,2023,7,19,26,-0.6,-0.3,23,10,pipestem,49.03876,-125.2023,49.03842,-125.2027,10,,3,,,,,51,4,,0,XMB
GL,6,2023,7,19,26,-0.6,-0.3,23,10,pipestem,49.03876,-125.2023,49.03842,-125.2027,10,,3,,,,,51,4,,0,XMB
GL,6,2023,7,19,26,-0.6,-0.3,23,10,pipestem,49.03876,-125.2023,49.03842,-125.2027,10,,3,,,,,51,4,,0,XMB
GL,6,2023,7,19,26,-0.6,-0.3,23,10,pipestem,49.03876,-125.2023,49.03842,-125.2027,10,,3,,,,,51,4,,0,XMB
GL,6,2023,7,19,26,-0.6,-0.3,23,10,pipestem,49.03876,-125.2023,49.03842,-125.2027,10,,3,,,,,51,4,,0,XMB
GL,6,2023,7,19,26,-0.6,-0.3,23,10,pipestem,49.03876,-125.2023,49.03842,-125.2027,10,,3,,,,,51,4,,0,XMB
GL,6,2023,7,19,26,-0.6,-0.3,23,10,pipestem,49.03876,-125.2023,49.03842,-125.2027,10,,3,,,,,51,4,,0,XMB
GL,6,2023,7,19,26,-0.6,-0.3,23,10,pipestem,49.03876,-125.2023,49.03842,-125.2027,10,,3,,,,,51,4,,0,XMB
GL,6,2023,7,19,26,-0.6,-0.3,23,10,pipestem,49.03876,-125.2023,49.03842,-125.2027,10,,3,,,,,51,4,,0,XMB
GL,6,2023,7,19,26,-0.6,-0.3,23,10,pipestem,49.03876,-125.2023,49.03842,-125.2027,10,,3,,,,,51,4,,0,XMB
GL,6,2023,7,19,26,-0.6,-0.3,23,10,pipestem,49.03876,-125.2023,49.03842,-125.2027,10,,3,,,,,51,4,,0,XMB
GL,6,2023,7,19,26,-0.6,-0.3,23,10,pipestem,49.03876,-125.2023,49.03842,-125.2027,10,,3,,,,,51,4,,0,XMB
GL,6,2023,7,19,26,-0.6,-0.3,23,10,pipestem,49.03876,-125.2023,49.03842,-125.2027,10,,3,,,,,51,4,,0,XMB
GL,6,2023,7,19,26,-0.6,-0.3,23,10,pipestem,49.03876,-125.2023,49.03842,-125.2027,10,,3,,,,,51,4,,0,XMB
GL,6,2023,7,19,26,-0.6,-0.3,23,10,pipestem,49.03876,-125.2023,49.03842,-125.2027,10,,3,,,,,51,4,,0,XMB
GL,6,2023,7,19,26,-0.6,-0.3,23,10,pipestem,49.03876,-125.2023,49.03842,-125.2027,10,,3,,,,,51,4,,0,XMB
GL,6,2023,7,19,26,-0.6,-0.3,23,10,pipestem,49.03876,-125.2023,49.03842,-125.2027,10,,3,,,,,51,4,,0,XMB
GL,6,2023,7,19,26,-0.6,-0.3,23,10,pipestem,49.03876,-125.2023,49.03842,-125.2027,10,,3,,,,,51,4,,0,XMB
GL,6,2023,7,19,26,-0.6,-0.3,23,10,pipestem,49.03876,-125.2023,49.03842,-125.2027,10,,3,,,,,51,4,,0,XMB
GL,6,2023,7,19,26,-0.6,-0.3,23,10,pipestem,49.03876,-125.2023,49.03842,-125.2027,10,,3,,,,,51,4,,0,XMB
GL,6,2023,7,19,26,-0.6,-0.3,23,10,pipestem,49.03876,-125.2023,49.03842,-125.2027,10,,3,,,,,51,4,,0,XMB
GL,6,2023,7,19,26,-0.6,-0.3,23,10,pipestem,49.03876,-125.2023,49.03842,-125.2027,10,,3,,,,,51,4,,0,XMB
GL,6,2023,7,19,26,-0.6,-0.3,23,10,pipestem,49.03876,-125.2023,49.03842,-125.2027,10,,3,,,,,51,4,,0,XMB
GL,6,2023,7,19,26,-0.6,-0.3,23,10,pipestem,49.03876,-125.2023,49.03842,-125.2027,10,,3,,,,,51,4,,0,XMB
GL,6,2023,7,19,26,-0.6,-0.3,23,10,pipestem,49.03876,-125.2023,49.03842,-125.2027,10,,3,,,,,51,4,,0,XMB
GL,6,2023,7,19,26,-0.6,-0.3,23,10,pipestem,49.03876,-125.2023,49.03842,-125.2027,10,,3,,,,,51,4,,0,XMB
GL,6,2023,7,19,26,-0.6,-0.3,23,10,pipestem,49.03876,-125.2023,49.03842,-125.2027,10,,3,,,,,51,4,,0,XMB
GL,6,2023,7,19,26,-0.6,-0.3,23,10,pipestem,49.03876,-125.2023,49.03842,-125.2027,10,,3,,,,,51,4,,0,XMB
GL,6,2023,7,19,26,-0.6,-0.3,23,10,pipestem,49.03876,-125.2023,49.03842,-125.2027,10,,3,,,,,51,4,,0,XMB
GL,6,2023,7,19,26,-0.6,-0.3,23,10,pipestem,49.03876,-125.2023,49.03842,-125.2027,10,,3,,,,,51,4,,0,XMB
GL,6,2023,7,19,26,-0.6,-0.3,23,10,pipestem,49.03876,-125.2023,49.03842,-125.2027,10,,3,,,,,51,5,,0,XMB
GL,6,2023,7,19,26,-0.6,-0.3,23,10,pipestem,49.03876,-125.2023,49.03842,-125.2027,10,,3,,,,,51,5,,0,XMB
GL,6,2023,7,19,26,-0.6,-0.3,23,10,pipestem,49.03876,-125.2023,49.03842,-125.2027,10,,3,,,,,51,5,,0,XMB
GL,6,2023,7,19,26,-0.6,-0.3,23,10,pipestem,49.03876,-125.2023,49.03842,-125.2027,10,,3,,,,,51,5,,0,XMB
GL,6,2023,7,19,26,-0.6,-0.3,23,10,pipestem,49.03876,-125.2023,49.03842,-125.2027,10,,3,,,,,51,5,,0,XMB
GL,6,2023,7,19,26,-0.6,-0.3,23,10,pipestem,49.03876,-125.2023,49.03842,-125.2027,10,,3,,,,,51,5,,0,XMB
GL,6,2023,7,19,26,-0.6,-0.3,23,10,pipestem,49.03876,-125.2023,49.03842,-125.2027,10,,3,,,,,51,5,,0,XMB
GL,6,2023,7,19,26,-0.6,-0.3,23,10,pipestem,49.03876,-125.2023,49.03842,-125.2027,10,,3,,,,,51,5,,0,XMB
GL,6,2023,7,19,26,-0.6,-0.3,23,10,pipestem,49.03876,-125.2023,49.03842,-125.2027,10,,3,,,,,51,5,,0,XMB
GL,6,2023,7,19,26,-0.6,-0.3,23,10,pipestem,49.03876,-125.2023,49.03842,-125.2027,10,,3,,,,,51,5,,0,XMB
GL,6,2023,7,19,26,-0.6,-0.3,23,10,pipestem,49.03876,-125.2023,49.03842,-125.2027,10,,3,,,,,51,5,,0,XMB
GL,6,2023,7,19,26,-0.6,-0.3,23,10,pipestem,49.03876,-125.2023,49.03842,-125.2027,10,,3,,,,,51,5,,0,XMB
GL,6,2023,7,19,26,-0.6,-0.3,23,10,pipestem,49.03876,-125.2023,49.03842,-125.2027,10,,3,,,,,51,5,,0,XMB
GL,6,2023,7,19,26,-0.6,-0.3,23,10,pipestem,49.03876,-125.2023,49.03842,-125.2027,10,,3,,,,,51,5,,0,XMB
GL,6,2023,7,19,26,-0.6,-0.3,23,10,pipestem,49.03876,-125.2023,49.03842,-125.2027,10,,3,,,,,51,5,,0,XMB
GL,6,2023,7,19,26,-0.6,-0.3,23,10,pipestem,49.03876,-125.2023,49.03842,-125.2027,10,,3,,,,,51,5,,0,XMB
GL,6,2023,7,19,26,-0.6,-0.3,23,10,pipestem,49.03876,-125.2023,49.03842,-125.2027,10,,3,,,,,51,5,,0,XMB
GL,6,2023,7,19,26,-0.6,-0.3,23,10,pipestem,49.03876,-125.2023,49.03842,-125.2027,10,,3,,,,,51,5,,0,XMB
GL,6,2023,7,19,26,-0.6,-0.3,23,10,pipestem,49.03876,-125.2023,49.03842,-125.2027,10,,3,,,,,51,5,,0,XMB
GL,6,2023,7,19,26,-0.6,-0.3,23,10,pipestem,49.03876,-125.2023,49.03842,-125.2027,10,,3,,,,,51,5,,0,XMB
GL,6,2023,7,19,26,-0.6,-0.3,23,10,pipestem,49.03876,-125.2023,49.03842,-125.2027,10,,3,,,,,51,5,,0,XMB
GL,6,2023,7,19,26,-0.6,-0.3,23,10,pipestem,49.03876,-125.2023,49.03842,-125.2027,10,,3,,,,,51,5,,0,XMB
GL,6,2023,7,19,26,-0.6,-0.3,23,10,pipestem,49.03876,-125.2023,49.03842,-125.2027,10,,3,,,,,51,5,,0,XMB
GL,6,2023,7,19,26,-0.6,-0.3,23,10,pipestem,49.03876,-125.2023,49.03842,-125.2027,10,,3,,,,,51,5,,0,XMB
GL,6,2023,7,19,26,-0.6,-0.3,23,10,pipestem,49.03876,-125.2023,49.03842,-125.2027,10,,3,,,,,51,5,,0,XMB
GL,6,2023,7,19,26,-0.6,-0.3,23,10,pipestem,49.03876,-125.2023,49.03842,-125.2027,10,,3,,,,,51,5,,0,XMB
GL,6,2023,7,19,26,-0.6,-0.3,23,10,pipestem,49.03876,-125.2023,49.03842,-125.2027,10,,3,,,,,51,5,,0,XMB
GL,6,2023,7,19,26,-0.6,-0.3,23,10,pipestem,49.03876,-125.2023,49.03842,-125.2027,10,,3,,,,,51,5,,0,XMB
GL,6,2023,7,19,26,-0.6,-0.3,23,10,pipestem,49.03876,-125.2023,49.03842,-125.2027,10,,3,,,,,51,5,,0,XMB
GL,6,2023,7,19,26,-0.6,-0.3,23,10,pipestem,49.03876,-125.2023,49.03842,-125.2027,10,,3,,,,,51,5,,0,XMB
GL,6,2023,7,19,26,-0.6,-0.3,23,10,pipestem,49.03876,-125.2023,49.03842,-125.2027,10,,3,,,,,51,5,,0,XMB
GL,6,2023,7,19,26,-0.6,-0.3,23,10,pipestem,49.03876,-125.2023,49.03842,-125.2027,10,,3,,,,,51,5,,0,XMB
GL,6,2023,7,19,26,-0.6,-0.3,23,10,pipestem,49.03876,-125.2023,49.03842,-125.2027,10,,3,,,,,51,5,,0,XMB
GL,6,2023,7,19,26,-0.6,-0.3,23,10,pipestem,49.03876,-125.2023,49.03842,-125.2027,10,,3,,,,,51,5,,0,XMB
GL,6,2023,7,19,26,-0.6,-0.3,23,10,pipestem,49.03876,-125.2023,49.03842,-125.2027,10,,3,,,,,51,5,,0,XMB
GL,6,2023,7,19,26,-0.6,-0.3,23,10,pipestem,49.03876,-125.2023,49.03842,-125.2027,10,,3,,,,,51,5,,0,XMB
GL,6,2023,7,19,26,-0.6,-0.3,23,10,pipestem,49.03876,-125.2023,49.03842,-125.2027,10,,3,,,,,51,5,,0,XMB
GL,6,2023,7,19,26,-0.6,-0.3,23,10,pipestem,49.03876,-125.2023,49.03842,-125.2027,10,,3,,,,,51,5,,0,XMB
GL,6,2023,7,19,26,-0.6,-0.3,23,10,pipestem,49.03876,-125.2023,49.03842,-125.2027,10,,3,,,,,51,5,,0,XMB
GL,6,2023,7,19,26,-0.6,-0.3,23,10,pipestem,49.03876,-125.2023,49.03842,-125.2027,10,,3,,,,,51,5,,0,XMB
GL,6,2023,7,19,26,-0.6,-0.3,23,10,pipestem,49.03876,-125.2023,49.03842,-125.2027,10,,3,,,,,51,5,,0,XMB
GL,6,2023,7,19,26,-0.6,-0.3,23,10,pipestem,49.03876,-125.2023,49.03842,-125.2027,10,,3,,,,,51,5,,0,XMB
GL,6,2023,7,19,26,-0.6,-0.3,23,10,pipestem,49.03876,-125.2023,49.03842,-125.2027,10,,3,,,,,51,5,,0,XMB
GL,6,2023,7,19,26,-0.6,-0.3,23,10,pipestem,49.03876,-125.2023,49.03842,-125.2027,10,,3,,,,,51,5,,0,XMB
GL,6,2023,7,19,26,-0.6,-0.3,23,10,pipestem,49.03876,-125.2023,49.03842,-125.2027,10,,3,,,,,51,5,,0,XMB
GL,6,2023,7,19,26,-0.6,-0.3,23,10,pipestem,49.03876,-125.2023,49.03842,-125.2027,10,,3,,,,,51,5,,0,XMB
GL,6,2023,7,19,26,-0.6,-0.3,23,10,pipestem,49.03876,-125.2023,49.03842,-125.2027,10,,3,,,,,51,5,,0,XMB
GL,6,2023,7,19,26,-0.6,-0.3,23,10,pipestem,49.03876,-125.2023,49.03842,-125.2027,10,,3,,,,,51,5,,0,XMB
GL,6,2023,7,19,26,-0.6,-0.3,23,10,pipestem,49.03876,-125.2023,49.03842,-125.2027,10,,3,,,,,51,5,,0,XMB
GL,6,2023,7,19,26,-0.6,-0.3,23,10,pipestem,49.03876,-125.2023,49.03842,-125.2027,10,,3,,,,,51,5,,0,XMB
GL,6,2023,7,19,26,-0.6,-0.3,23,10,pipestem,49.03876,-125.2023,49.03842,-125.2027,10,,3,,,,,51,5,,0,XMB
GL,6,2023,7,19,26,-0.6,-0.3,23,10,pipestem,49.03876,-125.2023,49.03842,-125.2027,10,,3,,,,,51,5,,0,XMB
GL,6,2023,7,19,26,-0.6,-0.3,23,10,pipestem,49.03876,-125.2023,49.03842,-125.2027,10,,3,,,,,51,5,,0,XMB
GL,6,2023,7,19,26,-0.6,-0.3,23,10,pipestem,49.03876,-125.2023,49.03842,-125.2027,10,,3,,,,,51,5,,0,XMB
GL,6,2023,7,19,26,-0.6,-0.3,23,10,pipestem,49.03876,-125.2023,49.03842,-125.2027,10,,3,,,,,51,5,,0,XMB
GL,6,2023,7,19,26,-0.6,-0.3,23,10,pipestem,49.03876,-125.2023,49.03842,-125.2027,10,,3,,,,,51,5,,0,XMB
GL,6,2023,7,19,26,-0.6,-0.3,23,10,pipestem,49.03876,-125.2023,49.03842,-125.2027,10,,3,,,,,51,5,,0,XMB
GL,6,2023,7,19,26,-0.6,-0.3,23,10,pipestem,49.03876,-125.2023,49.03842,-125.2027,10,,3,,,,,51,5,,0,XMB
GL,6,2023,7,19,26,-0.6,-0.3,23,10,pipestem,49.03876,-125.2023,49.03842,-125.2027,10,,3,,,,,51,5,,0,XMB
GL,6,2023,7,19,26,-0.6,-0.3,23,10,pipestem,49.03876,-125.2023,49.03842,-125.2027,10,,3,,,,,51,5,,0,XMB
GL,6,2023,7,19,26,-0.6,-0.3,23,10,pipestem,49.03876,-125.2023,49.03842,-125.2027,10,,3,,,,,51,5,,0,XMB
GL,6,2023,7,19,26,-0.6,-0.3,23,10,pipestem,49.03876,-125.2023,49.03842,-125.2027,10,,3,,,,,51,5,,0,XMB
GL,6,2023,7,19,26,-0.6,-0.3,23,10,pipestem,49.03876,-125.2023,49.03842,-125.2027,10,,1,,,,,51,5,,0,XMB
GL,6,2023,7,19,26,-0.6,-0.3,23,10,pipestem,49.03876,-125.2023,49.03842,-125.2027,10,,1,,,,,51,5,,0,XMB
GL,6,2023,7,19,26,-0.6,-0.3,23,10,pipestem,49.03876,-125.2023,49.03842,-125.2027,10,,1,,,,,51,5,,0,XMB
GL,6,2023,7,19,26,-0.6,-0.3,23,10,pipestem,49.03876,-125.2023,49.03842,-125.2027,10,,1,,,,,51,5,,0,XMB
GL,6,2023,7,19,26,-0.6,-0.3,23,10,pipestem,49.03876,-125.2023,49.03842,-125.2027,10,,1,,,,,51,5,,0,XMB
GL,6,2023,7,19,26,-0.6,-0.3,23,10,pipestem,49.03876,-125.2023,49.03842,-125.2027,10,,1,,,,,51,5,,0,XMB
GL,6,2023,7,19,26,-0.6,-0.3,23,10,pipestem,49.03876,-125.2023,49.03842,-125.2027,10,,1,,,,,51,5,,0,XMB
GL,6,2023,7,19,26,-0.6,-0.3,23,10,pipestem,49.03876,-125.2023,49.03842,-125.2027,10,,1,,,,,51,5,,0,XMB
GL,6,2023,7,19,26,-0.6,-0.3,23,10,pipestem,49.03876,-125.2023,49.03842,-125.2027,10,,1,,,,,51,5,,0,XMB
GL,6,2023,7,19,26,-0.6,-0.3,23,10,pipestem,49.03876,-125.2023,49.03842,-125.2027,10,,1,,,,,51,5,,0,XMB
GL,6,2023,7,19,26,-0.6,-0.3,23,10,pipestem,49.03876,-125.2023,49.03842,-125.2027,10,,1,,,,,51,5,,0,XMB
GL,6,2023,7,19,26,-0.6,-0.3,23,10,pipestem,49.03876,-125.2023,49.03842,-125.2027,10,,1,,,,,51,5,,0,XMB
GL,6,2023,7,19,26,-0.6,-0.3,23,10,pipestem,49.03876,-125.2023,49.03842,-125.2027,10,,1,,,,,51,5,,0,XMB
GL,6,2023,7,19,26,-0.6,-0.3,23,10,pipestem,49.03876,-125.2023,49.03842,-125.2027,10,,1,,,,,51,5,,0,XMB
GL,6,2023,7,19,26,-0.6,-0.3,23,10,pipestem,49.03876,-125.2023,49.03842,-125.2027,10,,1,,,,,51,5,,0,XMB
GL,6,2023,7,19,26,-0.6,-0.3,23,10,pipestem,49.03876,-125.2023,49.03842,-125.2027,10,,1,,,,,51,5,,0,XMB
GL,6,2023,7,19,26,-0.6,-0.3,23,10,pipestem,49.03876,-125.2023,49.03842,-125.2027,10,,1,,,,,51,5,,0,XMB
GL,6,2023,7,19,26,-0.6,-0.3,23,10,pipestem,49.03876,-125.2023,49.03842,-125.2027,10,,1,,,,,51,5,,0,XMB
GL,6,2023,7,19,26,-0.6,-0.3,23,10,pipestem,49.03876,-125.2023,49.03842,-125.2027,10,,1,,,,,51,5,,0,XMB
GL,6,2023,7,19,26,-0.6,-0.3,23,10,pipestem,49.03876,-125.2023,49.03842,-125.2027,10,,1,,,,,51,5,,0,XMB
GL,6,2023,7,19,26,-0.6,-0.3,23,10,pipestem,49.03876,-125.2023,49.03842,-125.2027,10,,1,,,,,51,5,,0,XMB
GL,6,2023,7,19,26,-0.6,-0.3,23,10,pipestem,49.03876,-125.2023,49.03842,-125.2027,10,,1,,,,,51,5,,0,XMB
GL,6,2023,7,19,26,-0.6,-0.3,23,10,pipestem,49.03876,-125.2023,49.03842,-125.2027,10,,1,,,,,51,5,,0,XMB
GL,6,2023,7,19,26,-0.6,-0.3,23,10,pipestem,49.03876,-125.2023,49.03842,-125.2027,10,,1,,,,,51,5,,0,XMB
GL,6,2023,7,19,26,-0.6,-0.3,23,10,pipestem,49.03876,-125.2023,49.03842,-125.2027,10,,1,,,,,51,5,,0,XMB
GL,6,2023,7,19,26,-0.6,-0.3,23,10,pipestem,49.03876,-125.2023,49.03842,-125.2027,10,,1,,,,,51,5,,0,XMB
GL,6,2023,7,19,26,-0.6,-0.3,23,10,pipestem,49.03876,-125.2023,49.03842,-125.2027,10,,1,,,,,51,5,,0,XMB
GL,6,2023,7,19,26,-0.6,-0.3,23,10,pipestem,49.03876,-125.2023,49.03842,-125.2027,10,,1,,,,,51,5,,0,XMB
GL,6,2023,7,19,26,-0.6,-0.3,23,10,pipestem,49.03876,-125.2023,49.03842,-125.2027,10,,1,,,,,51,5,,0,XMB
GL,6,2023,7,19,26,-0.6,-0.3,23,10,pipestem,49.03876,-125.2023,49.03842,-125.2027,10,,1,,,,,51,5,,0,XMB
GL,6,2023,7,19,26,-0.6,-0.3,23,10,pipestem,49.03876,-125.2023,49.03842,-125.2027,10,,1,,,,,51,5,,0,XMB
GL,6,2023,7,19,26,-0.6,-0.3,23,10,pipestem,49.03876,-125.2023,49.03842,-125.2027,10,,1,,,,,51,5,,0,XMB
GL,6,2023,7,19,26,-0.6,-0.3,23,10,pipestem,49.03876,-125.2023,49.03842,-125.2027,10,,1,,,,,51,5,,0,XMB
GL,6,2023,7,19,26,-0.6,-0.3,23,10,pipestem,49.03876,-125.2023,49.03842,-125.2027,10,,1,,,,,51,5,,0,XMB
GL,6,2023,7,19,26,-0.6,-0.3,23,10,pipestem,49.03876,-125.2023,49.03842,-125.2027,10,,1,,,,,51,5,,0,XMB
GL,6,2023,7,19,26,-0.6,-0.3,23,10,pipestem,49.03876,-125.2023,49.03842,-125.2027,10,,1,,,,,51,5,,0,XMB
GL,6,2023,7,19,26,-0.6,-0.3,23,10,pipestem,49.03876,-125.2023,49.03842,-125.2027,10,,1,,,,,51,5,,0,XMB
GL,6,2023,7,19,26,-0.6,-0.3,23,10,pipestem,49.03876,-125.2023,49.03842,-125.2027,10,,1,,,,,51,5,,0,XMB
GL,6,2023,7,19,26,-0.6,-0.3,23,10,pipestem,49.03876,-125.2023,49.03842,-125.2027,10,,3,,,,,51,6,,0,XMB
GL,6,2023,7,19,26,-0.6,-0.3,23,10,pipestem,49.03876,-125.2023,49.03842,-125.2027,10,,3,,,,,51,6,,0,XMB
GL,6,2023,7,19,26,-0.6,-0.3,23,10,pipestem,49.03876,-125.2023,49.03842,-125.2027,10,,3,,,,,51,6,,0,XMB
GL,6,2023,7,19,26,-0.6,-0.3,23,10,pipestem,49.03876,-125.2023,49.03842,-125.2027,10,,3,,,,,51,6,,0,XMB
GL,6,2023,7,19,26,-0.6,-0.3,23,10,pipestem,49.03876,-125.2023,49.03842,-125.2027,10,,3,,,,,51,6,,0,XMB
GL,6,2023,7,19,26,-0.6,-0.3,23,10,pipestem,49.03876,-125.2023,49.03842,-125.2027,10,,3,,,,,51,6,,0,XMB
GL,6,2023,7,19,26,-0.6,-0.3,23,10,pipestem,49.03876,-125.2023,49.03842,-125.2027,10,,3,,,,,51,6,,0,XMB
GL,6,2023,7,19,26,-0.6,-0.3,23,10,pipestem,49.03876,-125.2023,49.03842,-125.2027,10,,3,,,,,51,6,,0,XMB
GL,6,2023,7,19,26,-0.6,-0.3,23,10,pipestem,49.03876,-125.2023,49.03842,-125.2027,10,,3,,,,,51,6,,0,XMB
GL,6,2023,7,19,26,-0.6,-0.3,23,10,pipestem,49.03876,-125.2023,49.03842,-125.2027,10,,3,,,,,51,6,,0,XMB
GL,6,2023,7,19,26,-0.6,-0.3,23,10,pipestem,49.03876,-125.2023,49.03842,-125.2027,10,,3,,,,,51,6,,0,XMB
GL,6,2023,7,19,26,-0.6,-0.3,23,10,pipestem,49.03876,-125.2023,49.03842,-125.2027,10,,3,,,,,51,6,,0,XMB
GL,6,2023,7,19,26,-0.6,-0.3,23,10,pipestem,49.03876,-125.2023,49.03842,-125.2027,10,,3,,,,,51,6,,0,XMB
GL,6,2023,7,19,26,-0.6,-0.3,23,10,pipestem,49.03876,-125.2023,49.03842,-125.2027,10,,3,,,,,51,6,,0,XMB
GL,6,2023,7,19,26,-0.6,-0.3,23,10,pipestem,49.03876,-125.2023,49.03842,-125.2027,10,,3,,,,,51,6,,0,XMB
GL,6,2023,7,19,26,-0.6,-0.3,23,10,pipestem,49.03876,-125.2023,49.03842,-125.2027,10,,3,,,,,51,6,,0,XMB
GL,6,2023,7,19,26,-0.6,-0.3,23,10,pipestem,49.03876,-125.2023,49.03842,-125.2027,10,,3,,,,,51,6,,0,XMB
GL,6,2023,7,19,26,-0.6,-0.3,23,10,pipestem,49.03876,-125.2023,49.03842,-125.2027,10,,3,,,,,51,6,,0,XMB
GL,6,2023,7,19,26,-0.6,-0.3,23,10,pipestem,49.03876,-125.2023,49.03842,-125.2027,10,,3,,,,,51,6,,0,XMB
GL,6,2023,7,19,26,-0.6,-0.3,23,10,pipestem,49.03876,-125.2023,49.03842,-125.2027,10,,3,,,,,51,6,,0,XMB
GL,6,2023,7,19,26,-0.6,-0.3,23,10,pipestem,49.03876,-125.2023,49.03842,-125.2027,10,,3,,,,,51,6,,0,XMB
GL,6,2023,7,19,26,-0.6,-0.3,23,10,pipestem,49.03876,-125.2023,49.03842,-125.2027,10,,3,,,,,51,6,,0,XMB
GL,6,2023,7,19,26,-0.6,-0.3,23,10,pipestem,49.03876,-125.2023,49.03842,-125.2027,10,,3,,,,,51,6,,0,XMB
GL,6,2023,7,19,26,-0.6,-0.3,23,10,pipestem,49.03876,-125.2023,49.03842,-125.2027,10,,3,,,,,51,6,,0,XMB
GL,6,2023,7,19,26,-0.6,-0.3,23,10,pipestem,49.03876,-125.2023,49.03842,-125.2027,10,,3,,,,,51,6,,0,XMB
GL,6,2023,7,19,26,-0.6,-0.3,23,10,pipestem,49.03876,-125.2023,49.03842,-125.2027,10,,3,,,,,51,6,,0,XMB
GL,6,2023,7,19,26,-0.6,-0.3,23,10,pipestem,49.03876,-125.2023,49.03842,-125.2027,10,,3,,,,,51,6,,0,XMB
GL,6,2023,7,19,26,-0.6,-0.3,23,10,pipestem,49.03876,-125.2023,49.03842,-125.2027,10,,3,,,,,51,6,,0,XMB
GL,6,2023,7,19,26,-0.6,-0.3,23,10,pipestem,49.03876,-125.2023,49.03842,-125.2027,10,,3,,,,,51,6,,0,XMB
GL,6,2023,7,19,26,-0.6,-0.3,23,10,pipestem,49.03876,-125.2023,49.03842,-125.2027,10,,3,,,,,51,6,,0,XMB
GL,6,2023,7,19,26,-0.6,-0.3,23,10,pipestem,49.03876,-125.2023,49.03842,-125.2027,10,,3,,,,,51,6,,0,XMB
GL,6,2023,7,19,26,-0.6,-0.3,23,10,pipestem,49.03876,-125.2023,49.03842,-125.2027,10,,3,,,,,51,6,,0,XMB
GL,6,2023,7,19,26,-0.6,-0.3,23,10,pipestem,49.03876,-125.2023,49.03842,-125.2027,10,,3,,,,,51,6,,0,XMB
GL,6,2023,7,19,26,-0.6,-0.3,23,10,pipestem,49.03876,-125.2023,49.03842,-125.2027,10,,3,,,,,51,6,,0,XMB
GL,6,2023,7,19,26,-0.6,-0.3,23,10,pipestem,49.03876,-125.2023,49.03842,-125.2027,10,,3,,,,,51,6,,0,XMB
GL,6,2023,7,19,26,-0.6,-0.3,23,10,pipestem,49.03876,-125.2023,49.03842,-125.2027,10,,3,,,,,51,6,,0,XMB
GL,6,2023,7,19,26,-0.6,-0.3,23,10,pipestem,49.03876,-125.2023,49.03842,-125.2027,10,,3,,,,,51,6,,0,XMB
GL,6,2023,7,19,26,-0.6,-0.3,23,10,pipestem,49.03876,-125.2023,49.03842,-125.2027,10,,3,,,,,51,6,,0,XMB
GL,6,2023,7,19,26,-0.6,-0.3,23,10,pipestem,49.03876,-125.2023,49.03842,-125.2027,10,,3,,,,,51,6,,0,XMB
GL,6,2023,7,19,26,-0.6,-0.3,23,10,pipestem,49.03876,-125.2023,49.03842,-125.2027,10,,3,,,,,51,6,,0,XMB
GL,6,2023,7,19,26,-0.6,-0.3,23,10,pipestem,49.03876,-125.2023,49.03842,-125.2027,10,,3,,,,,51,6,,0,XMB
GL,6,2023,7,19,26,-0.6,-0.3,23,10,pipestem,49.03876,-125.2023,49.03842,-125.2027,10,,3,,,,,51,6,,0,XMB
GL,6,2023,7,19,26,-0.6,-0.3,23,10,pipestem,49.03876,-125.2023,49.03842,-125.2027,10,,3,,,,,51,6,,0,XMB
GL,6,2023,7,19,26,-0.6,-0.3,23,10,pipestem,49.03876,-125.2023,49.03842,-125.2027,10,,3,,,,,51,6,,0,XMB
GL,6,2023,7,19,26,-0.6,-0.3,23,10,pipestem,49.03876,-125.2023,49.03842,-125.2027,10,,3,,,,,51,6,,0,XMB
GL,6,2023,7,19,26,-0.6,-0.3,23,10,pipestem,49.03876,-125.2023,49.03842,-125.2027,10,,1,,,,,51,6,,0,XMB
GL,6,2023,7,19,26,-0.6,-0.3,23,10,pipestem,49.03876,-125.2023,49.03842,-125.2027,10,,1,,,,,51,6,,0,XMB
GL,6,2023,7,19,26,-0.6,-0.3,23,10,pipestem,49.03876,-125.2023,49.03842,-125.2027,10,,1,,,,,51,6,,0,XMB
GL,6,2023,7,19,26,-0.6,-0.3,23,10,pipestem,49.03876,-125.2023,49.03842,-125.2027,10,,1,,,,,51,6,,0,XMB
GL,6,2023,7,19,26,-0.6,-0.3,23,10,pipestem,49.03876,-125.2023,49.03842,-125.2027,10,,1,,,,,51,6,,0,XMB
GL,6,2023,7,19,26,-0.6,-0.3,23,10,pipestem,49.03876,-125.2023,49.03842,-125.2027,10,,1,,,,,51,6,,0,XMB
GL,6,2023,7,19,26,-0.6,-0.3,23,10,pipestem,49.03876,-125.2023,49.03842,-125.2027,10,,1,,,,,51,6,,0,XMB
GL,6,2023,7,19,26,-0.6,-0.3,23,10,pipestem,49.03876,-125.2023,49.03842,-125.2027,10,,1,,,,,51,6,,0,XMB
GL,6,2023,7,19,26,-0.6,-0.3,23,10,pipestem,49.03876,-125.2023,49.03842,-125.2027,10,,1,,,,,51,6,,0,XMB
GL,6,2023,7,19,26,-0.6,-0.3,23,10,pipestem,49.03876,-125.2023,49.03842,-125.2027,10,,1,,,,,51,6,,0,XMB
GL,6,2023,7,19,26,-0.6,-0.3,23,10,pipestem,49.03876,-125.2023,49.03842,-125.2027,10,,1,,,,,51,6,,0,XMB
GL,6,2023,7,19,26,-0.6,-0.3,23,10,pipestem,49.03876,-125.2023,49.03842,-125.2027,10,,1,,,,,51,6,,0,XMB
GL,6,2023,7,19,26,-0.6,-0.3,23,10,pipestem,49.03876,-125.2023,49.03842,-125.2027,10,,1,,,,,51,6,,0,XMB
GL,6,2023,7,19,26,-0.6,-0.3,23,10,pipestem,49.03876,-125.2023,49.03842,-125.2027,10,,1,,,,,51,6,,0,XMB
GL,6,2023,7,19,26,-0.6,-0.3,23,10,pipestem,49.03876,-125.2023,49.03842,-125.2027,10,,1,,,,,51,6,,0,XMB
GL,6,2023,7,19,26,-0.6,-0.3,23,10,pipestem,49.03876,-125.2023,49.03842,-125.2027,10,,1,,,,,51,6,,0,XMB
GL,6,2023,7,19,26,-0.6,-0.3,23,10,pipestem,49.03876,-125.2023,49.03842,-125.2027,10,,1,,,,,51,6,,0,XMB
GL,6,2023,7,19,26,-0.6,-0.3,23,10,pipestem,49.03876,-125.2023,49.03842,-125.2027,10,,1,,,,,51,6,,0,XMB
GL,6,2023,7,19,26,-0.6,-0.3,23,10,pipestem,49.03876,-125.2023,49.03842,-125.2027,10,,1,,,,,51,6,,0,XMB
GL,6,2023,7,19,26,-0.6,-0.3,23,10,pipestem,49.03876,-125.2023,49.03842,-125.2027,10,,1,,,,,51,6,,0,XMB
GL,6,2023,7,19,26,-0.6,-0.3,23,10,pipestem,49.03876,-125.2023,49.03842,-125.2027,10,,1,,,,,51,6,,0,XMB
GL,6,2023,7,19,26,-0.6,-0.3,23,10,pipestem,49.03876,-125.2023,49.03842,-125.2027,10,,1,,,,,51,6,,0,XMB
GL,6,2023,7,19,26,-0.6,-0.3,23,10,pipestem,49.03876,-125.2023,49.03842,-125.2027,10,,1,,,,,51,6,,0,XMB
GL,6,2023,7,19,26,-0.6,-0.3,23,10,pipestem,49.03876,-125.2023,49.03842,-125.2027,10,,1,,,,,51,6,,0,XMB
GL,6,2023,7,19,26,-0.6,-0.3,23,10,pipestem,49.03876,-125.2023,49.03842,-125.2027,10,,1,,,,,51,6,,0,XMB
GL,6,2023,7,19,26,-0.6,-0.3,23,10,pipestem,49.03876,-125.2023,49.03842,-125.2027,10,,1,,,,,51,6,,0,XMB
GL,6,2023,7,19,26,-0.6,-0.3,23,10,pipestem,49.03876,-125.2023,49.03842,-125.2027,10,,1,,,,,51,6,,0,XMB
GL,6,2023,7,19,26,-0.6,-0.3,23,10,pipestem,49.03876,-125.2023,49.03842,-125.2027,10,,1,,,,,51,6,,0,XMB
GL,6,2023,7,19,26,-0.6,-0.3,23,10,pipestem,49.03876,-125.2023,49.03842,-125.2027,10,,1,,,,,51,6,,0,XMB
GL,6,2023,7,19,26,-0.6,-0.3,23,10,pipestem,49.03876,-125.2023,49.03842,-125.2027,10,,1,,,,,51,6,,0,XMB
GL,6,2023,7,19,26,-0.6,-0.3,23,10,pipestem,49.03876,-125.2023,49.03842,-125.2027,10,,1,,,,,51,6,,0,XMB
GL,7,2023,7,19,28,-1.1,-1,23,10,hillier,49.0323,-125.3249,49.03238,-125.3242,10,,1,58,,11,,51,1,,0,XMB
GL,7,2023,7,19,28,-1.1,-1,23,10,hillier,49.0323,-125.3249,49.03238,-125.3242,10,,3,45,,14,,51,1,,0,XMB
GL,7,2023,7,19,28,-1.1,-1,23,10,hillier,49.0323,-125.3249,49.03238,-125.3242,10,,1,62,,11,,51,1,,0,XMB
GL,7,2023,7,19,28,-1.1,-1,23,10,hillier,49.0323,-125.3249,49.03238,-125.3242,10,,3,43,,14,,51,1,,0,XMB
GL,7,2023,7,19,28,-1.1,-1,23,10,hillier,49.0323,-125.3249,49.03238,-125.3242,10,,1,62,,11,,51,1,,0,XMB
GL,7,2023,7,19,28,-1.1,-1,23,10,hillier,49.0323,-125.3249,49.03238,-125.3242,10,,3,46,,12,,51,1,,0,XMB
GL,7,2023,7,19,28,-1.1,-1,23,10,hillier,49.0323,-125.3249,49.03238,-125.3242,10,,1,59,,11,,51,1,,0,XMB
GL,7,2023,7,19,28,-1.1,-1,23,10,hillier,49.0323,-125.3249,49.03238,-125.3242,10,,3,57,,13,,51,1,,0,XMB
GL,7,2023,7,19,28,-1.1,-1,23,10,hillier,49.0323,-125.3249,49.03238,-125.3242,10,,1,58,,11,,51,1,,0,XMB
GL,7,2023,7,19,28,-1.1,-1,23,10,hillier,49.0323,-125.3249,49.03238,-125.3242,10,,1,55,,11,,51,1,,0,XMB
GL,7,2023,7,19,28,-1.1,-1,23,10,hillier,49.0323,-125.3249,49.03238,-125.3242,10,,1,65,,11,,51,1,,0,XMB
GL,7,2023,7,19,28,-1.1,-1,23,10,hillier,49.0323,-125.3249,49.03238,-125.3242,10,,1,65,,11,,51,1,,0,XMB
GL,7,2023,7,19,28,-1.1,-1,23,10,hillier,49.0323,-125.3249,49.03238,-125.3242,10,,1,62,,11,,51,1,,0,XMB
GL,7,2023,7,19,28,-1.1,-1,23,10,hillier,49.0323,-125.3249,49.03238,-125.3242,10,,1,55,,11,,51,1,,0,XMB
GL,7,2023,7,19,28,-1.1,-1,23,10,hillier,49.0323,-125.3249,49.03238,-125.3242,10,,1,65,,11,,51,1,,0,XMB
GL,7,2023,7,19,28,-1.1,-1,23,10,hillier,49.0323,-125.3249,49.03238,-125.3242,10,,1,61,,14,,51,1,,0,XMB
GL,7,2023,7,19,28,-1.1,-1,23,10,hillier,49.0323,-125.3249,49.03238,-125.3242,10,,1,67,,11,,51,1,,0,XMB
GL,7,2023,7,19,28,-1.1,-1,23,10,hillier,49.0323,-125.3249,49.03238,-125.3242,10,,1,46,,11,,51,1,,0,XMB
GL,7,2023,7,19,28,-1.1,-1,23,10,hillier,49.0323,-125.3249,49.03238,-125.3242,10,,3,55,,12,,51,1,,0,XMB
GL,7,2023,7,19,28,-1.1,-1,23,10,hillier,49.0323,-125.3249,49.03238,-125.3242,10,,3,44,,14,,51,1,,0,XMB
GL,7,2023,7,19,28,-1.1,-1,23,10,hillier,49.0323,-125.3249,49.03238,-125.3242,10,,3,50,,13,,51,1,,0,XMB
GL,7,2023,7,19,28,-1.1,-1,23,10,hillier,49.0323,-125.3249,49.03238,-125.3242,10,,3,43,,14,,51,1,,0,XMB
GL,7,2023,7,19,28,-1.1,-1,23,10,hillier,49.0323,-125.3249,49.03238,-125.3242,10,,3,49,,14,,51,1,,0,XMB
GL,7,2023,7,19,28,-1.1,-1,23,10,hillier,49.0323,-125.3249,49.03238,-125.3242,10,,3,45,,11,,51,1,,0,XMB
GL,7,2023,7,19,28,-1.1,-1,23,10,hillier,49.0323,-125.3249,49.03238,-125.3242,10,,3,51,,14,,51,1,,0,XMB
GL,7,2023,7,19,28,-1.1,-1,23,10,hillier,49.0323,-125.3249,49.03238,-125.3242,10,,3,50,,12,,51,1,,0,XMB
GL,7,2023,7,19,28,-1.1,-1,23,10,hillier,49.0323,-125.3249,49.03238,-125.3242,10,,3,49,,14,,51,1,,0,XMB
GL,7,2023,7,19,28,-1.1,-1,23,10,hillier,49.0323,-125.3249,49.03238,-125.3242,10,,3,57,,12,,51,1,,0,XMB
GL,7,2023,7,19,28,-1.1,-1,23,10,hillier,49.0323,-125.3249,49.03238,-125.3242,10,,3,46,,14,,51,1,,0,XMB
GL,7,2023,7,19,28,-1.1,-1,23,10,hillier,49.0323,-125.3249,49.03238,-125.3242,10,,3,51,,12,,51,1,,0,XMB
GL,7,2023,7,19,28,-1.1,-1,23,10,hillier,49.0323,-125.3249,49.03238,-125.3242,10,,3,49,,14,,51,1,,0,XMB
GL,7,2023,7,19,28,-1.1,-1,23,10,hillier,49.0323,-125.3249,49.03238,-125.3242,10,,1,52,,13,,51,1,,0,XMB
GL,7,2023,7,19,28,-1.1,-1,23,10,hillier,49.0323,-125.3249,49.03238,-125.3242,10,,3,47,,13,,51,1,,0,XMB
GL,7,2023,7,19,28,-1.1,-1,23,10,hillier,49.0323,-125.3249,49.03238,-125.3242,10,,3,51,,14,,51,1,,0,XMB
GL,7,2023,7,19,28,-1.1,-1,23,10,hillier,49.0323,-125.3249,49.03238,-125.3242,10,,1,52,,11,,51,1,,0,XMB
GL,7,2023,7,19,28,-1.1,-1,23,10,hillier,49.0323,-125.3249,49.03238,-125.3242,10,,1,59,,11,,51,1,,0,XMB
GL,7,2023,7,19,28,-1.1,-1,23,10,hillier,49.0323,-125.3249,49.03238,-125.3242,10,,1,59,,11,,51,1,,0,XMB
GL,7,2023,7,19,28,-1.1,-1,23,10,hillier,49.0323,-125.3249,49.03238,-125.3242,10,,1,57,,13,,51,1,,0,XMB
GL,7,2023,7,19,28,-1.1,-1,23,10,hillier,49.0323,-125.3249,49.03238,-125.3242,10,,1,51,,14,,51,1,,0,XMB
GL,7,2023,7,19,28,-1.1,-1,23,10,hillier,49.0323,-125.3249,49.03238,-125.3242,10,,3,52,,14,,51,1,,0,XMB
GL,7,2023,7,19,28,-1.1,-1,23,10,hillier,49.0323,-125.3249,49.03238,-125.3242,10,,3,45,,13,,51,1,,0,XMB
GL,7,2023,7,19,28,-1.1,-1,23,10,hillier,49.0323,-125.3249,49.03238,-125.3242,10,,1,53,,11,,51,1,,0,XMB
GL,7,2023,7,19,28,-1.1,-1,23,10,hillier,49.0323,-125.3249,49.03238,-125.3242,10,,1,52,,12,,51,1,,0,XMB
GL,7,2023,7,19,28,-1.1,-1,23,10,hillier,49.0323,-125.3249,49.03238,-125.3242,10,,3,44,,12,,51,1,,0,XMB
GL,7,2023,7,19,28,-1.1,-1,23,10,hillier,49.0323,-125.3249,49.03238,-125.3242,10,,3,42,,14,,51,1,,0,XMB
GL,7,2023,7,19,28,-1.1,-1,23,10,hillier,49.0323,-125.3249,49.03238,-125.3242,10,,1,42,,11,,51,1,,0,XMB
GL,7,2023,7,19,28,-1.1,-1,23,10,hillier,49.0323,-125.3249,49.03238,-125.3242,10,,3,50,,12,,51,1,,0,XMB
GL,7,2023,7,19,28,-1.1,-1,23,10,hillier,49.0323,-125.3249,49.03238,-125.3242,10,,3,50,,14,,51,1,,0,XMB
GL,7,2023,7,19,28,-1.1,-1,23,10,hillier,49.0323,-125.3249,49.03238,-125.3242,10,,3,45,,14,,51,1,,0,XMB
GL,7,2023,7,19,28,-1.1,-1,23,10,hillier,49.0323,-125.3249,49.03238,-125.3242,10,,3,60,,12,,51,1,,0,XMB
GL,7,2023,7,19,28,-1.1,-1,23,10,hillier,49.0323,-125.3249,49.03238,-125.3242,10,,1,50,,11,,51,1,,0,XMB
GL,7,2023,7,19,28,-1.1,-1,23,10,hillier,49.0323,-125.3249,49.03238,-125.3242,10,,3,52,,14,,51,1,,0,XMB
GL,7,2023,7,19,28,-1.1,-1,23,10,hillier,49.0323,-125.3249,49.03238,-125.3242,10,,3,42,,12,,51,1,,0,XMB
GL,7,2023,7,19,28,-1.1,-1,23,10,hillier,49.0323,-125.3249,49.03238,-125.3242,10,,3,49,,13,,51,1,,0,XMB
GL,7,2023,7,19,28,-1.1,-1,23,10,hillier,49.0323,-125.3249,49.03238,-125.3242,10,,3,42,,13,,51,1,,0,XMB
GL,7,2023,7,19,28,-1.1,-1,23,10,hillier,49.0323,-125.3249,49.03238,-125.3242,10,,3,43,,12,,51,1,,0,XMB
GL,7,2023,7,19,28,-1.1,-1,23,10,hillier,49.0323,-125.3249,49.03238,-125.3242,10,,1,35,,12,,51,1,,0,XMB
GL,7,2023,7,19,28,-1.1,-1,23,10,hillier,49.0323,-125.3249,49.03238,-125.3242,10,,3,54,,13,,51,1,,0,XMB
GL,7,2023,7,19,28,-1.1,-1,23,10,hillier,49.0323,-125.3249,49.03238,-125.3242,10,,1,41,,12,,51,1,,0,XMB
GL,7,2023,7,19,28,-1.1,-1,23,10,hillier,49.0323,-125.3249,49.03238,-125.3242,10,,3,50,,13,,51,1,,0,XMB
GL,7,2023,7,19,28,-1.1,-1,23,10,hillier,49.0323,-125.3249,49.03238,-125.3242,10,,1,43,,12,,51,1,,0,XMB
GL,7,2023,7,19,28,-1.1,-1,23,10,hillier,49.0323,-125.3249,49.03238,-125.3242,10,,1,52,,13,,51,1,,0,XMB
GL,7,2023,7,19,28,-1.1,-1,23,10,hillier,49.0323,-125.3249,49.03238,-125.3242,10,,1,56,,13,,51,1,,0,XMB
GL,7,2023,7,19,28,-1.1,-1,23,10,hillier,49.0323,-125.3249,49.03238,-125.3242,10,,3,46,,13,,51,1,,0,XMB
GL,7,2023,7,19,28,-1.1,-1,23,10,hillier,49.0323,-125.3249,49.03238,-125.3242,10,,1,44,,11,,51,1,,0,XMB
GL,7,2023,7,19,28,-1.1,-1,23,10,hillier,49.0323,-125.3249,49.03238,-125.3242,10,,3,42,,14,,51,1,,0,XMB
GL,7,2023,7,19,28,-1.1,-1,23,10,hillier,49.0323,-125.3249,49.03238,-125.3242,10,,3,53,,14,,51,1,,0,XMB
GL,7,2023,7,19,28,-1.1,-1,23,10,hillier,49.0323,-125.3249,49.03238,-125.3242,10,,5,50,,14,,51,1,,0,XMB
GL,7,2023,7,19,28,-1.1,-1,23,10,hillier,49.0323,-125.3249,49.03238,-125.3242,10,,3,44,,14,,51,1,,0,XMB
GL,7,2023,7,19,28,-1.1,-1,23,10,hillier,49.0323,-125.3249,49.03238,-125.3242,10,,3,50,,13,,51,1,,0,XMB
GL,7,2023,7,19,28,-1.1,-1,23,10,hillier,49.0323,-125.3249,49.03238,-125.3242,10,,3,42,,14,,51,1,,0,XMB
GL,7,2023,7,19,28,-1.1,-1,23,10,hillier,49.0323,-125.3249,49.03238,-125.3242,10,,3,46,,14,,51,1,,0,XMB
GL,7,2023,7,19,28,-1.1,-1,23,10,hillier,49.0323,-125.3249,49.03238,-125.3242,10,,3,53,,13,,51,1,,0,XMB
GL,7,2023,7,19,28,-1.1,-1,23,10,hillier,49.0323,-125.3249,49.03238,-125.3242,10,,3,53,,14,,51,1,,0,XMB
GL,7,2023,7,19,28,-1.1,-1,23,10,hillier,49.0323,-125.3249,49.03238,-125.3242,10,,3,45,,13,,51,1,,0,XMB
GL,7,2023,7,19,28,-1.1,-1,23,10,hillier,49.0323,-125.3249,49.03238,-125.3242,10,,1,59,,13,,51,1,,0,XMB
GL,7,2023,7,19,28,-1.1,-1,23,10,hillier,49.0323,-125.3249,49.03238,-125.3242,10,,1,46,,12,,51,1,,0,XMB
GL,7,2023,7,19,28,-1.1,-1,23,10,hillier,49.0323,-125.3249,49.03238,-125.3242,10,,1,53,,12,,51,1,,0,XMB
GL,7,2023,7,19,28,-1.1,-1,23,10,hillier,49.0323,-125.3249,49.03238,-125.3242,10,,3,43,,14,,51,1,,0,XMB
GL,7,2023,7,19,28,-1.1,-1,23,10,hillier,49.0323,-125.3249,49.03238,-125.3242,10,,1,,,,,51,2,,0,XMB
GL,7,2023,7,19,28,-1.1,-1,23,10,hillier,49.0323,-125.3249,49.03238,-125.3242,10,,1,,,,,51,2,,0,XMB
GL,7,2023,7,19,28,-1.1,-1,23,10,hillier,49.0323,-125.3249,49.03238,-125.3242,10,,1,,,,,51,2,,0,XMB
GL,7,2023,7,19,28,-1.1,-1,23,10,hillier,49.0323,-125.3249,49.03238,-125.3242,10,,1,,,,,51,2,,0,XMB
GL,7,2023,7,19,28,-1.1,-1,23,10,hillier,49.0323,-125.3249,49.03238,-125.3242,10,,1,,,,,51,2,,0,XMB
GL,7,2023,7,19,28,-1.1,-1,23,10,hillier,49.0323,-125.3249,49.03238,-125.3242,10,,1,,,,,51,2,,0,XMB
GL,7,2023,7,19,28,-1.1,-1,23,10,hillier,49.0323,-125.3249,49.03238,-125.3242,10,,1,,,,,51,2,,0,XMB
GL,7,2023,7,19,28,-1.1,-1,23,10,hillier,49.0323,-125.3249,49.03238,-125.3242,10,,1,,,,,51,2,,0,XMB
GL,7,2023,7,19,28,-1.1,-1,23,10,hillier,49.0323,-125.3249,49.03238,-125.3242,10,,1,,,,,51,2,,0,XMB
GL,7,2023,7,19,28,-1.1,-1,23,10,hillier,49.0323,-125.3249,49.03238,-125.3242,10,,1,,,,,51,2,,0,XMB
GL,7,2023,7,19,28,-1.1,-1,23,10,hillier,49.0323,-125.3249,49.03238,-125.3242,10,,1,,,,,51,2,,0,XMB
GL,7,2023,7,19,28,-1.1,-1,23,10,hillier,49.0323,-125.3249,49.03238,-125.3242,10,,1,,,,,51,2,,0,XMB
GL,7,2023,7,19,28,-1.1,-1,23,10,hillier,49.0323,-125.3249,49.03238,-125.3242,10,,1,,,,,51,2,,0,XMB
GL,7,2023,7,19,28,-1.1,-1,23,10,hillier,49.0323,-125.3249,49.03238,-125.3242,10,,1,,,,,51,2,,0,XMB
GL,7,2023,7,19,28,-1.1,-1,23,10,hillier,49.0323,-125.3249,49.03238,-125.3242,10,,1,,,,,51,2,,0,XMB
GL,7,2023,7,19,28,-1.1,-1,23,10,hillier,49.0323,-125.3249,49.03238,-125.3242,10,,1,,,,,51,2,,0,XMB
GL,7,2023,7,19,28,-1.1,-1,23,10,hillier,49.0323,-125.3249,49.03238,-125.3242,10,,1,,,,,51,2,,0,XMB
GL,7,2023,7,19,28,-1.1,-1,23,10,hillier,49.0323,-125.3249,49.03238,-125.3242,10,,1,,,,,51,2,,0,XMB
GL,7,2023,7,19,28,-1.1,-1,23,10,hillier,49.0323,-125.3249,49.03238,-125.3242,10,,1,,,,,51,2,,0,XMB
GL,7,2023,7,19,28,-1.1,-1,23,10,hillier,49.0323,-125.3249,49.03238,-125.3242,10,,1,,,,,51,2,,0,XMB
GL,7,2023,7,19,28,-1.1,-1,23,10,hillier,49.0323,-125.3249,49.03238,-125.3242,10,,1,,,,,51,2,,0,XMB
GL,7,2023,7,19,28,-1.1,-1,23,10,hillier,49.0323,-125.3249,49.03238,-125.3242,10,,1,,,,,51,2,,0,XMB
GL,7,2023,7,19,28,-1.1,-1,23,10,hillier,49.0323,-125.3249,49.03238,-125.3242,10,,1,,,,,51,2,,0,XMB
GL,7,2023,7,19,28,-1.1,-1,23,10,hillier,49.0323,-125.3249,49.03238,-125.3242,10,,1,,,,,51,2,,0,XMB
GL,7,2023,7,19,28,-1.1,-1,23,10,hillier,49.0323,-125.3249,49.03238,-125.3242,10,,1,,,,,51,2,,0,XMB
GL,7,2023,7,19,28,-1.1,-1,23,10,hillier,49.0323,-125.3249,49.03238,-125.3242,10,,3,,,,,51,2,,0,XMB
GL,7,2023,7,19,28,-1.1,-1,23,10,hillier,49.0323,-125.3249,49.03238,-125.3242,10,,3,,,,,51,2,,0,XMB
GL,7,2023,7,19,28,-1.1,-1,23,10,hillier,49.0323,-125.3249,49.03238,-125.3242,10,,3,,,,,51,2,,0,XMB
GL,7,2023,7,19,28,-1.1,-1,23,10,hillier,49.0323,-125.3249,49.03238,-125.3242,10,,3,,,,,51,2,,0,XMB
GL,7,2023,7,19,28,-1.1,-1,23,10,hillier,49.0323,-125.3249,49.03238,-125.3242,10,,3,,,,,51,2,,0,XMB
GL,7,2023,7,19,28,-1.1,-1,23,10,hillier,49.0323,-125.3249,49.03238,-125.3242,10,,3,,,,,51,2,,0,XMB
GL,7,2023,7,19,28,-1.1,-1,23,10,hillier,49.0323,-125.3249,49.03238,-125.3242,10,,3,,,,,51,2,,0,XMB
GL,7,2023,7,19,28,-1.1,-1,23,10,hillier,49.0323,-125.3249,49.03238,-125.3242,10,,3,,,,,51,2,,0,XMB
GL,7,2023,7,19,28,-1.1,-1,23,10,hillier,49.0323,-125.3249,49.03238,-125.3242,10,,3,,,,,51,2,,0,XMB
GL,7,2023,7,19,28,-1.1,-1,23,10,hillier,49.0323,-125.3249,49.03238,-125.3242,10,,3,,,,,51,2,,0,XMB
GL,7,2023,7,19,28,-1.1,-1,23,10,hillier,49.0323,-125.3249,49.03238,-125.3242,10,,3,,,,,51,2,,0,XMB
GL,7,2023,7,19,28,-1.1,-1,23,10,hillier,49.0323,-125.3249,49.03238,-125.3242,10,,3,,,,,51,2,,0,XMB
GL,7,2023,7,19,28,-1.1,-1,23,10,hillier,49.0323,-125.3249,49.03238,-125.3242,10,,3,,,,,51,2,,0,XMB
GL,7,2023,7,19,28,-1.1,-1,23,10,hillier,49.0323,-125.3249,49.03238,-125.3242,10,,3,,,,,51,2,,0,XMB
GL,7,2023,7,19,28,-1.1,-1,23,10,hillier,49.0323,-125.3249,49.03238,-125.3242,10,,3,,,,,51,2,,0,XMB
GL,7,2023,7,19,28,-1.1,-1,23,10,hillier,49.0323,-125.3249,49.03238,-125.3242,10,,3,,,,,51,2,,0,XMB
GL,7,2023,7,19,28,-1.1,-1,23,10,hillier,49.0323,-125.3249,49.03238,-125.3242,10,,3,,,,,51,2,,0,XMB
GL,7,2023,7,19,28,-1.1,-1,23,10,hillier,49.0323,-125.3249,49.03238,-125.3242,10,,3,,,,,51,2,,0,XMB
GL,7,2023,7,19,28,-1.1,-1,23,10,hillier,49.0323,-125.3249,49.03238,-125.3242,10,,3,,,,,51,2,,0,XMB
GL,7,2023,7,19,28,-1.1,-1,23,10,hillier,49.0323,-125.3249,49.03238,-125.3242,10,,3,,,,,51,2,,0,XMB
GL,7,2023,7,19,28,-1.1,-1,23,10,hillier,49.0323,-125.3249,49.03238,-125.3242,10,,3,,,,,51,2,,0,XMB
GL,7,2023,7,19,28,-1.1,-1,23,10,hillier,49.0323,-125.3249,49.03238,-125.3242,10,,3,,,,,51,2,,0,XMB
GL,7,2023,7,19,28,-1.1,-1,23,10,hillier,49.0323,-125.3249,49.03238,-125.3242,10,,3,,,,,51,2,,0,XMB
GL,7,2023,7,19,28,-1.1,-1,23,10,hillier,49.0323,-125.3249,49.03238,-125.3242,10,,3,,,,,51,2,,0,XMB
GL,7,2023,7,19,28,-1.1,-1,23,10,hillier,49.0323,-125.3249,49.03238,-125.3242,10,,3,,,,,51,2,,0,XMB
GL,7,2023,7,19,28,-1.1,-1,23,10,hillier,49.0323,-125.3249,49.03238,-125.3242,10,,3,,,,,51,2,,0,XMB
GL,7,2023,7,19,28,-1.1,-1,23,10,hillier,49.0323,-125.3249,49.03238,-125.3242,10,,3,,,,,51,2,,0,XMB
GL,7,2023,7,19,28,-1.1,-1,23,10,hillier,49.0323,-125.3249,49.03238,-125.3242,10,,3,,,,,51,2,,0,XMB
GL,7,2023,7,19,28,-1.1,-1,23,10,hillier,49.0323,-125.3249,49.03238,-125.3242,10,,3,,,,,51,2,,0,XMB
GL,7,2023,7,19,28,-1.1,-1,23,10,hillier,49.0323,-125.3249,49.03238,-125.3242,10,,3,,,,,51,2,,0,XMB
GL,7,2023,7,19,28,-1.1,-1,23,10,hillier,49.0323,-125.3249,49.03238,-125.3242,10,,3,,,,,51,2,,0,XMB
GL,7,2023,7,19,28,-1.1,-1,23,10,hillier,49.0323,-125.3249,49.03238,-125.3242,10,,3,,,,,51,2,,0,XMB
GL,7,2023,7,19,28,-1.1,-1,23,10,hillier,49.0323,-125.3249,49.03238,-125.3242,10,,3,,,,,51,2,,0,XMB
GL,7,2023,7,19,28,-1.1,-1,23,10,hillier,49.0323,-125.3249,49.03238,-125.3242,10,,3,,,,,51,2,,0,XMB
GL,7,2023,7,19,28,-1.1,-1,23,10,hillier,49.0323,-125.3249,49.03238,-125.3242,10,,3,,,,,51,2,,0,XMB
GL,7,2023,7,19,28,-1.1,-1,23,10,hillier,49.0323,-125.3249,49.03238,-125.3242,10,,3,,,,,51,2,,0,XMB
GL,7,2023,7,19,28,-1.1,-1,23,10,hillier,49.0323,-125.3249,49.03238,-125.3242,10,,3,,,,,51,2,,0,XMB
GL,7,2023,7,19,28,-1.1,-1,23,10,hillier,49.0323,-125.3249,49.03238,-125.3242,10,,3,,,,,51,2,,0,XMB
GL,7,2023,7,19,28,-1.1,-1,23,10,hillier,49.0323,-125.3249,49.03238,-125.3242,10,,3,,,,,51,2,,0,XMB
GL,7,2023,7,19,28,-1.1,-1,23,10,hillier,49.0323,-125.3249,49.03238,-125.3242,10,,3,,,,,51,2,,0,XMB
GL,7,2023,7,19,28,-1.1,-1,23,10,hillier,49.0323,-125.3249,49.03238,-125.3242,10,,3,,,,,51,2,,0,XMB
GL,7,2023,7,19,28,-1.1,-1,23,10,hillier,49.0323,-125.3249,49.03238,-125.3242,10,,3,,,,,51,2,,0,XMB
GL,7,2023,7,19,28,-1.1,-1,23,10,hillier,49.0323,-125.3249,49.03238,-125.3242,10,,3,,,,,51,2,,0,XMB
GL,7,2023,7,19,28,-1.1,-1,23,10,hillier,49.0323,-125.3249,49.03238,-125.3242,10,,3,,,,,51,2,,0,XMB
GL,7,2023,7,19,28,-1.1,-1,23,10,hillier,49.0323,-125.3249,49.03238,-125.3242,10,,3,,,,,51,2,,0,XMB
GL,7,2023,7,19,28,-1.1,-1,23,10,hillier,49.0323,-125.3249,49.03238,-125.3242,10,,3,,,,,51,2,,0,XMB
GL,7,2023,7,19,28,-1.1,-1,23,10,hillier,49.0323,-125.3249,49.03238,-125.3242,10,,3,,,,,51,2,,0,XMB
GL,7,2023,7,19,28,-1.1,-1,23,10,hillier,49.0323,-125.3249,49.03238,-125.3242,10,,3,,,,,51,2,,0,XMB
GL,7,2023,7,19,28,-1.1,-1,23,10,hillier,49.0323,-125.3249,49.03238,-125.3242,10,,3,,,,,51,2,,0,XMB
GL,7,2023,7,19,28,-1.1,-1,23,10,hillier,49.0323,-125.3249,49.03238,-125.3242,10,,3,,,,,51,2,,0,XMB
GL,7,2023,7,19,28,-1.1,-1,23,10,hillier,49.0323,-125.3249,49.03238,-125.3242,10,,3,,,,,51,2,,0,XMB
GL,7,2023,7,19,28,-1.1,-1,23,10,hillier,49.0323,-125.3249,49.03238,-125.3242,10,,3,,,,,51,2,,0,XMB
GL,7,2023,7,19,28,-1.1,-1,23,10,hillier,49.0323,-125.3249,49.03238,-125.3242,10,,3,,,,,51,2,,0,XMB
GL,7,2023,7,19,28,-1.1,-1,23,10,hillier,49.0323,-125.3249,49.03238,-125.3242,10,,3,,,,,51,2,,0,XMB
GL,7,2023,7,19,28,-1.1,-1,23,10,hillier,49.0323,-125.3249,49.03238,-125.3242,10,,3,,,,,51,2,,0,XMB
GL,7,2023,7,19,28,-1.1,-1,23,10,hillier,49.0323,-125.3249,49.03238,-125.3242,10,,3,,,,,51,2,,0,XMB
GL,7,2023,7,19,28,-1.1,-1,23,10,hillier,49.0323,-125.3249,49.03238,-125.3242,10,,1,,,,,51,3,,0,XMB
GL,7,2023,7,19,28,-1.1,-1,23,10,hillier,49.0323,-125.3249,49.03238,-125.3242,10,,1,,,,,51,3,,0,XMB
GL,7,2023,7,19,28,-1.1,-1,23,10,hillier,49.0323,-125.3249,49.03238,-125.3242,10,,1,,,,,51,3,,0,XMB
GL,7,2023,7,19,28,-1.1,-1,23,10,hillier,49.0323,-125.3249,49.03238,-125.3242,10,,1,,,,,51,3,,0,XMB
GL,7,2023,7,19,28,-1.1,-1,23,10,hillier,49.0323,-125.3249,49.03238,-125.3242,10,,1,,,,,51,3,,0,XMB
GL,7,2023,7,19,28,-1.1,-1,23,10,hillier,49.0323,-125.3249,49.03238,-125.3242,10,,1,,,,,51,3,,0,XMB
GL,7,2023,7,19,28,-1.1,-1,23,10,hillier,49.0323,-125.3249,49.03238,-125.3242,10,,1,,,,,51,3,,0,XMB
GL,7,2023,7,19,28,-1.1,-1,23,10,hillier,49.0323,-125.3249,49.03238,-125.3242,10,,1,,,,,51,3,,0,XMB
GL,7,2023,7,19,28,-1.1,-1,23,10,hillier,49.0323,-125.3249,49.03238,-125.3242,10,,1,,,,,51,3,,0,XMB
GL,7,2023,7,19,28,-1.1,-1,23,10,hillier,49.0323,-125.3249,49.03238,-125.3242,10,,1,,,,,51,3,,0,XMB
GL,7,2023,7,19,28,-1.1,-1,23,10,hillier,49.0323,-125.3249,49.03238,-125.3242,10,,1,,,,,51,3,,0,XMB
GL,7,2023,7,19,28,-1.1,-1,23,10,hillier,49.0323,-125.3249,49.03238,-125.3242,10,,1,,,,,51,3,,0,XMB
GL,7,2023,7,19,28,-1.1,-1,23,10,hillier,49.0323,-125.3249,49.03238,-125.3242,10,,1,,,,,51,3,,0,XMB
GL,7,2023,7,19,28,-1.1,-1,23,10,hillier,49.0323,-125.3249,49.03238,-125.3242,10,,3,,,,,51,3,,0,XMB
GL,7,2023,7,19,28,-1.1,-1,23,10,hillier,49.0323,-125.3249,49.03238,-125.3242,10,,3,,,,,51,3,,0,XMB
GL,7,2023,7,19,28,-1.1,-1,23,10,hillier,49.0323,-125.3249,49.03238,-125.3242,10,,3,,,,,51,3,,0,XMB
GL,7,2023,7,19,28,-1.1,-1,23,10,hillier,49.0323,-125.3249,49.03238,-125.3242,10,,3,,,,,51,3,,0,XMB
GL,7,2023,7,19,28,-1.1,-1,23,10,hillier,49.0323,-125.3249,49.03238,-125.3242,10,,3,,,,,51,3,,0,XMB
GL,7,2023,7,19,28,-1.1,-1,23,10,hillier,49.0323,-125.3249,49.03238,-125.3242,10,,3,,,,,51,3,,0,XMB
GL,7,2023,7,19,28,-1.1,-1,23,10,hillier,49.0323,-125.3249,49.03238,-125.3242,10,,3,,,,,51,3,,0,XMB
GL,7,2023,7,19,28,-1.1,-1,23,10,hillier,49.0323,-125.3249,49.03238,-125.3242,10,,3,,,,,51,3,,0,XMB
GL,7,2023,7,19,28,-1.1,-1,23,10,hillier,49.0323,-125.3249,49.03238,-125.3242,10,,3,,,,,51,3,,0,XMB
GL,7,2023,7,19,28,-1.1,-1,23,10,hillier,49.0323,-125.3249,49.03238,-125.3242,10,,3,,,,,51,3,,0,XMB
GL,7,2023,7,19,28,-1.1,-1,23,10,hillier,49.0323,-125.3249,49.03238,-125.3242,10,,3,,,,,51,3,,0,XMB
GL,7,2023,7,19,28,-1.1,-1,23,10,hillier,49.0323,-125.3249,49.03238,-125.3242,10,,3,,,,,51,3,,0,XMB
GL,7,2023,7,19,28,-1.1,-1,23,10,hillier,49.0323,-125.3249,49.03238,-125.3242,10,,3,,,,,51,3,,0,XMB
GL,7,2023,7,19,28,-1.1,-1,23,10,hillier,49.0323,-125.3249,49.03238,-125.3242,10,,3,,,,,51,3,,0,XMB
GL,7,2023,7,19,28,-1.1,-1,23,10,hillier,49.0323,-125.3249,49.03238,-125.3242,10,,3,,,,,51,3,,0,XMB
GL,7,2023,7,19,28,-1.1,-1,23,10,hillier,49.0323,-125.3249,49.03238,-125.3242,10,,3,,,,,51,3,,0,XMB
GL,7,2023,7,19,28,-1.1,-1,23,10,hillier,49.0323,-125.3249,49.03238,-125.3242,10,,3,,,,,51,3,,0,XMB
GL,7,2023,7,19,28,-1.1,-1,23,10,hillier,49.0323,-125.3249,49.03238,-125.3242,10,,3,,,,,51,3,,0,XMB
GL,7,2023,7,19,28,-1.1,-1,23,10,hillier,49.0323,-125.3249,49.03238,-125.3242,10,,3,,,,,51,3,,0,XMB
GL,7,2023,7,19,28,-1.1,-1,23,10,hillier,49.0323,-125.3249,49.03238,-125.3242,10,,3,,,,,51,3,,0,XMB
GL,7,2023,7,19,28,-1.1,-1,23,10,hillier,49.0323,-125.3249,49.03238,-125.3242,10,,3,,,,,51,3,,0,XMB
GL,7,2023,7,19,28,-1.1,-1,23,10,hillier,49.0323,-125.3249,49.03238,-125.3242,10,,3,,,,,51,3,,0,XMB
GL,7,2023,7,19,28,-1.1,-1,23,10,hillier,49.0323,-125.3249,49.03238,-125.3242,10,,3,,,,,51,3,,0,XMB
GL,7,2023,7,19,28,-1.1,-1,23,10,hillier,49.0323,-125.3249,49.03238,-125.3242,10,,3,,,,,51,3,,0,XMB
GL,7,2023,7,19,28,-1.1,-1,23,10,hillier,49.0323,-125.3249,49.03238,-125.3242,10,,3,,,,,51,3,,0,XMB
GL,7,2023,7,19,28,-1.1,-1,23,10,hillier,49.0323,-125.3249,49.03238,-125.3242,10,,3,,,,,51,3,,0,XMB
GL,7,2023,7,19,28,-1.1,-1,23,10,hillier,49.0323,-125.3249,49.03238,-125.3242,10,,3,,,,,51,3,,0,XMB
GL,7,2023,7,19,28,-1.1,-1,23,10,hillier,49.0323,-125.3249,49.03238,-125.3242,10,,3,,,,,51,3,,0,XMB
GL,7,2023,7,19,28,-1.1,-1,23,10,hillier,49.0323,-125.3249,49.03238,-125.3242,10,,3,,,,,51,3,,0,XMB
GL,7,2023,7,19,28,-1.1,-1,23,10,hillier,49.0323,-125.3249,49.03238,-125.3242,10,,3,,,,,51,3,,0,XMB
GL,7,2023,7,19,28,-1.1,-1,23,10,hillier,49.0323,-125.3249,49.03238,-125.3242,10,,3,,,,,51,3,,0,XMB
GL,7,2023,7,19,28,-1.1,-1,23,10,hillier,49.0323,-125.3249,49.03238,-125.3242,10,,3,,,,,51,3,,0,XMB
GL,7,2023,7,19,28,-1.1,-1,23,10,hillier,49.0323,-125.3249,49.03238,-125.3242,10,,3,,,,,51,3,,0,XMB
GL,7,2023,7,19,28,-1.1,-1,23,10,hillier,49.0323,-125.3249,49.03238,-125.3242,10,,3,,,,,51,3,,0,XMB
GL,7,2023,7,19,28,-1.1,-1,23,10,hillier,49.0323,-125.3249,49.03238,-125.3242,10,,3,,,,,51,3,,0,XMB
GL,7,2023,7,19,28,-1.1,-1,23,10,hillier,49.0323,-125.3249,49.03238,-125.3242,10,,3,,,,,51,3,,0,XMB
GL,7,2023,7,19,28,-1.1,-1,23,10,hillier,49.0323,-125.3249,49.03238,-125.3242,10,,3,,,,,51,3,,0,XMB
GL,7,2023,7,19,28,-1.1,-1,23,10,hillier,49.0323,-125.3249,49.03238,-125.3242,10,,3,,,,,51,3,,0,XMB
GL,7,2023,7,19,28,-1.1,-1,23,10,hillier,49.0323,-125.3249,49.03238,-125.3242,10,,3,,,,,51,3,,0,XMB
GL,7,2023,7,19,28,-1.1,-1,23,10,hillier,49.0323,-125.3249,49.03238,-125.3242,10,,3,,,,,51,3,,0,XMB
GL,7,2023,7,19,28,-1.1,-1,23,10,hillier,49.0323,-125.3249,49.03238,-125.3242,10,,3,,,,,51,3,,0,XMB
GL,7,2023,7,19,28,-1.1,-1,23,10,hillier,49.0323,-125.3249,49.03238,-125.3242,10,,3,,,,,51,3,,0,XMB
GL,7,2023,7,19,28,-1.1,-1,23,10,hillier,49.0323,-125.3249,49.03238,-125.3242,10,,3,,,,,51,3,,0,XMB
GL,7,2023,7,19,28,-1.1,-1,23,10,hillier,49.0323,-125.3249,49.03238,-125.3242,10,,3,,,,,51,3,,0,XMB
GL,7,2023,7,19,28,-1.1,-1,23,10,hillier,49.0323,-125.3249,49.03238,-125.3242,10,,3,,,,,51,3,,0,XMB
GL,7,2023,7,19,28,-1.1,-1,23,10,hillier,49.0323,-125.3249,49.03238,-125.3242,10,,3,,,,,51,3,,0,XMB
GL,7,2023,7,19,28,-1.1,-1,23,10,hillier,49.0323,-125.3249,49.03238,-125.3242,10,,3,,,,,51,3,,0,XMB
GL,7,2023,7,19,28,-1.1,-1,23,10,hillier,49.0323,-125.3249,49.03238,-125.3242,10,,3,,,,,51,3,,0,XMB
GL,7,2023,7,19,28,-1.1,-1,23,10,hillier,49.0323,-125.3249,49.03238,-125.3242,10,,3,,,,,51,3,,0,XMB
GL,7,2023,7,19,28,-1.1,-1,23,10,hillier,49.0323,-125.3249,49.03238,-125.3242,10,,3,,,,,51,3,,0,XMB
GL,7,2023,7,19,28,-1.1,-1,23,10,hillier,49.0323,-125.3249,49.03238,-125.3242,10,,3,,,,,51,3,,0,XMB
GL,7,2023,7,19,28,-1.1,-1,23,10,hillier,49.0323,-125.3249,49.03238,-125.3242,10,,,,,,,51,4,,2,848
GL,7,2023,7,19,28,-1.1,-1,23,10,hillier,49.0323,-125.3249,49.03238,-125.3242,10,,1,,,,,51,5,,0,XMB
GL,7,2023,7,19,28,-1.1,-1,23,10,hillier,49.0323,-125.3249,49.03238,-125.3242,10,,1,,,,,51,5,,0,XMB
GL,7,2023,7,19,28,-1.1,-1,23,10,hillier,49.0323,-125.3249,49.03238,-125.3242,10,,1,,,,,51,5,,0,XMB
GL,7,2023,7,19,28,-1.1,-1,23,10,hillier,49.0323,-125.3249,49.03238,-125.3242,10,,1,,,,,51,5,,0,XMB
GL,7,2023,7,19,28,-1.1,-1,23,10,hillier,49.0323,-125.3249,49.03238,-125.3242,10,,1,,,,,51,5,,0,XMB
GL,7,2023,7,19,28,-1.1,-1,23,10,hillier,49.0323,-125.3249,49.03238,-125.3242,10,,1,,,,,51,5,,0,XMB
GL,7,2023,7,19,28,-1.1,-1,23,10,hillier,49.0323,-125.3249,49.03238,-125.3242,10,,1,,,,,51,5,,0,XMB
GL,7,2023,7,19,28,-1.1,-1,23,10,hillier,49.0323,-125.3249,49.03238,-125.3242,10,,1,,,,,51,5,,0,XMB
GL,7,2023,7,19,28,-1.1,-1,23,10,hillier,49.0323,-125.3249,49.03238,-125.3242,10,,1,,,,,51,5,,0,XMB
GL,7,2023,7,19,28,-1.1,-1,23,10,hillier,49.0323,-125.3249,49.03238,-125.3242,10,,1,,,,,51,5,,0,XMB
GL,7,2023,7,19,28,-1.1,-1,23,10,hillier,49.0323,-125.3249,49.03238,-125.3242,10,,1,,,,,51,5,,0,XMB
GL,7,2023,7,19,28,-1.1,-1,23,10,hillier,49.0323,-125.3249,49.03238,-125.3242,10,,1,,,,,51,5,,0,XMB
GL,7,2023,7,19,28,-1.1,-1,23,10,hillier,49.0323,-125.3249,49.03238,-125.3242,10,,1,,,,,51,5,,0,XMB
GL,7,2023,7,19,28,-1.1,-1,23,10,hillier,49.0323,-125.3249,49.03238,-125.3242,10,,1,,,,,51,5,,0,XMB
GL,7,2023,7,19,28,-1.1,-1,23,10,hillier,49.0323,-125.3249,49.03238,-125.3242,10,,1,,,,,51,5,,0,XMB
GL,7,2023,7,19,28,-1.1,-1,23,10,hillier,49.0323,-125.3249,49.03238,-125.3242,10,,1,,,,,51,5,,0,XMB
GL,7,2023,7,19,28,-1.1,-1,23,10,hillier,49.0323,-125.3249,49.03238,-125.3242,10,,3,,,,,51,5,,0,XMB
GL,7,2023,7,19,28,-1.1,-1,23,10,hillier,49.0323,-125.3249,49.03238,-125.3242,10,,3,,,,,51,5,,0,XMB
GL,7,2023,7,19,28,-1.1,-1,23,10,hillier,49.0323,-125.3249,49.03238,-125.3242,10,,3,,,,,51,5,,0,XMB
GL,7,2023,7,19,28,-1.1,-1,23,10,hillier,49.0323,-125.3249,49.03238,-125.3242,10,,3,,,,,51,5,,0,XMB
GL,7,2023,7,19,28,-1.1,-1,23,10,hillier,49.0323,-125.3249,49.03238,-125.3242,10,,3,,,,,51,5,,0,XMB
GL,7,2023,7,19,28,-1.1,-1,23,10,hillier,49.0323,-125.3249,49.03238,-125.3242,10,,3,,,,,51,5,,0,XMB
GL,7,2023,7,19,28,-1.1,-1,23,10,hillier,49.0323,-125.3249,49.03238,-125.3242,10,,3,,,,,51,5,,0,XMB
GL,7,2023,7,19,28,-1.1,-1,23,10,hillier,49.0323,-125.3249,49.03238,-125.3242,10,,3,,,,,51,5,,0,XMB
GL,7,2023,7,19,28,-1.1,-1,23,10,hillier,49.0323,-125.3249,49.03238,-125.3242,10,,3,,,,,51,5,,0,XMB
GL,7,2023,7,19,28,-1.1,-1,23,10,hillier,49.0323,-125.3249,49.03238,-125.3242,10,,3,,,,,51,5,,0,XMB
GL,7,2023,7,19,28,-1.1,-1,23,10,hillier,49.0323,-125.3249,49.03238,-125.3242,10,,3,,,,,51,5,,0,XMB
GL,7,2023,7,19,28,-1.1,-1,23,10,hillier,49.0323,-125.3249,49.03238,-125.3242,10,,3,,,,,51,5,,0,XMB
GL,7,2023,7,19,28,-1.1,-1,23,10,hillier,49.0323,-125.3249,49.03238,-125.3242,10,,3,,,,,51,5,,0,XMB
GL,7,2023,7,19,28,-1.1,-1,23,10,hillier,49.0323,-125.3249,49.03238,-125.3242,10,,3,,,,,51,5,,0,XMB
GL,7,2023,7,19,28,-1.1,-1,23,10,hillier,49.0323,-125.3249,49.03238,-125.3242,10,,3,,,,,51,5,,0,XMB
GL,7,2023,7,19,28,-1.1,-1,23,10,hillier,49.0323,-125.3249,49.03238,-125.3242,10,,3,,,,,51,5,,0,XMB
GL,7,2023,7,19,28,-1.1,-1,23,10,hillier,49.0323,-125.3249,49.03238,-125.3242,10,,3,,,,,51,5,,0,XMB
GL,7,2023,7,19,28,-1.1,-1,23,10,hillier,49.0323,-125.3249,49.03238,-125.3242,10,,3,,,,,51,5,,0,XMB
GL,7,2023,7,19,28,-1.1,-1,23,10,hillier,49.0323,-125.3249,49.03238,-125.3242,10,,3,,,,,51,5,,0,XMB
GL,7,2023,7,19,28,-1.1,-1,23,10,hillier,49.0323,-125.3249,49.03238,-125.3242,10,,3,,,,,51,5,,0,XMB
GL,7,2023,7,19,28,-1.1,-1,23,10,hillier,49.0323,-125.3249,49.03238,-125.3242,10,,3,,,,,51,5,,0,XMB
GL,7,2023,7,19,28,-1.1,-1,23,10,hillier,49.0323,-125.3249,49.03238,-125.3242,10,,3,,,,,51,5,,0,XMB
GL,7,2023,7,19,28,-1.1,-1,23,10,hillier,49.0323,-125.3249,49.03238,-125.3242,10,,3,,,,,51,5,,0,XMB
GL,7,2023,7,19,28,-1.1,-1,23,10,hillier,49.0323,-125.3249,49.03238,-125.3242,10,,3,,,,,51,5,,0,XMB
GL,7,2023,7,19,28,-1.1,-1,23,10,hillier,49.0323,-125.3249,49.03238,-125.3242,10,,3,,,,,51,5,,0,XMB
GL,7,2023,7,19,28,-1.1,-1,23,10,hillier,49.0323,-125.3249,49.03238,-125.3242,10,,3,,,,,51,5,,0,XMB
GL,7,2023,7,19,28,-1.1,-1,23,10,hillier,49.0323,-125.3249,49.03238,-125.3242,10,,3,,,,,51,5,,0,XMB
GL,7,2023,7,19,28,-1.1,-1,23,10,hillier,49.0323,-125.3249,49.03238,-125.3242,10,,3,,,,,51,5,,0,XMB
GL,7,2023,7,19,28,-1.1,-1,23,10,hillier,49.0323,-125.3249,49.03238,-125.3242,10,,3,,,,,51,5,,0,XMB
GL,7,2023,7,19,28,-1.1,-1,23,10,hillier,49.0323,-125.3249,49.03238,-125.3242,10,,3,,,,,51,5,,0,XMB
GL,7,2023,7,19,28,-1.1,-1,23,10,hillier,49.0323,-125.3249,49.03238,-125.3242,10,,3,,,,,51,5,,0,XMB
GL,7,2023,7,19,28,-1.1,-1,23,10,hillier,49.0323,-125.3249,49.03238,-125.3242,10,,3,,,,,51,5,,0,XMB
GL,7,2023,7,19,28,-1.1,-1,23,10,hillier,49.0323,-125.3249,49.03238,-125.3242,10,,3,,,,,51,5,,0,XMB
GL,7,2023,7,19,28,-1.1,-1,23,10,hillier,49.0323,-125.3249,49.03238,-125.3242,10,,3,,,,,51,5,,0,XMB
GL,7,2023,7,19,28,-1.1,-1,23,10,hillier,49.0323,-125.3249,49.03238,-125.3242,10,,3,,,,,51,5,,0,XMB
GL,7,2023,7,19,28,-1.1,-1,23,10,hillier,49.0323,-125.3249,49.03238,-125.3242,10,,3,,,,,51,5,,0,XMB
GL,7,2023,7,19,28,-1.1,-1,23,10,hillier,49.0323,-125.3249,49.03238,-125.3242,10,,3,,,,,51,5,,0,XMB
GL,7,2023,7,19,28,-1.1,-1,23,10,hillier,49.0323,-125.3249,49.03238,-125.3242,10,,3,,,,,51,5,,0,XMB
GL,7,2023,7,19,28,-1.1,-1,23,10,hillier,49.0323,-125.3249,49.03238,-125.3242,10,,3,,,,,51,5,,0,XMB
GL,7,2023,7,19,28,-1.1,-1,23,10,hillier,49.0323,-125.3249,49.03238,-125.3242,10,,3,,,,,51,5,,0,XMB
GL,7,2023,7,19,28,-1.1,-1,23,10,hillier,49.0323,-125.3249,49.03238,-125.3242,10,,3,,,,,51,5,,0,XMB
GL,7,2023,7,19,28,-1.1,-1,23,10,hillier,49.0323,-125.3249,49.03238,-125.3242,10,,3,,,,,51,5,,0,XMB
GL,7,2023,7,19,28,-1.1,-1,23,10,hillier,49.0323,-125.3249,49.03238,-125.3242,10,,3,,,,,51,5,,0,XMB
GL,7,2023,7,19,28,-1.1,-1,23,10,hillier,49.0323,-125.3249,49.03238,-125.3242,10,,3,,,,,51,5,,0,XMB
GL,7,2023,7,19,28,-1.1,-1,23,10,hillier,49.0323,-125.3249,49.03238,-125.3242,10,,3,,,,,51,5,,0,XMB
GL,7,2023,7,19,28,-1.1,-1,23,10,hillier,49.0323,-125.3249,49.03238,-125.3242,10,,3,,,,,51,5,,0,XMB
GL,7,2023,7,19,28,-1.1,-1,23,10,hillier,49.0323,-125.3249,49.03238,-125.3242,10,,1,,,,,51,6,,0,XMB
GL,7,2023,7,19,28,-1.1,-1,23,10,hillier,49.0323,-125.3249,49.03238,-125.3242,10,,1,,,,,51,6,,0,XMB
GL,7,2023,7,19,28,-1.1,-1,23,10,hillier,49.0323,-125.3249,49.03238,-125.3242,10,,1,,,,,51,6,,0,XMB
GL,7,2023,7,19,28,-1.1,-1,23,10,hillier,49.0323,-125.3249,49.03238,-125.3242,10,,1,,,,,51,6,,0,XMB
GL,7,2023,7,19,28,-1.1,-1,23,10,hillier,49.0323,-125.3249,49.03238,-125.3242,10,,1,,,,,51,6,,0,XMB
GL,7,2023,7,19,28,-1.1,-1,23,10,hillier,49.0323,-125.3249,49.03238,-125.3242,10,,1,,,,,51,6,,0,XMB
GL,7,2023,7,19,28,-1.1,-1,23,10,hillier,49.0323,-125.3249,49.03238,-125.3242,10,,1,,,,,51,6,,0,XMB
GL,7,2023,7,19,28,-1.1,-1,23,10,hillier,49.0323,-125.3249,49.03238,-125.3242,10,,1,,,,,51,6,,0,XMB
GL,7,2023,7,19,28,-1.1,-1,23,10,hillier,49.0323,-125.3249,49.03238,-125.3242,10,,1,,,,,51,6,,0,XMB
GL,7,2023,7,19,28,-1.1,-1,23,10,hillier,49.0323,-125.3249,49.03238,-125.3242,10,,1,,,,,51,6,,0,XMB
GL,7,2023,7,19,28,-1.1,-1,23,10,hillier,49.0323,-125.3249,49.03238,-125.3242,10,,1,,,,,51,6,,0,XMB
GL,7,2023,7,19,28,-1.1,-1,23,10,hillier,49.0323,-125.3249,49.03238,-125.3242,10,,1,,,,,51,6,,0,XMB
GL,7,2023,7,19,28,-1.1,-1,23,10,hillier,49.0323,-125.3249,49.03238,-125.3242,10,,1,,,,,51,6,,0,XMB
GL,7,2023,7,19,28,-1.1,-1,23,10,hillier,49.0323,-125.3249,49.03238,-125.3242,10,,1,,,,,51,6,,0,XMB
GL,7,2023,7,19,28,-1.1,-1,23,10,hillier,49.0323,-125.3249,49.03238,-125.3242,10,,3,,,,,51,6,,0,XMB
GL,7,2023,7,19,28,-1.1,-1,23,10,hillier,49.0323,-125.3249,49.03238,-125.3242,10,,3,,,,,51,6,,0,XMB
GL,7,2023,7,19,28,-1.1,-1,23,10,hillier,49.0323,-125.3249,49.03238,-125.3242,10,,3,,,,,51,6,,0,XMB
GL,7,2023,7,19,28,-1.1,-1,23,10,hillier,49.0323,-125.3249,49.03238,-125.3242,10,,3,,,,,51,6,,0,XMB
GL,7,2023,7,19,28,-1.1,-1,23,10,hillier,49.0323,-125.3249,49.03238,-125.3242,10,,3,,,,,51,6,,0,XMB
GL,7,2023,7,19,28,-1.1,-1,23,10,hillier,49.0323,-125.3249,49.03238,-125.3242,10,,3,,,,,51,6,,0,XMB
GL,7,2023,7,19,28,-1.1,-1,23,10,hillier,49.0323,-125.3249,49.03238,-125.3242,10,,3,,,,,51,6,,0,XMB
GL,7,2023,7,19,28,-1.1,-1,23,10,hillier,49.0323,-125.3249,49.03238,-125.3242,10,,3,,,,,51,6,,0,XMB
GL,7,2023,7,19,28,-1.1,-1,23,10,hillier,49.0323,-125.3249,49.03238,-125.3242,10,,3,,,,,51,6,,0,XMB
GL,7,2023,7,19,28,-1.1,-1,23,10,hillier,49.0323,-125.3249,49.03238,-125.3242,10,,3,,,,,51,6,,0,XMB
GL,7,2023,7,19,28,-1.1,-1,23,10,hillier,49.0323,-125.3249,49.03238,-125.3242,10,,3,,,,,51,6,,0,XMB
GL,7,2023,7,19,28,-1.1,-1,23,10,hillier,49.0323,-125.3249,49.03238,-125.3242,10,,3,,,,,51,6,,0,XMB
GL,7,2023,7,19,28,-1.1,-1,23,10,hillier,49.0323,-125.3249,49.03238,-125.3242,10,,3,,,,,51,6,,0,XMB
GL,7,2023,7,19,28,-1.1,-1,23,10,hillier,49.0323,-125.3249,49.03238,-125.3242,10,,3,,,,,51,6,,0,XMB
GL,7,2023,7,19,28,-1.1,-1,23,10,hillier,49.0323,-125.3249,49.03238,-125.3242,10,,3,,,,,51,6,,0,XMB
GL,7,2023,7,19,28,-1.1,-1,23,10,hillier,49.0323,-125.3249,49.03238,-125.3242,10,,3,,,,,51,6,,0,XMB
GL,7,2023,7,19,28,-1.1,-1,23,10,hillier,49.0323,-125.3249,49.03238,-125.3242,10,,3,,,,,51,6,,0,XMB
GL,7,2023,7,19,28,-1.1,-1,23,10,hillier,49.0323,-125.3249,49.03238,-125.3242,10,,3,,,,,51,6,,0,XMB
GL,7,2023,7,19,28,-1.1,-1,23,10,hillier,49.0323,-125.3249,49.03238,-125.3242,10,,3,,,,,51,6,,0,XMB
GL,8,2023,7,19,27,-1,-0.7,23,10,hillier,49.033,-125.3234,49.03259,-125.3234,10,,1,62,,11,,51,5,,0,XMB
GL,8,2023,7,19,27,-1,-0.7,23,10,hillier,49.033,-125.3234,49.03259,-125.3234,10,,1,50,,11,,51,5,,0,XMB
GL,8,2023,7,19,27,-1,-0.7,23,10,hillier,49.033,-125.3234,49.03259,-125.3234,10,,1,54,,11,,51,5,,0,XMB
GL,8,2023,7,19,27,-1,-0.7,23,10,hillier,49.033,-125.3234,49.03259,-125.3234,10,,1,62,,11,,51,5,,0,XMB
GL,8,2023,7,19,27,-1,-0.7,23,10,hillier,49.033,-125.3234,49.03259,-125.3234,10,,3,50,,14,,51,5,,0,XMB
GL,8,2023,7,19,27,-1,-0.7,23,10,hillier,49.033,-125.3234,49.03259,-125.3234,10,,1,59,,11,,51,5,,0,XMB
GL,8,2023,7,19,27,-1,-0.7,23,10,hillier,49.033,-125.3234,49.03259,-125.3234,10,,1,50,,12,,51,5,,0,XMB
GL,8,2023,7,19,27,-1,-0.7,23,10,hillier,49.033,-125.3234,49.03259,-125.3234,10,,1,59,,11,,51,5,,0,XMB
GL,8,2023,7,19,27,-1,-0.7,23,10,hillier,49.033,-125.3234,49.03259,-125.3234,10,,3,52,,14,,51,5,,0,XMB
GL,8,2023,7,19,27,-1,-0.7,23,10,hillier,49.033,-125.3234,49.03259,-125.3234,10,,3,50,,14,,51,5,,0,XMB
GL,8,2023,7,19,27,-1,-0.7,23,10,hillier,49.033,-125.3234,49.03259,-125.3234,10,,3,55,,12,,51,5,,0,XMB
GL,8,2023,7,19,27,-1,-0.7,23,10,hillier,49.033,-125.3234,49.03259,-125.3234,10,,3,52,,13,,51,5,,0,XMB
GL,8,2023,7,19,27,-1,-0.7,23,10,hillier,49.033,-125.3234,49.03259,-125.3234,10,,3,50,,12,,51,5,,0,XMB
GL,8,2023,7,19,27,-1,-0.7,23,10,hillier,49.033,-125.3234,49.03259,-125.3234,10,,1,51,,11,,51,5,,0,XMB
GL,8,2023,7,19,27,-1,-0.7,23,10,hillier,49.033,-125.3234,49.03259,-125.3234,10,,1,55,,11,,51,5,,0,XMB
GL,8,2023,7,19,27,-1,-0.7,23,10,hillier,49.033,-125.3234,49.03259,-125.3234,10,,1,49,,11,,51,5,,0,XMB
GL,8,2023,7,19,27,-1,-0.7,23,10,hillier,49.033,-125.3234,49.03259,-125.3234,10,,1,42,,11,,51,5,,0,XMB
GL,8,2023,7,19,27,-1,-0.7,23,10,hillier,49.033,-125.3234,49.03259,-125.3234,10,,1,67,,11,,51,6,,0,XMB
GL,8,2023,7,19,27,-1,-0.7,23,10,hillier,49.033,-125.3234,49.03259,-125.3234,10,,1,64,,13,,51,6,,0,XMB
GL,8,2023,7,19,27,-1,-0.7,23,10,hillier,49.033,-125.3234,49.03259,-125.3234,10,,3,70,,14,,51,6,,0,XMB
GL,8,2023,7,19,27,-1,-0.7,23,10,hillier,49.033,-125.3234,49.03259,-125.3234,10,,3,56,,14,,51,6,,0,XMB
GL,8,2023,7,19,27,-1,-0.7,23,10,hillier,49.033,-125.3234,49.03259,-125.3234,10,,1,73,,11,,51,6,,0,XMB
GL,8,2023,7,19,27,-1,-0.7,23,10,hillier,49.033,-125.3234,49.03259,-125.3234,10,,1,69,,13,,51,6,,0,XMB
GL,8,2023,7,19,27,-1,-0.7,23,10,hillier,49.033,-125.3234,49.03259,-125.3234,10,,1,58,,14,,51,6,,0,XMB
GL,8,2023,7,19,27,-1,-0.7,23,10,hillier,49.033,-125.3234,49.03259,-125.3234,10,,1,57,,13,,51,6,,0,XMB
GL,8,2023,7,19,27,-1,-0.7,23,10,hillier,49.033,-125.3234,49.03259,-125.3234,10,,1,62,,11,,51,6,,0,XMB
GL,8,2023,7,19,27,-1,-0.7,23,10,hillier,49.033,-125.3234,49.03259,-125.3234,10,,1,55,,11,,51,6,,0,XMB
GL,8,2023,7,19,27,-1,-0.7,23,10,hillier,49.033,-125.3234,49.03259,-125.3234,10,,1,57,,11,,51,6,,0,XMB
GL,8,2023,7,19,27,-1,-0.7,23,10,hillier,49.033,-125.3234,49.03259,-125.3234,10,,1,73,,11,,51,6,,0,XMB
GL,8,2023,7,19,27,-1,-0.7,23,10,hillier,49.033,-125.3234,49.03259,-125.3234,10,,3,50,,13,,51,6,,0,XMB
GL,8,2023,7,19,27,-1,-0.7,23,10,hillier,49.033,-125.3234,49.03259,-125.3234,10,,1,72,,11,,51,6,,0,XMB
GL,8,2023,7,19,27,-1,-0.7,23,10,hillier,49.033,-125.3234,49.03259,-125.3234,10,,1,68,,11,,51,1,,0,XMB
GL,8,2023,7,19,27,-1,-0.7,23,10,hillier,49.033,-125.3234,49.03259,-125.3234,10,,1,59,,11,,51,1,,0,XMB
GL,8,2023,7,19,27,-1,-0.7,23,10,hillier,49.033,-125.3234,49.03259,-125.3234,10,,3,55,,11,,51,1,,0,XMB
GL,8,2023,7,19,27,-1,-0.7,23,10,hillier,49.033,-125.3234,49.03259,-125.3234,10,,3,63,,14,,51,1,,0,XMB
GL,8,2023,7,19,27,-1,-0.7,23,10,hillier,49.033,-125.3234,49.03259,-125.3234,10,,3,45,,13,,51,1,,0,XMB
GL,8,2023,7,19,27,-1,-0.7,23,10,hillier,49.033,-125.3234,49.03259,-125.3234,10,,1,60,,11,,51,2,,0,XMB
GL,8,2023,7,19,27,-1,-0.7,23,10,hillier,49.033,-125.3234,49.03259,-125.3234,10,,1,55,,11,,51,2,,0,XMB
GL,8,2023,7,19,27,-1,-0.7,23,10,hillier,49.033,-125.3234,49.03259,-125.3234,10,,1,55,,11,,51,2,,0,XMB
GL,8,2023,7,19,27,-1,-0.7,23,10,hillier,49.033,-125.3234,49.03259,-125.3234,10,,1,45,,13,,51,2,,0,XMB
GL,8,2023,7,19,27,-1,-0.7,23,10,hillier,49.033,-125.3234,49.03259,-125.3234,10,,1,66,,11,,51,2,,0,XMB
GL,8,2023,7,19,27,-1,-0.7,23,10,hillier,49.033,-125.3234,49.03259,-125.3234,10,,1,59,,11,,51,2,,0,XMB
GL,8,2023,7,19,27,-1,-0.7,23,10,hillier,49.033,-125.3234,49.03259,-125.3234,10,,1,62,,11,,51,2,,0,XMB
GL,8,2023,7,19,27,-1,-0.7,23,10,hillier,49.033,-125.3234,49.03259,-125.3234,10,,1,65,,12,,51,2,,0,XMB
GL,8,2023,7,19,27,-1,-0.7,23,10,hillier,49.033,-125.3234,49.03259,-125.3234,10,,1,63,,11,,51,2,,0,XMB
GL,8,2023,7,19,27,-1,-0.7,23,10,hillier,49.033,-125.3234,49.03259,-125.3234,10,,3,50,,14,,51,2,,0,XMB
GL,8,2023,7,19,27,-1,-0.7,23,10,hillier,49.033,-125.3234,49.03259,-125.3234,10,,3,55,,12,,51,2,,0,XMB
GL,8,2023,7,19,27,-1,-0.7,23,10,hillier,49.033,-125.3234,49.03259,-125.3234,10,,3,55,,13,,51,2,,0,XMB
GL,8,2023,7,19,27,-1,-0.7,23,10,hillier,49.033,-125.3234,49.03259,-125.3234,10,,3,56,,14,,51,2,,0,XMB
GL,8,2023,7,19,27,-1,-0.7,23,10,hillier,49.033,-125.3234,49.03259,-125.3234,10,,1,59,,11,,51,2,,0,XMB
GL,8,2023,7,19,27,-1,-0.7,23,10,hillier,49.033,-125.3234,49.03259,-125.3234,10,,1,55,,12,,51,2,,0,XMB
GL,8,2023,7,19,27,-1,-0.7,23,10,hillier,49.033,-125.3234,49.03259,-125.3234,10,,1,46,,12,,51,2,,0,XMB
GL,8,2023,7,19,27,-1,-0.7,23,10,hillier,49.033,-125.3234,49.03259,-125.3234,10,,1,48,,11,,51,2,,0,XMB
GL,8,2023,7,19,27,-1,-0.7,23,10,hillier,49.033,-125.3234,49.03259,-125.3234,10,,3,45,,11,,51,2,,0,XMB
GL,8,2023,7,19,27,-1,-0.7,23,10,hillier,49.033,-125.3234,49.03259,-125.3234,10,,3,48,,12,,51,2,,0,XMB
GL,8,2023,7,19,27,-1,-0.7,23,10,hillier,49.033,-125.3234,49.03259,-125.3234,10,,3,44,,13,,51,2,,0,XMB
GL,8,2023,7,19,27,-1,-0.7,23,10,hillier,49.033,-125.3234,49.03259,-125.3234,10,,1,46,,13,,51,2,,0,XMB
GL,8,2023,7,19,27,-1,-0.7,23,10,hillier,49.033,-125.3234,49.03259,-125.3234,10,,3,52,,13,,51,2,,0,XMB
GL,8,2023,7,19,27,-1,-0.7,23,10,hillier,49.033,-125.3234,49.03259,-125.3234,10,,3,49,,12,,51,2,,0,XMB
GL,8,2023,7,19,27,-1,-0.7,23,10,hillier,49.033,-125.3234,49.03259,-125.3234,10,,3,49,,,,51,2,,0,XMB
GL,8,2023,7,19,27,-1,-0.7,23,10,hillier,49.033,-125.3234,49.03259,-125.3234,10,,3,42,,14,,51,2,,0,XMB
GL,8,2023,7,19,27,-1,-0.7,23,10,hillier,49.033,-125.3234,49.03259,-125.3234,10,,3,56,,13,,51,2,,0,XMB
GL,8,2023,7,19,27,-1,-0.7,23,10,hillier,49.033,-125.3234,49.03259,-125.3234,10,,3,39,,14,,51,2,,0,XMB
GL,8,2023,7,19,27,-1,-0.7,23,10,hillier,49.033,-125.3234,49.03259,-125.3234,10,,3,46,,14,,51,2,,0,XMB
GL,8,2023,7,19,27,-1,-0.7,23,10,hillier,49.033,-125.3234,49.03259,-125.3234,10,,3,40,,13,,51,2,,0,XMB
GL,8,2023,7,19,27,-1,-0.7,23,10,hillier,49.033,-125.3234,49.03259,-125.3234,10,,3,45,,12,,51,2,,0,XMB
GL,8,2023,7,19,27,-1,-0.7,23,10,hillier,49.033,-125.3234,49.03259,-125.3234,10,,3,43,,14,,51,2,,0,XMB
GL,8,2023,7,19,27,-1,-0.7,23,10,hillier,49.033,-125.3234,49.03259,-125.3234,10,,3,42,,14,,51,2,,0,XMB
GL,8,2023,7,19,27,-1,-0.7,23,10,hillier,49.033,-125.3234,49.03259,-125.3234,10,,3,42,,14,,51,2,,0,XMB
GL,8,2023,7,19,27,-1,-0.7,23,10,hillier,49.033,-125.3234,49.03259,-125.3234,10,,3,55,,13,,51,2,,0,XMB
GL,8,2023,7,19,27,-1,-0.7,23,10,hillier,49.033,-125.3234,49.03259,-125.3234,10,,3,46,,14,,51,2,,0,XMB
GL,8,2023,7,19,27,-1,-0.7,23,10,hillier,49.033,-125.3234,49.03259,-125.3234,10,,1,76,,11,,51,3,,0,XMB
GL,8,2023,7,19,27,-1,-0.7,23,10,hillier,49.033,-125.3234,49.03259,-125.3234,10,,1,76,,11,,51,3,,0,XMB
GL,8,2023,7,19,27,-1,-0.7,23,10,hillier,49.033,-125.3234,49.03259,-125.3234,10,,1,69,,11,,51,3,,0,XMB
GL,8,2023,7,19,27,-1,-0.7,23,10,hillier,49.033,-125.3234,49.03259,-125.3234,10,,1,56,,11,,51,3,,0,XMB
GL,8,2023,7,19,27,-1,-0.7,23,10,hillier,49.033,-125.3234,49.03259,-125.3234,10,,1,64,,11,,51,3,,0,XMB
GL,8,2023,7,19,27,-1,-0.7,23,10,hillier,49.033,-125.3234,49.03259,-125.3234,10,,1,59,,13,,51,3,,0,XMB
GL,8,2023,7,19,27,-1,-0.7,23,10,hillier,49.033,-125.3234,49.03259,-125.3234,10,,1,68,,11,,51,3,,0,XMB
GL,8,2023,7,19,27,-1,-0.7,23,10,hillier,49.033,-125.3234,49.03259,-125.3234,10,,3,59,,14,,51,3,,0,XMB
GL,8,2023,7,19,27,-1,-0.7,23,10,hillier,49.033,-125.3234,49.03259,-125.3234,10,,1,68,,14,,51,3,,0,XMB
GL,8,2023,7,19,27,-1,-0.7,23,10,hillier,49.033,-125.3234,49.03259,-125.3234,10,,1,50,,11,,51,3,,0,XMB
GL,8,2023,7,19,27,-1,-0.7,23,10,hillier,49.033,-125.3234,49.03259,-125.3234,10,,3,54,,11,,51,3,,0,XMB
GL,8,2023,7,19,27,-1,-0.7,23,10,hillier,49.033,-125.3234,49.03259,-125.3234,10,,1,53,,12,,51,3,,0,XMB
GL,8,2023,7,19,27,-1,-0.7,23,10,hillier,49.033,-125.3234,49.03259,-125.3234,10,,1,53,,12,,51,4,,0,XMB
GL,8,2023,7,19,27,-1,-0.7,23,10,hillier,49.033,-125.3234,49.03259,-125.3234,10,,1,66,,12,,51,4,,0,XMB
GL,8,2023,7,19,27,-1,-0.7,23,10,hillier,49.033,-125.3234,49.03259,-125.3234,10,,1,71,,12,,51,4,,0,XMB
GL,8,2023,7,19,27,-1,-0.7,23,10,hillier,49.033,-125.3234,49.03259,-125.3234,10,,3,52,,12,,51,4,,0,XMB
GL,8,2023,7,19,27,-1,-0.7,23,10,hillier,49.033,-125.3234,49.03259,-125.3234,10,,1,72,,13,,51,4,,0,XMB
GL,8,2023,7,19,27,-1,-0.7,23,10,hillier,49.033,-125.3234,49.03259,-125.3234,10,,1,62,,13,,51,4,,0,XMB
GL,8,2023,7,19,27,-1,-0.7,23,10,hillier,49.033,-125.3234,49.03259,-125.3234,10,,3,64,,13,,51,4,,0,XMB
GL,8,2023,7,19,27,-1,-0.7,23,10,hillier,49.033,-125.3234,49.03259,-125.3234,10,,1,65,,14,,51,4,,0,XMB
GL,8,2023,7,19,27,-1,-0.7,23,10,hillier,49.033,-125.3234,49.03259,-125.3234,10,,1,64,,11,,51,4,,0,XMB
GL,8,2023,7,19,27,-1,-0.7,23,10,hillier,49.033,-125.3234,49.03259,-125.3234,10,,1,65,,11,,51,4,,0,XMB
GL,8,2023,7,19,27,-1,-0.7,23,10,hillier,49.033,-125.3234,49.03259,-125.3234,10,,1,55,,12,,51,4,,0,XMB
GL,8,2023,7,19,27,-1,-0.7,23,10,hillier,49.033,-125.3234,49.03259,-125.3234,10,,1,64,,11,,51,4,,0,XMB
GL,8,2023,7,19,27,-1,-0.7,23,10,hillier,49.033,-125.3234,49.03259,-125.3234,10,,1,46,,11,,51,4,,0,XMB
GL,8,2023,7,19,27,-1,-0.7,23,10,hillier,49.033,-125.3234,49.03259,-125.3234,10,,1,62,,11,,51,5,,0,XMB
GL,8,2023,7,19,27,-1,-0.7,23,10,hillier,49.033,-125.3234,49.03259,-125.3234,10,,1,66,,11,,51,5,,0,XMB
GL,8,2023,7,19,27,-1,-0.7,23,10,hillier,49.033,-125.3234,49.03259,-125.3234,10,,1,47,,11,,51,5,,0,XMB
GL,8,2023,7,19,27,-1,-0.7,23,10,hillier,49.033,-125.3234,49.03259,-125.3234,10,,1,64,,11,,51,5,,0,XMB
GL,8,2023,7,19,27,-1,-0.7,23,10,hillier,49.033,-125.3234,49.03259,-125.3234,10,,1,46,,12,,51,5,,0,XMB
GL,8,2023,7,19,27,-1,-0.7,23,10,hillier,49.033,-125.3234,49.03259,-125.3234,10,,1,59,,11,,51,5,,0,XMB
GL,8,2023,7,19,27,-1,-0.7,23,10,hillier,49.033,-125.3234,49.03259,-125.3234,10,,1,49,,13,,51,5,,0,XMB
GL,9,2023,7,19,27,-0.2,1.3,23,10,hillier,49.03183,-125.3243,49.03152,-125.3246,10,excess filamentous green algae,3,52,,11,,51,1,,0,XMB
GL,9,2023,7,19,27,-0.2,1.3,23,10,hillier,49.03183,-125.3243,49.03152,-125.3246,10,excess filamentous green algae,1,70,,14,,51,1,,0,XMB
GL,9,2023,7,19,27,-0.2,1.3,23,10,hillier,49.03183,-125.3243,49.03152,-125.3246,10,excess filamentous green algae,1,71,,11,,51,1,,0,XMB
GL,9,2023,7,19,27,-0.2,1.3,23,10,hillier,49.03183,-125.3243,49.03152,-125.3246,10,excess filamentous green algae,1,72,,11,,51,1,,0,XMB
GL,9,2023,7,19,27,-0.2,1.3,23,10,hillier,49.03183,-125.3243,49.03152,-125.3246,10,excess filamentous green algae,1,65,,13,,51,1,,0,XMB
GL,9,2023,7,19,27,-0.2,1.3,23,10,hillier,49.03183,-125.3243,49.03152,-125.3246,10,excess filamentous green algae,1,68,,11,,51,1,,0,XMB
GL,9,2023,7,19,27,-0.2,1.3,23,10,hillier,49.03183,-125.3243,49.03152,-125.3246,10,excess filamentous green algae,1,59,,11,,51,1,,0,XMB
GL,9,2023,7,19,27,-0.2,1.3,23,10,hillier,49.03183,-125.3243,49.03152,-125.3246,10,excess filamentous green algae,3,59,,13,,51,1,,0,XMB
GL,9,2023,7,19,27,-0.2,1.3,23,10,hillier,49.03183,-125.3243,49.03152,-125.3246,10,excess filamentous green algae,1,69,,11,,51,1,,0,XMB
GL,9,2023,7,19,27,-0.2,1.3,23,10,hillier,49.03183,-125.3243,49.03152,-125.3246,10,excess filamentous green algae,1,64,,11,,51,1,,0,XMB
GL,9,2023,7,19,27,-0.2,1.3,23,10,hillier,49.03183,-125.3243,49.03152,-125.3246,10,excess filamentous green algae,1,49,,12,,51,1,,0,XMB
GL,9,2023,7,19,27,-0.2,1.3,23,10,hillier,49.03183,-125.3243,49.03152,-125.3246,10,excess filamentous green algae,3,61,,12,,51,1,,0,XMB
GL,9,2023,7,19,27,-0.2,1.3,23,10,hillier,49.03183,-125.3243,49.03152,-125.3246,10,excess filamentous green algae,1,53,,11,,51,1,,0,XMB
GL,9,2023,7,19,27,-0.2,1.3,23,10,hillier,49.03183,-125.3243,49.03152,-125.3246,10,excess filamentous green algae,3,62,,14,,51,1,,0,XMB
GL,9,2023,7,19,27,-0.2,1.3,23,10,hillier,49.03183,-125.3243,49.03152,-125.3246,10,excess filamentous green algae,1,57,,11,,51,1,,0,XMB
GL,9,2023,7,19,27,-0.2,1.3,23,10,hillier,49.03183,-125.3243,49.03152,-125.3246,10,excess filamentous green algae,1,61,,11,,51,1,,0,XMB
GL,9,2023,7,19,27,-0.2,1.3,23,10,hillier,49.03183,-125.3243,49.03152,-125.3246,10,excess filamentous green algae,1,64,,11,,51,1,,0,XMB
GL,9,2023,7,19,27,-0.2,1.3,23,10,hillier,49.03183,-125.3243,49.03152,-125.3246,10,excess filamentous green algae,3,59,,13,,51,1,,0,XMB
GL,9,2023,7,19,27,-0.2,1.3,23,10,hillier,49.03183,-125.3243,49.03152,-125.3246,10,excess filamentous green algae,1,59,,11,,51,1,,0,XMB
GL,9,2023,7,19,27,-0.2,1.3,23,10,hillier,49.03183,-125.3243,49.03152,-125.3246,10,excess filamentous green algae,1,58,,11,,51,1,,0,XMB
GL,9,2023,7,19,27,-0.2,1.3,23,10,hillier,49.03183,-125.3243,49.03152,-125.3246,10,excess filamentous green algae,3,69,,13,,51,1,,0,XMB
GL,9,2023,7,19,27,-0.2,1.3,23,10,hillier,49.03183,-125.3243,49.03152,-125.3246,10,excess filamentous green algae,1,62,,11,,51,1,,0,XMB
GL,9,2023,7,19,27,-0.2,1.3,23,10,hillier,49.03183,-125.3243,49.03152,-125.3246,10,excess filamentous green algae,3,58,,13,,51,1,,0,XMB
GL,9,2023,7,19,27,-0.2,1.3,23,10,hillier,49.03183,-125.3243,49.03152,-125.3246,10,excess filamentous green algae,1,49,,11,,51,1,,0,XMB
GL,9,2023,7,19,27,-0.2,1.3,23,10,hillier,49.03183,-125.3243,49.03152,-125.3246,10,excess filamentous green algae,1,64,,11,,51,1,,0,XMB
GL,9,2023,7,19,27,-0.2,1.3,23,10,hillier,49.03183,-125.3243,49.03152,-125.3246,10,excess filamentous green algae,3,50,,11,,51,1,,0,XMB
GL,9,2023,7,19,27,-0.2,1.3,23,10,hillier,49.03183,-125.3243,49.03152,-125.3246,10,excess filamentous green algae,3,60,,12,,51,1,,0,XMB
GL,9,2023,7,19,27,-0.2,1.3,23,10,hillier,49.03183,-125.3243,49.03152,-125.3246,10,excess filamentous green algae,1,60,,12,,51,1,,0,XMB
GL,9,2023,7,19,27,-0.2,1.3,23,10,hillier,49.03183,-125.3243,49.03152,-125.3246,10,excess filamentous green algae,1,52,,12,,51,1,,0,XMB
GL,9,2023,7,19,27,-0.2,1.3,23,10,hillier,49.03183,-125.3243,49.03152,-125.3246,10,excess filamentous green algae,3,60,,12,,51,1,,0,XMB
GL,9,2023,7,19,27,-0.2,1.3,23,10,hillier,49.03183,-125.3243,49.03152,-125.3246,10,excess filamentous green algae,1,59,,11,,51,1,,0,XMB
GL,9,2023,7,19,27,-0.2,1.3,23,10,hillier,49.03183,-125.3243,49.03152,-125.3246,10,excess filamentous green algae,3,49,,14,,51,1,,0,XMB
GL,9,2023,7,19,27,-0.2,1.3,23,10,hillier,49.03183,-125.3243,49.03152,-125.3246,10,excess filamentous green algae,3,45,,13,,51,1,,0,XMB
GL,9,2023,7,19,27,-0.2,1.3,23,10,hillier,49.03183,-125.3243,49.03152,-125.3246,10,excess filamentous green algae,3,48,,13,,51,1,,0,XMB
GL,9,2023,7,19,27,-0.2,1.3,23,10,hillier,49.03183,-125.3243,49.03152,-125.3246,10,excess filamentous green algae,3,44,,14,,51,1,,0,XMB
GL,9,2023,7,19,27,-0.2,1.3,23,10,hillier,49.03183,-125.3243,49.03152,-125.3246,10,excess filamentous green algae,3,62,,13,,51,1,,0,XMB
GL,9,2023,7,19,27,-0.2,1.3,23,10,hillier,49.03183,-125.3243,49.03152,-125.3246,10,excess filamentous green algae,3,48,,13,,51,1,,0,XMB
GL,9,2023,7,19,27,-0.2,1.3,23,10,hillier,49.03183,-125.3243,49.03152,-125.3246,10,excess filamentous green algae,3,49,,13,,51,1,,0,XMB
GL,9,2023,7,19,27,-0.2,1.3,23,10,hillier,49.03183,-125.3243,49.03152,-125.3246,10,excess filamentous green algae,1,44,,13,,51,1,,0,XMB
GL,9,2023,7,19,27,-0.2,1.3,23,10,hillier,49.03183,-125.3243,49.03152,-125.3246,10,excess filamentous green algae,3,46,,14,,51,1,,0,XMB
GL,9,2023,7,19,27,-0.2,1.3,23,10,hillier,49.03183,-125.3243,49.03152,-125.3246,10,excess filamentous green algae,3,40,,12,,51,1,,0,XMB
GL,9,2023,7,19,27,-0.2,1.3,23,10,hillier,49.03183,-125.3243,49.03152,-125.3246,10,excess filamentous green algae,3,48,,13,,51,1,,0,XMB
GL,9,2023,7,19,27,-0.2,1.3,23,10,hillier,49.03183,-125.3243,49.03152,-125.3246,10,excess filamentous green algae,3,49,,11,,51,1,,0,XMB
GL,9,2023,7,19,27,-0.2,1.3,23,10,hillier,49.03183,-125.3243,49.03152,-125.3246,10,excess filamentous green algae,3,49,,14,,51,1,,0,XMB
GL,9,2023,7,19,27,-0.2,1.3,23,10,hillier,49.03183,-125.3243,49.03152,-125.3246,10,excess filamentous green algae,3,44,,14,,51,1,,0,XMB
GL,9,2023,7,19,27,-0.2,1.3,23,10,hillier,49.03183,-125.3243,49.03152,-125.3246,10,excess filamentous green algae,3,49,,14,,51,1,,0,XMB
GL,9,2023,7,19,27,-0.2,1.3,23,10,hillier,49.03183,-125.3243,49.03152,-125.3246,10,excess filamentous green algae,1,52,,11,,51,2,,0,XMB
GL,9,2023,7,19,27,-0.2,1.3,23,10,hillier,49.03183,-125.3243,49.03152,-125.3246,10,excess filamentous green algae,3,52,,12,,51,2,,0,XMB
GL,9,2023,7,19,27,-0.2,1.3,23,10,hillier,49.03183,-125.3243,49.03152,-125.3246,10,excess filamentous green algae,1,47,,11,,51,2,,0,XMB
GL,9,2023,7,19,27,-0.2,1.3,23,10,hillier,49.03183,-125.3243,49.03152,-125.3246,10,excess filamentous green algae,1,77,,11,,51,3,,0,XMB
GL,9,2023,7,19,27,-0.2,1.3,23,10,hillier,49.03183,-125.3243,49.03152,-125.3246,10,excess filamentous green algae,1,77,,11,,51,3,,0,XMB
GL,9,2023,7,19,27,-0.2,1.3,23,10,hillier,49.03183,-125.3243,49.03152,-125.3246,10,excess filamentous green algae,1,69,,11,,51,3,,0,XMB
GL,9,2023,7,19,27,-0.2,1.3,23,10,hillier,49.03183,-125.3243,49.03152,-125.3246,10,excess filamentous green algae,1,58,,11,,51,3,,0,XMB
GL,9,2023,7,19,27,-0.2,1.3,23,10,hillier,49.03183,-125.3243,49.03152,-125.3246,10,excess filamentous green algae,1,59,,11,,51,3,,0,XMB
GL,9,2023,7,19,27,-0.2,1.3,23,10,hillier,49.03183,-125.3243,49.03152,-125.3246,10,excess filamentous green algae,1,61,,11,,51,3,,0,XMB
GL,9,2023,7,19,27,-0.2,1.3,23,10,hillier,49.03183,-125.3243,49.03152,-125.3246,10,excess filamentous green algae,1,59,,,,51,4,,0,ZDF
GL,9,2023,7,19,27,-0.2,1.3,23,10,hillier,49.03183,-125.3243,49.03152,-125.3246,10,excess filamentous green algae,3,60,,,,51,4,,0,ZDF
GL,9,2023,7,19,27,-0.2,1.3,23,10,hillier,49.03183,-125.3243,49.03152,-125.3246,10,excess filamentous green algae,1,59,,11,,51,4,,0,XMB
GL,9,2023,7,19,27,-0.2,1.3,23,10,hillier,49.03183,-125.3243,49.03152,-125.3246,10,excess filamentous green algae,1,64,,11,,51,4,,0,XMB
GL,9,2023,7,19,27,-0.2,1.3,23,10,hillier,49.03183,-125.3243,49.03152,-125.3246,10,excess filamentous green algae,1,64,,11,,51,4,,0,XMB
GL,9,2023,7,19,27,-0.2,1.3,23,10,hillier,49.03183,-125.3243,49.03152,-125.3246,10,excess filamentous green algae,1,58,,11,,51,4,,0,XMB
GL,9,2023,7,19,27,-0.2,1.3,23,10,hillier,49.03183,-125.3243,49.03152,-125.3246,10,excess filamentous green algae,1,56,,13,,51,4,,0,XMB
GL,9,2023,7,19,27,-0.2,1.3,23,10,hillier,49.03183,-125.3243,49.03152,-125.3246,10,excess filamentous green algae,1,72,,11,,51,4,,0,XMB
GL,9,2023,7,19,27,-0.2,1.3,23,10,hillier,49.03183,-125.3243,49.03152,-125.3246,10,excess filamentous green algae,1,60,,11,,51,4,,0,XMB
GL,9,2023,7,19,27,-0.2,1.3,23,10,hillier,49.03183,-125.3243,49.03152,-125.3246,10,excess filamentous green algae,3,65,,14,,51,4,,0,XMB
GL,9,2023,7,19,27,-0.2,1.3,23,10,hillier,49.03183,-125.3243,49.03152,-125.3246,10,excess filamentous green algae,1,56,,13,,51,4,,0,XMB
GL,9,2023,7,19,27,-0.2,1.3,23,10,hillier,49.03183,-125.3243,49.03152,-125.3246,10,excess filamentous green algae,1,72,,11,,51,4,,0,XMB
GL,9,2023,7,19,27,-0.2,1.3,23,10,hillier,49.03183,-125.3243,49.03152,-125.3246,10,excess filamentous green algae,3,49,,12,,51,4,,0,XMB
GL,9,2023,7,19,27,-0.2,1.3,23,10,hillier,49.03183,-125.3243,49.03152,-125.3246,10,excess filamentous green algae,1,62,,11,,51,4,,0,XMB
GL,9,2023,7,19,27,-0.2,1.3,23,10,hillier,49.03183,-125.3243,49.03152,-125.3246,10,excess filamentous green algae,1,62,,11,,51,4,,0,XMB
GL,9,2023,7,19,27,-0.2,1.3,23,10,hillier,49.03183,-125.3243,49.03152,-125.3246,10,excess filamentous green algae,1,53,,11,,51,4,,0,XMB
GL,9,2023,7,19,27,-0.2,1.3,23,10,hillier,49.03183,-125.3243,49.03152,-125.3246,10,excess filamentous green algae,3,54,,12,,51,4,,0,XMB
GL,9,2023,7,19,27,-0.2,1.3,23,10,hillier,49.03183,-125.3243,49.03152,-125.3246,10,excess filamentous green algae,1,62,,11,,51,4,,0,XMB
GL,9,2023,7,19,27,-0.2,1.3,23,10,hillier,49.03183,-125.3243,49.03152,-125.3246,10,excess filamentous green algae,1,72,,11,,51,5,,0,XMB
GL,9,2023,7,19,27,-0.2,1.3,23,10,hillier,49.03183,-125.3243,49.03152,-125.3246,10,excess filamentous green algae,1,55,,12,,51,5,,0,XMB
GL,9,2023,7,19,27,-0.2,1.3,23,10,hillier,49.03183,-125.3243,49.03152,-125.3246,10,excess filamentous green algae,1,71,,11,,51,5,,0,XMB
GL,9,2023,7,19,27,-0.2,1.3,23,10,hillier,49.03183,-125.3243,49.03152,-125.3246,10,excess filamentous green algae,1,63,,11,,51,5,,0,XMB
GL,9,2023,7,19,27,-0.2,1.3,23,10,hillier,49.03183,-125.3243,49.03152,-125.3246,10,excess filamentous green algae,3,59,,12,,51,5,,0,XMB
GL,9,2023,7,19,27,-0.2,1.3,23,10,hillier,49.03183,-125.3243,49.03152,-125.3246,10,excess filamentous green algae,1,59,,11,,51,5,,0,XMB
GL,9,2023,7,19,27,-0.2,1.3,23,10,hillier,49.03183,-125.3243,49.03152,-125.3246,10,excess filamentous green algae,3,59,,13,,51,5,,0,XMB
GL,9,2023,7,19,27,-0.2,1.3,23,10,hillier,49.03183,-125.3243,49.03152,-125.3246,10,excess filamentous green algae,1,73,,13,,51,6,,0,XMB
GL,9,2023,7,19,27,-0.2,1.3,23,10,hillier,49.03183,-125.3243,49.03152,-125.3246,10,excess filamentous green algae,1,73,,13,,51,6,,0,XMB
GL,9,2023,7,19,27,-0.2,1.3,23,10,hillier,49.03183,-125.3243,49.03152,-125.3246,10,excess filamentous green algae,1,69,,11,,51,6,,0,XMB
GL,9,2023,7,19,27,-0.2,1.3,23,10,hillier,49.03183,-125.3243,49.03152,-125.3246,10,excess filamentous green algae,1,71,,11,,51,6,,0,XMB
GL,9,2023,7,19,27,-0.2,1.3,23,10,hillier,49.03183,-125.3243,49.03152,-125.3246,10,excess filamentous green algae,1,80,,11,,51,6,,0,XMB
GL,9,2023,7,19,27,-0.2,1.3,23,10,hillier,49.03183,-125.3243,49.03152,-125.3246,10,excess filamentous green algae,1,71,,13,,51,6,,0,XMB
GL,9,2023,7,19,27,-0.2,1.3,23,10,hillier,49.03183,-125.3243,49.03152,-125.3246,10,excess filamentous green algae,1,70,,11,,51,6,,0,XMB
GL,9,2023,7,19,27,-0.2,1.3,23,10,hillier,49.03183,-125.3243,49.03152,-125.3246,10,excess filamentous green algae,1,75,,11,,51,6,,0,XMB
GL,9,2023,7,19,27,-0.2,1.3,23,10,hillier,49.03183,-125.3243,49.03152,-125.3246,10,excess filamentous green algae,1,73,,11,,51,6,,0,XMB
GL,9,2023,7,19,27,-0.2,1.3,23,10,hillier,49.03183,-125.3243,49.03152,-125.3246,10,excess filamentous green algae,1,75,,11,,51,6,,0,XMB
GL,9,2023,7,19,27,-0.2,1.3,23,10,hillier,49.03183,-125.3243,49.03152,-125.3246,10,excess filamentous green algae,1,65,,11,,51,6,,0,XMB
GL,9,2023,7,19,27,-0.2,1.3,23,10,hillier,49.03183,-125.3243,49.03152,-125.3246,10,excess filamentous green algae,1,69,,11,,51,6,,0,XMB
GL,9,2023,7,19,27,-0.2,1.3,23,10,hillier,49.03183,-125.3243,49.03152,-125.3246,10,excess filamentous green algae,1,70,,14,,51,6,,0,XMB
GL,9,2023,7,19,27,-0.2,1.3,23,10,hillier,49.03183,-125.3243,49.03152,-125.3246,10,excess filamentous green algae,1,64,,11,,51,6,,0,XMB
GL,9,2023,7,19,27,-0.2,1.3,23,10,hillier,49.03183,-125.3243,49.03152,-125.3246,10,excess filamentous green algae,1,64,,14,,51,6,,0,XMB
GL,9,2023,7,19,27,-0.2,1.3,23,10,hillier,49.03183,-125.3243,49.03152,-125.3246,10,excess filamentous green algae,1,70,,13,,51,6,,0,XMB
GL,9,2023,7,19,27,-0.2,1.3,23,10,hillier,49.03183,-125.3243,49.03152,-125.3246,10,excess filamentous green algae,1,60,,14,,51,6,,0,XMB
GL,9,2023,7,19,27,-0.2,1.3,23,10,hillier,49.03183,-125.3243,49.03152,-125.3246,10,excess filamentous green algae,1,61,,11,,51,6,,0,XMB
GL,9,2023,7,19,27,-0.2,1.3,23,10,hillier,49.03183,-125.3243,49.03152,-125.3246,10,excess filamentous green algae,1,67,,11,,51,6,,0,XMB
GL,9,2023,7,19,27,-0.2,1.3,23,10,hillier,49.03183,-125.3243,49.03152,-125.3246,10,excess filamentous green algae,3,46,,13,,51,6,,0,XMB
GL,9,2023,7,19,27,-0.2,1.3,23,10,hillier,49.03183,-125.3243,49.03152,-125.3246,10,excess filamentous green algae,1,53,,11,,51,6,,0,XMB
GL,9,2023,7,19,27,-0.2,1.3,23,10,hillier,49.03183,-125.3243,49.03152,-125.3246,10,excess filamentous green algae,1,49,,11,,51,6,,0,XMB
GL,9,2023,7,19,27,-0.2,1.3,23,10,hillier,49.03183,-125.3243,49.03152,-125.3246,10,excess filamentous green algae,3,59,,14,,51,6,,0,XMB
GL,9,2023,7,19,27,-0.2,1.3,23,10,hillier,49.03183,-125.3243,49.03152,-125.3246,10,excess filamentous green algae,3,49,,14,,51,6,,0,XMB
GL,9,2023,7,19,27,-0.2,1.3,23,10,hillier,49.03183,-125.3243,49.03152,-125.3246,10,excess filamentous green algae,3,50,,12,,51,6,,0,XMB
GL,9,2023,7,19,27,-0.2,1.3,23,10,hillier,49.03183,-125.3243,49.03152,-125.3246,10,excess filamentous green algae,3,51,,14,,51,6,,0,XMB
GL,9,2023,7,19,27,-0.2,1.3,23,10,hillier,49.03183,-125.3243,49.03152,-125.3246,10,excess filamentous green algae,1,54,,11,,51,6,,0,XMB
GL,10,2023,7,20,27,-0.9,-0.7,23,9,mayne,48.975,-125.2888,48.97458,-125.2889,10,,1,46,,11,,51,5,,0,XMB
GL,10,2023,7,20,27,-0.9,-0.7,23,9,mayne,48.975,-125.2888,48.97458,-125.2889,10,,1,62,,11,,51,6,,0,XMB
GL,10,2023,7,20,27,-0.9,-0.7,23,9,mayne,48.975,-125.2888,48.97458,-125.2889,10,,1,51,,12,,51,6,,0,XMB
GL,10,2023,7,20,27,-0.9,-0.7,23,9,mayne,48.975,-125.2888,48.97458,-125.2889,10,,1,77,,13,,51,6,,0,XMB
GL,10,2023,7,20,27,-0.9,-0.7,23,9,mayne,48.975,-125.2888,48.97458,-125.2889,10,,1,51,,12,,51,6,,0,XMB
GL,10,2023,7,20,27,-0.9,-0.7,23,9,mayne,48.975,-125.2888,48.97458,-125.2889,10,,1,62,,14,,51,6,,0,XMB
GL,10,2023,7,20,27,-0.9,-0.7,23,9,mayne,48.975,-125.2888,48.97458,-125.2889,10,,3,54,,12,,51,6,,0,XMB
GL,10,2023,7,20,27,-0.9,-0.7,23,9,mayne,48.975,-125.2888,48.97458,-125.2889,10,,1,59,,11,,51,6,,0,XMB
GL,10,2023,7,20,27,-0.9,-0.7,23,9,mayne,48.975,-125.2888,48.97458,-125.2889,10,,1,51,,11,,51,6,,0,XMB
GL,10,2023,7,20,27,-0.9,-0.7,23,9,mayne,48.975,-125.2888,48.97458,-125.2889,10,,3,67,,14,,51,6,,0,XMB
GL,10,2023,7,20,27,-0.9,-0.7,23,9,mayne,48.975,-125.2888,48.97458,-125.2889,10,,1,52,,11,,51,6,,0,XMB
GL,10,2023,7,20,27,-0.9,-0.7,23,9,mayne,48.975,-125.2888,48.97458,-125.2889,10,,1,54,,11,,51,6,,0,XMB
GL,10,2023,7,20,27,-0.9,-0.7,23,9,mayne,48.975,-125.2888,48.97458,-125.2889,10,,3,52,,12,,51,6,,0,XMB
GL,10,2023,7,20,27,-0.9,-0.7,23,9,mayne,48.975,-125.2888,48.97458,-125.2889,10,,1,50,,11,,51,6,,0,XMB
GL,10,2023,7,20,27,-0.9,-0.7,23,9,mayne,48.975,-125.2888,48.97458,-125.2889,10,,3,56,,12,,51,6,,0,XMB
GL,10,2023,7,20,27,-0.9,-0.7,23,9,mayne,48.975,-125.2888,48.97458,-125.2889,10,,3,46,,14,,51,6,,0,XMB
GL,10,2023,7,20,27,-0.9,-0.7,23,9,mayne,48.975,-125.2888,48.97458,-125.2889,10,,3,52,,14,,51,6,,0,XMB
GL,10,2023,7,20,27,-0.9,-0.7,23,9,mayne,48.975,-125.2888,48.97458,-125.2889,10,,3,46,,14,,51,6,,0,XMB
GL,10,2023,7,20,27,-0.9,-0.7,23,9,mayne,48.975,-125.2888,48.97458,-125.2889,10,,3,60,,11,,51,6,,0,XMB
GL,10,2023,7,20,27,-0.9,-0.7,23,9,mayne,48.975,-125.2888,48.97458,-125.2889,10,,3,52,,12,,51,6,,0,XMB
GL,10,2023,7,20,27,-0.9,-0.7,23,9,mayne,48.975,-125.2888,48.97458,-125.2889,10,,3,49,,12,,51,6,,0,XMB
GL,10,2023,7,20,27,-0.9,-0.7,23,9,mayne,48.975,-125.2888,48.97458,-125.2889,10,,3,49,,12,,51,6,,0,XMB
GL,10,2023,7,20,27,-0.9,-0.7,23,9,mayne,48.975,-125.2888,48.97458,-125.2889,10,,3,48,,12,,51,6,,0,XMB
GL,10,2023,7,20,27,-0.9,-0.7,23,9,mayne,48.975,-125.2888,48.97458,-125.2889,10,,1,48,,11,,51,6,,0,XMB
GL,10,2023,7,20,27,-0.9,-0.7,23,9,mayne,48.975,-125.2888,48.97458,-125.2889,10,,3,45,,12,,51,6,,0,XMB
GL,10,2023,7,20,27,-0.9,-0.7,23,9,mayne,48.975,-125.2888,48.97458,-125.2889,10,,1,50,,12,,51,6,,0,XMB
GL,10,2023,7,20,27,-0.9,-0.7,23,9,mayne,48.975,-125.2888,48.97458,-125.2889,10,,3,44,,12,,51,6,,0,XMB
GL,10,2023,7,20,27,-0.9,-0.7,23,9,mayne,48.975,-125.2888,48.97458,-125.2889,10,,1,49,,11,,51,6,,0,XMB
GL,10,2023,7,20,27,-0.9,-0.7,23,9,mayne,48.975,-125.2888,48.97458,-125.2889,10,,1,45,,11,,51,6,,0,XMB
GL,10,2023,7,20,27,-0.9,-0.7,23,9,mayne,48.975,-125.2888,48.97458,-125.2889,10,,1,44,,11,,51,6,,0,XMB
GL,10,2023,7,20,27,-0.9,-0.7,23,9,mayne,48.975,-125.2888,48.97458,-125.2889,10,,3,45,,12,,51,6,,0,XMB
GL,10,2023,7,20,27,-0.9,-0.7,23,9,mayne,48.975,-125.2888,48.97458,-125.2889,10,,1,49,,11,,51,6,,0,XMB
GL,10,2023,7,20,27,-0.9,-0.7,23,9,mayne,48.975,-125.2888,48.97458,-125.2889,10,,3,50,,12,,51,6,,0,XMB
GL,10,2023,7,20,27,-0.9,-0.7,23,9,mayne,48.975,-125.2888,48.97458,-125.2889,10,,1,40,,12,,51,6,,0,XMB
GL,10,2023,7,20,27,-0.9,-0.7,23,9,mayne,48.975,-125.2888,48.97458,-125.2889,10,,3,44,,11,,51,6,,0,XMB
GL,10,2023,7,20,27,-0.9,-0.7,23,9,mayne,48.975,-125.2888,48.97458,-125.2889,10,,1,56,,11,,51,1,,0,XMB
GL,10,2023,7,20,27,-0.9,-0.7,23,9,mayne,48.975,-125.2888,48.97458,-125.2889,10,,1,54,,11,,51,1,,0,XMB
GL,10,2023,7,20,27,-0.9,-0.7,23,9,mayne,48.975,-125.2888,48.97458,-125.2889,10,,1,77,,11,,51,1,,0,XMB
GL,10,2023,7,20,27,-0.9,-0.7,23,9,mayne,48.975,-125.2888,48.97458,-125.2889,10,,1,57,,11,,51,1,,0,XMB
GL,10,2023,7,20,27,-0.9,-0.7,23,9,mayne,48.975,-125.2888,48.97458,-125.2889,10,,1,44,,11,,51,1,,0,XMB
GL,10,2023,7,20,27,-0.9,-0.7,23,9,mayne,48.975,-125.2888,48.97458,-125.2889,10,,1,52,,11,,51,1,,0,XMB
GL,10,2023,7,20,27,-0.9,-0.7,23,9,mayne,48.975,-125.2888,48.97458,-125.2889,10,,1,,73,,,51,1,,0,XLA
GL,10,2023,7,20,27,-0.9,-0.7,23,9,mayne,48.975,-125.2888,48.97458,-125.2889,10,,1,51,,11,,51,1,,0,XLA
GL,10,2023,7,20,27,-0.9,-0.7,23,9,mayne,48.975,-125.2888,48.97458,-125.2889,10,,1,75,,11,,51,2,,0,XMB
GL,10,2023,7,20,27,-0.9,-0.7,23,9,mayne,48.975,-125.2888,48.97458,-125.2889,10,,3,46,,14,,51,2,,0,XMB
GL,10,2023,7,20,27,-0.9,-0.7,23,9,mayne,48.975,-125.2888,48.97458,-125.2889,10,,1,79,,11,,51,2,,0,XMB
GL,10,2023,7,20,27,-0.9,-0.7,23,9,mayne,48.975,-125.2888,48.97458,-125.2889,10,,3,48,,12,,51,2,,0,XMB
GL,10,2023,7,20,27,-0.9,-0.7,23,9,mayne,48.975,-125.2888,48.97458,-125.2889,10,,3,53,,14,,51,2,,0,XMB
GL,10,2023,7,20,27,-0.9,-0.7,23,9,mayne,48.975,-125.2888,48.97458,-125.2889,10,,3,47,,12,,51,2,,0,XMB
GL,10,2023,7,20,27,-0.9,-0.7,23,9,mayne,48.975,-125.2888,48.97458,-125.2889,10,,1,47,,12,,51,2,,0,XMB
GL,10,2023,7,20,27,-0.9,-0.7,23,9,mayne,48.975,-125.2888,48.97458,-125.2889,10,,1,61,,11,,51,2,,0,XMB
GL,10,2023,7,20,27,-0.9,-0.7,23,9,mayne,48.975,-125.2888,48.97458,-125.2889,10,,1,49,,12,,51,2,,0,XMB
GL,10,2023,7,20,27,-0.9,-0.7,23,9,mayne,48.975,-125.2888,48.97458,-125.2889,10,,3,58,,14,,51,2,,0,XMB
GL,10,2023,7,20,27,-0.9,-0.7,23,9,mayne,48.975,-125.2888,48.97458,-125.2889,10,,3,46,,12,,51,2,,0,XMB
GL,10,2023,7,20,27,-0.9,-0.7,23,9,mayne,48.975,-125.2888,48.97458,-125.2889,10,,1,52,,11,,51,2,,0,XMB
GL,10,2023,7,20,27,-0.9,-0.7,23,9,mayne,48.975,-125.2888,48.97458,-125.2889,10,,1,55,,11,,51,2,,0,XMB
GL,10,2023,7,20,27,-0.9,-0.7,23,9,mayne,48.975,-125.2888,48.97458,-125.2889,10,,3,61,,12,,51,3,,0,XMB
GL,10,2023,7,20,27,-0.9,-0.7,23,9,mayne,48.975,-125.2888,48.97458,-125.2889,10,,3,56,,12,,51,3,,0,XMB
GL,10,2023,7,20,27,-0.9,-0.7,23,9,mayne,48.975,-125.2888,48.97458,-125.2889,10,,3,44,,11,,51,3,,0,XMB
GL,10,2023,7,20,27,-0.9,-0.7,23,9,mayne,48.975,-125.2888,48.97458,-125.2889,10,,3,54,,11,,51,4,,0,XMB
GL,10,2023,7,20,27,-0.9,-0.7,23,9,mayne,48.975,-125.2888,48.97458,-125.2889,10,,3,46,,12,,51,4,,0,XMB
GL,10,2023,7,20,27,-0.9,-0.7,23,9,mayne,48.975,-125.2888,48.97458,-125.2889,10,,3,50,,11,,51,4,,0,XMB
GL,10,2023,7,20,27,-0.9,-0.7,23,9,mayne,48.975,-125.2888,48.97458,-125.2889,10,,1,52,,11,,51,5,,0,XMB
GL,10,2023,7,20,27,-0.9,-0.7,23,9,mayne,48.975,-125.2888,48.97458,-125.2889,10,,1,54,,11,,51,5,,0,XMB
GL,10,2023,7,20,27,-0.9,-0.7,23,9,mayne,48.975,-125.2888,48.97458,-125.2889,10,,1,55,,11,,51,5,,0,XMB
GL,10,2023,7,20,27,-0.9,-0.7,23,9,mayne,48.975,-125.2888,48.97458,-125.2889,10,,3,52,,12,,51,5,,0,XMB
GL,10,2023,7,20,27,-0.9,-0.7,23,9,mayne,48.975,-125.2888,48.97458,-125.2889,10,,3,55,,13,,51,5,,0,XMB
GL,10,2023,7,20,27,-0.9,-0.7,23,9,mayne,48.975,-125.2888,48.97458,-125.2889,10,,1,53,,11,,51,5,,0,XMB
GL,10,2023,7,20,27,-0.9,-0.7,23,9,mayne,48.975,-125.2888,48.97458,-125.2889,10,,1,50,,11,,51,5,,0,XMB
GL,10,2023,7,20,27,-0.9,-0.7,23,9,mayne,48.975,-125.2888,48.97458,-125.2889,10,,1,52,,11,,51,5,,0,XMB
GL,10,2023,7,20,27,-0.9,-0.7,23,9,mayne,48.975,-125.2888,48.97458,-125.2889,10,,3,46,,12,,51,5,,0,XMB
GL,10,2023,7,20,27,-0.9,-0.7,23,9,mayne,48.975,-125.2888,48.97458,-125.2889,10,,3,36,,12,,51,5,,0,XMB
GL,10,2023,7,20,27,-0.9,-0.7,23,9,mayne,48.975,-125.2888,48.97458,-125.2889,10,,3,54,,14,,51,5,,0,XMB
GL,10,2023,7,20,27,-0.9,-0.7,23,9,mayne,48.975,-125.2888,48.97458,-125.2889,10,,1,45,,11,,51,5,,0,XMB
GL,11,2023,7,20,27,-0.9,-0.7,23,9,mayne,48.97455,-125.2891,48.9746,-125.2898,10,,1,49,,11,,51,1,,0,XMB
GL,11,2023,7,20,27,-0.9,-0.7,23,9,mayne,48.97455,-125.2891,48.9746,-125.2898,10,,3,64,,11,,51,1,,0,XMB
GL,11,2023,7,20,27,-0.9,-0.7,23,9,mayne,48.97455,-125.2891,48.9746,-125.2898,10,,1,48,,12,,51,1,,0,XMB
GL,11,2023,7,20,27,-0.9,-0.7,23,9,mayne,48.97455,-125.2891,48.9746,-125.2898,10,,1,56,,11,,51,1,,0,XMB
GL,11,2023,7,20,27,-0.9,-0.7,23,9,mayne,48.97455,-125.2891,48.9746,-125.2898,10,,3,62,,14,,51,1,,0,XMB
GL,11,2023,7,20,27,-0.9,-0.7,23,9,mayne,48.97455,-125.2891,48.9746,-125.2898,10,,1,46,,11,,51,1,,0,XMB
GL,11,2023,7,20,27,-0.9,-0.7,23,9,mayne,48.97455,-125.2891,48.9746,-125.2898,10,,3,59,,14,,51,1,,0,XMB
GL,11,2023,7,20,27,-0.9,-0.7,23,9,mayne,48.97455,-125.2891,48.9746,-125.2898,10,,3,52,,12,,51,1,,0,XMB
GL,11,2023,7,20,27,-0.9,-0.7,23,9,mayne,48.97455,-125.2891,48.9746,-125.2898,10,,1,53,,11,,51,1,,0,XMB
GL,11,2023,7,20,27,-0.9,-0.7,23,9,mayne,48.97455,-125.2891,48.9746,-125.2898,10,,1,59,,12,,51,1,,0,XMB
GL,11,2023,7,20,27,-0.9,-0.7,23,9,mayne,48.97455,-125.2891,48.9746,-125.2898,10,,1,53,,11,,51,1,,0,XMB
GL,11,2023,7,20,27,-0.9,-0.7,23,9,mayne,48.97455,-125.2891,48.9746,-125.2898,10,,3,50,,12,,51,1,,0,XMB
GL,11,2023,7,20,27,-0.9,-0.7,23,9,mayne,48.97455,-125.2891,48.9746,-125.2898,10,,1,49,,11,,51,1,,0,XMB
GL,11,2023,7,20,27,-0.9,-0.7,23,9,mayne,48.97455,-125.2891,48.9746,-125.2898,10,,1,49,,11,,51,1,,0,XMB
GL,11,2023,7,20,27,-0.9,-0.7,23,9,mayne,48.97455,-125.2891,48.9746,-125.2898,10,,3,55,,12,,51,1,,0,XMB
GL,11,2023,7,20,27,-0.9,-0.7,23,9,mayne,48.97455,-125.2891,48.9746,-125.2898,10,,3,49,,12,,51,1,,0,XMB
GL,11,2023,7,20,27,-0.9,-0.7,23,9,mayne,48.97455,-125.2891,48.9746,-125.2898,10,,3,48,,12,,51,1,,0,XMB
GL,11,2023,7,20,27,-0.9,-0.7,23,9,mayne,48.97455,-125.2891,48.9746,-125.2898,10,,1,57,,11,,51,1,,0,XMB
GL,11,2023,7,20,27,-0.9,-0.7,23,9,mayne,48.97455,-125.2891,48.9746,-125.2898,10,,1,49,,11,,51,1,,0,XMB
GL,11,2023,7,20,27,-0.9,-0.7,23,9,mayne,48.97455,-125.2891,48.9746,-125.2898,10,,3,46,,12,,51,1,,0,XMB
GL,11,2023,7,20,27,-0.9,-0.7,23,9,mayne,48.97455,-125.2891,48.9746,-125.2898,10,,1,46,,11,,51,1,,0,XMB
GL,11,2023,7,20,27,-0.9,-0.7,23,9,mayne,48.97455,-125.2891,48.9746,-125.2898,10,,1,46,,12,,51,1,,0,XMB
GL,11,2023,7,20,27,-0.9,-0.7,23,9,mayne,48.97455,-125.2891,48.9746,-125.2898,10,,1,42,,12,,51,1,,0,XMB
GL,11,2023,7,20,27,-0.9,-0.7,23,9,mayne,48.97455,-125.2891,48.9746,-125.2898,10,,1,42,,12,,51,1,,0,XMB
GL,11,2023,7,20,27,-0.9,-0.7,23,9,mayne,48.97455,-125.2891,48.9746,-125.2898,10,,1,46,,11,,51,1,,0,XMB
GL,11,2023,7,20,27,-0.9,-0.7,23,9,mayne,48.97455,-125.2891,48.9746,-125.2898,10,,3,41,,12,,51,1,,0,XMB
GL,11,2023,7,20,27,-0.9,-0.7,23,9,mayne,48.97455,-125.2891,48.9746,-125.2898,10,,,,,,,51,2,,15,848
GL,11,2023,7,20,27,-0.9,-0.7,23,9,mayne,48.97455,-125.2891,48.9746,-125.2898,10,,1,56,,11,,51,3,,0,XMB
GL,11,2023,7,20,27,-0.9,-0.7,23,9,mayne,48.97455,-125.2891,48.9746,-125.2898,10,,1,63,,11,,51,4,,0,XMB
GL,11,2023,7,20,27,-0.9,-0.7,23,9,mayne,48.97455,-125.2891,48.9746,-125.2898,10,,1,56,,11,,51,4,,0,XMB
GL,11,2023,7,20,27,-0.9,-0.7,23,9,mayne,48.97455,-125.2891,48.9746,-125.2898,10,,1,62,,11,,51,4,,0,XMB
GL,11,2023,7,20,27,-0.9,-0.7,23,9,mayne,48.97455,-125.2891,48.9746,-125.2898,10,,1,56,,11,,51,4,,0,XMB
GL,11,2023,7,20,27,-0.9,-0.7,23,9,mayne,48.97455,-125.2891,48.9746,-125.2898,10,,1,56,,11,,51,4,,0,XMB
GL,11,2023,7,20,27,-0.9,-0.7,23,9,mayne,48.97455,-125.2891,48.9746,-125.2898,10,,1,56,,11,,51,4,,0,XMB
GL,11,2023,7,20,27,-0.9,-0.7,23,9,mayne,48.97455,-125.2891,48.9746,-125.2898,10,,1,62,,11,,51,5,,0,XMB
GL,11,2023,7,20,27,-0.9,-0.7,23,9,mayne,48.97455,-125.2891,48.9746,-125.2898,10,,1,77,,11,,51,6,,0,XMB
GL,11,2023,7,20,27,-0.9,-0.7,23,9,mayne,48.97455,-125.2891,48.9746,-125.2898,10,,1,53,,11,,51,6,,0,XMB
GL,11,2023,7,20,27,-0.9,-0.7,23,9,mayne,48.97455,-125.2891,48.9746,-125.2898,10,,1,82,,11,,51,6,,0,XMB
GL,11,2023,7,20,27,-0.9,-0.7,23,9,mayne,48.97455,-125.2891,48.9746,-125.2898,10,,1,69,,13,,51,6,,0,XMB
GL,11,2023,7,20,27,-0.9,-0.7,23,9,mayne,48.97455,-125.2891,48.9746,-125.2898,10,,1,53,,11,,51,6,,0,XMB
GL,11,2023,7,20,27,-0.9,-0.7,23,9,mayne,48.97455,-125.2891,48.9746,-125.2898,10,,1,59,,11,,51,6,,0,XMB
GL,11,2023,7,20,27,-0.9,-0.7,23,9,mayne,48.97455,-125.2891,48.9746,-125.2898,10,,1,62,,12,,51,6,,0,XMB
GL,11,2023,7,20,27,-0.9,-0.7,23,9,mayne,48.97455,-125.2891,48.9746,-125.2898,10,,1,46,,11,,51,6,,0,XMB
GL,11,2023,7,20,27,-0.9,-0.7,23,9,mayne,48.97455,-125.2891,48.9746,-125.2898,10,,1,57,,11,,51,6,,0,XMB
GL,11,2023,7,20,27,-0.9,-0.7,23,9,mayne,48.97455,-125.2891,48.9746,-125.2898,10,,3,59,,13,,51,6,,0,XMB
GL,11,2023,7,20,27,-0.9,-0.7,23,9,mayne,48.97455,-125.2891,48.9746,-125.2898,10,,1,,56,,,51,6,,0,XKE
GL,11,2023,7,20,27,-0.9,-0.7,23,9,mayne,48.97455,-125.2891,48.9746,-125.2898,10,,3,,116,,,51,6,,0,XKE
GL,12,2023,7,20,26,-0.8,3.3,23,9,mayne,48.97488,-125.2892,48.97505,-125.2897,10,only 5 traps set,1,52,,11,,51,1,,0,XMB
GL,12,2023,7,20,26,-0.8,3.3,23,9,mayne,48.97488,-125.2892,48.97505,-125.2897,10,only 5 traps set,1,44,,11,,51,2,,0,XMB
GL,12,2023,7,20,26,-0.8,3.3,23,9,mayne,48.97488,-125.2892,48.97505,-125.2897,10,only 5 traps set,1,,57,,,51,2,,0,ZCA
GL,12,2023,7,20,26,-0.8,3.3,23,9,mayne,48.97488,-125.2892,48.97505,-125.2897,10,only 5 traps set,3,61,,12,,51,3,,0,XMB
GL,12,2023,7,20,26,-0.8,3.3,23,9,mayne,48.97488,-125.2892,48.97505,-125.2897,10,only 5 traps set,1,74,,11,,51,3,,0,XMB
GL,12,2023,7,20,26,-0.8,3.3,23,9,mayne,48.97488,-125.2892,48.97505,-125.2897,10,only 5 traps set,1,56,,12,,51,3,,0,XMB
GL,12,2023,7,20,26,-0.8,3.3,23,9,mayne,48.97488,-125.2892,48.97505,-125.2897,10,only 5 traps set,1,72,,14,,51,3,,0,XMB
GL,12,2023,7,20,26,-0.8,3.3,23,9,mayne,48.97488,-125.2892,48.97505,-125.2897,10,only 5 traps set,1,81,,11,,51,3,,0,XMB
GL,12,2023,7,20,26,-0.8,3.3,23,9,mayne,48.97488,-125.2892,48.97505,-125.2897,10,only 5 traps set,1,59,,11,,51,3,,0,XMB
GL,12,2023,7,20,26,-0.8,3.3,23,9,mayne,48.97488,-125.2892,48.97505,-125.2897,10,only 5 traps set,1,73,,11,,51,3,,0,XMB
GL,12,2023,7,20,26,-0.8,3.3,23,9,mayne,48.97488,-125.2892,48.97505,-125.2897,10,only 5 traps set,1,,115,,,51,3,,0,XLA
GL,12,2023,7,20,26,-0.8,3.3,23,9,mayne,48.97488,-125.2892,48.97505,-125.2897,10,only 5 traps set,1,,123,,,51,4,,0,XLA
GL,12,2023,7,20,26,-0.8,3.3,23,9,mayne,48.97488,-125.2892,48.97505,-125.2897,10,only 5 traps set,3,,101,,,51,4,,0,XLA
GL,12,2023,7,20,26,-0.8,3.3,23,9,mayne,48.97488,-125.2892,48.97505,-125.2897,10,only 5 traps set,1,,109,,,51,4,,0,XLA
GL,12,2023,7,20,26,-0.8,3.3,23,9,mayne,48.97488,-125.2892,48.97505,-125.2897,10,only 5 traps set,3,,111,,,51,4,,0,XLA
GL,12,2023,7,20,26,-0.8,3.3,23,9,mayne,48.97488,-125.2892,48.97505,-125.2897,10,only 5 traps set,1,,142,,,51,4,,0,XLA
GL,12,2023,7,20,26,-0.8,3.3,23,9,mayne,48.97488,-125.2892,48.97505,-125.2897,10,only 5 traps set,1,,125,,,51,4,,0,XLA
GL,12,2023,7,20,26,-0.8,3.3,23,9,mayne,48.97488,-125.2892,48.97505,-125.2897,10,only 5 traps set,1,,167,,,51,4,,0,XLA
GL,12,2023,7,20,26,-0.8,3.3,23,9,mayne,48.97488,-125.2892,48.97505,-125.2897,10,only 5 traps set,1,,162,3,,51,4,,0,XLA
GL,12,2023,7,20,26,-0.8,3.3,23,9,mayne,48.97488,-125.2892,48.97505,-125.2897,10,only 5 traps set,3,,124,,,51,4,,0,XLA
GL,12,2023,7,20,26,-0.8,3.3,23,9,mayne,48.97488,-125.2892,48.97505,-125.2897,10,only 5 traps set,1,,129,,,51,5,,0,XLA
GL,12,2023,7,20,26,-0.8,3.3,23,9,mayne,48.97488,-125.2892,48.97505,-125.2897,10,only 5 traps set,1,,156,,,51,4,,0,XLA
GL,12,2023,7,20,26,-0.8,3.3,23,9,mayne,48.97488,-125.2892,48.97505,-125.2897,10,only 5 traps set,3,,148,,,51,5,,0,XLA
GL,12,2023,7,20,26,-0.8,3.3,23,9,mayne,48.97488,-125.2892,48.97505,-125.2897,10,only 5 traps set,1,,171,,,51,5,,0,XLA
GL,12,2023,7,20,26,-0.8,3.3,23,9,mayne,48.97488,-125.2892,48.97505,-125.2897,10,only 5 traps set,1,,120,,,51,5,,0,XLA
GL,12,2023,7,20,26,-0.8,3.3,23,9,mayne,48.97488,-125.2892,48.97505,-125.2897,10,only 5 traps set,1,,97,,,51,5,,0,XLA
GL,12,2023,7,20,26,-0.8,3.3,23,9,mayne,48.97488,-125.2892,48.97505,-125.2897,10,only 5 traps set,1,,123,,,51,5,,0,XLA
GL,12,2023,7,20,26,-0.8,3.3,23,9,mayne,48.97488,-125.2892,48.97505,-125.2897,10,only 5 traps set,1,,141,,,51,5,,0,XLA
GL,12,2023,7,20,26,-0.8,3.3,23,9,mayne,48.97488,-125.2892,48.97505,-125.2897,10,only 5 traps set,1,,152,,,51,5,,0,XLA
GL,13,2023,7,21,26,-0.5,-0.3,23,6,useless,48.99383,-125.0271,48.99348,-125.0267,10,,1,50,,12,,51,1,,0,XMB
GL,13,2023,7,21,26,-0.5,-0.3,23,6,useless,48.99383,-125.0271,48.99348,-125.0267,10,,,,,,,51,2,,15,848
GL,13,2023,7,21,26,-0.5,-0.3,23,6,useless,48.99383,-125.0271,48.99348,-125.0267,10,,1,60,,12,,51,3,,0,XMB
GL,13,2023,7,21,26,-0.5,-0.3,23,6,useless,48.99383,-125.0271,48.99348,-125.0267,10,,1,66,,11,,51,3,,0,XMB
GL,13,2023,7,21,26,-0.5,-0.3,23,6,useless,48.99383,-125.0271,48.99348,-125.0267,10,,1,,60,,,51,3,,0,XKE
GL,13,2023,7,21,26,-0.5,-0.3,23,6,useless,48.99383,-125.0271,48.99348,-125.0267,10,,1,52,,11,,51,4,,0,XMB
GL,13,2023,7,21,26,-0.5,-0.3,23,6,useless,48.99383,-125.0271,48.99348,-125.0267,10,,1,50,,11,,51,4,,0,XMB
GL,13,2023,7,21,26,-0.5,-0.3,23,6,useless,48.99383,-125.0271,48.99348,-125.0267,10,,3,49,,12,,51,5,,0,XMB
GL,13,2023,7,21,26,-0.5,-0.3,23,6,useless,48.99383,-125.0271,48.99348,-125.0267,10,,3,51,,12,,51,5,,0,XMB
GL,13,2023,7,21,26,-0.5,-0.3,23,6,useless,48.99383,-125.0271,48.99348,-125.0267,10,,1,,56,,,51,5,,0,XKE
GL,13,2023,7,21,26,-0.5,-0.3,23,6,useless,48.99383,-125.0271,48.99348,-125.0267,10,,1,,71,,,51,5,,0,XKE
GL,13,2023,7,21,26,-0.5,-0.3,23,6,useless,48.99383,-125.0271,48.99348,-125.0267,10,,1,46,,12,,51,6,,0,XMB
GL,14,2023,7,21,26,-0.5,-0.3,23,6,useless,48.99317,-125.0262,48.99283,-125.0266,10,,,,,,,51,1,,15,848
GL,14,2023,7,21,26,-0.5,-0.3,23,6,useless,48.99317,-125.0262,48.99283,-125.0266,10,,,,,,,51,2,,15,848
GL,14,2023,7,21,26,-0.5,-0.3,23,6,useless,48.99317,-125.0262,48.99283,-125.0266,10,,,,,,,51,3,,15,848
GL,14,2023,7,21,26,-0.5,-0.3,23,6,useless,48.99317,-125.0262,48.99283,-125.0266,10,,1,51,,11,,51,4,,0,XMB
GL,14,2023,7,21,26,-0.5,-0.3,23,6,useless,48.99317,-125.0262,48.99283,-125.0266,10,,3,46,,12,,51,4,,0,XMB
GL,14,2023,7,21,26,-0.5,-0.3,23,6,useless,48.99317,-125.0262,48.99283,-125.0266,10,,,,,,,51,5,,15,848
GL,14,2023,7,21,26,-0.5,-0.3,23,6,useless,48.99317,-125.0262,48.99283,-125.0266,10,,1,,76,,,51,6,,0,XKE
GL,14,2023,7,21,26,-0.5,-0.3,23,6,useless,48.99317,-125.0262,48.99283,-125.0266,10,,1,56,,11,,51,6,,0,XMB
GL,16,2023,7,21,22,-1,-0.6,23,6,vernon,49.00908,-125.1435,49.00867,-125.1434,10,removed off beach by hand,,,,,,51,1,,15,848
GL,16,2023,7,21,22,-1,-0.6,23,6,vernon,49.00908,-125.1435,49.00867,-125.1434,10,removed off beach by hand,,,,,,51,2,,15,848
GL,16,2023,7,21,22,-1,-0.6,23,6,vernon,49.00908,-125.1435,49.00867,-125.1434,10,removed off beach by hand,1,,52,,,51,3,,0,XKE
GL,16,2023,7,21,22,-1,-0.6,23,6,vernon,49.00908,-125.1435,49.00867,-125.1434,10,removed off beach by hand,,,,,,51,4,,15,848
GL,16,2023,7,21,22,-1,-0.6,23,6,vernon,49.00908,-125.1435,49.00867,-125.1434,10,removed off beach by hand,,,,,,51,5,,15,848
GL,16,2023,7,21,22,-1,-0.6,23,6,vernon,49.00908,-125.1435,49.00867,-125.1434,10,removed off beach by hand,,,,,,51,6,,15,848
GL,17,2023,7,21,22,-1.1,-0.6,23,6,vernon,49.00823,-125.1431,49.00798,-125.1426,10,removed off beach by hand,1,43,,11,,51,5,,0,XMB
GL,17,2023,7,21,22,-1.1,-0.6,23,6,vernon,49.00823,-125.1431,49.00798,-125.1426,10,removed off beach by hand,,,,,,51,6,,15,848
GL,17,2023,7,21,22,-1.1,-0.6,23,6,vernon,49.00823,-125.1431,49.00798,-125.1426,10,removed off beach by hand,,,,,,51,1,,15,848
GL,17,2023,7,21,22,-1.1,-0.6,23,6,vernon,49.00823,-125.1431,49.00798,-125.1426,10,removed off beach by hand,1,42,,11,,51,2,,0,XMB
GL,17,2023,7,21,22,-1.1,-0.6,23,6,vernon,49.00823,-125.1431,49.00798,-125.1426,10,removed off beach by hand,,,,,,51,3,,15,848
GL,17,2023,7,21,22,-1.1,-0.6,23,6,vernon,49.00823,-125.1431,49.00798,-125.1426,10,removed off beach by hand,1,58,,11,,51,4,,0,XMB
GL,17,2023,7,21,22,-1.1,-0.6,23,6,vernon,49.00823,-125.1431,49.00798,-125.1426,10,removed off beach by hand,1,47,,11,,51,4,,0,XMB
GL,17,2023,7,21,22,-1.1,-0.6,23,6,vernon,49.00823,-125.1431,49.00798,-125.1426,10,removed off beach by hand,3,49,,12,,51,5,,0,XMB
GL,18,2023,7,21,22,-0.8,11.2,23,6,vernon,49.00765,-125.1425,49.00723,-125.1428,10,,3,,39,,,51,1,,0,XKE
GL,18,2023,7,21,22,-0.8,11.2,23,6,vernon,49.00765,-125.1425,49.00723,-125.1428,10,,1,50,,12,,51,2,,0,XMB
GL,18,2023,7,21,22,-0.8,11.2,23,6,vernon,49.00765,-125.1425,49.00723,-125.1428,10,,1,50,,11,,51,2,,0,XMB
GL,18,2023,7,21,22,-0.8,11.2,23,6,vernon,49.00765,-125.1425,49.00723,-125.1428,10,,,,,,,51,3,,15,848
GL,18,2023,7,21,22,-0.8,11.2,23,6,vernon,49.00765,-125.1425,49.00723,-125.1428,10,,,,,,,51,4,,15,848
GL,18,2023,7,21,22,-0.8,11.2,23,6,vernon,49.00765,-125.1425,49.00723,-125.1428,10,,1,,62,,,51,5,,0,XKE
GL,18,2023,7,21,22,-0.8,11.2,23,6,vernon,49.00765,-125.1425,49.00723,-125.1428,10,,1,,69,,,51,5,,0,XKE
GL,18,2023,7,21,22,-0.8,11.2,23,6,vernon,49.00765,-125.1425,49.00723,-125.1428,10,,1,,63,,,51,5,,0,XKE
GL,18,2023,7,21,22,-0.8,11.2,23,6,vernon,49.00765,-125.1425,49.00723,-125.1428,10,,1,,71,,,51,5,,0,XKE
GL,18,2023,7,21,22,-0.8,11.2,23,6,vernon,49.00765,-125.1425,49.00723,-125.1428,10,,3,,65,,,51,5,,0,XKE
GL,18,2023,7,21,22,-0.8,11.2,23,6,vernon,49.00765,-125.1425,49.00723,-125.1428,10,,1,,156,,,51,5,,0,XLA
GL,18,2023,7,21,22,-0.8,11.2,23,6,vernon,49.00765,-125.1425,49.00723,-125.1428,10,,1,,95,,,51,5,,0,XLA
GL,18,2023,7,21,22,-0.8,11.2,23,6,vernon,49.00765,-125.1425,49.00723,-125.1428,10,,1,,91,,,51,5,,0,XLA
GL,19,2023,7,22,25,-0.5,-0.1,23,4,rainybay,48.98427,-125.0321,48.98393,-125.0317,10,,3,42,,11,,51,1,,0,XMB
GL,19,2023,7,22,25,-0.5,-0.1,23,4,rainybay,48.98427,-125.0321,48.98393,-125.0317,10,,1,45,,12,,51,1,,0,XMB
GL,19,2023,7,22,25,-0.5,-0.1,23,4,rainybay,48.98427,-125.0321,48.98393,-125.0317,10,,1,50,,11,,51,1,,0,XMB
GL,19,2023,7,22,25,-0.5,-0.1,23,4,rainybay,48.98427,-125.0321,48.98393,-125.0317,10,,1,52,,11,,51,1,,0,XMB
GL,19,2023,7,22,25,-0.5,-0.1,23,4,rainybay,48.98427,-125.0321,48.98393,-125.0317,10,,1,49,,11,,51,2,,0,XMB
GL,19,2023,7,22,25,-0.5,-0.1,23,4,rainybay,48.98427,-125.0321,48.98393,-125.0317,10,,3,50,,12,,51,2,,0,XMB
GL,19,2023,7,22,25,-0.5,-0.1,23,4,rainybay,48.98427,-125.0321,48.98393,-125.0317,10,,3,46,,12,,51,2,,0,XMB
GL,19,2023,7,22,25,-0.5,-0.1,23,4,rainybay,48.98427,-125.0321,48.98393,-125.0317,10,,3,52,,14,,51,2,,0,XMB
GL,19,2023,7,22,25,-0.5,-0.1,23,4,rainybay,48.98427,-125.0321,48.98393,-125.0317,10,,1,50,,11,,51,2,,0,XMB
GL,19,2023,7,22,25,-0.5,-0.1,23,4,rainybay,48.98427,-125.0321,48.98393,-125.0317,10,,1,49,,11,,51,2,,0,XMB
GL,19,2023,7,22,25,-0.5,-0.1,23,4,rainybay,48.98427,-125.0321,48.98393,-125.0317,10,,3,60,,13,,51,2,,0,XMB
GL,19,2023,7,22,25,-0.5,-0.1,23,4,rainybay,48.98427,-125.0321,48.98393,-125.0317,10,,3,46,,12,,51,2,,0,XMB
GL,19,2023,7,22,25,-0.5,-0.1,23,4,rainybay,48.98427,-125.0321,48.98393,-125.0317,10,,1,36,,12,,51,2,,0,XMB
GL,19,2023,7,22,25,-0.5,-0.1,23,4,rainybay,48.98427,-125.0321,48.98393,-125.0317,10,,3,49,,12,,51,3,,0,XMB
GL,19,2023,7,22,25,-0.5,-0.1,23,4,rainybay,48.98427,-125.0321,48.98393,-125.0317,10,,3,51,,12,,51,3,,0,XMB
GL,19,2023,7,22,25,-0.5,-0.1,23,4,rainybay,48.98427,-125.0321,48.98393,-125.0317,10,,3,45,,12,,51,3,,0,XMB
GL,19,2023,7,22,25,-0.5,-0.1,23,4,rainybay,48.98427,-125.0321,48.98393,-125.0317,10,,3,49,,12,,51,3,,0,XMB
GL,19,2023,7,22,25,-0.5,-0.1,23,4,rainybay,48.98427,-125.0321,48.98393,-125.0317,10,,3,46,,12,,51,3,,0,XMB
GL,19,2023,7,22,25,-0.5,-0.1,23,4,rainybay,48.98427,-125.0321,48.98393,-125.0317,10,,1,64,,11,,51,4,,0,XMB
GL,19,2023,7,22,25,-0.5,-0.1,23,4,rainybay,48.98427,-125.0321,48.98393,-125.0317,10,,3,42,,12,,51,4,,0,XMB
GL,19,2023,7,22,25,-0.5,-0.1,23,4,rainybay,48.98427,-125.0321,48.98393,-125.0317,10,,3,49,,14,,51,4,,0,XMB
GL,19,2023,7,22,25,-0.5,-0.1,23,4,rainybay,48.98427,-125.0321,48.98393,-125.0317,10,,3,46,,12,,51,4,,0,XMB
GL,19,2023,7,22,25,-0.5,-0.1,23,4,rainybay,48.98427,-125.0321,48.98393,-125.0317,10,,1,48,,11,,51,4,,0,XMB
GL,19,2023,7,22,25,-0.5,-0.1,23,4,rainybay,48.98427,-125.0321,48.98393,-125.0317,10,,1,49,,11,,51,4,,0,XMB
GL,19,2023,7,22,25,-0.5,-0.1,23,4,rainybay,48.98427,-125.0321,48.98393,-125.0317,10,,1,55,,11,,51,4,,0,XMB
GL,19,2023,7,22,25,-0.5,-0.1,23,4,rainybay,48.98427,-125.0321,48.98393,-125.0317,10,,1,45,,11,,51,4,,0,XMB
GL,19,2023,7,22,25,-0.5,-0.1,23,4,rainybay,48.98427,-125.0321,48.98393,-125.0317,10,,3,,29,,,51,4,,0,XKE
GL,19,2023,7,22,25,-0.5,-0.1,23,4,rainybay,48.98427,-125.0321,48.98393,-125.0317,10,,3,52,,12,,51,5,,0,XMB
GL,19,2023,7,22,25,-0.5,-0.1,23,4,rainybay,48.98427,-125.0321,48.98393,-125.0317,10,,3,51,,12,,51,5,,0,XMB
GL,19,2023,7,22,25,-0.5,-0.1,23,4,rainybay,48.98427,-125.0321,48.98393,-125.0317,10,,1,70,,11,,51,4,,0,XMB
GL,19,2023,7,22,25,-0.5,-0.1,23,4,rainybay,48.98427,-125.0321,48.98393,-125.0317,10,,1,59,,11,,51,4,,0,XMB
GL,19,2023,7,22,25,-0.5,-0.1,23,4,rainybay,48.98427,-125.0321,48.98393,-125.0317,10,,3,41,,12,,51,5,,0,XMB
GL,19,2023,7,22,25,-0.5,-0.1,23,4,rainybay,48.98427,-125.0321,48.98393,-125.0317,10,,1,50,,11,,51,6,,0,XMB
GL,19,2023,7,22,25,-0.5,-0.1,23,4,rainybay,48.98427,-125.0321,48.98393,-125.0317,10,,3,49,,12,,51,6,,0,XMB
GL,20,2023,7,22,25,-0.5,0.2,23,4,rainybay,48.98383,-125.0316,48.98345,-125.032,10,,3,55,,12,,51,1,,0,XMB
GL,20,2023,7,22,25,-0.5,0.2,23,4,rainybay,48.98383,-125.0316,48.98345,-125.032,10,,1,50,,11,,51,1,,0,XMB
GL,20,2023,7,22,25,-0.5,0.2,23,4,rainybay,48.98383,-125.0316,48.98345,-125.032,10,,3,47,,12,,51,1,,0,XMB
GL,20,2023,7,22,25,-0.5,0.2,23,4,rainybay,48.98383,-125.0316,48.98345,-125.032,10,,1,57,,11,,51,1,,0,XMB
GL,20,2023,7,22,25,-0.5,0.2,23,4,rainybay,48.98383,-125.0316,48.98345,-125.032,10,,1,48,,11,,51,1,,0,XMB
GL,20,2023,7,22,25,-0.5,0.2,23,4,rainybay,48.98383,-125.0316,48.98345,-125.032,10,,1,49,,11,,51,1,,0,XMB
GL,20,2023,7,22,25,-0.5,0.2,23,4,rainybay,48.98383,-125.0316,48.98345,-125.032,10,,1,41,,12,,51,1,,0,XMB
GL,20,2023,7,22,25,-0.5,0.2,23,4,rainybay,48.98383,-125.0316,48.98345,-125.032,10,,1,51,,11,,51,2,,0,XMB
GL,20,2023,7,22,25,-0.5,0.2,23,4,rainybay,48.98383,-125.0316,48.98345,-125.032,10,,1,56,,11,,51,2,,0,XMB
GL,20,2023,7,22,25,-0.5,0.2,23,4,rainybay,48.98383,-125.0316,48.98345,-125.032,10,,1,55,,11,,51,2,,0,XMB
GL,20,2023,7,22,25,-0.5,0.2,23,4,rainybay,48.98383,-125.0316,48.98345,-125.032,10,,1,51,,11,,51,2,,0,XMB
GL,20,2023,7,22,25,-0.5,0.2,23,4,rainybay,48.98383,-125.0316,48.98345,-125.032,10,,,,,,,51,3,,15,848
GL,20,2023,7,22,25,-0.5,0.2,23,4,rainybay,48.98383,-125.0316,48.98345,-125.032,10,,1,59,,11,,51,4,,0,XMB
GL,20,2023,7,22,25,-0.5,0.2,23,4,rainybay,48.98383,-125.0316,48.98345,-125.032,10,,1,56,,11,,51,4,,0,XMB
GL,20,2023,7,22,25,-0.5,0.2,23,4,rainybay,48.98383,-125.0316,48.98345,-125.032,10,,1,44,,11,,51,4,,0,XMB
GL,20,2023,7,22,25,-0.5,0.2,23,4,rainybay,48.98383,-125.0316,48.98345,-125.032,10,,1,,75,,,51,4,,0,XKE
GL,20,2023,7,22,25,-0.5,0.2,23,4,rainybay,48.98383,-125.0316,48.98345,-125.032,10,,3,49,,12,,51,5,,0,XMB
GL,21,2023,7,22,24,-0.5,2.7,23,4,rainybay,48.98262,-125.0322,48.98225,-125.0326,10,,1,,59,,,51,1,,0,XKE
GL,21,2023,7,22,24,-0.5,2.7,23,4,rainybay,48.98262,-125.0322,48.98225,-125.0326,10,,3,49,,12,,51,1,,0,XMB
GL,21,2023,7,22,24,-0.5,2.7,23,4,rainybay,48.98262,-125.0322,48.98225,-125.0326,10,,1,56,,11,,51,2,,0,XMB
GL,21,2023,7,22,24,-0.5,2.7,23,4,rainybay,48.98262,-125.0322,48.98225,-125.0326,10,,1,45,,11,,51,2,,0,XMB
GL,21,2023,7,22,24,-0.5,2.7,23,4,rainybay,48.98262,-125.0322,48.98225,-125.0326,10,,3,52,,12,,51,3,,0,XMB
GL,21,2023,7,22,24,-0.5,2.7,23,4,rainybay,48.98262,-125.0322,48.98225,-125.0326,10,,1,51,,11,,51,3,,0,XMB
GL,21,2023,7,22,24,-0.5,2.7,23,4,rainybay,48.98262,-125.0322,48.98225,-125.0326,10,,,,,,,51,4,,15,848
GL,21,2023,7,22,24,-0.5,2.7,23,4,rainybay,48.98262,-125.0322,48.98225,-125.0326,10,,1,,65,,,51,5,,0,XKE
GL,21,2023,7,22,24,-0.5,2.7,23,4,rainybay,48.98262,-125.0322,48.98225,-125.0326,10,,3,,50,,,51,6,,0,XKE
GL,22,2023,7,22,25,-0.8,-0.2,23,3,ritherdon,48.95263,-124.9779,48.95275,-124.9784,10,,,,,,,51,1,,15,848
GL,22,2023,7,22,25,-0.8,-0.2,23,3,ritherdon,48.95263,-124.9779,48.95275,-124.9784,10,,1,85,,11,,51,2,,0,XMB
GL,22,2023,7,22,25,-0.8,-0.2,23,3,ritherdon,48.95263,-124.9779,48.95275,-124.9784,10,,,,,,,51,3,,15,848
GL,22,2023,7,22,25,-0.8,-0.2,23,3,ritherdon,48.95263,-124.9779,48.95275,-124.9784,10,,1,49,,11,,51,4,,0,XMB
GL,22,2023,7,22,25,-0.8,-0.2,23,3,ritherdon,48.95263,-124.9779,48.95275,-124.9784,10,,,,,,,51,5,,15,848
GL,22,2023,7,22,25,-0.8,-0.2,23,3,ritherdon,48.95263,-124.9779,48.95275,-124.9784,10,,1,71,,11,,51,6,,0,XMB
GL,22,2023,7,22,25,-0.8,-0.2,23,3,ritherdon,48.95263,-124.9779,48.95275,-124.9784,10,,1,59,,11,,51,6,,0,XMB
GL,22,2023,7,22,25,-0.8,-0.2,23,3,ritherdon,48.95263,-124.9779,48.95275,-124.9784,10,,1,,61,,,51,6,,0,XLA
GL,23,2023,7,22,25,-0.8,-0.5,23,3,ritherdon,48.95218,-124.9785,48.95205,-124.9791,10,,1,52,,11,,51,1,,0,XMB
GL,23,2023,7,22,25,-0.8,-0.5,23,3,ritherdon,48.95218,-124.9785,48.95205,-124.9791,10,,3,50,,12,,51,1,,0,XMB
GL,23,2023,7,22,25,-0.8,-0.5,23,3,ritherdon,48.95218,-124.9785,48.95205,-124.9791,10,,3,,10,,,51,2,,0,YQC
GL,23,2023,7,22,25,-0.8,-0.5,23,3,ritherdon,48.95218,-124.9785,48.95205,-124.9791,10,,,,,,,51,3,,15,848
GL,23,2023,7,22,25,-0.8,-0.5,23,3,ritherdon,48.95218,-124.9785,48.95205,-124.9791,10,,1,,17,,,51,4,,0,YQC
GL,23,2023,7,22,25,-0.8,-0.5,23,3,ritherdon,48.95218,-124.9785,48.95205,-124.9791,10,,,,,,,51,5,,15,848
GL,23,2023,7,22,25,-0.8,-0.5,23,3,ritherdon,48.95218,-124.9785,48.95205,-124.9791,10,,1,,19,,,51,6,,0,YQC
GL,24,2023,7,22,25,-0.7,209,23,3,ritherdon,48.95237,-124.9789,48.9526,-124.9793,10,,3,61,,14,,51,1,,0,XMB
GL,24,2023,7,22,25,-0.7,209,23,3,ritherdon,48.95237,-124.9789,48.9526,-124.9793,10,,3,,12,,,51,2,,0,YQC
GL,24,2023,7,22,25,-0.7,209,23,3,ritherdon,48.95237,-124.9789,48.9526,-124.9793,10,,,,,,,51,3,,15,848
GL,24,2023,7,22,25,-0.7,209,23,3,ritherdon,48.95237,-124.9789,48.9526,-124.9793,10,,3,,71,,,51,4,,0,XLA
GL,24,2023,7,22,25,-0.7,209,23,3,ritherdon,48.95237,-124.9789,48.9526,-124.9793,10,,1,,82,,,51,4,,0,XLA
GL,24,2023,7,22,25,-0.7,209,23,3,ritherdon,48.95237,-124.9789,48.9526,-124.9793,10,,1,,96,,,51,4,,0,XKG
GL,24,2023,7,22,25,-0.7,209,23,3,ritherdon,48.95237,-124.9789,48.9526,-124.9793,10,,,,,,,51,5,,15,848
GL,25,2023,7,23,24,-1.6,-1.1,23,7,grappler,48.83412,-125.1098,48.83408,-125.1105,10,,1,69,,11,,51,1,,0,XMB
GL,25,2023,7,23,24,-1.6,-1.1,23,7,grappler,48.83412,-125.1098,48.83408,-125.1105,10,,3,64,,,,51,2,,0,XKE
GL,25,2023,7,23,24,-1.6,-1.1,23,7,grappler,48.83412,-125.1098,48.83408,-125.1105,10,,3,59,,,,51,2,,0,XKE
GL,25,2023,7,23,24,-1.6,-1.1,23,7,grappler,48.83412,-125.1098,48.83408,-125.1105,10,,3,62,,,,51,2,,0,XKE
GL,25,2023,7,23,24,-1.6,-1.1,23,7,grappler,48.83412,-125.1098,48.83408,-125.1105,10,,1,84,,11,,51,3,,0,XMB
GL,25,2023,7,23,24,-1.6,-1.1,23,7,grappler,48.83412,-125.1098,48.83408,-125.1105,10,,,,,,,51,4,,15,848
GL,25,2023,7,23,24,-1.6,-1.1,23,7,grappler,48.83412,-125.1098,48.83408,-125.1105,10,,,,,,,51,5,,15,848
GL,25,2023,7,23,24,-1.6,-1.1,23,7,grappler,48.83412,-125.1098,48.83408,-125.1105,10,,,,,,,51,6,,15,848
GL,26,2023,7,23,24,-1.2,-0.8,23,7,grappler,48.83428,-125.111,48.83475,-125.1111,10,,3,46,,12,,51,1,,0,XMB
GL,26,2023,7,23,24,-1.2,-0.8,23,7,grappler,48.83428,-125.111,48.83475,-125.1111,10,,,,,,,51,2,,15,848
GL,26,2023,7,23,24,-1.2,-0.8,23,7,grappler,48.83428,-125.111,48.83475,-125.1111,10,,1,67,,11,,51,3,,0,XMB
GL,26,2023,7,23,24,-1.2,-0.8,23,7,grappler,48.83428,-125.111,48.83475,-125.1111,10,,,,,,,51,4,,15,848
GL,26,2023,7,23,24,-1.2,-0.8,23,7,grappler,48.83428,-125.111,48.83475,-125.1111,10,,1,,92,,,51,5,,0,XKE
GL,26,2023,7,23,24,-1.2,-0.8,23,7,grappler,48.83428,-125.111,48.83475,-125.1111,10,,3,,77,,,51,5,,0,XKE
GL,26,2023,7,23,24,-1.2,-0.8,23,7,grappler,48.83428,-125.111,48.83475,-125.1111,10,,3,,75,,,51,5,,0,XKE
GL,26,2023,7,23,24,-1.2,-0.8,23,7,grappler,48.83428,-125.111,48.83475,-125.1111,10,,1,,75,,,51,5,,0,XKE
GL,26,2023,7,23,24,-1.2,-0.8,23,7,grappler,48.83428,-125.111,48.83475,-125.1111,10,,3,,67,,,51,5,,0,XKE
GL,26,2023,7,23,24,-1.2,-0.8,23,7,grappler,48.83428,-125.111,48.83475,-125.1111,10,,3,,55,,,51,5,,0,XKE
GL,26,2023,7,23,24,-1.2,-0.8,23,7,grappler,48.83428,-125.111,48.83475,-125.1111,10,,3,,52,,,51,5,,0,XKE
GL,26,2023,7,23,24,-1.2,-0.8,23,7,grappler,48.83428,-125.111,48.83475,-125.1111,10,,3,,53,,,51,5,,0,XKE
GL,26,2023,7,23,24,-1.2,-0.8,23,7,grappler,48.83428,-125.111,48.83475,-125.1111,10,,1,,53,,,51,5,,0,XKE
GL,26,2023,7,23,24,-1.2,-0.8,23,7,grappler,48.83428,-125.111,48.83475,-125.1111,10,,1,,62,,,51,5,,0,XKE
GL,26,2023,7,23,24,-1.2,-0.8,23,7,grappler,48.83428,-125.111,48.83475,-125.1111,10,,1,,64,,,51,5,,0,XKE
GL,26,2023,7,23,24,-1.2,-0.8,23,7,grappler,48.83428,-125.111,48.83475,-125.1111,10,,3,,49,,,51,5,,0,XKE
GL,26,2023,7,23,24,-1.2,-0.8,23,7,grappler,48.83428,-125.111,48.83475,-125.1111,10,,,,,,,51,6,,15,848
GL,27,2023,7,23,24,-0.7,0.8,23,7,grappler,48.83465,-125.1104,48.83508,-125.1101,10,,,,,,,51,1,,15,848
GL,27,2023,7,23,24,-0.7,0.8,23,7,grappler,48.83465,-125.1104,48.83508,-125.1101,10,,,,,,,51,2,,15,848
GL,27,2023,7,23,24,-0.7,0.8,23,7,grappler,48.83465,-125.1104,48.83508,-125.1101,10,,3,,91,,,51,3,,0,XKE
GL,27,2023,7,23,24,-0.7,0.8,23,7,grappler,48.83465,-125.1104,48.83508,-125.1101,10,,3,,82,,,51,3,,0,XKE
GL,27,2023,7,23,24,-0.7,0.8,23,7,grappler,48.83465,-125.1104,48.83508,-125.1101,10,,3,,128,,,51,3,,0,XLA
GL,27,2023,7,23,24,-0.7,0.8,23,7,grappler,48.83465,-125.1104,48.83508,-125.1101,10,,3,,114,,,51,4,,0,XLA
GL,27,2023,7,23,24,-0.7,0.8,23,7,grappler,48.83465,-125.1104,48.83508,-125.1101,10,,3,,104,,,51,4,,0,XLA
GL,27,2023,7,23,24,-0.7,0.8,23,7,grappler,48.83465,-125.1104,48.83508,-125.1101,10,,3,,115,,,51,4,,0,XLA
GL,27,2023,7,23,24,-0.7,0.8,23,7,grappler,48.83465,-125.1104,48.83508,-125.1101,10,,,,,,,51,5,,15,848
GL,27,2023,7,23,24,-0.7,0.8,23,7,grappler,48.83465,-125.1104,48.83508,-125.1101,10,,3,,76,,,51,6,,0,XKE
GL,27,2023,7,23,24,-0.7,0.8,23,7,grappler,48.83465,-125.1104,48.83508,-125.1101,10,,1,,93,,,51,6,,0,XKE
GL,27,2023,7,23,24,-0.7,0.8,23,7,grappler,48.83465,-125.1104,48.83508,-125.1101,10,,1,,66,,,51,6,,0,XKE
GL,27,2023,7,23,24,-0.7,0.8,23,7,grappler,48.83465,-125.1104,48.83508,-125.1101,10,,3,,83,,,51,6,,0,XKE
GL,28,2023,7,23,22,0.2,0.2,23,7,bamfield,48.81495,-125.157,48.8147,-125.1577,10,,1,65,,11,,51,1,,0,XMB
GL,28,2023,7,23,22,0.2,0.2,23,7,bamfield,48.81495,-125.157,48.8147,-125.1577,10,,1,69,,11,,51,1,,0,XMB
GL,28,2023,7,23,22,0.2,0.2,23,7,bamfield,48.81495,-125.157,48.8147,-125.1577,10,,1,,71,,,51,1,,0,XKE
GL,28,2023,7,23,22,0.2,0.2,23,7,bamfield,48.81495,-125.157,48.8147,-125.1577,10,,,,,,,51,2,,15,848
GL,28,2023,7,23,22,0.2,0.2,23,7,bamfield,48.81495,-125.157,48.8147,-125.1577,10,,3,,71,,,51,3,,0,XKE
GL,28,2023,7,23,22,0.2,0.2,23,7,bamfield,48.81495,-125.157,48.8147,-125.1577,10,,1,,70,,,51,3,,0,XKE
GL,28,2023,7,23,22,0.2,0.2,23,7,bamfield,48.81495,-125.157,48.8147,-125.1577,10,,3,,51,,,51,3,,0,XKE
GL,28,2023,7,23,22,0.2,0.2,23,7,bamfield,48.81495,-125.157,48.8147,-125.1577,10,,1,,52,,,51,3,,0,XKE
GL,28,2023,7,23,22,0.2,0.2,23,7,bamfield,48.81495,-125.157,48.8147,-125.1577,10,,,,,,,51,4,,15,848
GL,28,2023,7,23,22,0.2,0.2,23,7,bamfield,48.81495,-125.157,48.8147,-125.1577,10,,1,,126,,,51,5,,0,XLA
GL,28,2023,7,23,22,0.2,0.2,23,7,bamfield,48.81495,-125.157,48.8147,-125.1577,10,,3,,51,,,51,6,,0,XKE
GL,28,2023,7,23,22,0.2,0.2,23,7,bamfield,48.81495,-125.157,48.8147,-125.1577,10,,3,,69,,,51,6,,0,XKE
GL,28,2023,7,23,22,0.2,0.2,23,7,bamfield,48.81495,-125.157,48.8147,-125.1577,10,,1,,63,,,51,6,,0,XKE
GL,28,2023,7,23,22,0.2,0.2,23,7,bamfield,48.81495,-125.157,48.8147,-125.1577,10,,1,,65,,,51,6,,0,XLA
GL,28,2023,7,23,22,0.2,0.2,23,7,bamfield,48.81495,-125.157,48.8147,-125.1577,10,,1,,145,,,51,6,,0,XLA
GL,29,2023,7,23,22,-1.3,-0.7,23,7,bamfield,48.81392,-125.1582,48.81443,-125.1583,10,,1,,62,,,51,1,,0,XKE
GL,29,2023,7,23,22,-1.3,-0.7,23,7,bamfield,48.81392,-125.1582,48.81443,-125.1583,10,,1,,22,,,51,1,,0,YQC
GL,29,2023,7,23,22,-1.3,-0.7,23,7,bamfield,48.81392,-125.1582,48.81443,-125.1583,10,,3,,62,,,51,2,,0,XKE
GL,29,2023,7,23,22,-1.3,-0.7,23,7,bamfield,48.81392,-125.1582,48.81443,-125.1583,10,,1,,29,,,51,3,,0,YQC
GL,29,2023,7,23,22,-1.3,-0.7,23,7,bamfield,48.81392,-125.1582,48.81443,-125.1583,10,,1,,63,,,51,4,,0,XKE
GL,29,2023,7,23,22,-1.3,-0.7,23,7,bamfield,48.81392,-125.1582,48.81443,-125.1583,10,,1,,64,,,51,5,,0,XKE
GL,29,2023,7,23,22,-1.3,-0.7,23,7,bamfield,48.81392,-125.1582,48.81443,-125.1583,10,,,,,,,51,6,,15,848
GL,30,2023,7,23,22,-1.9,-1.5,23,7,bamfield,48.81595,-125.1587,48.81577,-125.1579,10,,,,,,,51,1,,15,848
GL,30,2023,7,23,22,-1.9,-1.5,23,7,bamfield,48.81595,-125.1587,48.81577,-125.1579,10,,,,,,,51,2,,15,848
GL,30,2023,7,23,22,-1.9,-1.5,23,7,bamfield,48.81595,-125.1587,48.81577,-125.1579,10,,1,,73,,,51,3,,0,XKE
GL,30,2023,7,23,22,-1.9,-1.5,23,7,bamfield,48.81595,-125.1587,48.81577,-125.1579,10,,1,,85,,,51,3,,0,XKE
GL,30,2023,7,23,22,-1.9,-1.5,23,7,bamfield,48.81595,-125.1587,48.81577,-125.1579,10,,1,,59,,,51,3,,0,XKE
GL,30,2023,7,23,22,-1.9,-1.5,23,7,bamfield,48.81595,-125.1587,48.81577,-125.1579,10,,1,,55,,,51,3,,0,XKE
GL,30,2023,7,23,22,-1.9,-1.5,23,7,bamfield,48.81595,-125.1587,48.81577,-125.1579,10,,1,,98,,,51,3,,0,XKE
GL,30,2023,7,23,22,-1.9,-1.5,23,7,bamfield,48.81595,-125.1587,48.81577,-125.1579,10,,1,,91,,,51,3,,0,XKE
GL,30,2023,7,23,22,-1.9,-1.5,23,7,bamfield,48.81595,-125.1587,48.81577,-125.1579,10,,3,,59,,,51,3,,0,XKE
GL,30,2023,7,23,22,-1.9,-1.5,23,7,bamfield,48.81595,-125.1587,48.81577,-125.1579,10,,3,,85,,,51,3,,0,XKE
GL,30,2023,7,23,22,-1.9,-1.5,23,7,bamfield,48.81595,-125.1587,48.81577,-125.1579,10,,1,,61,,,51,3,,0,XKE
GL,30,2023,7,23,22,-1.9,-1.5,23,7,bamfield,48.81595,-125.1587,48.81577,-125.1579,10,,3,,77,,,51,3,,0,XKE
GL,30,2023,7,23,22,-1.9,-1.5,23,7,bamfield,48.81595,-125.1587,48.81577,-125.1579,10,,3,,64,,,51,3,,0,XKE
GL,30,2023,7,23,22,-1.9,-1.5,23,7,bamfield,48.81595,-125.1587,48.81577,-125.1579,10,,3,,63,,,51,3,,0,XKE
GL,30,2023,7,23,22,-1.9,-1.5,23,7,bamfield,48.81595,-125.1587,48.81577,-125.1579,10,,3,,59,,,51,3,,0,XKE
GL,30,2023,7,23,22,-1.9,-1.5,23,7,bamfield,48.81595,-125.1587,48.81577,-125.1579,10,,1,,74,,,51,3,,0,XKE
GL,30,2023,7,23,22,-1.9,-1.5,23,7,bamfield,48.81595,-125.1587,48.81577,-125.1579,10,,3,,60,,,51,3,,0,XKE
GL,30,2023,7,23,22,-1.9,-1.5,23,7,bamfield,48.81595,-125.1587,48.81577,-125.1579,10,,1,,71,,,51,3,,0,XKE
GL,30,2023,7,23,22,-1.9,-1.5,23,7,bamfield,48.81595,-125.1587,48.81577,-125.1579,10,,3,,70,,,51,3,,0,XKE
GL,30,2023,7,23,22,-1.9,-1.5,23,7,bamfield,48.81595,-125.1587,48.81577,-125.1579,10,,3,,69,,,51,3,,0,XKE
GL,30,2023,7,23,22,-1.9,-1.5,23,7,bamfield,48.81595,-125.1587,48.81577,-125.1579,10,,1,,70,,,51,3,,0,XKE
GL,30,2023,7,23,22,-1.9,-1.5,23,7,bamfield,48.81595,-125.1587,48.81577,-125.1579,10,,3,,50,,,51,3,,0,XKE
GL,30,2023,7,23,22,-1.9,-1.5,23,7,bamfield,48.81595,-125.1587,48.81577,-125.1579,10,,3,,56,,,51,3,,0,XKE
GL,30,2023,7,23,22,-1.9,-1.5,23,7,bamfield,48.81595,-125.1587,48.81577,-125.1579,10,,3,,51,,,51,3,,0,XKE
GL,30,2023,7,23,22,-1.9,-1.5,23,7,bamfield,48.81595,-125.1587,48.81577,-125.1579,10,,3,,58,,,51,3,,0,XKE
GL,30,2023,7,23,22,-1.9,-1.5,23,7,bamfield,48.81595,-125.1587,48.81577,-125.1579,10,,1,,51,,,51,3,,0,XKE
GL,30,2023,7,23,22,-1.9,-1.5,23,7,bamfield,48.81595,-125.1587,48.81577,-125.1579,10,,1,,69,,,51,3,,0,XKE
GL,30,2023,7,23,22,-1.9,-1.5,23,7,bamfield,48.81595,-125.1587,48.81577,-125.1579,10,,1,,68,,,51,3,,0,XKE
GL,30,2023,7,23,22,-1.9,-1.5,23,7,bamfield,48.81595,-125.1587,48.81577,-125.1579,10,,1,,60,,,51,3,,0,XKE
GL,30,2023,7,23,22,-1.9,-1.5,23,7,bamfield,48.81595,-125.1587,48.81577,-125.1579,10,,3,,69,,,51,3,,0,XKE
GL,30,2023,7,23,22,-1.9,-1.5,23,7,bamfield,48.81595,-125.1587,48.81577,-125.1579,10,,3,,60,,,51,3,,0,XKE
GL,30,2023,7,23,22,-1.9,-1.5,23,7,bamfield,48.81595,-125.1587,48.81577,-125.1579,10,,3,,76,,,51,3,,0,XKE
GL,30,2023,7,23,22,-1.9,-1.5,23,7,bamfield,48.81595,-125.1587,48.81577,-125.1579,10,,1,,61,,,51,3,,0,XKE
GL,30,2023,7,23,22,-1.9,-1.5,23,7,bamfield,48.81595,-125.1587,48.81577,-125.1579,10,,3,,81,,,51,3,,0,XKE
GL,30,2023,7,23,22,-1.9,-1.5,23,7,bamfield,48.81595,-125.1587,48.81577,-125.1579,10,,1,,58,,,51,3,,0,XKE
GL,30,2023,7,23,22,-1.9,-1.5,23,7,bamfield,48.81595,-125.1587,48.81577,-125.1579,10,,1,,59,,,51,3,,0,XKE
GL,30,2023,7,23,22,-1.9,-1.5,23,7,bamfield,48.81595,-125.1587,48.81577,-125.1579,10,,1,,64,,,51,3,,0,XKE
GL,30,2023,7,23,22,-1.9,-1.5,23,7,bamfield,48.81595,-125.1587,48.81577,-125.1579,10,,1,,69,,,51,3,,0,XKE
GL,30,2023,7,23,22,-1.9,-1.5,23,7,bamfield,48.81595,-125.1587,48.81577,-125.1579,10,,3,,63,,,51,3,,0,XKE
GL,30,2023,7,23,22,-1.9,-1.5,23,7,bamfield,48.81595,-125.1587,48.81577,-125.1579,10,,3,,66,,,51,3,,0,XKE
GL,30,2023,7,23,22,-1.9,-1.5,23,7,bamfield,48.81595,-125.1587,48.81577,-125.1579,10,,3,,69,,,51,3,,0,XKE
GL,30,2023,7,23,22,-1.9,-1.5,23,7,bamfield,48.81595,-125.1587,48.81577,-125.1579,10,,3,,80,,,51,3,,0,XKE
GL,30,2023,7,23,22,-1.9,-1.5,23,7,bamfield,48.81595,-125.1587,48.81577,-125.1579,10,,1,,82,,,51,3,,0,XKE
GL,30,2023,7,23,22,-1.9,-1.5,23,7,bamfield,48.81595,-125.1587,48.81577,-125.1579,10,,3,,79,,,51,3,,0,XKE
GL,30,2023,7,23,22,-1.9,-1.5,23,7,bamfield,48.81595,-125.1587,48.81577,-125.1579,10,,3,,59,,,51,3,,0,XKE
GL,30,2023,7,23,22,-1.9,-1.5,23,7,bamfield,48.81595,-125.1587,48.81577,-125.1579,10,,1,,86,,,51,3,,0,XKE
GL,30,2023,7,23,22,-1.9,-1.5,23,7,bamfield,48.81595,-125.1587,48.81577,-125.1579,10,,1,,79,,,51,3,,0,XKE
GL,30,2023,7,23,22,-1.9,-1.5,23,7,bamfield,48.81595,-125.1587,48.81577,-125.1579,10,,3,,60,,,51,3,,0,XKE
GL,30,2023,7,23,22,-1.9,-1.5,23,7,bamfield,48.81595,-125.1587,48.81577,-125.1579,10,,1,,86,,,51,3,,0,XKE
GL,30,2023,7,23,22,-1.9,-1.5,23,7,bamfield,48.81595,-125.1587,48.81577,-125.1579,10,,3,,69,,,51,3,,0,XKE
GL,30,2023,7,23,22,-1.9,-1.5,23,7,bamfield,48.81595,-125.1587,48.81577,-125.1579,10,,3,,68,,,51,3,,0,XKE
GL,30,2023,7,23,22,-1.9,-1.5,23,7,bamfield,48.81595,-125.1587,48.81577,-125.1579,10,,3,,62,,,51,3,,0,XKE
GL,30,2023,7,23,22,-1.9,-1.5,23,7,bamfield,48.81595,-125.1587,48.81577,-125.1579,10,,3,,61,,,51,3,,0,XKE
GL,30,2023,7,23,22,-1.9,-1.5,23,7,bamfield,48.81595,-125.1587,48.81577,-125.1579,10,,3,,61,,,51,3,,0,XKE
GL,30,2023,7,23,22,-1.9,-1.5,23,7,bamfield,48.81595,-125.1587,48.81577,-125.1579,10,,3,,52,,,51,3,,0,XKE
GL,30,2023,7,23,22,-1.9,-1.5,23,7,bamfield,48.81595,-125.1587,48.81577,-125.1579,10,,3,,59,,,51,3,,0,XKE
GL,30,2023,7,23,22,-1.9,-1.5,23,7,bamfield,48.81595,-125.1587,48.81577,-125.1579,10,,3,,45,,,51,3,,0,XKE
GL,30,2023,7,23,22,-1.9,-1.5,23,7,bamfield,48.81595,-125.1587,48.81577,-125.1579,10,,1,,61,,,51,3,,0,XKE
GL,30,2023,7,23,22,-1.9,-1.5,23,7,bamfield,48.81595,-125.1587,48.81577,-125.1579,10,,3,,56,,,51,3,,0,XKE
GL,30,2023,7,23,22,-1.9,-1.5,23,7,bamfield,48.81595,-125.1587,48.81577,-125.1579,10,,3,,93,,,51,4,,0,XKE
GL,30,2023,7,23,22,-1.9,-1.5,23,7,bamfield,48.81595,-125.1587,48.81577,-125.1579,10,,1,,92,,,51,4,,0,XKE
GL,30,2023,7,23,22,-1.9,-1.5,23,7,bamfield,48.81595,-125.1587,48.81577,-125.1579,10,,3,,69,,,51,4,,0,XKE
GL,30,2023,7,23,22,-1.9,-1.5,23,7,bamfield,48.81595,-125.1587,48.81577,-125.1579,10,,1,,86,,,51,4,,0,XKE
GL,30,2023,7,23,22,-1.9,-1.5,23,7,bamfield,48.81595,-125.1587,48.81577,-125.1579,10,,1,,89,,,51,4,,0,XKE
GL,30,2023,7,23,22,-1.9,-1.5,23,7,bamfield,48.81595,-125.1587,48.81577,-125.1579,10,,3,,95,,,51,4,,0,XKE
GL,30,2023,7,23,22,-1.9,-1.5,23,7,bamfield,48.81595,-125.1587,48.81577,-125.1579,10,,1,,97,,,51,4,,0,XKE
GL,30,2023,7,23,22,-1.9,-1.5,23,7,bamfield,48.81595,-125.1587,48.81577,-125.1579,10,,3,,85,,,51,4,,0,XKE
GL,30,2023,7,23,22,-1.9,-1.5,23,7,bamfield,48.81595,-125.1587,48.81577,-125.1579,10,,1,,91,,,51,4,,0,XKE
GL,30,2023,7,23,22,-1.9,-1.5,23,7,bamfield,48.81595,-125.1587,48.81577,-125.1579,10,,3,,95,,,51,4,,0,XKE
GL,30,2023,7,23,22,-1.9,-1.5,23,7,bamfield,48.81595,-125.1587,48.81577,-125.1579,10,,1,,72,,,51,4,,0,XKE
GL,30,2023,7,23,22,-1.9,-1.5,23,7,bamfield,48.81595,-125.1587,48.81577,-125.1579,10,,3,,73,,,51,4,,0,XKE
GL,30,2023,7,23,22,-1.9,-1.5,23,7,bamfield,48.81595,-125.1587,48.81577,-125.1579,10,,3,,65,,,51,4,,0,XKE
GL,30,2023,7,23,22,-1.9,-1.5,23,7,bamfield,48.81595,-125.1587,48.81577,-125.1579,10,,3,,69,,,51,4,,0,XKE
GL,30,2023,7,23,22,-1.9,-1.5,23,7,bamfield,48.81595,-125.1587,48.81577,-125.1579,10,,3,,61,,,51,4,,0,XKE
GL,30,2023,7,23,22,-1.9,-1.5,23,7,bamfield,48.81595,-125.1587,48.81577,-125.1579,10,,3,,59,,,51,4,,0,XKE
GL,30,2023,7,23,22,-1.9,-1.5,23,7,bamfield,48.81595,-125.1587,48.81577,-125.1579,10,,3,,87,,,51,4,,0,XKE
GL,30,2023,7,23,22,-1.9,-1.5,23,7,bamfield,48.81595,-125.1587,48.81577,-125.1579,10,,1,,69,,,51,4,,0,XKE
GL,30,2023,7,23,22,-1.9,-1.5,23,7,bamfield,48.81595,-125.1587,48.81577,-125.1579,10,,3,,77,,,51,4,,0,XKE
GL,30,2023,7,23,22,-1.9,-1.5,23,7,bamfield,48.81595,-125.1587,48.81577,-125.1579,10,,3,,65,,,51,4,,0,XKE
GL,30,2023,7,23,22,-1.9,-1.5,23,7,bamfield,48.81595,-125.1587,48.81577,-125.1579,10,,1,,77,,,51,4,,0,XKE
GL,30,2023,7,23,22,-1.9,-1.5,23,7,bamfield,48.81595,-125.1587,48.81577,-125.1579,10,,1,,59,,,51,4,,0,XKE
GL,30,2023,7,23,22,-1.9,-1.5,23,7,bamfield,48.81595,-125.1587,48.81577,-125.1579,10,,1,,73,,,51,4,,0,XKE
GL,30,2023,7,23,22,-1.9,-1.5,23,7,bamfield,48.81595,-125.1587,48.81577,-125.1579,10,,3,,57,,,51,4,,0,XKE
GL,30,2023,7,23,22,-1.9,-1.5,23,7,bamfield,48.81595,-125.1587,48.81577,-125.1579,10,,3,,63,,,51,4,,0,XKE
GL,30,2023,7,23,22,-1.9,-1.5,23,7,bamfield,48.81595,-125.1587,48.81577,-125.1579,10,,1,,62,,,51,4,,0,XKE
GL,30,2023,7,23,22,-1.9,-1.5,23,7,bamfield,48.81595,-125.1587,48.81577,-125.1579,10,,3,,60,,,51,4,,0,XKE
GL,30,2023,7,23,22,-1.9,-1.5,23,7,bamfield,48.81595,-125.1587,48.81577,-125.1579,10,,3,,61,,,51,4,,0,XKE
GL,30,2023,7,23,22,-1.9,-1.5,23,7,bamfield,48.81595,-125.1587,48.81577,-125.1579,10,,1,,67,,,51,4,,0,XKE
GL,30,2023,7,23,22,-1.9,-1.5,23,7,bamfield,48.81595,-125.1587,48.81577,-125.1579,10,,3,,59,,,51,4,,0,XKE
GL,30,2023,7,23,22,-1.9,-1.5,23,7,bamfield,48.81595,-125.1587,48.81577,-125.1579,10,,3,,56,,,51,4,,0,XKE
GL,30,2023,7,23,22,-1.9,-1.5,23,7,bamfield,48.81595,-125.1587,48.81577,-125.1579,10,,1,,49,,,51,4,,0,XKE
GL,30,2023,7,23,22,-1.9,-1.5,23,7,bamfield,48.81595,-125.1587,48.81577,-125.1579,10,,3,,53,,,51,4,,0,XKE
GL,30,2023,7,23,22,-1.9,-1.5,23,7,bamfield,48.81595,-125.1587,48.81577,-125.1579,10,,3,,83,,,51,5,,0,XKE
GL,30,2023,7,23,22,-1.9,-1.5,23,7,bamfield,48.81595,-125.1587,48.81577,-125.1579,10,,,,,,,51,6,,15,848
GL,1,2023,8,9,22,-1,-0.6,27,11,apple,50.60625,-127.6549,50.60602,-127.6554,10,,1,56,,12,,51,1,,0,XMB
GL,1,2023,8,9,22,-1,-0.6,27,11,apple,50.60625,-127.6549,50.60602,-127.6554,10,,1,62,,11,,51,1,,0,XMB
GL,1,2023,8,9,22,-1,-0.6,27,11,apple,50.60625,-127.6549,50.60602,-127.6554,10,,3,60,,12,,51,1,,0,XMB
GL,1,2023,8,9,22,-1,-0.6,27,11,apple,50.60625,-127.6549,50.60602,-127.6554,10,,1,55,,12,,51,1,,0,XMB
GL,1,2023,8,9,22,-1,-0.6,27,11,apple,50.60625,-127.6549,50.60602,-127.6554,10,,1,54,,11,,51,1,,0,XMB
GL,1,2023,8,9,22,-1,-0.6,27,11,apple,50.60625,-127.6549,50.60602,-127.6554,10,,1,56,,11,,51,1,,0,XMB
GL,1,2023,8,9,22,-1,-0.6,27,11,apple,50.60625,-127.6549,50.60602,-127.6554,10,,3,60,,13,,51,1,,0,XMB
GL,1,2023,8,9,22,-1,-0.6,27,11,apple,50.60625,-127.6549,50.60602,-127.6554,10,,3,52,,12,,51,1,,0,XMB
GL,1,2023,8,9,22,-1,-0.6,27,11,apple,50.60625,-127.6549,50.60602,-127.6554,10,,3,37,,12,,51,1,,0,XMB
GL,1,2023,8,9,22,-1,-0.6,27,11,apple,50.60625,-127.6549,50.60602,-127.6554,10,,1,51,,11,,51,1,,0,XMB
GL,1,2023,8,9,22,-1,-0.6,27,11,apple,50.60625,-127.6549,50.60602,-127.6554,10,,1,55,,11,,51,1,,0,XMB
GL,1,2023,8,9,22,-1,-0.6,27,11,apple,50.60625,-127.6549,50.60602,-127.6554,10,,1,50,,11,,51,1,,0,XMB
GL,1,2023,8,9,22,-1,-0.6,27,11,apple,50.60625,-127.6549,50.60602,-127.6554,10,,3,47,,12,,51,1,,0,XMB
GL,1,2023,8,9,22,-1,-0.6,27,11,apple,50.60625,-127.6549,50.60602,-127.6554,10,,1,42,,11,,51,1,,0,XMB
GL,1,2023,8,9,22,-1,-0.6,27,11,apple,50.60625,-127.6549,50.60602,-127.6554,10,,1,52,,11,,51,1,,0,XMB
GL,1,2023,8,9,22,-1,-0.6,27,11,apple,50.60625,-127.6549,50.60602,-127.6554,10,,1,50,,12,,51,1,,0,XMB
GL,1,2023,8,9,22,-1,-0.6,27,11,apple,50.60625,-127.6549,50.60602,-127.6554,10,,1,46,,11,,51,1,,0,XMB
GL,1,2023,8,9,22,-1,-0.6,27,11,apple,50.60625,-127.6549,50.60602,-127.6554,10,,1,54,,11,,51,2,,0,XMB
GL,1,2023,8,9,22,-1,-0.6,27,11,apple,50.60625,-127.6549,50.60602,-127.6554,10,,1,60,,11,,51,2,,0,XMB
GL,1,2023,8,9,22,-1,-0.6,27,11,apple,50.60625,-127.6549,50.60602,-127.6554,10,,1,72,,11,,51,2,,0,XMB
GL,1,2023,8,9,22,-1,-0.6,27,11,apple,50.60625,-127.6549,50.60602,-127.6554,10,,1,66,,11,,51,2,,0,XMB
GL,1,2023,8,9,22,-1,-0.6,27,11,apple,50.60625,-127.6549,50.60602,-127.6554,10,,1,72,,11,,51,2,,0,XMB
GL,1,2023,8,9,22,-1,-0.6,27,11,apple,50.60625,-127.6549,50.60602,-127.6554,10,,1,51,,11,,51,2,,0,XMB
GL,1,2023,8,9,22,-1,-0.6,27,11,apple,50.60625,-127.6549,50.60602,-127.6554,10,,1,65,,12,,51,2,,0,XMB
GL,1,2023,8,9,22,-1,-0.6,27,11,apple,50.60625,-127.6549,50.60602,-127.6554,10,,1,62,,13,,51,2,,0,XMB
GL,1,2023,8,9,22,-1,-0.6,27,11,apple,50.60625,-127.6549,50.60602,-127.6554,10,,1,63,,13,,51,2,,0,XMB
GL,1,2023,8,9,22,-1,-0.6,27,11,apple,50.60625,-127.6549,50.60602,-127.6554,10,,1,52,,12,,51,2,,0,XMB
GL,1,2023,8,9,22,-1,-0.6,27,11,apple,50.60625,-127.6549,50.60602,-127.6554,10,,1,52,,12,,51,3,,0,XMB
GL,1,2023,8,9,22,-1,-0.6,27,11,apple,50.60625,-127.6549,50.60602,-127.6554,10,,3,50,,12,,51,3,,0,XMB
GL,1,2023,8,9,22,-1,-0.6,27,11,apple,50.60625,-127.6549,50.60602,-127.6554,10,,1,59,,12,,51,3,,0,XMB
GL,1,2023,8,9,22,-1,-0.6,27,11,apple,50.60625,-127.6549,50.60602,-127.6554,10,,1,53,,12,,51,3,,0,XMB
GL,1,2023,8,9,22,-1,-0.6,27,11,apple,50.60625,-127.6549,50.60602,-127.6554,10,,1,51,,12,,51,3,,0,XMB
GL,1,2023,8,9,22,-1,-0.6,27,11,apple,50.60625,-127.6549,50.60602,-127.6554,10,,1,68,,13,,51,3,,0,XMB
GL,1,2023,8,9,22,-1,-0.6,27,11,apple,50.60625,-127.6549,50.60602,-127.6554,10,,1,61,,11,,51,3,,0,XMB
GL,1,2023,8,9,22,-1,-0.6,27,11,apple,50.60625,-127.6549,50.60602,-127.6554,10,,3,52,,12,,51,3,,0,XMB
GL,1,2023,8,9,22,-1,-0.6,27,11,apple,50.60625,-127.6549,50.60602,-127.6554,10,,1,55,,11,,51,4,,0,XMB
GL,1,2023,8,9,22,-1,-0.6,27,11,apple,50.60625,-127.6549,50.60602,-127.6554,10,,1,60,,11,,51,4,,0,XMB
GL,1,2023,8,9,22,-1,-0.6,27,11,apple,50.60625,-127.6549,50.60602,-127.6554,10,,1,56,,13,,51,4,,0,XMB
GL,1,2023,8,9,22,-1,-0.6,27,11,apple,50.60625,-127.6549,50.60602,-127.6554,10,,1,56,,13,,51,4,,0,XMB
GL,1,2023,8,9,22,-1,-0.6,27,11,apple,50.60625,-127.6549,50.60602,-127.6554,10,,1,50,,11,,51,4,,0,XMB
GL,1,2023,8,9,22,-1,-0.6,27,11,apple,50.60625,-127.6549,50.60602,-127.6554,10,,1,57,,11,,51,5,,0,XMB
GL,1,2023,8,9,22,-1,-0.6,27,11,apple,50.60625,-127.6549,50.60602,-127.6554,10,,1,68,,11,,51,6,,0,XMB
GL,1,2023,8,9,22,-1,-0.6,27,11,apple,50.60625,-127.6549,50.60602,-127.6554,10,,1,62,,11,,51,6,,0,XMB
GL,1,2023,8,9,22,-1,-0.6,27,11,apple,50.60625,-127.6549,50.60602,-127.6554,10,,1,57,,11,,51,6,,0,XMB
GL,2,2023,8,9,22,-1.1,-1.1,27,11,apple,50.60538,-127.6547,50.60548,-127.6553,10,,,,,,,51,1,,15,848
GL,2,2023,8,9,22,-1.1,-1.1,27,11,apple,50.60538,-127.6547,50.60548,-127.6553,10,,1,60,,12,,51,2,,0,XMB
GL,2,2023,8,9,22,-1.1,-1.1,27,11,apple,50.60538,-127.6547,50.60548,-127.6553,10,,1,42,,12,,51,2,,0,XMB
GL,2,2023,8,9,22,-1.1,-1.1,27,11,apple,50.60538,-127.6547,50.60548,-127.6553,10,,1,55,,11,,51,2,,0,XMB
GL,2,2023,8,9,22,-1.1,-1.1,27,11,apple,50.60538,-127.6547,50.60548,-127.6553,10,,3,42,,12,,51,2,,0,XMB
GL,2,2023,8,9,22,-1.1,-1.1,27,11,apple,50.60538,-127.6547,50.60548,-127.6553,10,,1,61,,11,,51,3,,0,XMB
GL,2,2023,8,9,22,-1.1,-1.1,27,11,apple,50.60538,-127.6547,50.60548,-127.6553,10,,1,54,,11,,51,3,,0,XMB
GL,2,2023,8,9,22,-1.1,-1.1,27,11,apple,50.60538,-127.6547,50.60548,-127.6553,10,,3,55,,14,,51,3,,0,XMB
GL,2,2023,8,9,22,-1.1,-1.1,27,11,apple,50.60538,-127.6547,50.60548,-127.6553,10,,1,46,,12,,51,3,,0,XMB
GL,2,2023,8,9,22,-1.1,-1.1,27,11,apple,50.60538,-127.6547,50.60548,-127.6553,10,,1,37,,12,,51,3,,0,XMB
GL,2,2023,8,9,22,-1.1,-1.1,27,11,apple,50.60538,-127.6547,50.60548,-127.6553,10,,1,34,,12,,51,4,,0,XMB
GL,2,2023,8,9,22,-1.1,-1.1,27,11,apple,50.60538,-127.6547,50.60548,-127.6553,10,,1,32,,12,,51,4,,0,XMB
GL,2,2023,8,9,22,-1.1,-1.1,27,11,apple,50.60538,-127.6547,50.60548,-127.6553,10,,1,60,,11,,51,5,,0,XMB
GL,2,2023,8,9,22,-1.1,-1.1,27,11,apple,50.60538,-127.6547,50.60548,-127.6553,10,,1,62,,13,,51,5,,0,XMB
GL,2,2023,8,9,22,-1.1,-1.1,27,11,apple,50.60538,-127.6547,50.60548,-127.6553,10,,1,62,,13,,51,5,,0,XMB
GL,2,2023,8,9,22,-1.1,-1.1,27,11,apple,50.60538,-127.6547,50.60548,-127.6553,10,,1,55,,11,,51,5,,0,XMB
GL,2,2023,8,9,22,-1.1,-1.1,27,11,apple,50.60538,-127.6547,50.60548,-127.6553,10,,1,50,,11,,51,5,,0,XMB
GL,2,2023,8,9,22,-1.1,-1.1,27,11,apple,50.60538,-127.6547,50.60548,-127.6553,10,,3,45,,12,,51,5,,0,XMB
GL,2,2023,8,9,22,-1.1,-1.1,27,11,apple,50.60538,-127.6547,50.60548,-127.6553,10,,1,54,,11,,51,5,,0,XMB
GL,2,2023,8,9,22,-1.1,-1.1,27,11,apple,50.60538,-127.6547,50.60548,-127.6553,10,,3,50,,14,,51,5,,0,XMB
GL,2,2023,8,9,22,-1.1,-1.1,27,11,apple,50.60538,-127.6547,50.60548,-127.6553,10,,1,,74,,,51,5,,0,XKG
GL,2,2023,8,9,22,-1.1,-1.1,27,11,apple,50.60538,-127.6547,50.60548,-127.6553,10,,1,,55,,,51,5,,0,XKG
GL,2,2023,8,9,22,-1.1,-1.1,27,11,apple,50.60538,-127.6547,50.60548,-127.6553,10,,1,,70,,,51,5,,0,XKG
GL,2,2023,8,9,22,-1.1,-1.1,27,11,apple,50.60538,-127.6547,50.60548,-127.6553,10,,1,,72,,,51,5,,0,XKG
GL,2,2023,8,9,22,-1.1,-1.1,27,11,apple,50.60538,-127.6547,50.60548,-127.6553,10,,1,,56,,,51,5,,0,XKG
GL,2,2023,8,9,22,-1.1,-1.1,27,11,apple,50.60538,-127.6547,50.60548,-127.6553,10,,3,,59,,,51,5,,0,XKG
GL,2,2023,8,9,22,-1.1,-1.1,27,11,apple,50.60538,-127.6547,50.60548,-127.6553,10,,3,,70,,,51,5,,0,XKG
GL,2,2023,8,9,22,-1.1,-1.1,27,11,apple,50.60538,-127.6547,50.60548,-127.6553,10,,1,79,,11,,51,6,,0,XMB
GL,2,2023,8,9,22,-1.1,-1.1,27,11,apple,50.60538,-127.6547,50.60548,-127.6553,10,,1,55,,11,,51,6,,0,XMB
GL,2,2023,8,9,22,-1.1,-1.1,27,11,apple,50.60538,-127.6547,50.60548,-127.6553,10,,1,51,,11,,51,6,,0,XMB
GL,2,2023,8,9,22,-1.1,-1.1,27,11,apple,50.60538,-127.6547,50.60548,-127.6553,10,,1,49,,11,,51,6,,0,XMB
GL,2,2023,8,9,22,-1.1,-1.1,27,11,apple,50.60538,-127.6547,50.60548,-127.6553,10,,1,,53,,,51,6,,0,XKE
GL,3,2023,8,9,23,-0.8,-0.3,27,11,maplebay,50.6056,-127.6559,50.60555,-127.6566,10,,3,61,,14,,51,1,,0,XMB
GL,3,2023,8,9,23,-0.8,-0.3,27,11,maplebay,50.6056,-127.6559,50.60555,-127.6566,10,,1,57,,11,,51,1,,0,XMB
GL,3,2023,8,9,23,-0.8,-0.3,27,11,maplebay,50.6056,-127.6559,50.60555,-127.6566,10,,3,54,,12,,51,2,,0,XMB
GL,3,2023,8,9,23,-0.8,-0.3,27,11,maplebay,50.6056,-127.6559,50.60555,-127.6566,10,,1,51,,11,,51,2,,0,XMB
GL,3,2023,8,9,23,-0.8,-0.3,27,11,maplebay,50.6056,-127.6559,50.60555,-127.6566,10,,1,45,,11,,51,3,,0,XMB
GL,3,2023,8,9,23,-0.8,-0.3,27,11,maplebay,50.6056,-127.6559,50.60555,-127.6566,10,,3,47,,12,,51,3,,0,XMB
GL,3,2023,8,9,23,-0.8,-0.3,27,11,maplebay,50.6056,-127.6559,50.60555,-127.6566,10,,3,,81,,,51,3,,0,XKG
GL,3,2023,8,9,23,-0.8,-0.3,27,11,maplebay,50.6056,-127.6559,50.60555,-127.6566,10,,1,,101,,,51,3,,0,XMB
GL,3,2023,8,9,23,-0.8,-0.3,27,11,maplebay,50.6056,-127.6559,50.60555,-127.6566,10,,3,,71,,,51,3,,0,XMB
GL,3,2023,8,9,23,-0.8,-0.3,27,11,maplebay,50.6056,-127.6559,50.60555,-127.6566,10,,1,,54,,,51,3,,0,XMB
GL,3,2023,8,9,23,-0.8,-0.3,27,11,maplebay,50.6056,-127.6559,50.60555,-127.6566,10,,3,44,,12,,51,4,,0,XMB
GL,3,2023,8,9,23,-0.8,-0.3,27,11,maplebay,50.6056,-127.6559,50.60555,-127.6566,10,,1,,81,,,51,4,,0,XKG
GL,3,2023,8,9,23,-0.8,-0.3,27,11,maplebay,50.6056,-127.6559,50.60555,-127.6566,10,,3,,56,,,51,4,,0,XKG
GL,3,2023,8,9,23,-0.8,-0.3,27,11,maplebay,50.6056,-127.6559,50.60555,-127.6566,10,,3,,60,,,51,4,,0,XKG
GL,3,2023,8,9,23,-0.8,-0.3,27,11,maplebay,50.6056,-127.6559,50.60555,-127.6566,10,,1,,77,,,51,4,,0,XKG
GL,3,2023,8,9,23,-0.8,-0.3,27,11,maplebay,50.6056,-127.6559,50.60555,-127.6566,10,,3,,84,,,51,4,,0,XKG
GL,3,2023,8,9,23,-0.8,-0.3,27,11,maplebay,50.6056,-127.6559,50.60555,-127.6566,10,,1,42,,12,,51,5,,0,XMB
GL,3,2023,8,9,23,-0.8,-0.3,27,11,maplebay,50.6056,-127.6559,50.60555,-127.6566,10,,1,39,,12,,51,5,,0,XMB
GL,3,2023,8,9,23,-0.8,-0.3,27,11,maplebay,50.6056,-127.6559,50.60555,-127.6566,10,,1,53,,11,,51,6,,0,XMB
GL,3,2023,8,9,23,-0.8,-0.3,27,11,maplebay,50.6056,-127.6559,50.60555,-127.6566,10,,1,61,,12,,51,6,,0,XMB
GL,3,2023,8,9,23,-0.8,-0.3,27,11,maplebay,50.6056,-127.6559,50.60555,-127.6566,10,,3,46,,12,,51,6,,0,XMB
GL,3,2023,8,9,23,-0.8,-0.3,27,11,maplebay,50.6056,-127.6559,50.60555,-127.6566,10,,3,,93,,,51,6,,0,XKG
GL,3,2023,8,9,23,-0.8,-0.3,27,11,maplebay,50.6056,-127.6559,50.60555,-127.6566,10,,1,,112,,,51,6,,0,XKG
GL,3,2023,8,9,23,-0.8,-0.3,27,11,maplebay,50.6056,-127.6559,50.60555,-127.6566,10,,1,,138,,,51,6,,0,XKG
GL,3,2023,8,9,23,-0.8,-0.3,27,11,maplebay,50.6056,-127.6559,50.60555,-127.6566,10,,1,,164,,,51,6,,0,XKG
GL,4,2023,8,9,23,-15,-1,27,11,coalharbour,50.59605,-127.5694,50.59573,-127.5689,10,,3,53,,14,,51,1,,0,XMB
GL,4,2023,8,9,23,-15,-1,27,11,coalharbour,50.59605,-127.5694,50.59573,-127.5689,10,,3,53,,12,,51,1,,0,XMB
GL,4,2023,8,9,23,-15,-1,27,11,coalharbour,50.59605,-127.5694,50.59573,-127.5689,10,,3,53,,12,,51,2,,0,XMB
GL,4,2023,8,9,23,-15,-1,27,11,coalharbour,50.59605,-127.5694,50.59573,-127.5689,10,,3,61,,14,,51,2,,0,XMB
GL,4,2023,8,9,23,-15,-1,27,11,coalharbour,50.59605,-127.5694,50.59573,-127.5689,10,,3,53,,13,,51,2,,0,XMB
GL,4,2023,8,9,23,-15,-1,27,11,coalharbour,50.59605,-127.5694,50.59573,-127.5689,10,,3,58,,13,,51,2,,0,XMB
GL,4,2023,8,9,23,-15,-1,27,11,coalharbour,50.59605,-127.5694,50.59573,-127.5689,10,,1,53,,11,,51,2,,0,XMB
GL,4,2023,8,9,23,-15,-1,27,11,coalharbour,50.59605,-127.5694,50.59573,-127.5689,10,,3,44,,11,,51,2,,0,XMB
GL,4,2023,8,9,23,-15,-1,27,11,coalharbour,50.59605,-127.5694,50.59573,-127.5689,10,,1,67,,11,,51,2,,0,XMB
GL,4,2023,8,9,23,-15,-1,27,11,coalharbour,50.59605,-127.5694,50.59573,-127.5689,10,,1,,108,,,51,2,,0,XLA
GL,4,2023,8,9,23,-15,-1,27,11,coalharbour,50.59605,-127.5694,50.59573,-127.5689,10,,3,44,,12,,51,3,,0,XMB
GL,4,2023,8,9,23,-15,-1,27,11,coalharbour,50.59605,-127.5694,50.59573,-127.5689,10,,1,58,,11,,51,3,,0,XMB
GL,4,2023,8,9,23,-15,-1,27,11,coalharbour,50.59605,-127.5694,50.59573,-127.5689,10,,1,44,,11,,51,3,,0,XMB
GL,4,2023,8,9,23,-15,-1,27,11,coalharbour,50.59605,-127.5694,50.59573,-127.5689,10,,1,64,,11,,51,3,,0,XMB
GL,4,2023,8,9,23,-15,-1,27,11,coalharbour,50.59605,-127.5694,50.59573,-127.5689,10,,1,64,,11,,51,4,,0,XMB
GL,4,2023,8,9,23,-15,-1,27,11,coalharbour,50.59605,-127.5694,50.59573,-127.5689,10,,3,34,,12,,51,4,,0,XMB
GL,4,2023,8,9,23,-15,-1,27,11,coalharbour,50.59605,-127.5694,50.59573,-127.5689,10,,1,45,,11,,51,5,,0,XMB
GL,4,2023,8,9,23,-15,-1,27,11,coalharbour,50.59605,-127.5694,50.59573,-127.5689,10,,3,50,,12,,51,5,,0,XMB
GL,4,2023,8,9,23,-15,-1,27,11,coalharbour,50.59605,-127.5694,50.59573,-127.5689,10,,1,53,,11,,51,5,,0,XMB
GL,4,2023,8,9,23,-15,-1,27,11,coalharbour,50.59605,-127.5694,50.59573,-127.5689,10,,1,59,,11,,51,5,,0,XMB
GL,4,2023,8,9,23,-15,-1,27,11,coalharbour,50.59605,-127.5694,50.59573,-127.5689,10,,3,33,,12,,51,5,,0,XMB
GL,4,2023,8,9,23,-15,-1,27,11,coalharbour,50.59605,-127.5694,50.59573,-127.5689,10,,1,62,,11,,51,6,,0,XMB
GL,4,2023,8,9,23,-15,-1,27,11,coalharbour,50.59605,-127.5694,50.59573,-127.5689,10,,3,52,,13,,51,6,,0,XMB
GL,4,2023,8,9,23,-15,-1,27,11,coalharbour,50.59605,-127.5694,50.59573,-127.5689,10,,3,47,,12,,51,6,,0,XMB
GL,4,2023,8,9,23,-15,-1,27,11,coalharbour,50.59605,-127.5694,50.59573,-127.5689,10,,3,49,,13,,51,6,,0,XMB
GL,5,2023,8,9,24,-1.5,-0.9,27,11,coalharbour,50.59557,-127.5687,50.59517,-127.5685,10,,1,62,,11,,51,1,,0,XMB
GL,5,2023,8,9,24,-1.5,-0.9,27,11,coalharbour,50.59557,-127.5687,50.59517,-127.5685,10,,3,42,,12,,51,1,,0,XMB
GL,5,2023,8,9,24,-1.5,-0.9,27,11,coalharbour,50.59557,-127.5687,50.59517,-127.5685,10,,3,47,,12,,51,1,,0,XMB
GL,5,2023,8,9,24,-1.5,-0.9,27,11,coalharbour,50.59557,-127.5687,50.59517,-127.5685,10,,1,53,,11,,51,1,,0,XMB
GL,5,2023,8,9,24,-1.5,-0.9,27,11,coalharbour,50.59557,-127.5687,50.59517,-127.5685,10,,3,64,,11,,51,1,,0,XMB
GL,5,2023,8,9,24,-1.5,-0.9,27,11,coalharbour,50.59557,-127.5687,50.59517,-127.5685,10,,1,38,,11,,51,1,,0,XMB
GL,5,2023,8,9,24,-1.5,-0.9,27,11,coalharbour,50.59557,-127.5687,50.59517,-127.5685,10,,1,58,,11,,51,1,,0,XMB
GL,5,2023,8,9,24,-1.5,-0.9,27,11,coalharbour,50.59557,-127.5687,50.59517,-127.5685,10,,3,51,,13,,51,1,,0,XMB
GL,5,2023,8,9,24,-1.5,-0.9,27,11,coalharbour,50.59557,-127.5687,50.59517,-127.5685,10,,1,64,,11,,51,2,,0,XMB
GL,5,2023,8,9,24,-1.5,-0.9,27,11,coalharbour,50.59557,-127.5687,50.59517,-127.5685,10,,3,52,,13,,51,2,,0,XMB
GL,5,2023,8,9,24,-1.5,-0.9,27,11,coalharbour,50.59557,-127.5687,50.59517,-127.5685,10,,3,42,,12,,51,2,,0,XMB
GL,5,2023,8,9,24,-1.5,-0.9,27,11,coalharbour,50.59557,-127.5687,50.59517,-127.5685,10,,3,39,,12,,51,2,,0,XMB
GL,5,2023,8,9,24,-1.5,-0.9,27,11,coalharbour,50.59557,-127.5687,50.59517,-127.5685,10,,1,64,,11,,51,2,,0,XMB
GL,5,2023,8,9,24,-1.5,-0.9,27,11,coalharbour,50.59557,-127.5687,50.59517,-127.5685,10,,1,64,,11,,51,3,,0,XMB
GL,5,2023,8,9,24,-1.5,-0.9,27,11,coalharbour,50.59557,-127.5687,50.59517,-127.5685,10,,3,41,,12,,51,3,,0,XMB
GL,5,2023,8,9,24,-1.5,-0.9,27,11,coalharbour,50.59557,-127.5687,50.59517,-127.5685,10,,1,34,,11,,51,3,,0,XMB
GL,5,2023,8,9,24,-1.5,-0.9,27,11,coalharbour,50.59557,-127.5687,50.59517,-127.5685,10,,1,57,,11,,51,4,,0,XMB
GL,5,2023,8,9,24,-1.5,-0.9,27,11,coalharbour,50.59557,-127.5687,50.59517,-127.5685,10,,3,61,,13,,51,4,,0,XMB
GL,5,2023,8,9,24,-1.5,-0.9,27,11,coalharbour,50.59557,-127.5687,50.59517,-127.5685,10,,1,47,,11,,51,4,,0,XMB
GL,5,2023,8,9,24,-1.5,-0.9,27,11,coalharbour,50.59557,-127.5687,50.59517,-127.5685,10,,3,46,,12,,51,4,,0,XMB
GL,5,2023,8,9,24,-1.5,-0.9,27,11,coalharbour,50.59557,-127.5687,50.59517,-127.5685,10,,3,51,,12,,51,4,,0,XMB
GL,5,2023,8,9,24,-1.5,-0.9,27,11,coalharbour,50.59557,-127.5687,50.59517,-127.5685,10,,1,38,,11,,51,4,,0,XMB
GL,5,2023,8,9,24,-1.5,-0.9,27,11,coalharbour,50.59557,-127.5687,50.59517,-127.5685,10,,1,63,,11,,51,4,,0,XMB
GL,5,2023,8,9,24,-1.5,-0.9,27,11,coalharbour,50.59557,-127.5687,50.59517,-127.5685,10,,1,63,,11,,51,4,,0,XMB
GL,5,2023,8,9,24,-1.5,-0.9,27,11,coalharbour,50.59557,-127.5687,50.59517,-127.5685,10,,1,62,,11,,51,4,,0,XMB
GL,5,2023,8,9,24,-1.5,-0.9,27,11,coalharbour,50.59557,-127.5687,50.59517,-127.5685,10,,1,42,,11,,51,4,,0,XMB
GL,5,2023,8,9,24,-1.5,-0.9,27,11,coalharbour,50.59557,-127.5687,50.59517,-127.5685,10,,3,38,,12,,51,4,,0,XMB
GL,5,2023,8,9,24,-1.5,-0.9,27,11,coalharbour,50.59557,-127.5687,50.59517,-127.5685,10,,3,52,,13,,51,4,,0,XMB
GL,5,2023,8,9,24,-1.5,-0.9,27,11,coalharbour,50.59557,-127.5687,50.59517,-127.5685,10,,1,59,,11,,51,4,,0,XMB
GL,5,2023,8,9,24,-1.5,-0.9,27,11,coalharbour,50.59557,-127.5687,50.59517,-127.5685,10,,1,76,,11,,51,4,,0,XMB
GL,5,2023,8,9,24,-1.5,-0.9,27,11,coalharbour,50.59557,-127.5687,50.59517,-127.5685,10,,1,38,,11,,51,5,,0,XMB
GL,5,2023,8,9,24,-1.5,-0.9,27,11,coalharbour,50.59557,-127.5687,50.59517,-127.5685,10,,1,79,,11,,51,6,,0,XMB
GL,5,2023,8,9,24,-1.5,-0.9,27,11,coalharbour,50.59557,-127.5687,50.59517,-127.5685,10,,1,68,,13,,51,6,,0,XMB
GL,5,2023,8,9,24,-1.5,-0.9,27,11,coalharbour,50.59557,-127.5687,50.59517,-127.5685,10,,1,38,,11,,51,6,,0,XMB
GL,5,2023,8,9,24,-1.5,-0.9,27,11,coalharbour,50.59557,-127.5687,50.59517,-127.5685,10,,1,47,,11,,51,6,,0,XMB
GL,5,2023,8,9,24,-1.5,-0.9,27,11,coalharbour,50.59557,-127.5687,50.59517,-127.5685,10,,1,46,,11,,51,6,,0,XMB
GL,5,2023,8,9,24,-1.5,-0.9,27,11,coalharbour,50.59557,-127.5687,50.59517,-127.5685,10,,3,47,,12,,51,6,,0,XMB
GL,5,2023,8,9,24,-1.5,-0.9,27,11,coalharbour,50.59557,-127.5687,50.59517,-127.5685,10,,1,51,,11,,51,6,,0,XMB
GL,5,2023,8,9,24,-1.5,-0.9,27,11,coalharbour,50.59557,-127.5687,50.59517,-127.5685,10,,1,58,,11,,51,6,,0,XMB
GL,5,2023,8,9,24,-1.5,-0.9,27,11,coalharbour,50.59557,-127.5687,50.59517,-127.5685,10,,1,63,,11,,51,6,,0,XMB
GL,5,2023,8,9,24,-1.5,-0.9,27,11,coalharbour,50.59557,-127.5687,50.59517,-127.5685,10,,1,58,,11,,51,6,,0,XMB
GL,5,2023,8,9,24,-1.5,-0.9,27,11,coalharbour,50.59557,-127.5687,50.59517,-127.5685,10,,3,52,,13,,51,6,,0,XMB
GL,5,2023,8,9,24,-1.5,-0.9,27,11,coalharbour,50.59557,-127.5687,50.59517,-127.5685,10,,1,47,,11,,51,6,,0,XMB
GL,5,2023,8,9,24,-1.5,-0.9,27,11,coalharbour,50.59557,-127.5687,50.59517,-127.5685,10,,3,45,,12,,51,6,,0,XMB
GL,5,2023,8,9,24,-1.5,-0.9,27,11,coalharbour,50.59557,-127.5687,50.59517,-127.5685,10,,3,49,,13,,51,6,,0,XMB
GL,5,2023,8,9,24,-1.5,-0.9,27,11,coalharbour,50.59557,-127.5687,50.59517,-127.5685,10,,1,47,,11,,51,6,,0,XMB
GL,5,2023,8,9,24,-1.5,-0.9,27,11,coalharbour,50.59557,-127.5687,50.59517,-127.5685,10,,3,43,,12,,51,6,,0,XMB
GL,5,2023,8,9,24,-1.5,-0.9,27,11,coalharbour,50.59557,-127.5687,50.59517,-127.5685,10,,1,38,,12,,51,6,,0,XMB
GL,5,2023,8,9,24,-1.5,-0.9,27,11,coalharbour,50.59557,-127.5687,50.59517,-127.5685,10,,3,47,,13,,51,6,,0,XMB
GL,5,2023,8,9,24,-1.5,-0.9,27,11,coalharbour,50.59557,-127.5687,50.59517,-127.5685,10,,3,43,,12,,51,6,,0,XMB
GL,5,2023,8,9,24,-1.5,-0.9,27,11,coalharbour,50.59557,-127.5687,50.59517,-127.5685,10,,3,38,,12,,51,6,,0,XMB
GL,5,2023,8,9,24,-1.5,-0.9,27,11,coalharbour,50.59557,-127.5687,50.59517,-127.5685,10,,1,41,,12,,51,6,,0,XMB
GL,5,2023,8,9,24,-1.5,-0.9,27,11,coalharbour,50.59557,-127.5687,50.59517,-127.5685,10,,1,42,,12,,51,6,,0,XMB
GL,5,2023,8,9,24,-1.5,-0.9,27,11,coalharbour,50.59557,-127.5687,50.59517,-127.5685,10,,3,38,,12,,51,6,,0,XMB
GL,5,2023,8,9,24,-1.5,-0.9,27,11,coalharbour,50.59557,-127.5687,50.59517,-127.5685,10,,3,40,,12,,51,6,,0,XMB
GL,5,2023,8,9,24,-1.5,-0.9,27,11,coalharbour,50.59557,-127.5687,50.59517,-127.5685,10,,3,38,,12,,51,6,,0,XMB
GL,5,2023,8,9,24,-1.5,-0.9,27,11,coalharbour,50.59557,-127.5687,50.59517,-127.5685,10,,3,43,,12,,51,6,,0,XMB
GL,5,2023,8,9,24,-1.5,-0.9,27,11,coalharbour,50.59557,-127.5687,50.59517,-127.5685,10,,3,41,,12,,51,6,,0,XMB
GL,5,2023,8,9,24,-1.5,-0.9,27,11,coalharbour,50.59557,-127.5687,50.59517,-127.5685,10,,3,39,,12,,51,6,,0,XMB
GL,5,2023,8,9,24,-1.5,-0.9,27,11,coalharbour,50.59557,-127.5687,50.59517,-127.5685,10,,3,37,,12,,51,6,,0,XMB
GL,5,2023,8,9,24,-1.5,-0.9,27,11,coalharbour,50.59557,-127.5687,50.59517,-127.5685,10,,3,38,,12,,51,6,,0,XMB
GL,5,2023,8,9,24,-1.5,-0.9,27,11,coalharbour,50.59557,-127.5687,50.59517,-127.5685,10,,3,38,,12,,51,6,,0,XMB
GL,5,2023,8,9,24,-1.5,-0.9,27,11,coalharbour,50.59557,-127.5687,50.59517,-127.5685,10,,3,42,,12,,51,6,,0,XMB
GL,6,2023,8,9,22,-1.2,4,27,11,coalharbour,50.59509,-127.5687,50.59502,-127.5695,10,,1,51,,13,,51,1,,0,XMB
GL,6,2023,8,9,22,-1.2,4,27,11,coalharbour,50.59509,-127.5687,50.59502,-127.5695,10,,1,62,,11,,51,1,,0,XMB
GL,6,2023,8,9,22,-1.2,4,27,11,coalharbour,50.59509,-127.5687,50.59502,-127.5695,10,,1,64,,11,,51,1,,0,XMB
GL,6,2023,8,9,22,-1.2,4,27,11,coalharbour,50.59509,-127.5687,50.59502,-127.5695,10,,3,46,,12,,51,1,,0,XMB
GL,6,2023,8,9,22,-1.2,4,27,11,coalharbour,50.59509,-127.5687,50.59502,-127.5695,10,,3,60,,11,,51,1,,0,XMB
GL,6,2023,8,9,22,-1.2,4,27,11,coalharbour,50.59509,-127.5687,50.59502,-127.5695,10,,1,57,,11,,51,1,,0,XMB
GL,6,2023,8,9,22,-1.2,4,27,11,coalharbour,50.59509,-127.5687,50.59502,-127.5695,10,,1,58,,11,,51,1,,0,XMB
GL,6,2023,8,9,22,-1.2,4,27,11,coalharbour,50.59509,-127.5687,50.59502,-127.5695,10,,3,42,,12,,51,1,,0,XMB
GL,6,2023,8,9,22,-1.2,4,27,11,coalharbour,50.59509,-127.5687,50.59502,-127.5695,10,,1,64,,14,,51,2,,0,XMB
GL,6,2023,8,9,22,-1.2,4,27,11,coalharbour,50.59509,-127.5687,50.59502,-127.5695,10,,3,57,,12,,51,2,,0,XMB
GL,6,2023,8,9,22,-1.2,4,27,11,coalharbour,50.59509,-127.5687,50.59502,-127.5695,10,,3,42,,11,,51,2,,0,XMB
GL,6,2023,8,9,22,-1.2,4,27,11,coalharbour,50.59509,-127.5687,50.59502,-127.5695,10,,3,40,,11,,51,2,,0,XMB
GL,6,2023,8,9,22,-1.2,4,27,11,coalharbour,50.59509,-127.5687,50.59502,-127.5695,10,,1,47,,11,,51,2,,0,XMB
GL,6,2023,8,9,22,-1.2,4,27,11,coalharbour,50.59509,-127.5687,50.59502,-127.5695,10,,1,74,,11,,51,2,,0,XMB
GL,6,2023,8,9,22,-1.2,4,27,11,coalharbour,50.59509,-127.5687,50.59502,-127.5695,10,,1,72,,11,,51,3,,0,XMB
GL,6,2023,8,9,22,-1.2,4,27,11,coalharbour,50.59509,-127.5687,50.59502,-127.5695,10,,1,77,,14,,51,3,,0,XMB
GL,6,2023,8,9,22,-1.2,4,27,11,coalharbour,50.59509,-127.5687,50.59502,-127.5695,10,,1,76,,13,,51,3,,0,XMB
GL,6,2023,8,9,22,-1.2,4,27,11,coalharbour,50.59509,-127.5687,50.59502,-127.5695,10,,1,67,,14,,51,3,,0,XMB
GL,6,2023,8,9,22,-1.2,4,27,11,coalharbour,50.59509,-127.5687,50.59502,-127.5695,10,,1,62,,11,,51,3,,0,XMB
GL,6,2023,8,9,22,-1.2,4,27,11,coalharbour,50.59509,-127.5687,50.59502,-127.5695,10,,1,66,,11,,51,3,,0,XMB
GL,6,2023,8,9,22,-1.2,4,27,11,coalharbour,50.59509,-127.5687,50.59502,-127.5695,10,,1,67,,11,,51,3,,0,XMB
GL,6,2023,8,9,22,-1.2,4,27,11,coalharbour,50.59509,-127.5687,50.59502,-127.5695,10,,1,62,,11,,51,3,,0,XMB
GL,6,2023,8,9,22,-1.2,4,27,11,coalharbour,50.59509,-127.5687,50.59502,-127.5695,10,,1,58,,11,,51,3,,0,XMB
GL,6,2023,8,9,22,-1.2,4,27,11,coalharbour,50.59509,-127.5687,50.59502,-127.5695,10,,1,57,,11,,51,3,,0,XMB
GL,6,2023,8,9,22,-1.2,4,27,11,coalharbour,50.59509,-127.5687,50.59502,-127.5695,10,,1,46,,11,,51,3,,0,XMB
GL,6,2023,8,9,22,-1.2,4,27,11,coalharbour,50.59509,-127.5687,50.59502,-127.5695,10,,1,73,,11,,51,4,,0,XMB
GL,6,2023,8,9,22,-1.2,4,27,11,coalharbour,50.59509,-127.5687,50.59502,-127.5695,10,,1,66,,11,,51,5,,0,XMB
GL,6,2023,8,9,22,-1.2,4,27,11,coalharbour,50.59509,-127.5687,50.59502,-127.5695,10,,1,72,,14,,51,5,,0,XMB
GL,6,2023,8,9,22,-1.2,4,27,11,coalharbour,50.59509,-127.5687,50.59502,-127.5695,10,,1,,101,,,51,5,,0,XKE
GL,6,2023,8,9,22,-1.2,4,27,11,coalharbour,50.59509,-127.5687,50.59502,-127.5695,10,,1,,100,,,51,5,,0,XKE
GL,6,2023,8,9,22,-1.2,4,27,11,coalharbour,50.59509,-127.5687,50.59502,-127.5695,10,,1,,96,,,51,5,,0,XKE
GL,6,2023,8,9,22,-1.2,4,27,11,coalharbour,50.59509,-127.5687,50.59502,-127.5695,10,,1,,92,,,51,5,,0,XKE
GL,6,2023,8,9,22,-1.2,4,27,11,coalharbour,50.59509,-127.5687,50.59502,-127.5695,10,,,,,,,51,6,,15,848
GL,7,2023,8,10,25,-1.3,-1,27,7,diggs,50.50135,-127.8507,50.50103,-127.8501,7,,1,54,,11,,51,5,,0,XMB
GL,7,2023,8,10,25,-1.3,-1,27,7,diggs,50.50135,-127.8507,50.50103,-127.8501,7,,3,46,,12,,51,4,,0,XMB
GL,7,2023,8,10,25,-1.3,-1,27,7,diggs,50.50135,-127.8507,50.50103,-127.8501,7,,1,52,,13,,51,5,,0,XMB
GL,7,2023,8,10,25,-1.3,-1,27,7,diggs,50.50135,-127.8507,50.50103,-127.8501,7,,3,52,,12,,51,5,,0,XMB
GL,7,2023,8,10,25,-1.3,-1,27,7,diggs,50.50135,-127.8507,50.50103,-127.8501,7,,1,41,,12,,51,5,,0,XMB
GL,7,2023,8,10,25,-1.3,-1,27,7,diggs,50.50135,-127.8507,50.50103,-127.8501,7,,1,37,,12,,51,5,,0,XMB
GL,7,2023,8,10,25,-1.3,-1,27,7,diggs,50.50135,-127.8507,50.50103,-127.8501,7,,3,44,,12,,51,5,,0,XMB
GL,7,2023,8,10,25,-1.3,-1,27,7,diggs,50.50135,-127.8507,50.50103,-127.8501,7,,1,51,,11,,51,6,,0,XMB
GL,7,2023,8,10,25,-1.3,-1,27,7,diggs,50.50135,-127.8507,50.50103,-127.8501,7,,3,45,,12,,51,6,,0,XMB
GL,7,2023,8,10,25,-1.3,-1,27,7,diggs,50.50135,-127.8507,50.50103,-127.8501,7,,1,49,,11,,51,6,,0,XMB
GL,7,2023,8,10,25,-1.3,-1,27,7,diggs,50.50135,-127.8507,50.50103,-127.8501,7,,1,53,,11,,51,6,,0,XMB
GL,7,2023,8,10,25,-1.3,-1,27,7,diggs,50.50135,-127.8507,50.50103,-127.8501,7,,1,46,,11,,51,6,,0,XMB
GL,7,2023,8,10,25,-1.3,-1,27,7,diggs,50.50135,-127.8507,50.50103,-127.8501,7,,1,54,,11,,51,6,,0,XMB
GL,7,2023,8,10,25,-1.3,-1,27,7,diggs,50.50135,-127.8507,50.50103,-127.8501,7,,1,61,,11,,51,6,,0,XMB
GL,7,2023,8,10,25,-1.3,-1,27,7,diggs,50.50135,-127.8507,50.50103,-127.8501,7,,1,52,,11,,51,6,,0,XMB
GL,7,2023,8,10,25,-1.3,-1,27,7,diggs,50.50135,-127.8507,50.50103,-127.8501,7,,1,47,,11,,51,6,,0,XMB
GL,7,2023,8,10,25,-1.3,-1,27,7,diggs,50.50135,-127.8507,50.50103,-127.8501,7,,3,47,,12,,51,6,,0,XMB
GL,7,2023,8,10,25,-1.3,-1,27,7,diggs,50.50135,-127.8507,50.50103,-127.8501,7,,1,51,,14,,51,6,,0,XMB
GL,7,2023,8,10,25,-1.3,-1,27,7,diggs,50.50135,-127.8507,50.50103,-127.8501,7,,1,45,,11,,51,6,,0,XMB
GL,7,2023,8,10,25,-1.3,-1,27,7,diggs,50.50135,-127.8507,50.50103,-127.8501,7,,1,39,,12,,51,6,,0,XMB
GL,7,2023,8,10,25,-1.3,-1,27,7,diggs,50.50135,-127.8507,50.50103,-127.8501,7,,3,34,,12,,51,6,,0,XMB
GL,7,2023,8,10,25,-1.3,-1,27,7,diggs,50.50135,-127.8507,50.50103,-127.8501,7,,3,35,,12,,51,6,,0,XMB
GL,7,2023,8,10,25,-1.3,-1,27,7,diggs,50.50135,-127.8507,50.50103,-127.8501,7,,3,36,,12,,51,6,,0,XMB
GL,7,2023,8,10,25,-1.3,-1,27,7,diggs,50.50135,-127.8507,50.50103,-127.8501,7,,3,36,,12,,51,6,,0,XMB
GL,7,2023,8,10,25,-1.3,-1,27,7,diggs,50.50135,-127.8507,50.50103,-127.8501,7,,1,39,,11,,51,6,,0,XMB
GL,7,2023,8,10,25,-1.3,-1,27,7,diggs,50.50135,-127.8507,50.50103,-127.8501,7,,1,41,,11,,51,6,,0,XMB
GL,7,2023,8,10,25,-1.3,-1,27,7,diggs,50.50135,-127.8507,50.50103,-127.8501,7,,3,32,,12,,51,6,,0,XMB
GL,7,2023,8,10,25,-1.3,-1,27,7,diggs,50.50135,-127.8507,50.50103,-127.8501,7,,1,41,,11,,51,6,,0,XMB
GL,7,2023,8,10,25,-1.3,-1,27,7,diggs,50.50135,-127.8507,50.50103,-127.8501,7,,3,31,,12,,51,6,,0,XMB
GL,7,2023,8,10,25,-1.3,-1,27,7,diggs,50.50135,-127.8507,50.50103,-127.8501,7,,3,30,,12,,51,6,,0,XMB
GL,7,2023,8,10,25,-1.3,-1,27,7,diggs,50.50135,-127.8507,50.50103,-127.8501,7,,1,41,,11,,51,6,,0,XMB
GL,7,2023,8,10,25,-1.3,-1,27,7,diggs,50.50135,-127.8507,50.50103,-127.8501,7,,1,36,,12,,51,6,,0,XMB
GL,7,2023,8,10,25,-1.3,-1,27,7,diggs,50.50135,-127.8507,50.50103,-127.8501,7,,1,39,,13,,51,6,,0,XMB
GL,7,2023,8,10,25,-1.3,-1,27,7,diggs,50.50135,-127.8507,50.50103,-127.8501,7,,1,40,,12,,51,6,,0,XMB
GL,7,2023,8,10,25,-1.3,-1,27,7,diggs,50.50135,-127.8507,50.50103,-127.8501,7,,1,33,,12,,51,6,,0,XMB
GL,7,2023,8,10,25,-1.3,-1,27,7,diggs,50.50135,-127.8507,50.50103,-127.8501,7,,3,28,,12,,51,6,,0,XMB
GL,7,2023,8,10,25,-1.3,-1,27,7,diggs,50.50135,-127.8507,50.50103,-127.8501,7,,1,37,,11,,51,6,,0,XMB
GL,7,2023,8,10,25,-1.3,-1,27,7,diggs,50.50135,-127.8507,50.50103,-127.8501,7,,1,,57,,,51,6,,0,XKG
GL,7,2023,8,10,25,-1.3,-1,27,7,diggs,50.50135,-127.8507,50.50103,-127.8501,7,,1,,53,,,51,6,,0,XKG
GL,7,2023,8,10,25,-1.3,-1,27,7,diggs,50.50135,-127.8507,50.50103,-127.8501,7,,1,43,,11,,51,1,,0,XMB
GL,7,2023,8,10,25,-1.3,-1,27,7,diggs,50.50135,-127.8507,50.50103,-127.8501,7,,1,41,,11,,51,1,,0,XMB
GL,7,2023,8,10,25,-1.3,-1,27,7,diggs,50.50135,-127.8507,50.50103,-127.8501,7,,1,36,,11,,51,1,,0,XMB
GL,7,2023,8,10,25,-1.3,-1,27,7,diggs,50.50135,-127.8507,50.50103,-127.8501,7,,1,55,,11,,51,1,,0,XMB
GL,7,2023,8,10,25,-1.3,-1,27,7,diggs,50.50135,-127.8507,50.50103,-127.8501,7,,3,35,,12,,51,1,,0,XMB
GL,7,2023,8,10,25,-1.3,-1,27,7,diggs,50.50135,-127.8507,50.50103,-127.8501,7,,1,55,,11,,51,2,,0,XMB
GL,7,2023,8,10,25,-1.3,-1,27,7,diggs,50.50135,-127.8507,50.50103,-127.8501,7,,1,65,,11,,51,2,,0,XMB
GL,7,2023,8,10,25,-1.3,-1,27,7,diggs,50.50135,-127.8507,50.50103,-127.8501,7,,1,52,,11,,51,3,,0,XMB
GL,7,2023,8,10,25,-1.3,-1,27,7,diggs,50.50135,-127.8507,50.50103,-127.8501,7,,1,60,,11,,51,3,,0,XMB
GL,7,2023,8,10,25,-1.3,-1,27,7,diggs,50.50135,-127.8507,50.50103,-127.8501,7,,1,52,,13,,51,3,,0,XMB
GL,7,2023,8,10,25,-1.3,-1,27,7,diggs,50.50135,-127.8507,50.50103,-127.8501,7,,1,56,,11,,51,3,,0,XMB
GL,7,2023,8,10,25,-1.3,-1,27,7,diggs,50.50135,-127.8507,50.50103,-127.8501,7,,1,57,,11,,51,4,,0,XMB
GL,7,2023,8,10,25,-1.3,-1,27,7,diggs,50.50135,-127.8507,50.50103,-127.8501,7,,1,57,,11,,51,4,,0,XMB
GL,7,2023,8,10,25,-1.3,-1,27,7,diggs,50.50135,-127.8507,50.50103,-127.8501,7,,1,62,,11,,51,4,,0,XMB
GL,7,2023,8,10,25,-1.3,-1,27,7,diggs,50.50135,-127.8507,50.50103,-127.8501,7,,3,32,,12,,51,4,,0,XMB
GL,7,2023,8,10,25,-1.3,-1,27,7,diggs,50.50135,-127.8507,50.50103,-127.8501,7,,1,,50,,,51,4,,0,XKG
GL,7,2023,8,10,25,-1.3,-1,27,7,diggs,50.50135,-127.8507,50.50103,-127.8501,7,,1,56,,13,,51,5,,0,XMB
GL,7,2023,8,10,25,-1.3,-1,27,7,diggs,50.50135,-127.8507,50.50103,-127.8501,7,,1,57,,11,,51,5,,0,XMB
GL,8,2023,8,10,25,-1,-0.7,27,7,diggs,50.50053,-127.851,50.5007,-127.8514,10,,1,55,,11,,51,1,,0,XMB
GL,8,2023,8,10,25,-1,-0.7,27,7,diggs,50.50053,-127.851,50.5007,-127.8514,10,,1,41,,12,,51,1,,0,XMB
GL,8,2023,8,10,25,-1,-0.7,27,7,diggs,50.50053,-127.851,50.5007,-127.8514,10,,1,35,,11,,51,1,,0,XMB
GL,8,2023,8,10,25,-1,-0.7,27,7,diggs,50.50053,-127.851,50.5007,-127.8514,10,,1,35,,12,,51,1,,0,XMB
GL,8,2023,8,10,25,-1,-0.7,27,7,diggs,50.50053,-127.851,50.5007,-127.8514,10,,1,35,,11,,51,1,,0,XMB
GL,8,2023,8,10,25,-1,-0.7,27,7,diggs,50.50053,-127.851,50.5007,-127.8514,10,,1,29,,12,,51,1,,0,XMB
GL,8,2023,8,10,25,-1,-0.7,27,7,diggs,50.50053,-127.851,50.5007,-127.8514,10,,3,34,,12,,51,1,,0,XMB
GL,8,2023,8,10,25,-1,-0.7,27,7,diggs,50.50053,-127.851,50.5007,-127.8514,10,,3,30,,12,,51,1,,0,XMB
GL,8,2023,8,10,25,-1,-0.7,27,7,diggs,50.50053,-127.851,50.5007,-127.8514,10,,1,55,,11,,51,2,,0,XMB
GL,8,2023,8,10,25,-1,-0.7,27,7,diggs,50.50053,-127.851,50.5007,-127.8514,10,,1,56,,11,,51,2,,0,XMB
GL,8,2023,8,10,25,-1,-0.7,27,7,diggs,50.50053,-127.851,50.5007,-127.8514,10,,3,46,,12,,51,2,,0,XMB
GL,8,2023,8,10,25,-1,-0.7,27,7,diggs,50.50053,-127.851,50.5007,-127.8514,10,,1,45,,11,,51,2,,0,XMB
GL,8,2023,8,10,25,-1,-0.7,27,7,diggs,50.50053,-127.851,50.5007,-127.8514,10,,3,42,,12,,51,2,,0,XMB
GL,8,2023,8,10,25,-1,-0.7,27,7,diggs,50.50053,-127.851,50.5007,-127.8514,10,,1,31,,11,,51,2,,0,XMB
GL,8,2023,8,10,25,-1,-0.7,27,7,diggs,50.50053,-127.851,50.5007,-127.8514,10,,1,,99,,,51,2,,0,XKG
GL,8,2023,8,10,25,-1,-0.7,27,7,diggs,50.50053,-127.851,50.5007,-127.8514,10,,1,41,,11,,51,3,,0,XMB
GL,8,2023,8,10,25,-1,-0.7,27,7,diggs,50.50053,-127.851,50.5007,-127.8514,10,,1,46,,11,,51,3,,0,XMB
GL,8,2023,8,10,25,-1,-0.7,27,7,diggs,50.50053,-127.851,50.5007,-127.8514,10,,1,36,,11,,51,3,,0,XMB
GL,8,2023,8,10,25,-1,-0.7,27,7,diggs,50.50053,-127.851,50.5007,-127.8514,10,,1,36,,12,,51,3,,0,XMB
GL,8,2023,8,10,25,-1,-0.7,27,7,diggs,50.50053,-127.851,50.5007,-127.8514,10,,1,36,,12,,51,3,,0,XMB
GL,8,2023,8,10,25,-1,-0.7,27,7,diggs,50.50053,-127.851,50.5007,-127.8514,10,,3,36,,12,,51,3,,0,XMB
GL,8,2023,8,10,25,-1,-0.7,27,7,diggs,50.50053,-127.851,50.5007,-127.8514,10,,3,29,,12,,51,3,,0,XMB
GL,8,2023,8,10,25,-1,-0.7,27,7,diggs,50.50053,-127.851,50.5007,-127.8514,10,,1,57,,11,,51,4,,0,XMB
GL,8,2023,8,10,25,-1,-0.7,27,7,diggs,50.50053,-127.851,50.5007,-127.8514,10,,1,35,,13,,51,4,,0,XMB
GL,8,2023,8,10,25,-1,-0.7,27,7,diggs,50.50053,-127.851,50.5007,-127.8514,10,,1,47,,13,,51,5,,0,XMB
GL,9,2023,8,10,25,-0.7,-0.2,27,7,diggs,50.50122,-127.8535,50.50077,-127.8537,10,,1,60,,11,,51,1,,0,XMB
GL,9,2023,8,10,25,-0.7,-0.2,27,7,diggs,50.50122,-127.8535,50.50077,-127.8537,10,,3,57,,12,,51,1,,0,XMB
GL,9,2023,8,10,25,-0.7,-0.2,27,7,diggs,50.50122,-127.8535,50.50077,-127.8537,10,,1,51,,13,,51,1,,0,XMB
GL,9,2023,8,10,25,-0.7,-0.2,27,7,diggs,50.50122,-127.8535,50.50077,-127.8537,10,,1,55,,11,,51,1,,0,XMB
GL,9,2023,8,10,25,-0.7,-0.2,27,7,diggs,50.50122,-127.8535,50.50077,-127.8537,10,,3,50,,12,,51,1,,0,XMB
GL,9,2023,8,10,25,-0.7,-0.2,27,7,diggs,50.50122,-127.8535,50.50077,-127.8537,10,,3,39,,12,,51,1,,0,XMB
GL,9,2023,8,10,25,-0.7,-0.2,27,7,diggs,50.50122,-127.8535,50.50077,-127.8537,10,,3,48,,14,,51,1,,0,XMB
GL,9,2023,8,10,25,-0.7,-0.2,27,7,diggs,50.50122,-127.8535,50.50077,-127.8537,10,,3,45,,12,,51,1,,0,XMB
GL,9,2023,8,10,25,-0.7,-0.2,27,7,diggs,50.50122,-127.8535,50.50077,-127.8537,10,,1,38,,12,,51,1,,0,XMB
GL,9,2023,8,10,25,-0.7,-0.2,27,7,diggs,50.50122,-127.8535,50.50077,-127.8537,10,,1,,58,,,51,1,,0,XKE
GL,9,2023,8,10,25,-0.7,-0.2,27,7,diggs,50.50122,-127.8535,50.50077,-127.8537,10,,1,,61,,,51,1,,0,XKE
GL,9,2023,8,10,25,-0.7,-0.2,27,7,diggs,50.50122,-127.8535,50.50077,-127.8537,10,,1,,52,,,51,1,,0,XKE
GL,9,2023,8,10,25,-0.7,-0.2,27,7,diggs,50.50122,-127.8535,50.50077,-127.8537,10,,1,50,,12,,51,3,,0,XMB
GL,9,2023,8,10,25,-0.7,-0.2,27,7,diggs,50.50122,-127.8535,50.50077,-127.8537,10,,1,60,,11,,51,3,,0,XMB
GL,9,2023,8,10,25,-0.7,-0.2,27,7,diggs,50.50122,-127.8535,50.50077,-127.8537,10,,1,37,,12,,51,3,,0,XMB
GL,9,2023,8,10,25,-0.7,-0.2,27,7,diggs,50.50122,-127.8535,50.50077,-127.8537,10,,1,36,,12,,51,3,,0,XMB
GL,9,2023,8,10,25,-0.7,-0.2,27,7,diggs,50.50122,-127.8535,50.50077,-127.8537,10,,1,35,,12,,51,3,,0,XMB
GL,9,2023,8,10,25,-0.7,-0.2,27,7,diggs,50.50122,-127.8535,50.50077,-127.8537,10,,1,32,,12,,51,3,,0,XMB
GL,9,2023,8,10,25,-0.7,-0.2,27,7,diggs,50.50122,-127.8535,50.50077,-127.8537,10,,1,,70,,,51,3,,0,XKE
GL,9,2023,8,10,25,-0.7,-0.2,27,7,diggs,50.50122,-127.8535,50.50077,-127.8537,10,,1,,58,,,51,3,,0,XKE
GL,9,2023,8,10,25,-0.7,-0.2,27,7,diggs,50.50122,-127.8535,50.50077,-127.8537,10,,1,35,,12,,51,2,,0,XMB
GL,9,2023,8,10,25,-0.7,-0.2,27,7,diggs,50.50122,-127.8535,50.50077,-127.8537,10,,1,,85,,,51,2,,0,XKG
GL,9,2023,8,10,25,-0.7,-0.2,27,7,diggs,50.50122,-127.8535,50.50077,-127.8537,10,,1,,56,,,51,2,,0,XKG
GL,9,2023,8,10,25,-0.7,-0.2,27,7,diggs,50.50122,-127.8535,50.50077,-127.8537,10,,1,,59,,,51,2,,0,XKG
GL,9,2023,8,10,25,-0.7,-0.2,27,7,diggs,50.50122,-127.8535,50.50077,-127.8537,10,,1,,55,,,51,2,,0,XKG
GL,9,2023,8,10,25,-0.7,-0.2,27,7,diggs,50.50122,-127.8535,50.50077,-127.8537,10,,1,50,,11,,51,4,,0,XMB
GL,9,2023,8,10,25,-0.7,-0.2,27,7,diggs,50.50122,-127.8535,50.50077,-127.8537,10,,1,46,,12,,51,4,,0,XMB
GL,9,2023,8,10,25,-0.7,-0.2,27,7,diggs,50.50122,-127.8535,50.50077,-127.8537,10,,3,50,,12,,51,4,,0,XMB
GL,9,2023,8,10,25,-0.7,-0.2,27,7,diggs,50.50122,-127.8535,50.50077,-127.8537,10,,1,35,,12,,51,4,,0,XMB
GL,9,2023,8,10,25,-0.7,-0.2,27,7,diggs,50.50122,-127.8535,50.50077,-127.8537,10,,3,36,,12,,51,4,,0,XMB
GL,9,2023,8,10,25,-0.7,-0.2,27,7,diggs,50.50122,-127.8535,50.50077,-127.8537,10,,1,36,,12,,51,4,,0,XMB
GL,9,2023,8,10,25,-0.7,-0.2,27,7,diggs,50.50122,-127.8535,50.50077,-127.8537,10,,1,,57,,,51,4,,0,XKE
GL,9,2023,8,10,25,-0.7,-0.2,27,7,diggs,50.50122,-127.8535,50.50077,-127.8537,10,,1,,53,,,51,4,,0,XKE
GL,9,2023,8,10,25,-0.7,-0.2,27,7,diggs,50.50122,-127.8535,50.50077,-127.8537,10,,1,36,,12,,51,5,,0,XMB
GL,9,2023,8,10,25,-0.7,-0.2,27,7,diggs,50.50122,-127.8535,50.50077,-127.8537,10,,3,34,,12,,51,5,,0,XMB
GL,9,2023,8,10,25,-0.7,-0.2,27,7,diggs,50.50122,-127.8535,50.50077,-127.8537,10,,3,33,,12,,51,5,,0,XMB
GL,9,2023,8,10,25,-0.7,-0.2,27,7,diggs,50.50122,-127.8535,50.50077,-127.8537,10,,1,,61,,,51,5,,0,XKE
GL,9,2023,8,10,25,-0.7,-0.2,27,7,diggs,50.50122,-127.8535,50.50077,-127.8537,10,,1,,43,,,51,5,,0,XKE
GL,9,2023,8,10,25,-0.7,-0.2,27,7,diggs,50.50122,-127.8535,50.50077,-127.8537,10,,3,,43,,,51,5,,0,XKE
GL,9,2023,8,10,25,-0.7,-0.2,27,7,diggs,50.50122,-127.8535,50.50077,-127.8537,10,,1,40,,12,,51,5,,0,XMB
GL,9,2023,8,10,25,-0.7,-0.2,27,7,diggs,50.50122,-127.8535,50.50077,-127.8537,10,,3,41,,12,,51,5,,0,XMB
GL,9,2023,8,10,25,-0.7,-0.2,27,7,diggs,50.50122,-127.8535,50.50077,-127.8537,10,,1,45,,11,,51,5,,0,XMB
GL,9,2023,8,10,25,-0.7,-0.2,27,7,diggs,50.50122,-127.8535,50.50077,-127.8537,10,,1,,62,,,51,5,,0,XKE
GL,9,2023,8,10,25,-0.7,-0.2,27,7,diggs,50.50122,-127.8535,50.50077,-127.8537,10,,1,,68,,,51,5,,0,XKE
GL,9,2023,8,10,25,-0.7,-0.2,27,7,diggs,50.50122,-127.8535,50.50077,-127.8537,10,,1,,72,,,51,5,,0,XKE
GL,9,2023,8,10,25,-0.7,-0.2,27,7,diggs,50.50122,-127.8535,50.50077,-127.8537,10,,1,,49,,,51,5,,0,XKE
GL,9,2023,8,10,25,-0.7,-0.2,27,7,diggs,50.50122,-127.8535,50.50077,-127.8537,10,,1,,51,,,51,5,,0,XKE
GL,9,2023,8,10,25,-0.7,-0.2,27,7,diggs,50.50122,-127.8535,50.50077,-127.8537,10,,1,,56,,,51,5,,0,XKE
GL,9,2023,8,10,25,-0.7,-0.2,27,7,diggs,50.50122,-127.8535,50.50077,-127.8537,10,,1,,44,,,51,5,,0,XKE
GL,9,2023,8,10,25,-0.7,-0.2,27,7,diggs,50.50122,-127.8535,50.50077,-127.8537,10,,1,,52,,,51,5,,0,XKE
GL,10,2023,8,10,26,-1,-0.7,27,7,monkey,50.45872,-127.8055,50.45858,-127.8062,10,,,,,,,51,1,,15,848
GL,10,2023,8,10,26,-1,-0.7,27,7,monkey,50.45872,-127.8055,50.45858,-127.8062,10,,,,,,,51,2,,15,848
GL,10,2023,8,10,26,-1,-0.7,27,7,monkey,50.45872,-127.8055,50.45858,-127.8062,10,,,,,,,51,3,,15,848
GL,10,2023,8,10,26,-1,-0.7,27,7,monkey,50.45872,-127.8055,50.45858,-127.8062,10,,,,,,,51,4,,15,848
GL,10,2023,8,10,26,-1,-0.7,27,7,monkey,50.45872,-127.8055,50.45858,-127.8062,10,,1,,65,,,51,6,,0,XKG
GL,10,2023,8,10,26,-1,-0.7,27,7,monkey,50.45872,-127.8055,50.45858,-127.8062,10,,,,,,,51,5,,15,848
GL,11,2023,8,10,26,-0.8,-0.3,27,7,monkey,50.4585,-127.8071,50.4583,-127.8077,10,,,,,,,51,1,,15,848
GL,11,2023,8,10,26,-0.8,-0.3,27,7,monkey,50.4585,-127.8071,50.4583,-127.8077,10,,,,,,,51,2,,15,848
GL,11,2023,8,10,26,-0.8,-0.3,27,7,monkey,50.4585,-127.8071,50.4583,-127.8077,10,,,,,,,51,3,,15,848
GL,11,2023,8,10,26,-0.8,-0.3,27,7,monkey,50.4585,-127.8071,50.4583,-127.8077,10,,3,34,,12,,51,4,,0,XMB
GL,11,2023,8,10,26,-0.8,-0.3,27,7,monkey,50.4585,-127.8071,50.4583,-127.8077,10,,,,,,,51,5,,15,848
GL,11,2023,8,10,26,-0.8,-0.3,27,7,monkey,50.4585,-127.8071,50.4583,-127.8077,10,,3,37,,12,,51,6,,0,XMB
GL,11,2023,8,10,26,-0.8,-0.3,27,7,monkey,50.4585,-127.8071,50.4583,-127.8077,10,,3,42,,12,,51,6,,0,XMB
GL,12,2023,8,10,26,-0.8,-0.3,27,7,monkey,50.4585,-127.8081,50.45893,-127.808,10,,1,,71,,,51,1,,0,XLA
GL,12,2023,8,10,26,-0.8,-0.3,27,7,monkey,50.4585,-127.8081,50.45893,-127.808,10,,1,,68,,,51,2,,0,XLA
GL,12,2023,8,10,26,-0.8,-0.3,27,7,monkey,50.4585,-127.8081,50.45893,-127.808,10,,3,,62,,,51,2,,0,XLA
GL,12,2023,8,10,26,-0.8,-0.3,27,7,monkey,50.4585,-127.8081,50.45893,-127.808,10,,1,,66,,,51,2,,0,XLA
GL,12,2023,8,10,26,-0.8,-0.3,27,7,monkey,50.4585,-127.8081,50.45893,-127.808,10,,1,,54,,,51,2,,0,XKE
GL,12,2023,8,10,26,-0.8,-0.3,27,7,monkey,50.4585,-127.8081,50.45893,-127.808,10,,,,,,,51,3,,15,848
GL,12,2023,8,10,26,-0.8,-0.3,27,7,monkey,50.4585,-127.8081,50.45893,-127.808,10,,1,,68,,,51,4,,0,XKE
GL,12,2023,8,10,26,-0.8,-0.3,27,7,monkey,50.4585,-127.8081,50.45893,-127.808,10,,,,,,,51,5,,15,848
GL,12,2023,8,10,26,-0.8,-0.3,27,7,monkey,50.4585,-127.8081,50.45893,-127.808,10,,1,,63,,,51,6,,0,XKE
GL,12,2023,8,10,26,-0.8,-0.3,27,7,monkey,50.4585,-127.8081,50.45893,-127.808,10,,1,,83,,,51,6,,0,XKG
GL,13,2023,8,11,26,-1.4,-0.3,27,8,julian,50.48423,-127.6072,50.48447,-127.6078,10,,,,,,,51,1,,15,848
GL,13,2023,8,11,26,-1.4,-0.3,27,8,julian,50.48423,-127.6072,50.48447,-127.6078,10,,1,,59,,,51,2,,0,XLA
GL,13,2023,8,11,26,-1.4,-0.3,27,8,julian,50.48423,-127.6072,50.48447,-127.6078,10,,3,,59,,,51,2,,0,XKE
GL,13,2023,8,11,26,-1.4,-0.3,27,8,julian,50.48423,-127.6072,50.48447,-127.6078,10,,3,,46,,,51,3,,0,XKE
GL,13,2023,8,11,26,-1.4,-0.3,27,8,julian,50.48423,-127.6072,50.48447,-127.6078,10,,3,,54,,,51,4,,0,XKE
GL,13,2023,8,11,26,-1.4,-0.3,27,8,julian,50.48423,-127.6072,50.48447,-127.6078,10,,1,,71,,,51,4,,0,XKE
GL,13,2023,8,11,26,-1.4,-0.3,27,8,julian,50.48423,-127.6072,50.48447,-127.6078,10,,1,,61,,,51,4,,0,XKE
GL,13,2023,8,11,26,-1.4,-0.3,27,8,julian,50.48423,-127.6072,50.48447,-127.6078,10,,1,,48,,,51,4,,0,XKE
GL,13,2023,8,11,26,-1.4,-0.3,27,8,julian,50.48423,-127.6072,50.48447,-127.6078,10,,1,,70,,,51,4,,0,XKE
GL,13,2023,8,11,26,-1.4,-0.3,27,8,julian,50.48423,-127.6072,50.48447,-127.6078,10,,3,,48,,,51,4,,0,XKE
GL,13,2023,8,11,26,-1.4,-0.3,27,8,julian,50.48423,-127.6072,50.48447,-127.6078,10,,3,,51,,,51,5,,0,XKE
GL,13,2023,8,11,26,-1.4,-0.3,27,8,julian,50.48423,-127.6072,50.48447,-127.6078,10,,1,,60,,,51,5,,0,XKE
GL,13,2023,8,11,26,-1.4,-0.3,27,8,julian,50.48423,-127.6072,50.48447,-127.6078,10,,1,,68,,,51,5,,0,XKE
GL,13,2023,8,11,26,-1.4,-0.3,27,8,julian,50.48423,-127.6072,50.48447,-127.6078,10,,1,,71,,,51,6,,0,XKE
GL,13,2023,8,11,26,-1.4,-0.3,27,8,julian,50.48423,-127.6072,50.48447,-127.6078,10,,1,,74,,,51,6,,0,XKE
GL,13,2023,8,11,26,-1.4,-0.3,27,8,julian,50.48423,-127.6072,50.48447,-127.6078,10,,3,,70,,,51,6,,0,XKE
GL,13,2023,8,11,26,-1.4,-0.3,27,8,julian,50.48423,-127.6072,50.48447,-127.6078,10,,3,,50,,,51,6,,0,XKE
GL,14,2023,8,11,26,-1.2,-0.6,27,8,julian,50.48413,-127.6082,50.48442,-127.6087,10,,3,70,,13,,51,1,,0,XMB
GL,14,2023,8,11,26,-1.2,-0.6,27,8,julian,50.48413,-127.6082,50.48442,-127.6087,10,,,,,,,51,2,,15,848
GL,14,2023,8,11,26,-1.2,-0.6,27,8,julian,50.48413,-127.6082,50.48442,-127.6087,10,,1,,57,,,51,3,,0,XKE
GL,14,2023,8,11,26,-1.2,-0.6,27,8,julian,50.48413,-127.6082,50.48442,-127.6087,10,,3,,55,,,51,3,,0,XKE
GL,14,2023,8,11,26,-1.2,-0.6,27,8,julian,50.48413,-127.6082,50.48442,-127.6087,10,,1,,51,,,51,3,,0,XKE
GL,14,2023,8,11,26,-1.2,-0.6,27,8,julian,50.48413,-127.6082,50.48442,-127.6087,10,,3,,62,,,51,3,,0,XKE
GL,14,2023,8,11,26,-1.2,-0.6,27,8,julian,50.48413,-127.6082,50.48442,-127.6087,10,,3,,63,,,51,3,,0,XKE
GL,14,2023,8,11,26,-1.2,-0.6,27,8,julian,50.48413,-127.6082,50.48442,-127.6087,10,,1,,66,,,51,3,,0,XKE
GL,14,2023,8,11,26,-1.2,-0.6,27,8,julian,50.48413,-127.6082,50.48442,-127.6087,10,,,,,,,51,4,,15,848
GL,14,2023,8,11,26,-1.2,-0.6,27,8,julian,50.48413,-127.6082,50.48442,-127.6087,10,,1,,74,,,51,5,,0,XKE
GL,14,2023,8,11,26,-1.2,-0.6,27,8,julian,50.48413,-127.6082,50.48442,-127.6087,10,,1,,49,,,51,5,,0,XKE
GL,14,2023,8,11,26,-1.2,-0.6,27,8,julian,50.48413,-127.6082,50.48442,-127.6087,10,,3,,63,,,51,5,,0,XKE
GL,14,2023,8,11,26,-1.2,-0.6,27,8,julian,50.48413,-127.6082,50.48442,-127.6087,10,,1,,60,,,51,5,,0,XKE
GL,14,2023,8,11,26,-1.2,-0.6,27,8,julian,50.48413,-127.6082,50.48442,-127.6087,10,,1,,49,,,51,5,,0,XKE
GL,14,2023,8,11,26,-1.2,-0.6,27,8,julian,50.48413,-127.6082,50.48442,-127.6087,10,,1,,49,,,51,5,,0,XKE
GL,14,2023,8,11,26,-1.2,-0.6,27,8,julian,50.48413,-127.6082,50.48442,-127.6087,10,,1,,77,,,51,5,,0,XKE
GL,14,2023,8,11,26,-1.2,-0.6,27,8,julian,50.48413,-127.6082,50.48442,-127.6087,10,,1,,63,,,51,5,,0,XKE
GL,14,2023,8,11,26,-1.2,-0.6,27,8,julian,50.48413,-127.6082,50.48442,-127.6087,10,,3,,55,,,51,5,,0,XKE
GL,14,2023,8,11,26,-1.2,-0.6,27,8,julian,50.48413,-127.6082,50.48442,-127.6087,10,,1,,65,,,51,5,,0,XKE
GL,14,2023,8,11,26,-1.2,-0.6,27,8,julian,50.48413,-127.6082,50.48442,-127.6087,10,,1,,55,,,51,5,,0,XKE
GL,14,2023,8,11,26,-1.2,-0.6,27,8,julian,50.48413,-127.6082,50.48442,-127.6087,10,,1,,52,,,51,5,,0,XKE
GL,14,2023,8,11,26,-1.2,-0.6,27,8,julian,50.48413,-127.6082,50.48442,-127.6087,10,,3,,48,,,51,5,,0,XKE
GL,14,2023,8,11,26,-1.2,-0.6,27,8,julian,50.48413,-127.6082,50.48442,-127.6087,10,,1,,52,,,51,5,,0,XKE
GL,14,2023,8,11,26,-1.2,-0.6,27,8,julian,50.48413,-127.6082,50.48442,-127.6087,10,,3,,65,,,51,6,,0,XKE
GL,14,2023,8,11,26,-1.2,-0.6,27,8,julian,50.48413,-127.6082,50.48442,-127.6087,10,,1,,68,,,51,6,,0,XKE
GL,14,2023,8,11,26,-1.2,-0.6,27,8,julian,50.48413,-127.6082,50.48442,-127.6087,10,,3,,52,,,51,6,,0,XKE
GL,14,2023,8,11,26,-1.2,-0.6,27,8,julian,50.48413,-127.6082,50.48442,-127.6087,10,,3,,57,,,51,6,,0,XKE
GL,14,2023,8,11,26,-1.2,-0.6,27,8,julian,50.48413,-127.6082,50.48442,-127.6087,10,,1,,64,,,51,6,,0,XKE
GL,15,2023,8,11,26,-1.1,2.6,27,8,julian,50.48425,-127.6095,50.48465,-127.6091,10,,1,,56,,,51,1,,0,XKE
GL,15,2023,8,11,26,-1.1,2.6,27,8,julian,50.48425,-127.6095,50.48465,-127.6091,10,,1,,69,,,51,1,,0,XKE
GL,15,2023,8,11,26,-1.1,2.6,27,8,julian,50.48425,-127.6095,50.48465,-127.6091,10,,3,,59,,,51,1,,0,XKE
GL,15,2023,8,11,26,-1.1,2.6,27,8,julian,50.48425,-127.6095,50.48465,-127.6091,10,,1,,64,,,51,1,,0,XKE
GL,15,2023,8,11,26,-1.1,2.6,27,8,julian,50.48425,-127.6095,50.48465,-127.6091,10,,1,,52,,,51,2,,0,XKE
GL,15,2023,8,11,26,-1.1,2.6,27,8,julian,50.48425,-127.6095,50.48465,-127.6091,10,,1,,80,,,51,3,,0,XKE
GL,15,2023,8,11,26,-1.1,2.6,27,8,julian,50.48425,-127.6095,50.48465,-127.6091,10,,1,,37,,,51,3,,0,XKE
GL,15,2023,8,11,26,-1.1,2.6,27,8,julian,50.48425,-127.6095,50.48465,-127.6091,10,,1,,56,,,51,4,,0,XKE
GL,15,2023,8,11,26,-1.1,2.6,27,8,julian,50.48425,-127.6095,50.48465,-127.6091,10,,1,,51,,,51,4,,0,XKE
GL,15,2023,8,11,26,-1.1,2.6,27,8,julian,50.48425,-127.6095,50.48465,-127.6091,10,,1,,47,,,51,5,,0,XKE
GL,15,2023,8,11,26,-1.1,2.6,27,8,julian,50.48425,-127.6095,50.48465,-127.6091,10,,1,,57,,,51,6,,0,XKE
GL,15,2023,8,11,26,-1.1,2.6,27,8,julian,50.48425,-127.6095,50.48465,-127.6091,10,,1,,64,,,51,6,,0,XKE
GL,15,2023,8,11,26,-1.1,2.6,27,8,julian,50.48425,-127.6095,50.48465,-127.6091,10,,1,,77,,,51,6,,0,XKE
GL,15,2023,8,11,26,-1.1,2.6,27,8,julian,50.48425,-127.6095,50.48465,-127.6091,10,,3,,54,,,51,6,,0,XKE
GL,16,2023,8,11,26,-1.1,-0.4,27,7,nout,50.4869,-127.659,50.48732,-127.6587,10,,1,,52,,,51,1,,0,XKG
GL,16,2023,8,11,26,-1.1,-0.4,27,7,nout,50.4869,-127.659,50.48732,-127.6587,10,,1,,56,,,51,1,,0,XKG
GL,16,2023,8,11,26,-1.1,-0.4,27,7,nout,50.4869,-127.659,50.48732,-127.6587,10,,3,,46,,,51,1,,0,XKG
GL,16,2023,8,11,26,-1.1,-0.4,27,7,nout,50.4869,-127.659,50.48732,-127.6587,10,,1,,58,,,51,1,,0,XKG
GL,16,2023,8,11,26,-1.1,-0.4,27,7,nout,50.4869,-127.659,50.48732,-127.6587,10,,1,,58,,,51,1,,0,XKG
GL,16,2023,8,11,26,-1.1,-0.4,27,7,nout,50.4869,-127.659,50.48732,-127.6587,10,,3,,63,,,51,1,,0,XKG
GL,16,2023,8,11,26,-1.1,-0.4,27,7,nout,50.4869,-127.659,50.48732,-127.6587,10,,1,,56,,,51,1,,0,XKG
GL,16,2023,8,11,26,-1.1,-0.4,27,7,nout,50.4869,-127.659,50.48732,-127.6587,10,,3,,58,,,51,1,,0,XKG
GL,16,2023,8,11,26,-1.1,-0.4,27,7,nout,50.4869,-127.659,50.48732,-127.6587,10,,1,,46,,,51,1,,0,XKG
GL,16,2023,8,11,26,-1.1,-0.4,27,7,nout,50.4869,-127.659,50.48732,-127.6587,10,,,,,,,51,2,,15,848
GL,16,2023,8,11,26,-1.1,-0.4,27,7,nout,50.4869,-127.659,50.48732,-127.6587,10,,,,,,,51,3,,15,848
GL,16,2023,8,11,26,-1.1,-0.4,27,7,nout,50.4869,-127.659,50.48732,-127.6587,10,,3,,81,,,51,4,,0,XKG
GL,16,2023,8,11,26,-1.1,-0.4,27,7,nout,50.4869,-127.659,50.48732,-127.6587,10,,3,,70,,,51,4,,0,XKG
GL,16,2023,8,11,26,-1.1,-0.4,27,7,nout,50.4869,-127.659,50.48732,-127.6587,10,,1,,54,,,51,4,,0,XKG
GL,16,2023,8,11,26,-1.1,-0.4,27,7,nout,50.4869,-127.659,50.48732,-127.6587,10,,3,,54,,,51,4,,0,XKG
GL,16,2023,8,11,26,-1.1,-0.4,27,7,nout,50.4869,-127.659,50.48732,-127.6587,10,,3,,57,,,51,4,,0,XKG
GL,16,2023,8,11,26,-1.1,-0.4,27,7,nout,50.4869,-127.659,50.48732,-127.6587,10,,1,,53,,,51,4,,0,XKG
GL,16,2023,8,11,26,-1.1,-0.4,27,7,nout,50.4869,-127.659,50.48732,-127.6587,10,,1,,54,,,51,4,,0,XKG
GL,16,2023,8,11,26,-1.1,-0.4,27,7,nout,50.4869,-127.659,50.48732,-127.6587,10,,3,,49,,,51,4,,0,XKG
GL,16,2023,8,11,26,-1.1,-0.4,27,7,nout,50.4869,-127.659,50.48732,-127.6587,10,,3,,44,,,51,4,,0,XKG
GL,16,2023,8,11,26,-1.1,-0.4,27,7,nout,50.4869,-127.659,50.48732,-127.6587,10,,1,,73,,,51,4,,0,XKG
GL,16,2023,8,11,26,-1.1,-0.4,27,7,nout,50.4869,-127.659,50.48732,-127.6587,10,,1,,68,,,51,4,,0,XKG
GL,16,2023,8,11,26,-1.1,-0.4,27,7,nout,50.4869,-127.659,50.48732,-127.6587,10,,3,,82,,,51,4,,0,XKG
GL,16,2023,8,11,26,-1.1,-0.4,27,7,nout,50.4869,-127.659,50.48732,-127.6587,10,,1,,43,,,51,4,,0,XLA
GL,16,2023,8,11,26,-1.1,-0.4,27,7,nout,50.4869,-127.659,50.48732,-127.6587,10,,3,,44,,,51,5,,0,XLA
GL,16,2023,8,11,26,-1.1,-0.4,27,7,nout,50.4869,-127.659,50.48732,-127.6587,10,,1,,45,,,51,5,,0,XKG
GL,16,2023,8,11,26,-1.1,-0.4,27,7,nout,50.4869,-127.659,50.48732,-127.6587,10,,1,,49,,,51,5,,0,XKG
GL,16,2023,8,11,26,-1.1,-0.4,27,7,nout,50.4869,-127.659,50.48732,-127.6587,10,,3,,68,,,51,5,,0,XKG
GL,16,2023,8,11,26,-1.1,-0.4,27,7,nout,50.4869,-127.659,50.48732,-127.6587,10,,1,,48,,,51,6,,0,XKE
GL,16,2023,8,11,26,-1.1,-0.4,27,7,nout,50.4869,-127.659,50.48732,-127.6587,10,,1,,53,,,51,6,,0,XLA
GL,16,2023,8,11,26,-1.1,-0.4,27,7,nout,50.4869,-127.659,50.48732,-127.6587,10,,1,,48,,,51,6,,0,XKG
GL,16,2023,8,11,26,-1.1,-0.4,27,7,nout,50.4869,-127.659,50.48732,-127.6587,10,,3,,63,,,51,6,,0,XKG
GL,17,2023,8,11,26,-1,-0.5,27,7,nout,50.48715,-127.6597,50.48758,-127.6594,10,,1,,63,,,51,1,,0,XKG
GL,17,2023,8,11,26,-1,-0.5,27,7,nout,50.48715,-127.6597,50.48758,-127.6594,10,,1,,44,,,51,1,,0,XKG
GL,17,2023,8,11,26,-1,-0.5,27,7,nout,50.48715,-127.6597,50.48758,-127.6594,10,,1,,61,,,51,2,,0,XKG
GL,17,2023,8,11,26,-1,-0.5,27,7,nout,50.48715,-127.6597,50.48758,-127.6594,10,,3,,42,,,51,2,,0,XKG
GL,17,2023,8,11,26,-1,-0.5,27,7,nout,50.48715,-127.6597,50.48758,-127.6594,10,,3,,48,,,51,2,,0,XKG
GL,17,2023,8,11,26,-1,-0.5,27,7,nout,50.48715,-127.6597,50.48758,-127.6594,10,,1,,48,,,51,2,,0,XKG
GL,17,2023,8,11,26,-1,-0.5,27,7,nout,50.48715,-127.6597,50.48758,-127.6594,10,,1,,45,,,51,2,,0,XKG
GL,17,2023,8,11,26,-1,-0.5,27,7,nout,50.48715,-127.6597,50.48758,-127.6594,10,,3,,84,,,51,3,,0,XKG
GL,17,2023,8,11,26,-1,-0.5,27,7,nout,50.48715,-127.6597,50.48758,-127.6594,10,,,,,,,51,4,,15,848
GL,17,2023,8,11,26,-1,-0.5,27,7,nout,50.48715,-127.6597,50.48758,-127.6594,10,,,,,,,51,5,,15,848
GL,17,2023,8,11,26,-1,-0.5,27,7,nout,50.48715,-127.6597,50.48758,-127.6594,10,,,,,,,51,6,,15,848
GL,17,2023,8,11,26,-1,-0.5,27,7,nout,50.48715,-127.6597,50.48758,-127.6594,10,,1,,66,,,51,1,,0,XKG
GL,18,2023,8,11,27,-0.9,-0.4,27,7,nout,50.48775,-127.6603,50.4882,-127.6601,10,,1,,62,,,51,1,,0,XKG
GL,18,2023,8,11,27,-0.9,-0.4,27,7,nout,50.48775,-127.6603,50.4882,-127.6601,10,,,,,,,51,2,,15,848
GL,18,2023,8,11,27,-0.9,-0.4,27,7,nout,50.48775,-127.6603,50.4882,-127.6601,10,,1,,84,,,51,3,,0,XKG
GL,18,2023,8,11,27,-0.9,-0.4,27,7,nout,50.48775,-127.6603,50.4882,-127.6601,10,,3,,64,,,51,3,,0,XKG
GL,18,2023,8,11,27,-0.9,-0.4,27,7,nout,50.48775,-127.6603,50.4882,-127.6601,10,,1,,19,,,51,3,,0,YQC
GL,18,2023,8,11,27,-0.9,-0.4,27,7,nout,50.48775,-127.6603,50.4882,-127.6601,10,,,,,,,51,4,,15,848
GL,18,2023,8,11,27,-0.9,-0.4,27,7,nout,50.48775,-127.6603,50.4882,-127.6601,10,,1,,57,,,51,5,,0,XKG
GL,18,2023,8,11,27,-0.9,-0.4,27,7,nout,50.48775,-127.6603,50.4882,-127.6601,10,,1,,51,,,51,5,,0,XKG
GL,18,2023,8,11,27,-0.9,-0.4,27,7,nout,50.48775,-127.6603,50.4882,-127.6601,10,,3,,47,,,51,5,,0,XKG
GL,18,2023,8,11,27,-0.9,-0.4,27,7,nout,50.48775,-127.6603,50.4882,-127.6601,10,,,,,,,51,6,,15,848
GL,19,2023,8,12,24,-1.3,-0.8,27,8,cayuse,50.38345,-127.464,50.38312,-127.4635,10,,3,,71,,,51,1,,0,XKE
GL,19,2023,8,12,24,-1.3,-0.8,27,8,cayuse,50.38345,-127.464,50.38312,-127.4635,10,,1,,18,,,51,2,,0,YQC
GL,19,2023,8,12,24,-1.3,-0.8,27,8,cayuse,50.38345,-127.464,50.38312,-127.4635,10,,1,,86,,,51,3,,0,XKE
GL,19,2023,8,12,24,-1.3,-0.8,27,8,cayuse,50.38345,-127.464,50.38312,-127.4635,10,,1,,91,,,51,4,,0,XKE
GL,19,2023,8,12,24,-1.3,-0.8,27,8,cayuse,50.38345,-127.464,50.38312,-127.4635,10,,1,,78,,,51,4,,0,XKE
GL,19,2023,8,12,24,-1.3,-0.8,27,8,cayuse,50.38345,-127.464,50.38312,-127.4635,10,,3,,65,,,51,4,,0,XKE
GL,19,2023,8,12,24,-1.3,-0.8,27,8,cayuse,50.38345,-127.464,50.38312,-127.4635,10,,1,,78,,,51,4,,0,XKE
GL,19,2023,8,12,24,-1.3,-0.8,27,8,cayuse,50.38345,-127.464,50.38312,-127.4635,10,,1,,57,,,51,4,,0,XKE
GL,19,2023,8,12,24,-1.3,-0.8,27,8,cayuse,50.38345,-127.464,50.38312,-127.4635,10,,3,,43,,,51,4,,0,XKE
GL,19,2023,8,12,24,-1.3,-0.8,27,8,cayuse,50.38345,-127.464,50.38312,-127.4635,10,,1,,93,,,51,4,,0,XKE
GL,19,2023,8,12,24,-1.3,-0.8,27,8,cayuse,50.38345,-127.464,50.38312,-127.4635,10,,1,63,,13,,51,4,,0,XMB
GL,19,2023,8,12,24,-1.3,-0.8,27,8,cayuse,50.38345,-127.464,50.38312,-127.4635,10,,1,67,,11,,51,5,,0,XMB
GL,19,2023,8,12,24,-1.3,-0.8,27,8,cayuse,50.38345,-127.464,50.38312,-127.4635,10,,1,72,,11,,51,5,,0,XMB
GL,19,2023,8,12,24,-1.3,-0.8,27,8,cayuse,50.38345,-127.464,50.38312,-127.4635,10,,3,,76,,,51,5,,0,XKE
GL,19,2023,8,12,24,-1.3,-0.8,27,8,cayuse,50.38345,-127.464,50.38312,-127.4635,10,,3,,63,,,51,5,,0,XKE
GL,19,2023,8,12,24,-1.3,-0.8,27,8,cayuse,50.38345,-127.464,50.38312,-127.4635,10,,1,,64,,,51,5,,0,XKE
GL,19,2023,8,12,24,-1.3,-0.8,27,8,cayuse,50.38345,-127.464,50.38312,-127.4635,10,,1,,18,2,,51,5,,0,YQC
GL,19,2023,8,12,24,-1.3,-0.8,27,8,cayuse,50.38345,-127.464,50.38312,-127.4635,10,,0,73,,13,,51,6,,0,XMB
GL,19,2023,8,12,24,-1.3,-0.8,27,8,cayuse,50.38345,-127.464,50.38312,-127.4635,10,,3,,83,,,51,6,,0,XKE
GL,19,2023,8,12,24,-1.3,-0.8,27,8,cayuse,50.38345,-127.464,50.38312,-127.4635,10,,3,,66,,,51,6,,0,XKE
GL,20,2023,8,12,24,-1.2,-0.9,27,8,cayuse,50.38272,-127.4637,50.3831,-127.4632,10,,1,67,,13,,51,1,,0,XMB
GL,20,2023,8,12,24,-1.2,-0.9,27,8,cayuse,50.38272,-127.4637,50.3831,-127.4632,10,,,,,,,51,2,,15,848
GL,20,2023,8,12,24,-1.2,-0.9,27,8,cayuse,50.38272,-127.4637,50.3831,-127.4632,10,,,,,,,51,3,,15,848
GL,20,2023,8,12,24,-1.2,-0.9,27,8,cayuse,50.38272,-127.4637,50.3831,-127.4632,10,,3,73,,13,,51,4,,0,XMB
GL,20,2023,8,12,24,-1.2,-0.9,27,8,cayuse,50.38272,-127.4637,50.3831,-127.4632,10,,,,,,,51,5,,15,848
GL,20,2023,8,12,24,-1.2,-0.9,27,8,cayuse,50.38272,-127.4637,50.3831,-127.4632,10,,,,,,,51,6,,15,848
GL,21,2023,8,12,24,-1.1,2.6,27,8,cayuse,50.38265,-127.4632,50.38285,-127.4625,10,,,,,,,51,6,,15,848
GL,21,2023,8,12,24,-1.1,2.6,27,8,cayuse,50.38265,-127.4632,50.38285,-127.4625,10,,,,,,,51,1,,15,848
GL,21,2023,8,12,24,-1.1,2.6,27,8,cayuse,50.38265,-127.4632,50.38285,-127.4625,10,,1,,74,,,51,2,,0,XKE
GL,21,2023,8,12,24,-1.1,2.6,27,8,cayuse,50.38265,-127.4632,50.38285,-127.4625,10,,3,,64,,,51,3,,0,XKE
GL,21,2023,8,12,24,-1.1,2.6,27,8,cayuse,50.38265,-127.4632,50.38285,-127.4625,10,,3,,53,,,51,3,,0,XKE
GL,21,2023,8,12,24,-1.1,2.6,27,8,cayuse,50.38265,-127.4632,50.38285,-127.4625,10,,3,,73,,,51,3,,0,XKE
GL,21,2023,8,12,24,-1.1,2.6,27,8,cayuse,50.38265,-127.4632,50.38285,-127.4625,10,,3,62,,14,,51,3,,0,XMB
GL,21,2023,8,12,24,-1.1,2.6,27,8,cayuse,50.38265,-127.4632,50.38285,-127.4625,10,,3,,49,,,51,4,,0,XKE
GL,21,2023,8,12,24,-1.1,2.6,27,8,cayuse,50.38265,-127.4632,50.38285,-127.4625,10,,3,,103,,,51,5,,0,XLA
GL,21,2023,8,12,24,-1.1,2.6,27,8,cayuse,50.38265,-127.4632,50.38285,-127.4625,10,,3,53,,13,,51,5,,0,XMB
GL,22,2023,8,12,24,-1.3,-0.8,27,8,neeta,50.34417,-127.4345,50.34398,-127.4352,10,,,,,,,51,1,,15,848
GL,22,2023,8,12,24,-1.3,-0.8,27,8,neeta,50.34417,-127.4345,50.34398,-127.4352,10,,1,73,,14,,51,2,,0,XMB
GL,22,2023,8,12,24,-1.3,-0.8,27,8,neeta,50.34417,-127.4345,50.34398,-127.4352,10,,1,80,,13,,51,2,,0,XMB
GL,22,2023,8,12,24,-1.3,-0.8,27,8,neeta,50.34417,-127.4345,50.34398,-127.4352,10,,1,80,,13,,51,2,,0,XMB
GL,22,2023,8,12,24,-1.3,-0.8,27,8,neeta,50.34417,-127.4345,50.34398,-127.4352,10,,1,77,,13,,51,2,,0,XMB
GL,22,2023,8,12,24,-1.3,-0.8,27,8,neeta,50.34417,-127.4345,50.34398,-127.4352,10,,1,78,,13,,51,2,,0,XMB
GL,22,2023,8,12,24,-1.3,-0.8,27,8,neeta,50.34417,-127.4345,50.34398,-127.4352,10,,1,71,,11,,51,2,,0,XMB
GL,22,2023,8,12,24,-1.3,-0.8,27,8,neeta,50.34417,-127.4345,50.34398,-127.4352,10,,1,73,,13,,51,2,,0,XMB
GL,22,2023,8,12,24,-1.3,-0.8,27,8,neeta,50.34417,-127.4345,50.34398,-127.4352,10,,1,63,,11,,51,2,,0,XMB
GL,22,2023,8,12,24,-1.3,-0.8,27,8,neeta,50.34417,-127.4345,50.34398,-127.4352,10,,1,72,,13,,51,2,,0,XMB
GL,22,2023,8,12,24,-1.3,-0.8,27,8,neeta,50.34417,-127.4345,50.34398,-127.4352,10,,1,68,,14,,51,2,,0,XMB
GL,22,2023,8,12,24,-1.3,-0.8,27,8,neeta,50.34417,-127.4345,50.34398,-127.4352,10,,3,67,,14,,51,3,,0,XMB
GL,22,2023,8,12,24,-1.3,-0.8,27,8,neeta,50.34417,-127.4345,50.34398,-127.4352,10,,3,68,,14,,51,3,,0,XMB
GL,22,2023,8,12,24,-1.3,-0.8,27,8,neeta,50.34417,-127.4345,50.34398,-127.4352,10,,1,60,,11,,51,4,,0,XMB
GL,22,2023,8,12,24,-1.3,-0.8,27,8,neeta,50.34417,-127.4345,50.34398,-127.4352,10,,1,73,,14,,51,4,,0,XMB
GL,22,2023,8,12,24,-1.3,-0.8,27,8,neeta,50.34417,-127.4345,50.34398,-127.4352,10,,1,74,,14,,51,4,,0,XMB
GL,22,2023,8,12,24,-1.3,-0.8,27,8,neeta,50.34417,-127.4345,50.34398,-127.4352,10,,1,77,,13,,51,4,,0,XMB
GL,22,2023,8,12,24,-1.3,-0.8,27,8,neeta,50.34417,-127.4345,50.34398,-127.4352,10,,1,81,,11,,51,4,,0,XMB
GL,22,2023,8,12,24,-1.3,-0.8,27,8,neeta,50.34417,-127.4345,50.34398,-127.4352,10,,1,82,,11,,51,4,,0,XMB
GL,22,2023,8,12,24,-1.3,-0.8,27,8,neeta,50.34417,-127.4345,50.34398,-127.4352,10,,1,81,,14,,51,4,,0,XMB
GL,22,2023,8,12,24,-1.3,-0.8,27,8,neeta,50.34417,-127.4345,50.34398,-127.4352,10,,1,57,,11,,51,4,,0,XMB
GL,22,2023,8,12,24,-1.3,-0.8,27,8,neeta,50.34417,-127.4345,50.34398,-127.4352,10,,1,74,,11,,51,5,,0,XMB
GL,22,2023,8,12,24,-1.3,-0.8,27,8,neeta,50.34417,-127.4345,50.34398,-127.4352,10,,1,63,,11,,51,5,,0,XMB
GL,23,2023,8,12,24,-1,-0.6,27,8,neeta,50.34428,-127.4356,50.34473,-127.4358,10,,1,,66,,,51,1,,0,XKE
GL,23,2023,8,12,24,-1,-0.6,27,8,neeta,50.34428,-127.4356,50.34473,-127.4358,10,,1,78,,14,,51,2,,0,XMB
GL,23,2023,8,12,24,-1,-0.6,27,8,neeta,50.34428,-127.4356,50.34473,-127.4358,10,,1,83,,14,,51,2,,0,XMB
GL,23,2023,8,12,24,-1,-0.6,27,8,neeta,50.34428,-127.4356,50.34473,-127.4358,10,,1,84,,11,,51,2,,0,XMB
GL,23,2023,8,12,24,-1,-0.6,27,8,neeta,50.34428,-127.4356,50.34473,-127.4358,10,,1,78,,14,,51,2,,0,XMB
GL,23,2023,8,12,24,-1,-0.6,27,8,neeta,50.34428,-127.4356,50.34473,-127.4358,10,,3,62,,14,,51,2,,0,XMB
GL,23,2023,8,12,24,-1,-0.6,27,8,neeta,50.34428,-127.4356,50.34473,-127.4358,10,,1,,22,,,51,3,,0,YQC
GL,23,2023,8,12,24,-1,-0.6,27,8,neeta,50.34428,-127.4356,50.34473,-127.4358,10,,1,,21,,,51,3,,0,YQC
GL,23,2023,8,12,24,-1,-0.6,27,8,neeta,50.34428,-127.4356,50.34473,-127.4358,10,,1,67,,11,,51,4,,0,XMB
GL,23,2023,8,12,24,-1,-0.6,27,8,neeta,50.34428,-127.4356,50.34473,-127.4358,10,,1,72,,11,,51,5,,0,XMB
GL,23,2023,8,12,24,-1,-0.6,27,8,neeta,50.34428,-127.4356,50.34473,-127.4358,10,,1,86,,11,,51,5,,0,XMB
GL,23,2023,8,12,24,-1,-0.6,27,8,neeta,50.34428,-127.4356,50.34473,-127.4358,10,,1,,92,,,51,5,,0,XKE
GL,23,2023,8,12,24,-1,-0.6,27,8,neeta,50.34428,-127.4356,50.34473,-127.4358,10,,1,,86,,,51,5,,0,XKE
GL,23,2023,8,12,24,-1,-0.6,27,8,neeta,50.34428,-127.4356,50.34473,-127.4358,10,,,,,,,51,6,,15,848
GL,24,2023,8,12,24,-0.7,-0.2,27,8,neeta,50.34553,-127.436,50.34604,-127.4361,10,,3,,72,,,51,1,,0,XKE
GL,24,2023,8,12,24,-0.7,-0.2,27,8,neeta,50.34553,-127.436,50.34604,-127.4361,10,,1,,56,,,51,2,,0,XKE
GL,24,2023,8,12,24,-0.7,-0.2,27,8,neeta,50.34553,-127.436,50.34604,-127.4361,10,,1,,92,,,51,2,,0,XKE
GL,24,2023,8,12,24,-0.7,-0.2,27,8,neeta,50.34553,-127.436,50.34604,-127.4361,10,,,,,,,51,3,,15,848
GL,24,2023,8,12,24,-0.7,-0.2,27,8,neeta,50.34553,-127.436,50.34604,-127.4361,10,,,,,,,51,4,,15,848
GL,24,2023,8,12,24,-0.7,-0.2,27,8,neeta,50.34553,-127.436,50.34604,-127.4361,10,,,,,,,51,5,,15,848
GL,24,2023,8,12,24,-0.7,-0.2,27,8,neeta,50.34553,-127.436,50.34604,-127.4361,10,,1,,60,,,51,6,,0,XKE
GL,24,2023,8,12,24,-0.7,-0.2,27,8,neeta,50.34553,-127.436,50.34604,-127.4361,10,,3,,49,,,51,6,,0,XKE
GL,25,2023,8,13,23,-0.4,-0.2,27,10,varney,50.54802,-127.5272,50.54842,-127.5274,10,,3,,111,,,51,2,,0,XKG
GL,25,2023,8,13,23,-0.4,-0.2,27,10,varney,50.54802,-127.5272,50.54842,-127.5274,10,,1,,116,,,51,2,,0,XKG
GL,25,2023,8,13,23,-0.4,-0.2,27,10,varney,50.54802,-127.5272,50.54842,-127.5274,10,,3,,126,,,51,2,,0,XKG
GL,25,2023,8,13,23,-0.4,-0.2,27,10,varney,50.54802,-127.5272,50.54842,-127.5274,10,,1,,39,,,51,3,,0,XKG
GL,25,2023,8,13,23,-0.4,-0.2,27,10,varney,50.54802,-127.5272,50.54842,-127.5274,10,,1,,117,,,51,4,,0,XKG
GL,25,2023,8,13,23,-0.4,-0.2,27,10,varney,50.54802,-127.5272,50.54842,-127.5274,10,,3,,114,,,51,5,,0,XKG
GL,25,2023,8,13,23,-0.4,-0.2,27,10,varney,50.54802,-127.5272,50.54842,-127.5274,10,,1,,116,,,51,5,,0,XKG
GL,25,2023,8,13,23,-0.4,-0.2,27,10,varney,50.54802,-127.5272,50.54842,-127.5274,10,,1,,94,,,51,6,,0,XKG
GL,25,2023,8,13,23,-0.4,-0.2,27,10,varney,50.54802,-127.5272,50.54842,-127.5274,10,,3,,113,,,51,6,,0,XKG
GL,25,2023,8,13,23,-0.4,-0.2,27,10,varney,50.54802,-127.5272,50.54842,-127.5274,10,,3,,109,,,51,6,,0,XKG
GL,25,2023,8,13,23,-0.4,-0.2,27,10,varney,50.54802,-127.5272,50.54842,-127.5274,10,,3,,111,,,51,6,,0,XKG
GL,25,2023,8,13,23,-0.4,-0.2,27,10,varney,50.54802,-127.5272,50.54842,-127.5274,10,,3,,106,,,51,6,,0,XKG
GL,25,2023,8,13,23,-0.4,-0.2,27,10,varney,50.54802,-127.5272,50.54842,-127.5274,10,,3,,96,,,51,6,,0,XKG
GL,25,2023,8,13,23,-0.4,-0.2,27,10,varney,50.54802,-127.5272,50.54842,-127.5274,10,,3,,112,,,51,6,,0,XKG
GL,25,2023,8,13,23,-0.4,-0.2,27,10,varney,50.54802,-127.5272,50.54842,-127.5274,10,,3,,106,,,51,6,,0,XKG
GL,25,2023,8,13,23,-0.4,-0.2,27,10,varney,50.54802,-127.5272,50.54842,-127.5274,10,,3,,97,,,51,6,,0,XKG
GL,25,2023,8,13,23,-0.4,-0.2,27,10,varney,50.54802,-127.5272,50.54842,-127.5274,10,,3,,84,,,51,6,,0,XKG
GL,25,2023,8,13,23,-0.4,-0.2,27,10,varney,50.54802,-127.5272,50.54842,-127.5274,10,,3,,103,,,51,6,,0,XKG
GL,25,2023,8,13,23,-0.4,-0.2,27,10,varney,50.54802,-127.5272,50.54842,-127.5274,10,,1,,115,,,51,6,,0,XKG
GL,25,2023,8,13,23,-0.4,-0.2,27,10,varney,50.54802,-127.5272,50.54842,-127.5274,10,,3,,104,,,51,6,,0,XKG
GL,25,2023,8,13,23,-0.4,-0.2,27,10,varney,50.54802,-127.5272,50.54842,-127.5274,10,,3,,107,,,51,6,,0,XKG
GL,25,2023,8,13,23,-0.4,-0.2,27,10,varney,50.54802,-127.5272,50.54842,-127.5274,10,,,,,,,51,1,,15,848
GL,25,2023,8,13,23,-0.4,-0.2,27,10,varney,50.54802,-127.5272,50.54842,-127.5274,10,,1,,112,,,51,2,,0,XKG
GL,25,2023,8,13,23,-0.4,-0.2,27,10,varney,50.54802,-127.5272,50.54842,-127.5274,10,,3,,111,,,51,2,,0,XKG
GL,25,2023,8,13,23,-0.4,-0.2,27,10,varney,50.54802,-127.5272,50.54842,-127.5274,10,,1,,108,,,51,2,,0,XKG
GL,25,2023,8,13,23,-0.4,-0.2,27,10,varney,50.54802,-127.5272,50.54842,-127.5274,10,,1,,111,,,51,2,,0,XKG
GL,25,2023,8,13,23,-0.4,-0.2,27,10,varney,50.54802,-127.5272,50.54842,-127.5274,10,,1,,106,,,51,2,,0,XKG
GL,25,2023,8,13,23,-0.4,-0.2,27,10,varney,50.54802,-127.5272,50.54842,-127.5274,10,,1,,96,,,51,2,,0,XKG
GL,25,2023,8,13,23,-0.4,-0.2,27,10,varney,50.54802,-127.5272,50.54842,-127.5274,10,,3,,111,,,51,2,,0,XKG
GL,25,2023,8,13,23,-0.4,-0.2,27,10,varney,50.54802,-127.5272,50.54842,-127.5274,10,,3,,109,,,51,2,,0,XKG
GL,25,2023,8,13,23,-0.4,-0.2,27,10,varney,50.54802,-127.5272,50.54842,-127.5274,10,,1,,113,,,51,2,,0,XKG
GL,25,2023,8,13,23,-0.4,-0.2,27,10,varney,50.54802,-127.5272,50.54842,-127.5274,10,,3,,99,,,51,2,,0,XKG
GL,25,2023,8,13,23,-0.4,-0.2,27,10,varney,50.54802,-127.5272,50.54842,-127.5274,10,,3,,112,,,51,2,,0,XKG
GL,25,2023,8,13,23,-0.4,-0.2,27,10,varney,50.54802,-127.5272,50.54842,-127.5274,10,,3,,116,,,51,2,,0,XKG
GL,25,2023,8,13,23,-0.4,-0.2,27,10,varney,50.54802,-127.5272,50.54842,-127.5274,10,,3,,96,,,51,2,,0,XKG
GL,26,2023,8,13,24,-1.1,0.3,27,10,varney,50.54858,-127.523,50.5481,-127.5229,10,,1,,94,,,51,1,,0,XKG
GL,26,2023,8,13,24,-1.1,0.3,27,10,varney,50.54858,-127.523,50.5481,-127.5229,10,,1,,111,,,51,2,,0,XKG
GL,26,2023,8,13,24,-1.1,0.3,27,10,varney,50.54858,-127.523,50.5481,-127.5229,10,,1,,80,,,51,2,,0,XKG
GL,26,2023,8,13,24,-1.1,0.3,27,10,varney,50.54858,-127.523,50.5481,-127.5229,10,,3,,99,,,51,3,,0,XKG
GL,26,2023,8,13,24,-1.1,0.3,27,10,varney,50.54858,-127.523,50.5481,-127.5229,10,,,,,,,51,4,,15,848
GL,26,2023,8,13,24,-1.1,0.3,27,10,varney,50.54858,-127.523,50.5481,-127.5229,10,,3,,109,,,51,5,,0,XKG
GL,26,2023,8,13,24,-1.1,0.3,27,10,varney,50.54858,-127.523,50.5481,-127.5229,10,,3,,99,,,51,6,,0,XKG
GL,26,2023,8,13,24,-1.1,0.3,27,10,varney,50.54858,-127.523,50.5481,-127.5229,10,,3,,88,,,51,6,,0,XKG
GL,26,2023,8,13,24,-1.1,0.3,27,10,varney,50.54858,-127.523,50.5481,-127.5229,10,,1,,107,,,51,6,,0,XKG
GL,26,2023,8,13,24,-1.1,0.3,27,10,varney,50.54858,-127.523,50.5481,-127.5229,10,,1,,106,,,51,6,,0,XKG
GL,27,2023,8,13,23,-0.3,0.8,27,10,varney,50.54705,-127.5264,50.54693,-127.5256,10,,3,,101,,,51,1,,0,XKE
GL,27,2023,8,13,23,-0.3,0.8,27,10,varney,50.54705,-127.5264,50.54693,-127.5256,10,,1,,114,,,51,1,,0,XKE
GL,27,2023,8,13,23,-0.3,0.8,27,10,varney,50.54705,-127.5264,50.54693,-127.5256,10,,1,,100,,,51,1,,0,XKE
GL,27,2023,8,13,23,-0.3,0.8,27,10,varney,50.54705,-127.5264,50.54693,-127.5256,10,,1,,120,,,51,1,,0,XKE
GL,27,2023,8,13,23,-0.3,0.8,27,10,varney,50.54705,-127.5264,50.54693,-127.5256,10,,3,,112,,,51,1,,0,XKE
GL,27,2023,8,13,23,-0.3,0.8,27,10,varney,50.54705,-127.5264,50.54693,-127.5256,10,,3,,100,,,51,1,,0,XKE
GL,27,2023,8,13,23,-0.3,0.8,27,10,varney,50.54705,-127.5264,50.54693,-127.5256,10,,1,,97,,,51,1,,0,XKE
GL,27,2023,8,13,23,-0.3,0.8,27,10,varney,50.54705,-127.5264,50.54693,-127.5256,10,,1,,103,,,51,1,,0,XKE
GL,27,2023,8,13,23,-0.3,0.8,27,10,varney,50.54705,-127.5264,50.54693,-127.5256,10,,3,,117,,,51,1,,0,XKE
GL,27,2023,8,13,23,-0.3,0.8,27,10,varney,50.54705,-127.5264,50.54693,-127.5256,10,,1,,92,,,51,1,,0,XKE
GL,27,2023,8,13,23,-0.3,0.8,27,10,varney,50.54705,-127.5264,50.54693,-127.5256,10,,3,,115,,,51,2,,0,XKG
GL,27,2023,8,13,23,-0.3,0.8,27,10,varney,50.54705,-127.5264,50.54693,-127.5256,10,,3,,112,,,51,2,,0,XKG
GL,27,2023,8,13,23,-0.3,0.8,27,10,varney,50.54705,-127.5264,50.54693,-127.5256,10,,3,,105,,,51,2,,0,XKG
GL,27,2023,8,13,23,-0.3,0.8,27,10,varney,50.54705,-127.5264,50.54693,-127.5256,10,,1,,125,,,51,2,,0,XKG
GL,27,2023,8,13,23,-0.3,0.8,27,10,varney,50.54705,-127.5264,50.54693,-127.5256,10,,1,,103,,,51,2,,0,XKG
GL,27,2023,8,13,23,-0.3,0.8,27,10,varney,50.54705,-127.5264,50.54693,-127.5256,10,,3,,108,,,51,2,,0,XKG
GL,27,2023,8,13,23,-0.3,0.8,27,10,varney,50.54705,-127.5264,50.54693,-127.5256,10,,3,,103,,,51,2,,0,XKG
GL,27,2023,8,13,23,-0.3,0.8,27,10,varney,50.54705,-127.5264,50.54693,-127.5256,10,,1,,132,,,51,2,,0,XKG
GL,27,2023,8,13,23,-0.3,0.8,27,10,varney,50.54705,-127.5264,50.54693,-127.5256,10,,1,,118,,,51,2,,0,XKG
GL,27,2023,8,13,23,-0.3,0.8,27,10,varney,50.54705,-127.5264,50.54693,-127.5256,10,,3,,104,,,51,2,,0,XKG
GL,27,2023,8,13,23,-0.3,0.8,27,10,varney,50.54705,-127.5264,50.54693,-127.5256,10,,1,,115,,,51,2,,0,XKG
GL,27,2023,8,13,23,-0.3,0.8,27,10,varney,50.54705,-127.5264,50.54693,-127.5256,10,,1,,110,,,51,2,,0,XKG
GL,27,2023,8,13,23,-0.3,0.8,27,10,varney,50.54705,-127.5264,50.54693,-127.5256,10,,3,,113,,,51,2,,0,XKG
GL,27,2023,8,13,23,-0.3,0.8,27,10,varney,50.54705,-127.5264,50.54693,-127.5256,10,,1,,65,,,51,3,,0,XKG
GL,27,2023,8,13,23,-0.3,0.8,27,10,varney,50.54705,-127.5264,50.54693,-127.5256,10,,1,,91,,,51,4,,0,XKG
GL,27,2023,8,13,23,-0.3,0.8,27,10,varney,50.54705,-127.5264,50.54693,-127.5256,10,,1,,115,,,51,5,,0,XKG
GL,27,2023,8,13,23,-0.3,0.8,27,10,varney,50.54705,-127.5264,50.54693,-127.5256,10,,1,,112,,,51,5,,0,XKG
GL,27,2023,8,13,23,-0.3,0.8,27,10,varney,50.54705,-127.5264,50.54693,-127.5256,10,,3,,102,,,51,5,,0,XKG
GL,27,2023,8,13,23,-0.3,0.8,27,10,varney,50.54705,-127.5264,50.54693,-127.5256,10,,1,,96,,,51,5,,0,XKG
GL,27,2023,8,13,23,-0.3,0.8,27,10,varney,50.54705,-127.5264,50.54693,-127.5256,10,,1,,131,,,51,5,,0,XKG
GL,27,2023,8,13,23,-0.3,0.8,27,10,varney,50.54705,-127.5264,50.54693,-127.5256,10,,3,,72,,,51,6,,0,XKG
GL,27,2023,8,13,23,-0.3,0.8,27,10,varney,50.54705,-127.5264,50.54693,-127.5256,10,,1,,104,,,51,6,,0,XKG
GL,27,2023,8,13,23,-0.3,0.8,27,10,varney,50.54705,-127.5264,50.54693,-127.5256,10,,3,,99,,,51,6,,0,XKG
GL,27,2023,8,13,23,-0.3,0.8,27,10,varney,50.54705,-127.5264,50.54693,-127.5256,10,,1,,106,,,51,6,,0,XKG
GL,27,2023,8,13,23,-0.3,0.8,27,10,varney,50.54705,-127.5264,50.54693,-127.5256,10,,3,,99,,,51,6,,0,XKG
GL,27,2023,8,13,23,-0.3,0.8,27,10,varney,50.54705,-127.5264,50.54693,-127.5256,10,,3,,106,,,51,6,,0,XKG
GL,27,2023,8,13,23,-0.3,0.8,27,10,varney,50.54705,-127.5264,50.54693,-127.5256,10,,1,,110,,,51,6,,0,XKG
GL,27,2023,8,13,23,-0.3,0.8,27,10,varney,50.54705,-127.5264,50.54693,-127.5256,10,,1,,111,,,51,6,,0,XKG
GL,28,2023,8,13,24,-0.8,-0.5,27,10,rupert,50.59383,-127.4247,50.59415,-127.4253,10,,3,,58,,,51,1,,0,XKG
GL,28,2023,8,13,24,-0.8,-0.5,27,10,rupert,50.59383,-127.4247,50.59415,-127.4253,10,,3,,82,,,51,1,,0,XKG
GL,28,2023,8,13,24,-0.8,-0.5,27,10,rupert,50.59383,-127.4247,50.59415,-127.4253,10,,,,,,,51,2,,15,848
GL,28,2023,8,13,24,-0.8,-0.5,27,10,rupert,50.59383,-127.4247,50.59415,-127.4253,10,,,,,,,51,3,,15,848
GL,28,2023,8,13,24,-0.8,-0.5,27,10,rupert,50.59383,-127.4247,50.59415,-127.4253,10,,1,,74,,,51,4,,0,XKG
GL,28,2023,8,13,24,-0.8,-0.5,27,10,rupert,50.59383,-127.4247,50.59415,-127.4253,10,,1,53,,11,,51,4,,0,XMB
GL,28,2023,8,13,24,-0.8,-0.5,27,10,rupert,50.59383,-127.4247,50.59415,-127.4253,10,,1,68,,11,,51,4,,0,XMB
GL,28,2023,8,13,24,-0.8,-0.5,27,10,rupert,50.59383,-127.4247,50.59415,-127.4253,10,,1,48,,11,,51,5,,0,XMB
GL,28,2023,8,13,24,-0.8,-0.5,27,10,rupert,50.59383,-127.4247,50.59415,-127.4253,10,,,,,,,51,6,,15,848
GL,29,2023,8,13,24,-0.7,-0.4,27,10,rupert,50.59362,-127.4258,50.5934,-127.4265,10,,3,,87,,,51,1,,0,XKE
GL,29,2023,8,13,24,-0.7,-0.4,27,10,rupert,50.59362,-127.4258,50.5934,-127.4265,10,,1,,81,,,51,2,,0,XKE
GL,29,2023,8,13,24,-0.7,-0.4,27,10,rupert,50.59362,-127.4258,50.5934,-127.4265,10,,1,,80,,,51,2,,0,XKE
GL,29,2023,8,13,24,-0.7,-0.4,27,10,rupert,50.59362,-127.4258,50.5934,-127.4265,10,,1,,91,,,51,2,,0,XKE
GL,29,2023,8,13,24,-0.7,-0.4,27,10,rupert,50.59362,-127.4258,50.5934,-127.4265,10,,3,,67,,,51,2,,0,XKE
GL,29,2023,8,13,24,-0.7,-0.4,27,10,rupert,50.59362,-127.4258,50.5934,-127.4265,10,,,,,,,51,3,,15,848
GL,29,2023,8,13,24,-0.7,-0.4,27,10,rupert,50.59362,-127.4258,50.5934,-127.4265,10,,,,,,,51,4,,15,848
GL,29,2023,8,13,24,-0.7,-0.4,27,10,rupert,50.59362,-127.4258,50.5934,-127.4265,10,,,,,,,51,5,,15,848
GL,29,2023,8,13,24,-0.7,-0.4,27,10,rupert,50.59362,-127.4258,50.5934,-127.4265,10,,,,,,,51,6,,15,848
GL,30,2023,8,13,24,-0.8,0,27,10,rupert,50.5928,-127.4262,50.59268,-127.427,10,,,,,,,51,1,,15,848
GL,30,2023,8,13,24,-0.8,0,27,10,rupert,50.5928,-127.4262,50.59268,-127.427,10,,4,,87,,,51,2,,0,XKE
GL,30,2023,8,13,24,-0.8,0,27,10,rupert,50.5928,-127.4262,50.59268,-127.427,10,,4,,85,,,51,2,,0,XKE
GL,30,2023,8,13,24,-0.8,0,27,10,rupert,50.5928,-127.4262,50.59268,-127.427,10,,1,,95,,,51,2,,0,XKE
GL,30,2023,8,13,24,-0.8,0,27,10,rupert,50.5928,-127.4262,50.59268,-127.427,10,,5,,87,,,51,2,,0,XKE
GL,30,2023,8,13,24,-0.8,0,27,10,rupert,50.5928,-127.4262,50.59268,-127.427,10,,3,,88,,,51,2,,0,XKE
GL,30,2023,8,13,24,-0.8,0,27,10,rupert,50.5928,-127.4262,50.59268,-127.427,10,,3,,89,,,51,2,,0,XKE
GL,30,2023,8,13,24,-0.8,0,27,10,rupert,50.5928,-127.4262,50.59268,-127.427,10,,1,,61,,,51,2,,0,XKE
GL,30,2023,8,13,24,-0.8,0,27,10,rupert,50.5928,-127.4262,50.59268,-127.427,10,,3,,92,,,51,2,,0,XKG
GL,30,2023,8,13,24,-0.8,0,27,10,rupert,50.5928,-127.4262,50.59268,-127.427,10,,1,,79,14,,51,2,,0,XMB
GL,30,2023,8,13,24,-0.8,0,27,10,rupert,50.5928,-127.4262,50.59268,-127.427,10,,1,,52,,,51,3,,0,XKE
GL,30,2023,8,13,24,-0.8,0,27,10,rupert,50.5928,-127.4262,50.59268,-127.427,10,,3,,48,,,51,3,,0,XKE
GL,30,2023,8,13,24,-0.8,0,27,10,rupert,50.5928,-127.4262,50.59268,-127.427,10,,3,,83,,,51,4,,0,XKG
GL,30,2023,8,13,24,-0.8,0,27,10,rupert,50.5928,-127.4262,50.59268,-127.427,10,,1,,81,,,51,5,,0,XKG
GL,30,2023,8,13,24,-0.8,0,27,10,rupert,50.5928,-127.4262,50.59268,-127.427,10,,1,,97,,,51,5,,0,XKG
GL,30,2023,8,13,24,-0.8,0,27,10,rupert,50.5928,-127.4262,50.59268,-127.427,10,,3,,76,,,51,5,,0,XKG
GL,30,2023,8,13,24,-0.8,0,27,10,rupert,50.5928,-127.4262,50.59268,-127.427,10,,3,,87,,,51,5,,0,XKG
GL,30,2023,8,13,24,-0.8,0,27,10,rupert,50.5928,-127.4262,50.59268,-127.427,10,,1,,84,,,51,5,,0,XKG
GL,30,2023,8,13,24,-0.8,0,27,10,rupert,50.5928,-127.4262,50.59268,-127.427,10,,1,,72,,,51,5,,0,XKG
GL,30,2023,8,13,24,-0.8,0,27,10,rupert,50.5928,-127.4262,50.59268,-127.427,10,,1,,88,,,51,5,,0,XKG
GL,30,2023,8,13,24,-0.8,0,27,10,rupert,50.5928,-127.4262,50.59268,-127.427,10,,,,,,,51,6,,15,848
GL,31,2023,8,14,26,-0.2,0.4,27,11,holbergmid,50.61517,-127.8648,50.61557,-127.8644,10,,,,,,,51,1,,15,848
GL,31,2023,8,14,26,-0.2,0.4,27,11,holbergmid,50.61517,-127.8648,50.61557,-127.8644,10,,,,,,,51,2,,15,848
GL,31,2023,8,14,26,-0.2,0.4,27,11,holbergmid,50.61517,-127.8648,50.61557,-127.8644,10,,,,,,,51,3,,15,848
GL,31,2023,8,14,26,-0.2,0.4,27,11,holbergmid,50.61517,-127.8648,50.61557,-127.8644,10,,1,,135,,,51,4,,0,XKG
GL,31,2023,8,14,26,-0.2,0.4,27,11,holbergmid,50.61517,-127.8648,50.61557,-127.8644,10,,3,,123,,,51,4,,0,XKG
GL,31,2023,8,14,26,-0.2,0.4,27,11,holbergmid,50.61517,-127.8648,50.61557,-127.8644,10,,,,,,,51,5,,15,848
GL,31,2023,8,14,26,-0.2,0.4,27,11,holbergmid,50.61517,-127.8648,50.61557,-127.8644,10,,,,,,,51,6,,15,848
gl,32,2023,8,14,26,0,0.1,27,11,holbergmid,50.6158,-127.8657,50.61555,-127.8651,10,,,,,,,51,1,,15,848
gl,32,2023,8,14,26,0,0.1,27,11,holbergmid,50.6158,-127.8657,50.61555,-127.8651,10,,,,,,,51,2,,15,848
gl,32,2023,8,14,26,0,0.1,27,11,holbergmid,50.6158,-127.8657,50.61555,-127.8651,10,,,,,,,51,3,,15,848
gl,32,2023,8,14,26,0,0.1,27,11,holbergmid,50.6158,-127.8657,50.61555,-127.8651,10,,,,,,,51,4,,15,848
gl,32,2023,8,14,26,0,0.1,27,11,holbergmid,50.6158,-127.8657,50.61555,-127.8651,10,,,,,,,51,5,,15,848
gl,32,2023,8,14,26,0,0.1,27,11,holbergmid,50.6158,-127.8657,50.61555,-127.8651,10,,0,,89,,,51,6,,0,XKG
GL,33,2023,8,14,26,0.3,3.8,27,11,holbergmid,50.61602,-127.8661,50.61647,-127.8661,10,,,,,,,51,1,,15,848
GL,33,2023,8,14,26,0.3,3.8,27,11,holbergmid,50.61602,-127.8661,50.61647,-127.8661,10,,,,,,,51,2,,15,848
GL,33,2023,8,14,26,0.3,3.8,27,11,holbergmid,50.61602,-127.8661,50.61647,-127.8661,10,,,,,,,51,3,,15,848
GL,33,2023,8,14,26,0.3,3.8,27,11,holbergmid,50.61602,-127.8661,50.61647,-127.8661,10,,3,,74,,,51,4,,0,XKE
GL,33,2023,8,14,26,0.3,3.8,27,11,holbergmid,50.61602,-127.8661,50.61647,-127.8661,10,,1,,69,,,51,4,,0,XKE
GL,33,2023,8,14,26,0.3,3.8,27,11,holbergmid,50.61602,-127.8661,50.61647,-127.8661,10,,1,,82,,,51,4,,0,XKE
GL,33,2023,8,14,26,0.3,3.8,27,11,holbergmid,50.61602,-127.8661,50.61647,-127.8661,10,,1,,154,,,51,5,,0,XKG
GL,33,2023,8,14,26,0.3,3.8,27,11,holbergmid,50.61602,-127.8661,50.61647,-127.8661,10,,1,,123,,,51,5,,0,XKG
GL,33,2023,8,14,26,0.3,3.8,27,11,holbergmid,50.61602,-127.8661,50.61647,-127.8661,10,,1,,149,,,51,5,,0,XKG
GL,33,2023,8,14,26,0.3,3.8,27,11,holbergmid,50.61602,-127.8661,50.61647,-127.8661,10,,1,,150,,,51,5,,0,XKG
GL,33,2023,8,14,26,0.3,3.8,27,11,holbergmid,50.61602,-127.8661,50.61647,-127.8661,10,,1,,125,,,51,5,,0,XKG
GL,33,2023,8,14,26,0.3,3.8,27,11,holbergmid,50.61602,-127.8661,50.61647,-127.8661,10,,1,,74,,,51,5,,0,XKE
GL,34,2023,8,14,26,-0.9,-0.8,27,11,holberg,50.65052,-128.0015,50.65015,-128.0019,10,,1,,141,,,51,1,,0,XKG
GL,34,2023,8,14,26,-0.9,-0.8,27,11,holberg,50.65052,-128.0015,50.65015,-128.0019,10,,1,,130,,,51,1,,0,XKG
GL,34,2023,8,14,26,-0.9,-0.8,27,11,holberg,50.65052,-128.0015,50.65015,-128.0019,10,,1,,130,,,51,2,,0,XKE
GL,34,2023,8,14,26,-0.9,-0.8,27,11,holberg,50.65052,-128.0015,50.65015,-128.0019,10,,1,,126,,,51,2,,0,XKE
GL,34,2023,8,14,26,-0.9,-0.8,27,11,holberg,50.65052,-128.0015,50.65015,-128.0019,10,,1,,130,,,51,2,,0,XKE
GL,34,2023,8,14,26,-0.9,-0.8,27,11,holberg,50.65052,-128.0015,50.65015,-128.0019,10,,,,,,,51,3,,15,848
GL,34,2023,8,14,26,-0.9,-0.8,27,11,holberg,50.65052,-128.0015,50.65015,-128.0019,10,,1,,137,,,51,4,,0,XKG
GL,34,2023,8,14,26,-0.9,-0.8,27,11,holberg,50.65052,-128.0015,50.65015,-128.0019,10,,1,,126,,,51,4,,0,XKG
GL,34,2023,8,14,26,-0.9,-0.8,27,11,holberg,50.65052,-128.0015,50.65015,-128.0019,10,,3,,60,,,51,4,,0,XKG
GL,34,2023,8,14,26,-0.9,-0.8,27,11,holberg,50.65052,-128.0015,50.65015,-128.0019,10,,1,,152,,,51,5,,0,XKE
GL,34,2023,8,14,26,-0.9,-0.8,27,11,holberg,50.65052,-128.0015,50.65015,-128.0019,10,,1,,146,,,51,5,,0,XKE
GL,34,2023,8,14,26,-0.9,-0.8,27,11,holberg,50.65052,-128.0015,50.65015,-128.0019,10,,1,,155,,,51,5,,0,XKE
GL,34,2023,8,14,26,-0.9,-0.8,27,11,holberg,50.65052,-128.0015,50.65015,-128.0019,10,,3,,131,,,51,5,,0,XKE
GL,34,2023,8,14,26,-0.9,-0.8,27,11,holberg,50.65052,-128.0015,50.65015,-128.0019,10,,1,,147,,,51,5,,0,XKE
GL,34,2023,8,14,26,-0.9,-0.8,27,11,holberg,50.65052,-128.0015,50.65015,-128.0019,10,,1,,118,,,51,5,,0,XKE
GL,34,2023,8,14,26,-0.9,-0.8,27,11,holberg,50.65052,-128.0015,50.65015,-128.0019,10,,1,,77,,,51,5,,0,XKE
GL,34,2023,8,14,26,-0.9,-0.8,27,11,holberg,50.65052,-128.0015,50.65015,-128.0019,10,,1,,143,,,51,5,,0,XKE
GL,34,2023,8,14,26,-0.9,-0.8,27,11,holberg,50.65052,-128.0015,50.65015,-128.0019,10,,,,,,,51,6,,15,848
GL,35,2023,8,14,26,-1,-0.7,27,11,holberg,50.65042,-128.003,50.65005,-128.0025,10,,1,,127,,,51,1,,0,XKG
GL,35,2023,8,14,26,-1,-0.7,27,11,holberg,50.65042,-128.003,50.65005,-128.0025,10,,1,,132,,,51,1,,0,XKG
GL,35,2023,8,14,26,-1,-0.7,27,11,holberg,50.65042,-128.003,50.65005,-128.0025,10,,1,,112,,,51,1,,0,XKG
GL,35,2023,8,14,26,-1,-0.7,27,11,holberg,50.65042,-128.003,50.65005,-128.0025,10,,1,,123,,,51,1,,0,XKG
GL,35,2023,8,14,26,-1,-0.7,27,11,holberg,50.65042,-128.003,50.65005,-128.0025,10,,1,,82,,,51,1,,0,XKG
GL,35,2023,8,14,26,-1,-0.7,27,11,holberg,50.65042,-128.003,50.65005,-128.0025,10,,1,,82,,,51,1,,0,XKG
GL,35,2023,8,14,26,-1,-0.7,27,11,holberg,50.65042,-128.003,50.65005,-128.0025,10,,3,,83,,,51,1,,0,XKG
GL,35,2023,8,14,26,-1,-0.7,27,11,holberg,50.65042,-128.003,50.65005,-128.0025,10,,1,,82,,,51,1,,0,XKG
GL,35,2023,8,14,26,-1,-0.7,27,11,holberg,50.65042,-128.003,50.65005,-128.0025,10,,1,,149,,,51,1,,0,XKG
GL,35,2023,8,14,26,-1,-0.7,27,11,holberg,50.65042,-128.003,50.65005,-128.0025,10,,3,,116,,,51,1,,0,XKG
GL,35,2023,8,14,26,-1,-0.7,27,11,holberg,50.65042,-128.003,50.65005,-128.0025,10,,3,,125,,,51,1,,0,XKG
GL,35,2023,8,14,26,-1,-0.7,27,11,holberg,50.65042,-128.003,50.65005,-128.0025,10,,1,,116,,,51,1,,0,XKG
GL,35,2023,8,14,26,-1,-0.7,27,11,holberg,50.65042,-128.003,50.65005,-128.0025,10,,3,,72,,,51,1,,0,XKG
GL,35,2023,8,14,26,-1,-0.7,27,11,holberg,50.65042,-128.003,50.65005,-128.0025,10,,1,,83,,,51,1,,0,XKG
GL,35,2023,8,14,26,-1,-0.7,27,11,holberg,50.65042,-128.003,50.65005,-128.0025,10,,1,,67,,,51,1,,0,XKG
GL,35,2023,8,14,26,-1,-0.7,27,11,holberg,50.65042,-128.003,50.65005,-128.0025,10,,1,,156,,,51,2,,0,XKG
GL,35,2023,8,14,26,-1,-0.7,27,11,holberg,50.65042,-128.003,50.65005,-128.0025,10,,1,,136,,,51,2,,0,XKG
GL,35,2023,8,14,26,-1,-0.7,27,11,holberg,50.65042,-128.003,50.65005,-128.0025,10,,3,,118,,,51,2,,0,XKG
GL,35,2023,8,14,26,-1,-0.7,27,11,holberg,50.65042,-128.003,50.65005,-128.0025,10,,1,,130,,,51,2,,0,XKG
GL,35,2023,8,14,26,-1,-0.7,27,11,holberg,50.65042,-128.003,50.65005,-128.0025,10,,3,,92,,,51,2,,0,XKG
GL,35,2023,8,14,26,-1,-0.7,27,11,holberg,50.65042,-128.003,50.65005,-128.0025,10,,1,,90,,,51,2,,0,XKG
GL,35,2023,8,14,26,-1,-0.7,27,11,holberg,50.65042,-128.003,50.65005,-128.0025,10,,1,,96,,,51,2,,0,XKG
GL,35,2023,8,14,26,-1,-0.7,27,11,holberg,50.65042,-128.003,50.65005,-128.0025,10,,1,,143,,,51,2,,0,XKG
GL,35,2023,8,14,26,-1,-0.7,27,11,holberg,50.65042,-128.003,50.65005,-128.0025,10,,1,,85,,,51,2,,0,XKG
GL,35,2023,8,14,26,-1,-0.7,27,11,holberg,50.65042,-128.003,50.65005,-128.0025,10,,3,,118,,,51,2,,0,XKG
GL,35,2023,8,14,26,-1,-0.7,27,11,holberg,50.65042,-128.003,50.65005,-128.0025,10,,1,,142,,,51,2,,0,XKG
GL,35,2023,8,14,26,-1,-0.7,27,11,holberg,50.65042,-128.003,50.65005,-128.0025,10,,1,,128,,,51,2,,0,XKG
GL,35,2023,8,14,26,-1,-0.7,27,11,holberg,50.65042,-128.003,50.65005,-128.0025,10,,1,,76,,,51,2,,0,XKG
GL,35,2023,8,14,26,-1,-0.7,27,11,holberg,50.65042,-128.003,50.65005,-128.0025,10,,3,,78,,,51,2,,0,XKG
GL,35,2023,8,14,26,-1,-0.7,27,11,holberg,50.65042,-128.003,50.65005,-128.0025,10,,3,,58,,,51,2,,0,XKG
GL,35,2023,8,14,26,-1,-0.7,27,11,holberg,50.65042,-128.003,50.65005,-128.0025,10,,1,,54,,,51,2,,0,XKG
GL,35,2023,8,14,26,-1,-0.7,27,11,holberg,50.65042,-128.003,50.65005,-128.0025,10,,1,,72,,,51,2,,0,XKG
GL,35,2023,8,14,26,-1,-0.7,27,11,holberg,50.65042,-128.003,50.65005,-128.0025,10,,1,,72,,,51,2,,0,XKG
GL,35,2023,8,14,26,-1,-0.7,27,11,holberg,50.65042,-128.003,50.65005,-128.0025,10,,1,,70,,,51,2,,0,XKG
GL,35,2023,8,14,26,-1,-0.7,27,11,holberg,50.65042,-128.003,50.65005,-128.0025,10,,3,,72,,,51,2,,0,XKG
GL,35,2023,8,14,26,-1,-0.7,27,11,holberg,50.65042,-128.003,50.65005,-128.0025,10,,3,,77,,,51,2,,0,XKG
GL,35,2023,8,14,26,-1,-0.7,27,11,holberg,50.65042,-128.003,50.65005,-128.0025,10,,1,,73,,,51,2,,0,XKG
GL,35,2023,8,14,26,-1,-0.7,27,11,holberg,50.65042,-128.003,50.65005,-128.0025,10,,1,,126,,,51,3,,0,XKG
GL,35,2023,8,14,26,-1,-0.7,27,11,holberg,50.65042,-128.003,50.65005,-128.0025,10,,1,,97,,,51,3,,0,XKG
GL,35,2023,8,14,26,-1,-0.7,27,11,holberg,50.65042,-128.003,50.65005,-128.0025,10,,1,,98,,,51,3,,0,XKG
GL,35,2023,8,14,26,-1,-0.7,27,11,holberg,50.65042,-128.003,50.65005,-128.0025,10,,3,,84,,,51,3,,0,XKG
GL,35,2023,8,14,26,-1,-0.7,27,11,holberg,50.65042,-128.003,50.65005,-128.0025,10,,3,,84,,,51,3,,0,XKG
GL,35,2023,8,14,26,-1,-0.7,27,11,holberg,50.65042,-128.003,50.65005,-128.0025,10,,3,,84,,,51,3,,0,XKG
GL,35,2023,8,14,26,-1,-0.7,27,11,holberg,50.65042,-128.003,50.65005,-128.0025,10,,1,,84,,,51,3,,0,XKG
GL,35,2023,8,14,26,-1,-0.7,27,11,holberg,50.65042,-128.003,50.65005,-128.0025,10,,3,,77,,,51,3,,0,XKG
GL,35,2023,8,14,26,-1,-0.7,27,11,holberg,50.65042,-128.003,50.65005,-128.0025,10,,3,,67,,,51,3,,0,XKG
GL,35,2023,8,14,26,-1,-0.7,27,11,holberg,50.65042,-128.003,50.65005,-128.0025,10,,,,,,,51,4,,15,848
GL,35,2023,8,14,26,-1,-0.7,27,11,holberg,50.65042,-128.003,50.65005,-128.0025,10,,1,,132,,,51,5,,0,XKG
GL,35,2023,8,14,26,-1,-0.7,27,11,holberg,50.65042,-128.003,50.65005,-128.0025,10,,3,,138,,,51,5,,0,XKG
GL,35,2023,8,14,26,-1,-0.7,27,11,holberg,50.65042,-128.003,50.65005,-128.0025,10,,3,,122,,,51,5,,0,XKG
GL,35,2023,8,14,26,-1,-0.7,27,11,holberg,50.65042,-128.003,50.65005,-128.0025,10,,3,,123,,,51,5,,0,XKG
GL,35,2023,8,14,26,-1,-0.7,27,11,holberg,50.65042,-128.003,50.65005,-128.0025,10,,3,,137,,,51,5,,0,XKG
GL,35,2023,8,14,26,-1,-0.7,27,11,holberg,50.65042,-128.003,50.65005,-128.0025,10,,1,,98,,,51,5,,0,XKG
GL,35,2023,8,14,26,-1,-0.7,27,11,holberg,50.65042,-128.003,50.65005,-128.0025,10,,1,,137,,,51,5,,0,XKG
GL,35,2023,8,14,26,-1,-0.7,27,11,holberg,50.65042,-128.003,50.65005,-128.0025,10,,1,,137,,,51,5,,0,XKG
GL,35,2023,8,14,26,-1,-0.7,27,11,holberg,50.65042,-128.003,50.65005,-128.0025,10,,1,,122,,,51,5,,0,XKG
GL,35,2023,8,14,26,-1,-0.7,27,11,holberg,50.65042,-128.003,50.65005,-128.0025,10,,1,,152,,,51,5,,0,XKG
GL,35,2023,8,14,26,-1,-0.7,27,11,holberg,50.65042,-128.003,50.65005,-128.0025,10,,1,,128,,,51,5,,0,XKG
GL,35,2023,8,14,26,-1,-0.7,27,11,holberg,50.65042,-128.003,50.65005,-128.0025,10,,1,,136,,,51,5,,0,XKG
GL,35,2023,8,14,26,-1,-0.7,27,11,holberg,50.65042,-128.003,50.65005,-128.0025,10,,1,,85,,,51,5,,0,XKG
GL,35,2023,8,14,26,-1,-0.7,27,11,holberg,50.65042,-128.003,50.65005,-128.0025,10,,3,,87,,,51,5,,0,XKG
GL,35,2023,8,14,26,-1,-0.7,27,11,holberg,50.65042,-128.003,50.65005,-128.0025,10,,3,,86,,,51,5,,0,XKG
GL,35,2023,8,14,26,-1,-0.7,27,11,holberg,50.65042,-128.003,50.65005,-128.0025,10,,1,,86,,,51,5,,0,XKG
GL,35,2023,8,14,26,-1,-0.7,27,11,holberg,50.65042,-128.003,50.65005,-128.0025,10,,1,,116,,,51,5,,0,XKG
GL,35,2023,8,14,26,-1,-0.7,27,11,holberg,50.65042,-128.003,50.65005,-128.0025,10,,3,,76,,,51,5,,0,XKG
GL,35,2023,8,14,26,-1,-0.7,27,11,holberg,50.65042,-128.003,50.65005,-128.0025,10,,1,,76,,,51,5,,0,XKG
GL,35,2023,8,14,26,-1,-0.7,27,11,holberg,50.65042,-128.003,50.65005,-128.0025,10,,1,,82,,,51,5,,0,XKG
GL,35,2023,8,14,26,-1,-0.7,27,11,holberg,50.65042,-128.003,50.65005,-128.0025,10,,1,,66,,,51,5,,0,XKG
GL,35,2023,8,14,26,-1,-0.7,27,11,holberg,50.65042,-128.003,50.65005,-128.0025,10,,1,,66,,,51,5,,0,XKG
GL,35,2023,8,14,26,-1,-0.7,27,11,holberg,50.65042,-128.003,50.65005,-128.0025,10,,1,,68,,,51,5,,0,XKG
GL,35,2023,8,14,26,-1,-0.7,27,11,holberg,50.65042,-128.003,50.65005,-128.0025,10,,3,,58,,,51,5,,0,XKG
GL,35,2023,8,14,26,-1,-0.7,27,11,holberg,50.65042,-128.003,50.65005,-128.0025,10,,1,,82,,,51,5,,0,XKG
GL,35,2023,8,14,26,-1,-0.7,27,11,holberg,50.65042,-128.003,50.65005,-128.0025,10,,3,,74,,,51,5,,0,XKG
GL,35,2023,8,14,26,-1,-0.7,27,11,holberg,50.65042,-128.003,50.65005,-128.0025,10,,1,,50,,,51,5,,0,XKG
GL,35,2023,8,14,26,-1,-0.7,27,11,holberg,50.65042,-128.003,50.65005,-128.0025,10,,1,,130,,,51,6,,0,XKG
GL,35,2023,8,14,26,-1,-0.7,27,11,holberg,50.65042,-128.003,50.65005,-128.0025,10,,3,,138,,,51,6,,0,XKG
GL,35,2023,8,14,26,-1,-0.7,27,11,holberg,50.65042,-128.003,50.65005,-128.0025,10,,1,,142,,,51,6,,0,XKG
GL,35,2023,8,14,26,-1,-0.7,27,11,holberg,50.65042,-128.003,50.65005,-128.0025,10,,3,,128,,,51,6,,0,XKG
GL,35,2023,8,14,26,-1,-0.7,27,11,holberg,50.65042,-128.003,50.65005,-128.0025,10,,1,,122,,,51,6,,0,XKG
GL,35,2023,8,14,26,-1,-0.7,27,11,holberg,50.65042,-128.003,50.65005,-128.0025,10,,1,,134,,,51,6,,0,XKG
GL,35,2023,8,14,26,-1,-0.7,27,11,holberg,50.65042,-128.003,50.65005,-128.0025,10,,1,,122,,,51,6,,0,XKG
GL,35,2023,8,14,26,-1,-0.7,27,11,holberg,50.65042,-128.003,50.65005,-128.0025,10,,1,,112,,,51,6,,0,XKG
GL,35,2023,8,14,26,-1,-0.7,27,11,holberg,50.65042,-128.003,50.65005,-128.0025,10,,1,,110,,,51,6,,0,XKG
GL,35,2023,8,14,26,-1,-0.7,27,11,holberg,50.65042,-128.003,50.65005,-128.0025,10,,1,,132,,,51,6,,0,XKG
GL,35,2023,8,14,26,-1,-0.7,27,11,holberg,50.65042,-128.003,50.65005,-128.0025,10,,1,,146,,,51,6,,0,XKG
GL,35,2023,8,14,26,-1,-0.7,27,11,holberg,50.65042,-128.003,50.65005,-128.0025,10,,3,,125,,,51,6,,0,XKG
GL,35,2023,8,14,26,-1,-0.7,27,11,holberg,50.65042,-128.003,50.65005,-128.0025,10,,1,,133,,,51,6,,0,XKG
GL,35,2023,8,14,26,-1,-0.7,27,11,holberg,50.65042,-128.003,50.65005,-128.0025,10,,1,,140,,,51,6,,0,XKG
GL,35,2023,8,14,26,-1,-0.7,27,11,holberg,50.65042,-128.003,50.65005,-128.0025,10,,1,,152,,,51,6,,0,XKG
GL,35,2023,8,14,26,-1,-0.7,27,11,holberg,50.65042,-128.003,50.65005,-128.0025,10,,3,,142,,,51,6,,0,XKG
GL,35,2023,8,14,26,-1,-0.7,27,11,holberg,50.65042,-128.003,50.65005,-128.0025,10,,1,,146,,,51,6,,0,XKG
GL,35,2023,8,14,26,-1,-0.7,27,11,holberg,50.65042,-128.003,50.65005,-128.0025,10,,3,,87,,,51,6,,0,XKG
GL,35,2023,8,14,26,-1,-0.7,27,11,holberg,50.65042,-128.003,50.65005,-128.0025,10,,3,,83,,,51,6,,0,XKG
GL,35,2023,8,14,26,-1,-0.7,27,11,holberg,50.65042,-128.003,50.65005,-128.0025,10,,3,,80,,,51,6,,0,XKG
GL,35,2023,8,14,26,-1,-0.7,27,11,holberg,50.65042,-128.003,50.65005,-128.0025,10,,1,,73,,,51,6,,0,XKG
GL,35,2023,8,14,26,-1,-0.7,27,11,holberg,50.65042,-128.003,50.65005,-128.0025,10,,1,,59,,,51,6,,0,XKG
GL,35,2023,8,14,26,-1,-0.7,27,11,holberg,50.65042,-128.003,50.65005,-128.0025,10,,1,,64,,,51,6,,0,XKG
GL,35,2023,8,14,26,-1,-0.7,27,11,holberg,50.65042,-128.003,50.65005,-128.0025,10,,1,,50,,,51,6,,0,XKG
GL,36,2023,8,14,27,-1.1,-0.6,27,11,holberg,50.64977,-128.0037,50.6494,-128.0032,10,,,,,,,51,1,,15,848
GL,36,2023,8,14,27,-1.1,-0.6,27,11,holberg,50.64977,-128.0037,50.6494,-128.0032,10,,,,,,,51,2,,15,848
GL,36,2023,8,14,27,-1.1,-0.6,27,11,holberg,50.64977,-128.0037,50.6494,-128.0032,10,,,,,,,51,3,,15,848
GL,36,2023,8,14,27,-1.1,-0.6,27,11,holberg,50.64977,-128.0037,50.6494,-128.0032,10,,,,,,,51,4,,15,848
GL,36,2023,8,14,27,-1.1,-0.6,27,11,holberg,50.64977,-128.0037,50.6494,-128.0032,10,,,,,,,51,5,,15,848
GL,36,2023,8,14,27,-1.1,-0.6,27,11,holberg,50.64977,-128.0037,50.6494,-128.0032,10,,,,,,,51,6,,15,848
GL,15,2023,7,21,26,-4,0,23,6,useless,48.9919,-125.0283,48.99182,-125.029,10,,1,,78,,,51,1,,0,XKE
GL,15,2023,7,21,26,-4,0,23,6,useless,48.9919,-125.0283,48.99182,-125.029,10,,1,,70,,,51,1,,0,XKE
GL,15,2023,7,21,26,-4,0,23,6,useless,48.9919,-125.0283,48.99182,-125.029,10,,,,,,,51,2,,15,848
GL,15,2023,7,21,26,-4,0,23,6,useless,48.9919,-125.0283,48.99182,-125.029,10,,,,,,,51,3,,15,848
GL,15,2023,7,21,26,-4,0,23,6,useless,48.9919,-125.0283,48.99182,-125.029,10,,1,,46,,,51,4,,0,XKE
GL,15,2023,7,21,26,-4,0,23,6,useless,48.9919,-125.0283,48.99182,-125.029,10,,1,,50,,,51,4,,0,XKE
GL,15,2023,7,21,26,-4,0,23,6,useless,48.9919,-125.0283,48.99182,-125.029,10,,1,,50,,,51,4,,0,XKE
GL,15,2023,7,21,26,-4,0,23,6,useless,48.9919,-125.0283,48.99182,-125.029,10,,1,50,,11,,51,5,,0,XMB
GL,15,2023,7,21,26,-4,0,23,6,useless,48.9919,-125.0283,48.99182,-125.029,10,,3,,50,,,51,6,,0,XKE
GL,15,2023,7,21,26,-4,0,23,6,useless,48.9919,-125.0283,48.99182,-125.029,10,,1,,65,,,51,6,,0,XKE
GL,15,2023,7,21,26,-4,0,23,6,useless,48.9919,-125.0283,48.99182,-125.029,10,,1,,72,,,51,6,,0,XKE
GL,15,2023,7,21,26,-4,0,23,6,useless,48.9919,-125.0283,48.99182,-125.029,10,,1,,74,,,51,6,,0,XKE
GL,15,2023,7,21,26,-4,0,23,6,useless,48.9919,-125.0283,48.99182,-125.029,10,,1,,60,,,51,6,,0,XKE
GL,15,2023,7,21,26,-4,0,23,6,useless,48.9919,-125.0283,48.99182,-125.029,10,,1,,70,,,51,6,,0,XKE
GL,15,2023,7,21,26,-4,0,23,6,useless,48.9919,-125.0283,48.99182,-125.029,10,,3,,48,,,51,6,,0,XKE
GL,15,2023,7,21,26,-4,0,23,6,useless,48.9919,-125.0283,48.99182,-125.029,10,,1,,55,,,51,6,,0,XKE
GL,15,2023,7,21,26,-4,0,23,6,useless,48.9919,-125.0283,48.99182,-125.029,10,,3,,44,,,51,6,,0,XKE
GL,15,2023,7,21,26,-4,0,23,6,useless,48.9919,-125.0283,48.99182,-125.029,10,,1,,44,,,51,6,,0,XKE
GL,4,2024,7,23,24,-1,-0.8,23,10,hillier,49.03227,-125.3249,49.03208,-125.3243,10,Trap 6 crabs were not measured due to lack of time,3,53,,14,,51,5,,0,XMB
GL,4,2024,7,23,24,-1,-0.8,23,10,hillier,49.03227,-125.3249,49.03208,-125.3243,10,Trap 6 crabs were not measured due to lack of time,3,44,,12,,51,5,,0,XMB
GL,4,2024,7,23,24,-1,-0.8,23,10,hillier,49.03227,-125.3249,49.03208,-125.3243,10,Trap 6 crabs were not measured due to lack of time,1,38,,12,,51,5,,0,XMB
GL,4,2024,7,23,24,-1,-0.8,23,10,hillier,49.03227,-125.3249,49.03208,-125.3243,10,Trap 6 crabs were not measured due to lack of time,3,38,,12,,51,5,,0,XMB
GL,4,2024,7,23,24,-1,-0.8,23,10,hillier,49.03227,-125.3249,49.03208,-125.3243,10,Trap 6 crabs were not measured due to lack of time,1,50,,12,,51,5,,0,XMB
GL,4,2024,7,23,24,-1,-0.8,23,10,hillier,49.03227,-125.3249,49.03208,-125.3243,10,Trap 6 crabs were not measured due to lack of time,3,50,,13,,51,5,,0,XMB
GL,4,2024,7,23,24,-1,-0.8,23,10,hillier,49.03227,-125.3249,49.03208,-125.3243,10,Trap 6 crabs were not measured due to lack of time,1,44,,12,,51,5,,0,XMB
GL,4,2024,7,23,24,-1,-0.8,23,10,hillier,49.03227,-125.3249,49.03208,-125.3243,10,Trap 6 crabs were not measured due to lack of time,3,55,,13,,51,5,,0,XMB
GL,4,2024,7,23,24,-1,-0.8,23,10,hillier,49.03227,-125.3249,49.03208,-125.3243,10,Trap 6 crabs were not measured due to lack of time,3,55,,14,,51,5,,0,XMB
GL,4,2024,7,23,24,-1,-0.8,23,10,hillier,49.03227,-125.3249,49.03208,-125.3243,10,Trap 6 crabs were not measured due to lack of time,1,44,,12,,51,5,,0,XMB
GL,4,2024,7,23,24,-1,-0.8,23,10,hillier,49.03227,-125.3249,49.03208,-125.3243,10,Trap 6 crabs were not measured due to lack of time,3,44,,12,,51,5,,0,XMB
GL,4,2024,7,23,24,-1,-0.8,23,10,hillier,49.03227,-125.3249,49.03208,-125.3243,10,Trap 6 crabs were not measured due to lack of time,3,38,,12,,51,5,,0,XMB
GL,4,2024,7,23,24,-1,-0.8,23,10,hillier,49.03227,-125.3249,49.03208,-125.3243,10,Trap 6 crabs were not measured due to lack of time,3,40,,12,,51,5,,0,XMB
GL,4,2024,7,23,24,-1,-0.8,23,10,hillier,49.03227,-125.3249,49.03208,-125.3243,10,Trap 6 crabs were not measured due to lack of time,3,,,,,51,6,,0,XMB
GL,4,2024,7,23,24,-1,-0.8,23,10,hillier,49.03227,-125.3249,49.03208,-125.3243,10,Trap 6 crabs were not measured due to lack of time,3,,,,,51,6,,0,XMB
GL,4,2024,7,23,24,-1,-0.8,23,10,hillier,49.03227,-125.3249,49.03208,-125.3243,10,Trap 6 crabs were not measured due to lack of time,3,,,,,51,6,,0,XMB
GL,4,2024,7,23,24,-1,-0.8,23,10,hillier,49.03227,-125.3249,49.03208,-125.3243,10,Trap 6 crabs were not measured due to lack of time,3,,,,,51,6,,0,XMB
GL,4,2024,7,23,24,-1,-0.8,23,10,hillier,49.03227,-125.3249,49.03208,-125.3243,10,Trap 6 crabs were not measured due to lack of time,3,,,,,51,6,,0,XMB
GL,4,2024,7,23,24,-1,-0.8,23,10,hillier,49.03227,-125.3249,49.03208,-125.3243,10,Trap 6 crabs were not measured due to lack of time,3,,,,,51,6,,0,XMB
GL,4,2024,7,23,24,-1,-0.8,23,10,hillier,49.03227,-125.3249,49.03208,-125.3243,10,Trap 6 crabs were not measured due to lack of time,3,,,,,51,6,,0,XMB
GL,4,2024,7,23,24,-1,-0.8,23,10,hillier,49.03227,-125.3249,49.03208,-125.3243,10,Trap 6 crabs were not measured due to lack of time,3,,,,,51,6,,0,XMB
GL,4,2024,7,23,24,-1,-0.8,23,10,hillier,49.03227,-125.3249,49.03208,-125.3243,10,Trap 6 crabs were not measured due to lack of time,3,,,,,51,6,,0,XMB
GL,4,2024,7,23,24,-1,-0.8,23,10,hillier,49.03227,-125.3249,49.03208,-125.3243,10,Trap 6 crabs were not measured due to lack of time,3,,,,,51,6,,0,XMB
GL,4,2024,7,23,24,-1,-0.8,23,10,hillier,49.03227,-125.3249,49.03208,-125.3243,10,Trap 6 crabs were not measured due to lack of time,3,62,,14,,51,1,,0,XMB
GL,4,2024,7,23,24,-1,-0.8,23,10,hillier,49.03227,-125.3249,49.03208,-125.3243,10,Trap 6 crabs were not measured due to lack of time,3,63,,14,,51,1,,0,XMB
GL,4,2024,7,23,24,-1,-0.8,23,10,hillier,49.03227,-125.3249,49.03208,-125.3243,10,Trap 6 crabs were not measured due to lack of time,3,,,,,51,6,,0,XMB
GL,4,2024,7,23,24,-1,-0.8,23,10,hillier,49.03227,-125.3249,49.03208,-125.3243,10,Trap 6 crabs were not measured due to lack of time,3,,,,,51,6,,0,XMB
GL,4,2024,7,23,24,-1,-0.8,23,10,hillier,49.03227,-125.3249,49.03208,-125.3243,10,Trap 6 crabs were not measured due to lack of time,3,,,,,51,6,,0,XMB
GL,4,2024,7,23,24,-1,-0.8,23,10,hillier,49.03227,-125.3249,49.03208,-125.3243,10,Trap 6 crabs were not measured due to lack of time,3,,,,,51,6,,0,XMB
GL,4,2024,7,23,24,-1,-0.8,23,10,hillier,49.03227,-125.3249,49.03208,-125.3243,10,Trap 6 crabs were not measured due to lack of time,3,,,,,51,6,,0,XMB
GL,4,2024,7,23,24,-1,-0.8,23,10,hillier,49.03227,-125.3249,49.03208,-125.3243,10,Trap 6 crabs were not measured due to lack of time,3,,,,,51,6,,0,XMB
GL,4,2024,7,23,24,-1,-0.8,23,10,hillier,49.03227,-125.3249,49.03208,-125.3243,10,Trap 6 crabs were not measured due to lack of time,3,,,,,51,6,,0,XMB
GL,4,2024,7,23,24,-1,-0.8,23,10,hillier,49.03227,-125.3249,49.03208,-125.3243,10,Trap 6 crabs were not measured due to lack of time,3,,,,,51,6,,0,XMB
GL,4,2024,7,23,24,-1,-0.8,23,10,hillier,49.03227,-125.3249,49.03208,-125.3243,10,Trap 6 crabs were not measured due to lack of time,3,,,,,51,6,,0,XMB
GL,4,2024,7,23,24,-1,-0.8,23,10,hillier,49.03227,-125.3249,49.03208,-125.3243,10,Trap 6 crabs were not measured due to lack of time,3,,,,,51,6,,0,XMB
GL,4,2024,7,23,24,-1,-0.8,23,10,hillier,49.03227,-125.3249,49.03208,-125.3243,10,Trap 6 crabs were not measured due to lack of time,3,,,,,51,6,,0,XMB
GL,4,2024,7,23,24,-1,-0.8,23,10,hillier,49.03227,-125.3249,49.03208,-125.3243,10,Trap 6 crabs were not measured due to lack of time,3,,,,,51,6,,0,XMB
GL,4,2024,7,23,24,-1,-0.8,23,10,hillier,49.03227,-125.3249,49.03208,-125.3243,10,Trap 6 crabs were not measured due to lack of time,3,,,,,51,6,,0,XMB
GL,4,2024,7,23,24,-1,-0.8,23,10,hillier,49.03227,-125.3249,49.03208,-125.3243,10,Trap 6 crabs were not measured due to lack of time,3,,,,,51,6,,0,XMB
GL,4,2024,7,23,24,-1,-0.8,23,10,hillier,49.03227,-125.3249,49.03208,-125.3243,10,Trap 6 crabs were not measured due to lack of time,3,,,,,51,6,,0,XMB
GL,4,2024,7,23,24,-1,-0.8,23,10,hillier,49.03227,-125.3249,49.03208,-125.3243,10,Trap 6 crabs were not measured due to lack of time,3,,,,,51,6,,0,XMB
GL,4,2024,7,23,24,-1,-0.8,23,10,hillier,49.03227,-125.3249,49.03208,-125.3243,10,Trap 6 crabs were not measured due to lack of time,3,,,,,51,6,,0,XMB
GL,4,2024,7,23,24,-1,-0.8,23,10,hillier,49.03227,-125.3249,49.03208,-125.3243,10,Trap 6 crabs were not measured due to lack of time,3,,,,,51,6,,0,XMB
GL,4,2024,7,23,24,-1,-0.8,23,10,hillier,49.03227,-125.3249,49.03208,-125.3243,10,Trap 6 crabs were not measured due to lack of time,3,,,,,51,6,,0,XMB
GL,4,2024,7,23,24,-1,-0.8,23,10,hillier,49.03227,-125.3249,49.03208,-125.3243,10,Trap 6 crabs were not measured due to lack of time,3,,,,,51,6,,0,XMB
GL,4,2024,7,23,24,-1,-0.8,23,10,hillier,49.03227,-125.3249,49.03208,-125.3243,10,Trap 6 crabs were not measured due to lack of time,3,,,,,51,6,,0,XMB
GL,4,2024,7,23,24,-1,-0.8,23,10,hillier,49.03227,-125.3249,49.03208,-125.3243,10,Trap 6 crabs were not measured due to lack of time,3,,,,,51,6,,0,XMB
GL,4,2024,7,23,24,-1,-0.8,23,10,hillier,49.03227,-125.3249,49.03208,-125.3243,10,Trap 6 crabs were not measured due to lack of time,3,,,,,51,6,,0,XMB
GL,4,2024,7,23,24,-1,-0.8,23,10,hillier,49.03227,-125.3249,49.03208,-125.3243,10,Trap 6 crabs were not measured due to lack of time,3,,,,,51,6,,0,XMB
GL,4,2024,7,23,24,-1,-0.8,23,10,hillier,49.03227,-125.3249,49.03208,-125.3243,10,Trap 6 crabs were not measured due to lack of time,3,,,,,51,6,,0,XMB
GL,4,2024,7,23,24,-1,-0.8,23,10,hillier,49.03227,-125.3249,49.03208,-125.3243,10,Trap 6 crabs were not measured due to lack of time,3,,,,,51,6,,0,XMB
GL,4,2024,7,23,24,-1,-0.8,23,10,hillier,49.03227,-125.3249,49.03208,-125.3243,10,Trap 6 crabs were not measured due to lack of time,3,,,,,51,6,,0,XMB
GL,4,2024,7,23,24,-1,-0.8,23,10,hillier,49.03227,-125.3249,49.03208,-125.3243,10,Trap 6 crabs were not measured due to lack of time,3,,,,,51,6,,0,XMB
GL,4,2024,7,23,24,-1,-0.8,23,10,hillier,49.03227,-125.3249,49.03208,-125.3243,10,Trap 6 crabs were not measured due to lack of time,3,,,,,51,6,,0,XMB
GL,4,2024,7,23,24,-1,-0.8,23,10,hillier,49.03227,-125.3249,49.03208,-125.3243,10,Trap 6 crabs were not measured due to lack of time,3,,,,,51,6,,0,XMB
GL,4,2024,7,23,24,-1,-0.8,23,10,hillier,49.03227,-125.3249,49.03208,-125.3243,10,Trap 6 crabs were not measured due to lack of time,3,,,,,51,6,,0,XMB
GL,4,2024,7,23,24,-1,-0.8,23,10,hillier,49.03227,-125.3249,49.03208,-125.3243,10,Trap 6 crabs were not measured due to lack of time,3,,,,,51,6,,0,XMB
GL,4,2024,7,23,24,-1,-0.8,23,10,hillier,49.03227,-125.3249,49.03208,-125.3243,10,Trap 6 crabs were not measured due to lack of time,3,,,,,51,6,,0,XMB
GL,4,2024,7,23,24,-1,-0.8,23,10,hillier,49.03227,-125.3249,49.03208,-125.3243,10,Trap 6 crabs were not measured due to lack of time,3,,,,,51,6,,0,XMB
GL,4,2024,7,23,24,-1,-0.8,23,10,hillier,49.03227,-125.3249,49.03208,-125.3243,10,Trap 6 crabs were not measured due to lack of time,3,,,,,51,6,,0,XMB
GL,4,2024,7,23,24,-1,-0.8,23,10,hillier,49.03227,-125.3249,49.03208,-125.3243,10,Trap 6 crabs were not measured due to lack of time,3,,,,,51,6,,0,XMB
GL,4,2024,7,23,24,-1,-0.8,23,10,hillier,49.03227,-125.3249,49.03208,-125.3243,10,Trap 6 crabs were not measured due to lack of time,3,,,,,51,6,,0,XMB
GL,4,2024,7,23,24,-1,-0.8,23,10,hillier,49.03227,-125.3249,49.03208,-125.3243,10,Trap 6 crabs were not measured due to lack of time,3,,,,,51,6,,0,XMB
GL,4,2024,7,23,24,-1,-0.8,23,10,hillier,49.03227,-125.3249,49.03208,-125.3243,10,Trap 6 crabs were not measured due to lack of time,3,,,,,51,6,,0,XMB
GL,4,2024,7,23,24,-1,-0.8,23,10,hillier,49.03227,-125.3249,49.03208,-125.3243,10,Trap 6 crabs were not measured due to lack of time,3,,,,,51,6,,0,XMB
GL,4,2024,7,23,24,-1,-0.8,23,10,hillier,49.03227,-125.3249,49.03208,-125.3243,10,Trap 6 crabs were not measured due to lack of time,3,,,,,51,6,,0,XMB
GL,4,2024,7,23,24,-1,-0.8,23,10,hillier,49.03227,-125.3249,49.03208,-125.3243,10,Trap 6 crabs were not measured due to lack of time,3,,,,,51,6,,0,XMB
GL,4,2024,7,23,24,-1,-0.8,23,10,hillier,49.03227,-125.3249,49.03208,-125.3243,10,Trap 6 crabs were not measured due to lack of time,3,,,,,51,6,,0,XMB
GL,4,2024,7,23,24,-1,-0.8,23,10,hillier,49.03227,-125.3249,49.03208,-125.3243,10,Trap 6 crabs were not measured due to lack of time,3,,,,,51,6,,0,XMB
GL,4,2024,7,23,24,-1,-0.8,23,10,hillier,49.03227,-125.3249,49.03208,-125.3243,10,Trap 6 crabs were not measured due to lack of time,3,,,,,51,6,,0,XMB
GL,4,2024,7,23,24,-1,-0.8,23,10,hillier,49.03227,-125.3249,49.03208,-125.3243,10,Trap 6 crabs were not measured due to lack of time,3,,,,,51,6,,0,XMB
GL,4,2024,7,23,24,-1,-0.8,23,10,hillier,49.03227,-125.3249,49.03208,-125.3243,10,Trap 6 crabs were not measured due to lack of time,3,,,,,51,6,,0,XMB
GL,4,2024,7,23,24,-1,-0.8,23,10,hillier,49.03227,-125.3249,49.03208,-125.3243,10,Trap 6 crabs were not measured due to lack of time,3,,,,,51,6,,0,XMB
GL,4,2024,7,23,24,-1,-0.8,23,10,hillier,49.03227,-125.3249,49.03208,-125.3243,10,Trap 6 crabs were not measured due to lack of time,3,,,,,51,6,,0,XMB
GL,4,2024,7,23,24,-1,-0.8,23,10,hillier,49.03227,-125.3249,49.03208,-125.3243,10,Trap 6 crabs were not measured due to lack of time,3,,,,,51,6,,0,XMB
GL,4,2024,7,23,24,-1,-0.8,23,10,hillier,49.03227,-125.3249,49.03208,-125.3243,10,Trap 6 crabs were not measured due to lack of time,3,,,,,51,6,,0,XMB
GL,4,2024,7,23,24,-1,-0.8,23,10,hillier,49.03227,-125.3249,49.03208,-125.3243,10,Trap 6 crabs were not measured due to lack of time,3,,,,,51,6,,0,XMB
GL,4,2024,7,23,24,-1,-0.8,23,10,hillier,49.03227,-125.3249,49.03208,-125.3243,10,Trap 6 crabs were not measured due to lack of time,3,,,,,51,6,,0,XMB
GL,4,2024,7,23,24,-1,-0.8,23,10,hillier,49.03227,-125.3249,49.03208,-125.3243,10,Trap 6 crabs were not measured due to lack of time,3,,,,,51,6,,0,XMB
GL,4,2024,7,23,24,-1,-0.8,23,10,hillier,49.03227,-125.3249,49.03208,-125.3243,10,Trap 6 crabs were not measured due to lack of time,3,,,,,51,6,,0,XMB
GL,4,2024,7,23,24,-1,-0.8,23,10,hillier,49.03227,-125.3249,49.03208,-125.3243,10,Trap 6 crabs were not measured due to lack of time,3,,,,,51,6,,0,XMB
GL,4,2024,7,23,24,-1,-0.8,23,10,hillier,49.03227,-125.3249,49.03208,-125.3243,10,Trap 6 crabs were not measured due to lack of time,3,,,,,51,6,,0,XMB
GL,4,2024,7,23,24,-1,-0.8,23,10,hillier,49.03227,-125.3249,49.03208,-125.3243,10,Trap 6 crabs were not measured due to lack of time,3,,,,,51,6,,0,XMB
GL,4,2024,7,23,24,-1,-0.8,23,10,hillier,49.03227,-125.3249,49.03208,-125.3243,10,Trap 6 crabs were not measured due to lack of time,3,,,,,51,6,,0,XMB
GL,4,2024,7,23,24,-1,-0.8,23,10,hillier,49.03227,-125.3249,49.03208,-125.3243,10,Trap 6 crabs were not measured due to lack of time,3,,,,,51,6,,0,XMB
GL,4,2024,7,23,24,-1,-0.8,23,10,hillier,49.03227,-125.3249,49.03208,-125.3243,10,Trap 6 crabs were not measured due to lack of time,3,,,,,51,6,,0,XMB
GL,4,2024,7,23,24,-1,-0.8,23,10,hillier,49.03227,-125.3249,49.03208,-125.3243,10,Trap 6 crabs were not measured due to lack of time,3,,,,,51,6,,0,XMB
GL,4,2024,7,23,24,-1,-0.8,23,10,hillier,49.03227,-125.3249,49.03208,-125.3243,10,Trap 6 crabs were not measured due to lack of time,3,,,,,51,6,,0,XMB
GL,4,2024,7,23,24,-1,-0.8,23,10,hillier,49.03227,-125.3249,49.03208,-125.3243,10,Trap 6 crabs were not measured due to lack of time,3,,,,,51,6,,0,XMB
GL,4,2024,7,23,24,-1,-0.8,23,10,hillier,49.03227,-125.3249,49.03208,-125.3243,10,Trap 6 crabs were not measured due to lack of time,3,,,,,51,6,,0,XMB
GL,4,2024,7,23,24,-1,-0.8,23,10,hillier,49.03227,-125.3249,49.03208,-125.3243,10,Trap 6 crabs were not measured due to lack of time,1,,,,,51,6,,0,XMB
GL,4,2024,7,23,24,-1,-0.8,23,10,hillier,49.03227,-125.3249,49.03208,-125.3243,10,Trap 6 crabs were not measured due to lack of time,1,,,,,51,6,,0,XMB
GL,4,2024,7,23,24,-1,-0.8,23,10,hillier,49.03227,-125.3249,49.03208,-125.3243,10,Trap 6 crabs were not measured due to lack of time,1,,,,,51,6,,0,XMB
GL,4,2024,7,23,24,-1,-0.8,23,10,hillier,49.03227,-125.3249,49.03208,-125.3243,10,Trap 6 crabs were not measured due to lack of time,1,,,,,51,6,,0,XMB
GL,4,2024,7,23,24,-1,-0.8,23,10,hillier,49.03227,-125.3249,49.03208,-125.3243,10,Trap 6 crabs were not measured due to lack of time,1,,,,,51,6,,0,XMB
GL,4,2024,7,23,24,-1,-0.8,23,10,hillier,49.03227,-125.3249,49.03208,-125.3243,10,Trap 6 crabs were not measured due to lack of time,1,,,,,51,6,,0,XMB
GL,4,2024,7,23,24,-1,-0.8,23,10,hillier,49.03227,-125.3249,49.03208,-125.3243,10,Trap 6 crabs were not measured due to lack of time,1,,,,,51,6,,0,XMB
GL,4,2024,7,23,24,-1,-0.8,23,10,hillier,49.03227,-125.3249,49.03208,-125.3243,10,Trap 6 crabs were not measured due to lack of time,1,,,,,51,6,,0,XMB
GL,4,2024,7,23,24,-1,-0.8,23,10,hillier,49.03227,-125.3249,49.03208,-125.3243,10,Trap 6 crabs were not measured due to lack of time,1,,,,,51,6,,0,XMB
GL,4,2024,7,23,24,-1,-0.8,23,10,hillier,49.03227,-125.3249,49.03208,-125.3243,10,Trap 6 crabs were not measured due to lack of time,1,,,,,51,6,,0,XMB
GL,4,2024,7,23,24,-1,-0.8,23,10,hillier,49.03227,-125.3249,49.03208,-125.3243,10,Trap 6 crabs were not measured due to lack of time,1,,,,,51,6,,0,XMB
GL,4,2024,7,23,24,-1,-0.8,23,10,hillier,49.03227,-125.3249,49.03208,-125.3243,10,Trap 6 crabs were not measured due to lack of time,1,,,,,51,6,,0,XMB
GL,4,2024,7,23,24,-1,-0.8,23,10,hillier,49.03227,-125.3249,49.03208,-125.3243,10,Trap 6 crabs were not measured due to lack of time,1,,,,,51,6,,0,XMB
GL,4,2024,7,23,24,-1,-0.8,23,10,hillier,49.03227,-125.3249,49.03208,-125.3243,10,Trap 6 crabs were not measured due to lack of time,1,,,,,51,6,,0,XMB
GL,4,2024,7,23,24,-1,-0.8,23,10,hillier,49.03227,-125.3249,49.03208,-125.3243,10,Trap 6 crabs were not measured due to lack of time,1,,,,,51,6,,0,XMB
GL,4,2024,7,23,24,-1,-0.8,23,10,hillier,49.03227,-125.3249,49.03208,-125.3243,10,Trap 6 crabs were not measured due to lack of time,1,,,,,51,6,,0,XMB
GL,4,2024,7,23,24,-1,-0.8,23,10,hillier,49.03227,-125.3249,49.03208,-125.3243,10,Trap 6 crabs were not measured due to lack of time,1,,,,,51,6,,0,XMB
GL,4,2024,7,23,24,-1,-0.8,23,10,hillier,49.03227,-125.3249,49.03208,-125.3243,10,Trap 6 crabs were not measured due to lack of time,1,,,,,51,6,,0,XMB
GL,4,2024,7,23,24,-1,-0.8,23,10,hillier,49.03227,-125.3249,49.03208,-125.3243,10,Trap 6 crabs were not measured due to lack of time,1,,,,,51,6,,0,XMB
GL,4,2024,7,23,24,-1,-0.8,23,10,hillier,49.03227,-125.3249,49.03208,-125.3243,10,Trap 6 crabs were not measured due to lack of time,1,,,,,51,6,,0,XMB
GL,4,2024,7,23,24,-1,-0.8,23,10,hillier,49.03227,-125.3249,49.03208,-125.3243,10,Trap 6 crabs were not measured due to lack of time,1,,,,,51,6,,0,XMB
GL,4,2024,7,23,24,-1,-0.8,23,10,hillier,49.03227,-125.3249,49.03208,-125.3243,10,Trap 6 crabs were not measured due to lack of time,1,,,,,51,6,,0,XMB
GL,4,2024,7,23,24,-1,-0.8,23,10,hillier,49.03227,-125.3249,49.03208,-125.3243,10,Trap 6 crabs were not measured due to lack of time,1,,,,,51,6,,0,XMB
GL,4,2024,7,23,24,-1,-0.8,23,10,hillier,49.03227,-125.3249,49.03208,-125.3243,10,Trap 6 crabs were not measured due to lack of time,1,,,,,51,6,,0,XMB
GL,4,2024,7,23,24,-1,-0.8,23,10,hillier,49.03227,-125.3249,49.03208,-125.3243,10,Trap 6 crabs were not measured due to lack of time,1,,,,,51,6,,0,XMB
GL,4,2024,7,23,24,-1,-0.8,23,10,hillier,49.03227,-125.3249,49.03208,-125.3243,10,Trap 6 crabs were not measured due to lack of time,1,,,,,51,6,,0,XMB
GL,4,2024,7,23,24,-1,-0.8,23,10,hillier,49.03227,-125.3249,49.03208,-125.3243,10,Trap 6 crabs were not measured due to lack of time,1,,,,,51,6,,0,XMB
GL,4,2024,7,23,24,-1,-0.8,23,10,hillier,49.03227,-125.3249,49.03208,-125.3243,10,Trap 6 crabs were not measured due to lack of time,1,,,,,51,6,,0,XMB
GL,4,2024,7,23,24,-1,-0.8,23,10,hillier,49.03227,-125.3249,49.03208,-125.3243,10,Trap 6 crabs were not measured due to lack of time,1,,,,,51,6,,0,XMB
GL,4,2024,7,23,24,-1,-0.8,23,10,hillier,49.03227,-125.3249,49.03208,-125.3243,10,Trap 6 crabs were not measured due to lack of time,1,,,,,51,6,,0,XMB
GL,4,2024,7,23,24,-1,-0.8,23,10,hillier,49.03227,-125.3249,49.03208,-125.3243,10,Trap 6 crabs were not measured due to lack of time,1,,,,,51,6,,0,XMB
GL,4,2024,7,23,24,-1,-0.8,23,10,hillier,49.03227,-125.3249,49.03208,-125.3243,10,Trap 6 crabs were not measured due to lack of time,1,,,,,51,6,,0,XMB
GL,4,2024,7,23,24,-1,-0.8,23,10,hillier,49.03227,-125.3249,49.03208,-125.3243,10,Trap 6 crabs were not measured due to lack of time,1,,,,,51,6,,0,XMB
GL,4,2024,7,23,24,-1,-0.8,23,10,hillier,49.03227,-125.3249,49.03208,-125.3243,10,Trap 6 crabs were not measured due to lack of time,1,,,,,51,6,,0,XMB
GL,4,2024,7,23,24,-1,-0.8,23,10,hillier,49.03227,-125.3249,49.03208,-125.3243,10,Trap 6 crabs were not measured due to lack of time,1,,,,,51,6,,0,XMB
GL,4,2024,7,23,24,-1,-0.8,23,10,hillier,49.03227,-125.3249,49.03208,-125.3243,10,Trap 6 crabs were not measured due to lack of time,1,,,,,51,6,,0,XMB
GL,4,2024,7,23,24,-1,-0.8,23,10,hillier,49.03227,-125.3249,49.03208,-125.3243,10,Trap 6 crabs were not measured due to lack of time,1,,,,,51,6,,0,XMB
GL,4,2024,7,23,24,-1,-0.8,23,10,hillier,49.03227,-125.3249,49.03208,-125.3243,10,Trap 6 crabs were not measured due to lack of time,1,,,,,51,6,,0,XMB
GL,4,2024,7,23,24,-1,-0.8,23,10,hillier,49.03227,-125.3249,49.03208,-125.3243,10,Trap 6 crabs were not measured due to lack of time,1,,,,,51,6,,0,XMB
GL,4,2024,7,23,24,-1,-0.8,23,10,hillier,49.03227,-125.3249,49.03208,-125.3243,10,Trap 6 crabs were not measured due to lack of time,1,,,,,51,6,,0,XMB
GL,4,2024,7,23,24,-1,-0.8,23,10,hillier,49.03227,-125.3249,49.03208,-125.3243,10,Trap 6 crabs were not measured due to lack of time,1,,,,,51,6,,0,XMB
GL,4,2024,7,23,24,-1,-0.8,23,10,hillier,49.03227,-125.3249,49.03208,-125.3243,10,Trap 6 crabs were not measured due to lack of time,1,,,,,51,6,,0,XMB
GL,4,2024,7,23,24,-1,-0.8,23,10,hillier,49.03227,-125.3249,49.03208,-125.3243,10,Trap 6 crabs were not measured due to lack of time,1,,,,,51,6,,0,XMB
GL,4,2024,7,23,24,-1,-0.8,23,10,hillier,49.03227,-125.3249,49.03208,-125.3243,10,Trap 6 crabs were not measured due to lack of time,1,,,,,51,6,,0,XMB
GL,4,2024,7,23,24,-1,-0.8,23,10,hillier,49.03227,-125.3249,49.03208,-125.3243,10,Trap 6 crabs were not measured due to lack of time,1,,,,,51,6,,0,XMB
GL,4,2024,7,23,24,-1,-0.8,23,10,hillier,49.03227,-125.3249,49.03208,-125.3243,10,Trap 6 crabs were not measured due to lack of time,1,,,,,51,6,,0,XMB
GL,4,2024,7,23,24,-1,-0.8,23,10,hillier,49.03227,-125.3249,49.03208,-125.3243,10,Trap 6 crabs were not measured due to lack of time,1,,,,,51,6,,0,XMB
GL,4,2024,7,23,24,-1,-0.8,23,10,hillier,49.03227,-125.3249,49.03208,-125.3243,10,Trap 6 crabs were not measured due to lack of time,1,,,,,51,6,,0,XMB
GL,4,2024,7,23,24,-1,-0.8,23,10,hillier,49.03227,-125.3249,49.03208,-125.3243,10,Trap 6 crabs were not measured due to lack of time,1,,,,,51,6,,0,XMB
GL,4,2024,7,23,24,-1,-0.8,23,10,hillier,49.03227,-125.3249,49.03208,-125.3243,10,Trap 6 crabs were not measured due to lack of time,1,,,,,51,6,,0,XMB
GL,4,2024,7,23,24,-1,-0.8,23,10,hillier,49.03227,-125.3249,49.03208,-125.3243,10,Trap 6 crabs were not measured due to lack of time,1,,,,,51,6,,0,XMB
GL,5,2024,7,23,23,-1,-0.4,23,10,hillier,49.03298,-125.3236,49.03255,-125.3239,10,,3,64,,13,,51,1,,0,XMB
GL,5,2024,7,23,23,-1,-0.4,23,10,hillier,49.03298,-125.3236,49.03255,-125.3239,10,,1,70,,14,,51,1,,0,XMB
GL,5,2024,7,23,23,-1,-0.4,23,10,hillier,49.03298,-125.3236,49.03255,-125.3239,10,,3,65,,14,,51,1,,0,XMB
GL,5,2024,7,23,23,-1,-0.4,23,10,hillier,49.03298,-125.3236,49.03255,-125.3239,10,,1,78,,14,,51,1,,0,XMB
GL,5,2024,7,23,23,-1,-0.4,23,10,hillier,49.03298,-125.3236,49.03255,-125.3239,10,,3,64,,12,,51,1,,0,XMB
GL,5,2024,7,23,23,-1,-0.4,23,10,hillier,49.03298,-125.3236,49.03255,-125.3239,10,,3,61,,14,,51,1,,0,XMB
GL,5,2024,7,23,23,-1,-0.4,23,10,hillier,49.03298,-125.3236,49.03255,-125.3239,10,,3,57,,13,,51,1,,0,XMB
GL,5,2024,7,23,23,-1,-0.4,23,10,hillier,49.03298,-125.3236,49.03255,-125.3239,10,,1,39,,12,,51,1,,0,XMB
GL,5,2024,7,23,23,-1,-0.4,23,10,hillier,49.03298,-125.3236,49.03255,-125.3239,10,,3,60,,14,,51,1,,0,XMB
GL,5,2024,7,23,23,-1,-0.4,23,10,hillier,49.03298,-125.3236,49.03255,-125.3239,10,,1,45,,12,,51,1,,0,XMB
GL,5,2024,7,23,23,-1,-0.4,23,10,hillier,49.03298,-125.3236,49.03255,-125.3239,10,,1,33,,12,,51,1,,0,XMB
GL,5,2024,7,23,23,-1,-0.4,23,10,hillier,49.03298,-125.3236,49.03255,-125.3239,10,,3,55,,14,,51,1,,0,XMB
GL,5,2024,7,23,23,-1,-0.4,23,10,hillier,49.03298,-125.3236,49.03255,-125.3239,10,,1,46,,12,,51,1,,0,XMB
GL,5,2024,7,23,23,-1,-0.4,23,10,hillier,49.03298,-125.3236,49.03255,-125.3239,10,,3,54,,14,,51,1,,0,XMB
GL,5,2024,7,23,23,-1,-0.4,23,10,hillier,49.03298,-125.3236,49.03255,-125.3239,10,,3,62,,14,,51,1,,0,XMB
GL,5,2024,7,23,23,-1,-0.4,23,10,hillier,49.03298,-125.3236,49.03255,-125.3239,10,,3,44,,12,,51,1,,0,XMB
GL,5,2024,7,23,23,-1,-0.4,23,10,hillier,49.03298,-125.3236,49.03255,-125.3239,10,,1,54,,11,,51,1,,0,XMB
GL,5,2024,7,23,23,-1,-0.4,23,10,hillier,49.03298,-125.3236,49.03255,-125.3239,10,,3,52,,14,,51,1,,0,XMB
GL,5,2024,7,23,23,-1,-0.4,23,10,hillier,49.03298,-125.3236,49.03255,-125.3239,10,,3,64,,12,,51,1,,0,XMB
GL,5,2024,7,23,23,-1,-0.4,23,10,hillier,49.03298,-125.3236,49.03255,-125.3239,10,,3,55,,12,,51,1,,0,XMB
GL,5,2024,7,23,23,-1,-0.4,23,10,hillier,49.03298,-125.3236,49.03255,-125.3239,10,,1,51,,11,,51,1,,0,XMB
GL,5,2024,7,23,23,-1,-0.4,23,10,hillier,49.03298,-125.3236,49.03255,-125.3239,10,,3,36,,12,,51,1,,0,XMB
GL,5,2024,7,23,23,-1,-0.4,23,10,hillier,49.03298,-125.3236,49.03255,-125.3239,10,,3,52,,12,,51,1,,0,XMB
GL,5,2024,7,23,23,-1,-0.4,23,10,hillier,49.03298,-125.3236,49.03255,-125.3239,10,,3,40,,12,,51,1,,0,XMB
GL,5,2024,7,23,23,-1,-0.4,23,10,hillier,49.03298,-125.3236,49.03255,-125.3239,10,,1,35,,12,,51,1,,0,XMB
GL,5,2024,7,23,23,-1,-0.4,23,10,hillier,49.03298,-125.3236,49.03255,-125.3239,10,,3,33,,12,,51,1,,0,XMB
GL,5,2024,7,23,23,-1,-0.4,23,10,hillier,49.03298,-125.3236,49.03255,-125.3239,10,,3,60,,13,,51,1,,0,XMB
GL,5,2024,7,23,23,-1,-0.4,23,10,hillier,49.03298,-125.3236,49.03255,-125.3239,10,,1,40,,12,,51,1,,0,XMB
GL,5,2024,7,23,23,-1,-0.4,23,10,hillier,49.03298,-125.3236,49.03255,-125.3239,10,,1,42,,12,,51,1,,0,XMB
GL,5,2024,7,23,23,-1,-0.4,23,10,hillier,49.03298,-125.3236,49.03255,-125.3239,10,,1,45,,12,,51,1,,0,XMB
GL,5,2024,7,23,23,-1,-0.4,23,10,hillier,49.03298,-125.3236,49.03255,-125.3239,10,,3,35,,12,,51,1,,0,XMB
GL,5,2024,7,23,23,-1,-0.4,23,10,hillier,49.03298,-125.3236,49.03255,-125.3239,10,,1,44,,12,,51,1,,0,XMB
GL,5,2024,7,23,23,-1,-0.4,23,10,hillier,49.03298,-125.3236,49.03255,-125.3239,10,,1,44,,12,,51,1,,0,XMB
GL,5,2024,7,23,23,-1,-0.4,23,10,hillier,49.03298,-125.3236,49.03255,-125.3239,10,,1,45,,11,,51,1,,0,XMB
GL,5,2024,7,23,23,-1,-0.4,23,10,hillier,49.03298,-125.3236,49.03255,-125.3239,10,,3,39,,12,,51,1,,0,XMB
GL,5,2024,7,23,23,-1,-0.4,23,10,hillier,49.03298,-125.3236,49.03255,-125.3239,10,,3,44,,12,,51,1,,0,XMB
GL,5,2024,7,23,23,-1,-0.4,23,10,hillier,49.03298,-125.3236,49.03255,-125.3239,10,,1,36,,12,,51,1,,0,XMB
GL,5,2024,7,23,23,-1,-0.4,23,10,hillier,49.03298,-125.3236,49.03255,-125.3239,10,,1,42,,12,,51,1,,0,XMB
GL,5,2024,7,23,23,-1,-0.4,23,10,hillier,49.03298,-125.3236,49.03255,-125.3239,10,,1,37,,12,,51,1,,0,XMB
GL,5,2024,7,23,23,-1,-0.4,23,10,hillier,49.03298,-125.3236,49.03255,-125.3239,10,,1,50,,12,,51,1,,0,XMB
GL,5,2024,7,23,23,-1,-0.4,23,10,hillier,49.03298,-125.3236,49.03255,-125.3239,10,,3,35,,12,,51,1,,0,XMB
GL,5,2024,7,23,23,-1,-0.4,23,10,hillier,49.03298,-125.3236,49.03255,-125.3239,10,,1,49,,12,,51,1,,0,XMB
GL,5,2024,7,23,23,-1,-0.4,23,10,hillier,49.03298,-125.3236,49.03255,-125.3239,10,,1,45,,12,,51,1,,0,XMB
GL,5,2024,7,23,23,-1,-0.4,23,10,hillier,49.03298,-125.3236,49.03255,-125.3239,10,,3,35,,12,,51,1,,0,XMB
GL,5,2024,7,23,23,-1,-0.4,23,10,hillier,49.03298,-125.3236,49.03255,-125.3239,10,,1,48,,12,,51,1,,0,XMB
GL,5,2024,7,23,23,-1,-0.4,23,10,hillier,49.03298,-125.3236,49.03255,-125.3239,10,,3,72,,14,,51,5,,0,XMB
GL,5,2024,7,23,23,-1,-0.4,23,10,hillier,49.03298,-125.3236,49.03255,-125.3239,10,,3,44,,14,,51,5,,0,XMB
GL,5,2024,7,23,23,-1,-0.4,23,10,hillier,49.03298,-125.3236,49.03255,-125.3239,10,,3,57,,14,,51,5,,0,XMB
GL,5,2024,7,23,23,-1,-0.4,23,10,hillier,49.03298,-125.3236,49.03255,-125.3239,10,,3,48,,12,,51,5,,0,XMB
GL,5,2024,7,23,23,-1,-0.4,23,10,hillier,49.03298,-125.3236,49.03255,-125.3239,10,,3,52,,13,,51,5,,0,XMB
GL,5,2024,7,23,23,-1,-0.4,23,10,hillier,49.03298,-125.3236,49.03255,-125.3239,10,,1,56,,14,,51,5,,0,XMB
GL,5,2024,7,23,23,-1,-0.4,23,10,hillier,49.03298,-125.3236,49.03255,-125.3239,10,,3,50,,12,,51,5,,0,XMB
GL,5,2024,7,23,23,-1,-0.4,23,10,hillier,49.03298,-125.3236,49.03255,-125.3239,10,,1,38,,12,,51,5,,0,XMB
GL,5,2024,7,23,23,-1,-0.4,23,10,hillier,49.03298,-125.3236,49.03255,-125.3239,10,,3,59,,14,,51,5,,0,XMB
GL,5,2024,7,23,23,-1,-0.4,23,10,hillier,49.03298,-125.3236,49.03255,-125.3239,10,,1,44,,12,,51,5,,0,XMB
GL,5,2024,7,23,23,-1,-0.4,23,10,hillier,49.03298,-125.3236,49.03255,-125.3239,10,,1,36,,12,,51,5,,0,XMB
GL,5,2024,7,23,23,-1,-0.4,23,10,hillier,49.03298,-125.3236,49.03255,-125.3239,10,,3,41,,12,,51,5,,0,XMB
GL,5,2024,7,23,23,-1,-0.4,23,10,hillier,49.03298,-125.3236,49.03255,-125.3239,10,,3,57,,14,,51,6,,0,XMB
GL,5,2024,7,23,23,-1,-0.4,23,10,hillier,49.03298,-125.3236,49.03255,-125.3239,10,,3,57,,14,,51,6,,0,XMB
GL,5,2024,7,23,23,-1,-0.4,23,10,hillier,49.03298,-125.3236,49.03255,-125.3239,10,,3,60,,12,,51,6,,0,XMB
GL,5,2024,7,23,23,-1,-0.4,23,10,hillier,49.03298,-125.3236,49.03255,-125.3239,10,,3,45,,12,,51,6,,0,XMB
GL,5,2024,7,23,23,-1,-0.4,23,10,hillier,49.03298,-125.3236,49.03255,-125.3239,10,,3,57,,14,,51,6,,0,XMB
GL,5,2024,7,23,23,-1,-0.4,23,10,hillier,49.03298,-125.3236,49.03255,-125.3239,10,,3,57,,14,,51,6,,0,XMB
GL,5,2024,7,23,23,-1,-0.4,23,10,hillier,49.03298,-125.3236,49.03255,-125.3239,10,,1,66,,11,,51,6,,0,XMB
GL,5,2024,7,23,23,-1,-0.4,23,10,hillier,49.03298,-125.3236,49.03255,-125.3239,10,,3,52,,13,,51,6,,0,XMB
GL,5,2024,7,23,23,-1,-0.4,23,10,hillier,49.03298,-125.3236,49.03255,-125.3239,10,,3,57,,12,,51,6,,0,XMB
GL,5,2024,7,23,23,-1,-0.4,23,10,hillier,49.03298,-125.3236,49.03255,-125.3239,10,,3,60,,12,,51,6,,0,XMB
GL,5,2024,7,23,23,-1,-0.4,23,10,hillier,49.03298,-125.3236,49.03255,-125.3239,10,,1,52,,11,,51,6,,0,XMB
GL,5,2024,7,23,23,-1,-0.4,23,10,hillier,49.03298,-125.3236,49.03255,-125.3239,10,,3,42,,12,,51,6,,0,XMB
GL,5,2024,7,23,23,-1,-0.4,23,10,hillier,49.03298,-125.3236,49.03255,-125.3239,10,,1,52,,11,,51,6,,0,XMB
GL,5,2024,7,23,23,-1,-0.4,23,10,hillier,49.03298,-125.3236,49.03255,-125.3239,10,,3,51,,13,,51,2,,0,XMB
GL,5,2024,7,23,23,-1,-0.4,23,10,hillier,49.03298,-125.3236,49.03255,-125.3239,10,,3,60,,13,,51,2,,0,XMB
GL,5,2024,7,23,23,-1,-0.4,23,10,hillier,49.03298,-125.3236,49.03255,-125.3239,10,,1,65,,14,,51,2,,0,XMB
GL,5,2024,7,23,23,-1,-0.4,23,10,hillier,49.03298,-125.3236,49.03255,-125.3239,10,,1,39,,12,,51,2,,0,XMB
GL,5,2024,7,23,23,-1,-0.4,23,10,hillier,49.03298,-125.3236,49.03255,-125.3239,10,,3,55,,13,,51,2,,0,XMB
GL,5,2024,7,23,23,-1,-0.4,23,10,hillier,49.03298,-125.3236,49.03255,-125.3239,10,,3,54,,12,,51,2,,0,XMB
GL,5,2024,7,23,23,-1,-0.4,23,10,hillier,49.03298,-125.3236,49.03255,-125.3239,10,,1,57,,13,,51,2,,0,XMB
GL,5,2024,7,23,23,-1,-0.4,23,10,hillier,49.03298,-125.3236,49.03255,-125.3239,10,,3,46,,13,,51,2,,0,XMB
GL,5,2024,7,23,23,-1,-0.4,23,10,hillier,49.03298,-125.3236,49.03255,-125.3239,10,,1,47,,12,,51,2,,0,XMB
GL,5,2024,7,23,23,-1,-0.4,23,10,hillier,49.03298,-125.3236,49.03255,-125.3239,10,,1,45,,12,,51,2,,0,XMB
GL,5,2024,7,23,23,-1,-0.4,23,10,hillier,49.03298,-125.3236,49.03255,-125.3239,10,,3,54,,14,,51,2,,0,XMB
GL,5,2024,7,23,23,-1,-0.4,23,10,hillier,49.03298,-125.3236,49.03255,-125.3239,10,,3,60,,12,,51,2,,0,XMB
GL,5,2024,7,23,23,-1,-0.4,23,10,hillier,49.03298,-125.3236,49.03255,-125.3239,10,,1,49,,12,,51,2,,0,XMB
GL,5,2024,7,23,23,-1,-0.4,23,10,hillier,49.03298,-125.3236,49.03255,-125.3239,10,,3,45,,12,,51,2,,0,XMB
GL,5,2024,7,23,23,-1,-0.4,23,10,hillier,49.03298,-125.3236,49.03255,-125.3239,10,,3,56,,13,,51,3,,0,XMB
GL,5,2024,7,23,23,-1,-0.4,23,10,hillier,49.03298,-125.3236,49.03255,-125.3239,10,,3,55,,14,,51,3,,0,XMB
GL,5,2024,7,23,23,-1,-0.4,23,10,hillier,49.03298,-125.3236,49.03255,-125.3239,10,,3,44,,12,,51,3,,0,XMB
GL,5,2024,7,23,23,-1,-0.4,23,10,hillier,49.03298,-125.3236,49.03255,-125.3239,10,,3,56,,13,,51,3,,0,XMB
GL,5,2024,7,23,23,-1,-0.4,23,10,hillier,49.03298,-125.3236,49.03255,-125.3239,10,,3,53,,13,,51,3,,0,XMB
GL,5,2024,7,23,23,-1,-0.4,23,10,hillier,49.03298,-125.3236,49.03255,-125.3239,10,,3,63,,13,,51,3,,0,XMB
GL,5,2024,7,23,23,-1,-0.4,23,10,hillier,49.03298,-125.3236,49.03255,-125.3239,10,,1,65,,11,,51,3,,0,XMB
GL,5,2024,7,23,23,-1,-0.4,23,10,hillier,49.03298,-125.3236,49.03255,-125.3239,10,,3,53,,13,,51,3,,0,XMB
GL,5,2024,7,23,23,-1,-0.4,23,10,hillier,49.03298,-125.3236,49.03255,-125.3239,10,,1,49,,11,,51,3,,0,XMB
GL,5,2024,7,23,23,-1,-0.4,23,10,hillier,49.03298,-125.3236,49.03255,-125.3239,10,,3,65,,14,,51,3,,0,XMB
GL,5,2024,7,23,23,-1,-0.4,23,10,hillier,49.03298,-125.3236,49.03255,-125.3239,10,,1,43,,11,,51,3,,0,XMB
GL,5,2024,7,23,23,-1,-0.4,23,10,hillier,49.03298,-125.3236,49.03255,-125.3239,10,,3,45,,12,,51,3,,0,XMB
GL,5,2024,7,23,23,-1,-0.4,23,10,hillier,49.03298,-125.3236,49.03255,-125.3239,10,,3,57,,14,,51,3,,0,XMB
GL,5,2024,7,23,23,-1,-0.4,23,10,hillier,49.03298,-125.3236,49.03255,-125.3239,10,,3,60,,13,,51,3,,0,XMB
GL,5,2024,7,23,23,-1,-0.4,23,10,hillier,49.03298,-125.3236,49.03255,-125.3239,10,,1,45,,11,,51,3,,0,XMB
GL,5,2024,7,23,23,-1,-0.4,23,10,hillier,49.03298,-125.3236,49.03255,-125.3239,10,,1,49,,11,,51,3,,0,XMB
GL,5,2024,7,23,23,-1,-0.4,23,10,hillier,49.03298,-125.3236,49.03255,-125.3239,10,,3,70,,14,,51,3,,0,XMB
GL,5,2024,7,23,23,-1,-0.4,23,10,hillier,49.03298,-125.3236,49.03255,-125.3239,10,,3,59,,13,,51,3,,0,XMB
GL,5,2024,7,23,23,-1,-0.4,23,10,hillier,49.03298,-125.3236,49.03255,-125.3239,10,,1,62,,14,,51,3,,0,XMB
GL,5,2024,7,23,23,-1,-0.4,23,10,hillier,49.03298,-125.3236,49.03255,-125.3239,10,,3,50,,14,,51,3,,0,XMB
GL,5,2024,7,23,23,-1,-0.4,23,10,hillier,49.03298,-125.3236,49.03255,-125.3239,10,,1,45,,11,,51,3,,0,XMB
GL,5,2024,7,23,23,-1,-0.4,23,10,hillier,49.03298,-125.3236,49.03255,-125.3239,10,,1,44,,11,,51,3,,0,XMB
GL,5,2024,7,23,23,-1,-0.4,23,10,hillier,49.03298,-125.3236,49.03255,-125.3239,10,,1,45,,11,,51,3,,0,XMB
GL,5,2024,7,23,23,-1,-0.4,23,10,hillier,49.03298,-125.3236,49.03255,-125.3239,10,,1,45,,11,,51,3,,0,XMB
GL,5,2024,7,23,23,-1,-0.4,23,10,hillier,49.03298,-125.3236,49.03255,-125.3239,10,,3,45,,14,,51,3,,0,XMB
GL,5,2024,7,23,23,-1,-0.4,23,10,hillier,49.03298,-125.3236,49.03255,-125.3239,10,,3,44,,13,,51,3,,0,XMB
GL,5,2024,7,23,23,-1,-0.4,23,10,hillier,49.03298,-125.3236,49.03255,-125.3239,10,,3,53,,13,,51,3,,0,XMB
GL,5,2024,7,23,23,-1,-0.4,23,10,hillier,49.03298,-125.3236,49.03255,-125.3239,10,,1,40,,11,,51,3,,0,XMB
GL,5,2024,7,23,23,-1,-0.4,23,10,hillier,49.03298,-125.3236,49.03255,-125.3239,10,,1,66,,14,,51,4,,0,XMB
GL,5,2024,7,23,23,-1,-0.4,23,10,hillier,49.03298,-125.3236,49.03255,-125.3239,10,,1,63,,13,,51,4,,0,XMB
GL,5,2024,7,23,23,-1,-0.4,23,10,hillier,49.03298,-125.3236,49.03255,-125.3239,10,,3,63,,13,,51,4,,0,XMB
GL,5,2024,7,23,23,-1,-0.4,23,10,hillier,49.03298,-125.3236,49.03255,-125.3239,10,,3,65,,14,,51,4,,0,XMB
GL,5,2024,7,23,23,-1,-0.4,23,10,hillier,49.03298,-125.3236,49.03255,-125.3239,10,,3,63,,14,,51,4,,0,XMB
GL,5,2024,7,23,23,-1,-0.4,23,10,hillier,49.03298,-125.3236,49.03255,-125.3239,10,,1,53,,11,,51,4,,0,XMB
GL,5,2024,7,23,23,-1,-0.4,23,10,hillier,49.03298,-125.3236,49.03255,-125.3239,10,,3,52,,13,,51,4,,0,XMB
GL,5,2024,7,23,23,-1,-0.4,23,10,hillier,49.03298,-125.3236,49.03255,-125.3239,10,,3,56,,13,,51,4,,0,XMB
GL,5,2024,7,23,23,-1,-0.4,23,10,hillier,49.03298,-125.3236,49.03255,-125.3239,10,,1,52,,13,,51,4,,0,XMB
GL,5,2024,7,23,23,-1,-0.4,23,10,hillier,49.03298,-125.3236,49.03255,-125.3239,10,,3,55,,13,,51,4,,0,XMB
GL,5,2024,7,23,23,-1,-0.4,23,10,hillier,49.03298,-125.3236,49.03255,-125.3239,10,,3,55,,13,,51,4,,0,XMB
GL,5,2024,7,23,23,-1,-0.4,23,10,hillier,49.03298,-125.3236,49.03255,-125.3239,10,,1,52,,12,,51,4,,0,XMB
GL,5,2024,7,23,23,-1,-0.4,23,10,hillier,49.03298,-125.3236,49.03255,-125.3239,10,,1,53,,12,,51,4,,0,XMB
GL,5,2024,7,23,23,-1,-0.4,23,10,hillier,49.03298,-125.3236,49.03255,-125.3239,10,,1,52,,11,,51,4,,0,XMB
GL,5,2024,7,23,23,-1,-0.4,23,10,hillier,49.03298,-125.3236,49.03255,-125.3239,10,,3,54,,13,,51,4,,0,XMB
GL,5,2024,7,23,23,-1,-0.4,23,10,hillier,49.03298,-125.3236,49.03255,-125.3239,10,,1,50,,11,,51,4,,0,XMB
GL,5,2024,7,23,23,-1,-0.4,23,10,hillier,49.03298,-125.3236,49.03255,-125.3239,10,,3,52,,14,,51,4,,0,XMB
GL,5,2024,7,23,23,-1,-0.4,23,10,hillier,49.03298,-125.3236,49.03255,-125.3239,10,,3,52,,14,,51,4,,0,XMB
GL,5,2024,7,23,23,-1,-0.4,23,10,hillier,49.03298,-125.3236,49.03255,-125.3239,10,,3,51,,13,,51,4,,0,XMB
GL,5,2024,7,23,23,-1,-0.4,23,10,hillier,49.03298,-125.3236,49.03255,-125.3239,10,,3,52,,13,,51,4,,0,XMB
GL,5,2024,7,23,23,-1,-0.4,23,10,hillier,49.03298,-125.3236,49.03255,-125.3239,10,,3,45,,12,,51,4,,0,XMB
GL,5,2024,7,23,23,-1,-0.4,23,10,hillier,49.03298,-125.3236,49.03255,-125.3239,10,,1,44,,12,,51,4,,0,XMB
GL,5,2024,7,23,23,-1,-0.4,23,10,hillier,49.03298,-125.3236,49.03255,-125.3239,10,,3,42,,12,,51,4,,0,XMB
GL,5,2024,7,23,23,-1,-0.4,23,10,hillier,49.03298,-125.3236,49.03255,-125.3239,10,,1,35,,12,,51,4,,0,XMB
GL,5,2024,7,23,23,-1,-0.4,23,10,hillier,49.03298,-125.3236,49.03255,-125.3239,10,,3,39,,12,,51,4,,0,XMB
GL,5,2024,7,23,23,-1,-0.4,23,10,hillier,49.03298,-125.3236,49.03255,-125.3239,10,,1,39,,11,,51,4,,0,XMB
GL,5,2024,7,23,23,-1,-0.4,23,10,hillier,49.03298,-125.3236,49.03255,-125.3239,10,,1,41,,11,,51,4,,0,XMB
GL,5,2024,7,23,23,-1,-0.4,23,10,hillier,49.03298,-125.3236,49.03255,-125.3239,10,,1,40,,12,,51,4,,0,XMB
GL,5,2024,7,23,23,-1,-0.4,23,10,hillier,49.03298,-125.3236,49.03255,-125.3239,10,,1,35,,11,,51,4,,0,XMB
GL,5,2024,7,23,23,-1,-0.4,23,10,hillier,49.03298,-125.3236,49.03255,-125.3239,10,,3,37,,12,,51,4,,0,XMB
GL,5,2024,7,23,23,-1,-0.4,23,10,hillier,49.03298,-125.3236,49.03255,-125.3239,10,,3,54,,12,,51,6,,0,XMB
GL,5,2024,7,23,23,-1,-0.4,23,10,hillier,49.03298,-125.3236,49.03255,-125.3239,10,,3,50,,14,,51,6,,0,XMB
GL,5,2024,7,23,23,-1,-0.4,23,10,hillier,49.03298,-125.3236,49.03255,-125.3239,10,,3,42,,12,,51,6,,0,XMB
GL,5,2024,7,23,23,-1,-0.4,23,10,hillier,49.03298,-125.3236,49.03255,-125.3239,10,,3,54,,14,,51,6,,0,XMB
GL,5,2024,7,23,23,-1,-0.4,23,10,hillier,49.03298,-125.3236,49.03255,-125.3239,10,,1,42,,12,,51,6,,0,XMB
GL,5,2024,7,23,23,-1,-0.4,23,10,hillier,49.03298,-125.3236,49.03255,-125.3239,10,,3,39,,12,,51,6,,0,XMB
GL,5,2024,7,23,23,-1,-0.4,23,10,hillier,49.03298,-125.3236,49.03255,-125.3239,10,,1,42,,12,,51,6,,0,XMB
GL,5,2024,7,23,23,-1,-0.4,23,10,hillier,49.03298,-125.3236,49.03255,-125.3239,10,,3,41,,12,,51,6,,0,XMB
GL,6,2024,7,23,21,0,1.6,23,10,hillier,49.03175,-125.3244,49.03127,-125.3248,10,,3,,100,,,51,6,,0,XLA
GL,6,2024,7,23,21,0,1.6,23,10,hillier,49.03175,-125.3244,49.03127,-125.3248,10,,1,,119,,,51,6,,0,XLA
GL,6,2024,7,23,21,0,1.6,23,10,hillier,49.03175,-125.3244,49.03127,-125.3248,10,,3,63,,12,,51,6,,0,XMB
GL,6,2024,7,23,21,0,1.6,23,10,hillier,49.03175,-125.3244,49.03127,-125.3248,10,,3,63,,14,,51,6,,0,XMB
GL,6,2024,7,23,21,0,1.6,23,10,hillier,49.03175,-125.3244,49.03127,-125.3248,10,,1,53,,12,,51,6,,0,XMB
GL,6,2024,7,23,21,0,1.6,23,10,hillier,49.03175,-125.3244,49.03127,-125.3248,10,,3,61,,12,,51,6,,0,XMB
GL,6,2024,7,23,21,0,1.6,23,10,hillier,49.03175,-125.3244,49.03127,-125.3248,10,,1,49,,12,,51,6,,0,XMB
GL,6,2024,7,23,21,0,1.6,23,10,hillier,49.03175,-125.3244,49.03127,-125.3248,10,,3,61,,11,,51,5,,0,XMB
GL,6,2024,7,23,21,0,1.6,23,10,hillier,49.03175,-125.3244,49.03127,-125.3248,10,,3,66,,14,,51,5,,0,XMB
GL,6,2024,7,23,21,0,1.6,23,10,hillier,49.03175,-125.3244,49.03127,-125.3248,10,,3,66,,14,,51,5,,0,XMB
GL,6,2024,7,23,21,0,1.6,23,10,hillier,49.03175,-125.3244,49.03127,-125.3248,10,,3,55,,11,,51,5,,0,XMB
GL,6,2024,7,23,21,0,1.6,23,10,hillier,49.03175,-125.3244,49.03127,-125.3248,10,,1,42,,11,,51,5,,0,XMB
GL,6,2024,7,23,21,0,1.6,23,10,hillier,49.03175,-125.3244,49.03127,-125.3248,10,,3,50,,14,,51,5,,0,XMB
GL,6,2024,7,23,21,0,1.6,23,10,hillier,49.03175,-125.3244,49.03127,-125.3248,10,,3,56,,12,,51,5,,0,XMB
GL,6,2024,7,23,21,0,1.6,23,10,hillier,49.03175,-125.3244,49.03127,-125.3248,10,,1,59,,11,,51,5,,0,XMB
GL,6,2024,7,23,21,0,1.6,23,10,hillier,49.03175,-125.3244,49.03127,-125.3248,10,,3,43,,12,,51,5,,0,XMB
GL,6,2024,7,23,21,0,1.6,23,10,hillier,49.03175,-125.3244,49.03127,-125.3248,10,,3,52,,14,,51,5,,0,XMB
GL,6,2024,7,23,21,0,1.6,23,10,hillier,49.03175,-125.3244,49.03127,-125.3248,10,,3,64,,12,,51,5,,0,XMB
GL,6,2024,7,23,21,0,1.6,23,10,hillier,49.03175,-125.3244,49.03127,-125.3248,10,,1,53,,11,,51,5,,0,XMB
GL,6,2024,7,23,21,0,1.6,23,10,hillier,49.03175,-125.3244,49.03127,-125.3248,10,,3,56,,14,,51,5,,0,XMB
GL,6,2024,7,23,21,0,1.6,23,10,hillier,49.03175,-125.3244,49.03127,-125.3248,10,,1,44,,11,,51,5,,0,XMB
GL,6,2024,7,23,21,0,1.6,23,10,hillier,49.03175,-125.3244,49.03127,-125.3248,10,,3,53,,13,,51,5,,0,XMB
GL,6,2024,7,23,21,0,1.6,23,10,hillier,49.03175,-125.3244,49.03127,-125.3248,10,,3,54,,14,,51,5,,0,XMB
GL,6,2024,7,23,21,0,1.6,23,10,hillier,49.03175,-125.3244,49.03127,-125.3248,10,,1,65,,11,,51,5,,0,XMB
GL,6,2024,7,23,21,0,1.6,23,10,hillier,49.03175,-125.3244,49.03127,-125.3248,10,,3,43,,12,,51,5,,0,XMB
GL,6,2024,7,23,21,0,1.6,23,10,hillier,49.03175,-125.3244,49.03127,-125.3248,10,,3,57,,14,,51,5,,0,XMB
GL,6,2024,7,23,21,0,1.6,23,10,hillier,49.03175,-125.3244,49.03127,-125.3248,10,,1,47,,11,,51,5,,0,XMB
GL,6,2024,7,23,21,0,1.6,23,10,hillier,49.03175,-125.3244,49.03127,-125.3248,10,,3,57,,12,,51,5,,0,XMB
GL,6,2024,7,23,21,0,1.6,23,10,hillier,49.03175,-125.3244,49.03127,-125.3248,10,,1,44,,11,,51,5,,0,XMB
GL,6,2024,7,23,21,0,1.6,23,10,hillier,49.03175,-125.3244,49.03127,-125.3248,10,,3,72,,14,,51,5,,0,XMB
GL,6,2024,7,23,21,0,1.6,23,10,hillier,49.03175,-125.3244,49.03127,-125.3248,10,,3,56,,14,,51,5,,0,XMB
GL,6,2024,7,23,21,0,1.6,23,10,hillier,49.03175,-125.3244,49.03127,-125.3248,10,,3,57,,11,,51,5,,0,XMB
GL,6,2024,7,23,21,0,1.6,23,10,hillier,49.03175,-125.3244,49.03127,-125.3248,10,,3,60,,14,,51,5,,0,XMB
GL,6,2024,7,23,21,0,1.6,23,10,hillier,49.03175,-125.3244,49.03127,-125.3248,10,,3,58,,14,,51,5,,0,XMB
GL,6,2024,7,23,21,0,1.6,23,10,hillier,49.03175,-125.3244,49.03127,-125.3248,10,,1,42,,12,,51,5,,0,XMB
GL,6,2024,7,23,21,0,1.6,23,10,hillier,49.03175,-125.3244,49.03127,-125.3248,10,,1,39,,12,,51,5,,0,XMB
GL,6,2024,7,23,21,0,1.6,23,10,hillier,49.03175,-125.3244,49.03127,-125.3248,10,,1,57,,11,,51,5,,0,XMB
GL,6,2024,7,23,21,0,1.6,23,10,hillier,49.03175,-125.3244,49.03127,-125.3248,10,,1,51,,11,,51,5,,0,XMB
GL,6,2024,7,23,21,0,1.6,23,10,hillier,49.03175,-125.3244,49.03127,-125.3248,10,,1,61,,14,,51,5,,0,XMB
GL,6,2024,7,23,21,0,1.6,23,10,hillier,49.03175,-125.3244,49.03127,-125.3248,10,,1,42,,12,,51,5,,0,XMB
GL,6,2024,7,23,21,0,1.6,23,10,hillier,49.03175,-125.3244,49.03127,-125.3248,10,,1,38,,12,,51,5,,0,XMB
GL,6,2024,7,23,21,0,1.6,23,10,hillier,49.03175,-125.3244,49.03127,-125.3248,10,,1,47,,11,,51,5,,0,XMB
GL,6,2024,7,23,21,0,1.6,23,10,hillier,49.03175,-125.3244,49.03127,-125.3248,10,,3,61,,14,,51,1,,0,XMB
GL,6,2024,7,23,21,0,1.6,23,10,hillier,49.03175,-125.3244,49.03127,-125.3248,10,,3,60,,14,,51,1,,0,XMB
GL,6,2024,7,23,21,0,1.6,23,10,hillier,49.03175,-125.3244,49.03127,-125.3248,10,,1,79,,14,,51,1,,0,XMB
GL,6,2024,7,23,21,0,1.6,23,10,hillier,49.03175,-125.3244,49.03127,-125.3248,10,,1,75,,11,,51,1,,0,XMB
GL,6,2024,7,23,21,0,1.6,23,10,hillier,49.03175,-125.3244,49.03127,-125.3248,10,,3,56,,12,,51,1,,0,XMB
GL,6,2024,7,23,21,0,1.6,23,10,hillier,49.03175,-125.3244,49.03127,-125.3248,10,,3,62,,12,,51,1,,0,XMB
GL,6,2024,7,23,21,0,1.6,23,10,hillier,49.03175,-125.3244,49.03127,-125.3248,10,,3,45,,12,,51,1,,0,XMB
GL,1,2024,7,23,25,-1.4,-1,23,9,mayne,48.975,-125.2885,48.97457,-125.2888,10,,1,62,,12,,51,1,,0,XMB
GL,1,2024,7,23,25,-1.4,-1,23,9,mayne,48.975,-125.2885,48.97457,-125.2888,10,,1,54,,12,,51,1,,0,XMB
GL,1,2024,7,23,25,-1.4,-1,23,9,mayne,48.975,-125.2885,48.97457,-125.2888,10,,3,41,,12,,51,1,,0,XMB
GL,1,2024,7,23,25,-1.4,-1,23,9,mayne,48.975,-125.2885,48.97457,-125.2888,10,,3,43,,12,,51,1,,0,XMB
GL,1,2024,7,23,25,-1.4,-1,23,9,mayne,48.975,-125.2885,48.97457,-125.2888,10,,1,71,,14,,51,1,,0,XMB
GL,1,2024,7,23,25,-1.4,-1,23,9,mayne,48.975,-125.2885,48.97457,-125.2888,10,,3,39,,12,,51,1,,0,XMB
GL,1,2024,7,23,25,-1.4,-1,23,9,mayne,48.975,-125.2885,48.97457,-125.2888,10,,1,41,,11,,51,1,,0,XMB
GL,1,2024,7,23,25,-1.4,-1,23,9,mayne,48.975,-125.2885,48.97457,-125.2888,10,,3,52,,12,,51,1,,0,XMB
GL,1,2024,7,23,25,-1.4,-1,23,9,mayne,48.975,-125.2885,48.97457,-125.2888,10,,1,42,,12,,51,1,,0,XMB
GL,1,2024,7,23,25,-1.4,-1,23,9,mayne,48.975,-125.2885,48.97457,-125.2888,10,,3,48,,12,,51,1,,0,XMB
GL,1,2024,7,23,25,-1.4,-1,23,9,mayne,48.975,-125.2885,48.97457,-125.2888,10,,1,55,,11,,51,1,,0,XMB
GL,1,2024,7,23,25,-1.4,-1,23,9,mayne,48.975,-125.2885,48.97457,-125.2888,10,,1,66,,12,,51,2,,0,XMB
GL,1,2024,7,23,25,-1.4,-1,23,9,mayne,48.975,-125.2885,48.97457,-125.2888,10,,1,50,,12,,51,2,,0,XMB
GL,1,2024,7,23,25,-1.4,-1,23,9,mayne,48.975,-125.2885,48.97457,-125.2888,10,,3,52,,13,,51,2,,0,XMB
GL,1,2024,7,23,25,-1.4,-1,23,9,mayne,48.975,-125.2885,48.97457,-125.2888,10,,1,42,,12,,51,2,,0,XMB
GL,1,2024,7,23,25,-1.4,-1,23,9,mayne,48.975,-125.2885,48.97457,-125.2888,10,,3,56,,11,,51,2,,0,XMB
GL,1,2024,7,23,25,-1.4,-1,23,9,mayne,48.975,-125.2885,48.97457,-125.2888,10,,1,42,,12,,51,3,,0,XMB
GL,1,2024,7,23,25,-1.4,-1,23,9,mayne,48.975,-125.2885,48.97457,-125.2888,10,,1,49,,11,,51,3,,0,XMB
GL,1,2024,7,23,25,-1.4,-1,23,9,mayne,48.975,-125.2885,48.97457,-125.2888,10,,1,47,,11,,51,3,,0,XMB
GL,1,2024,7,23,25,-1.4,-1,23,9,mayne,48.975,-125.2885,48.97457,-125.2888,10,,1,75,,11,,51,3,,0,XMB
GL,1,2024,7,23,25,-1.4,-1,23,9,mayne,48.975,-125.2885,48.97457,-125.2888,10,,3,44,,12,,51,3,,0,XMB
GL,1,2024,7,23,25,-1.4,-1,23,9,mayne,48.975,-125.2885,48.97457,-125.2888,10,,1,53,,11,,51,3,,0,XMB
GL,1,2024,7,23,25,-1.4,-1,23,9,mayne,48.975,-125.2885,48.97457,-125.2888,10,,1,50,,11,,51,3,,0,XMB
GL,1,2024,7,23,25,-1.4,-1,23,9,mayne,48.975,-125.2885,48.97457,-125.2888,10,,3,64,,12,,51,3,,0,XMB
GL,1,2024,7,23,25,-1.4,-1,23,9,mayne,48.975,-125.2885,48.97457,-125.2888,10,,3,44,,12,,51,3,,0,XMB
GL,1,2024,7,23,25,-1.4,-1,23,9,mayne,48.975,-125.2885,48.97457,-125.2888,10,,1,52,,11,,51,3,,0,XMB
GL,1,2024,7,23,25,-1.4,-1,23,9,mayne,48.975,-125.2885,48.97457,-125.2888,10,,1,40,,11,,51,3,,0,XMB
GL,1,2024,7,23,25,-1.4,-1,23,9,mayne,48.975,-125.2885,48.97457,-125.2888,10,,1,60,,11,,51,4,,0,XMB
GL,1,2024,7,23,25,-1.4,-1,23,9,mayne,48.975,-125.2885,48.97457,-125.2888,10,,1,75,,11,,51,4,,0,XMB
GL,1,2024,7,23,25,-1.4,-1,23,9,mayne,48.975,-125.2885,48.97457,-125.2888,10,,1,12,,11,,51,4,,0,XMB
GL,1,2024,7,23,25,-1.4,-1,23,9,mayne,48.975,-125.2885,48.97457,-125.2888,10,,1,65,,11,,51,4,,0,XMB
GL,1,2024,7,23,25,-1.4,-1,23,9,mayne,48.975,-125.2885,48.97457,-125.2888,10,,1,64,,11,,51,4,,0,XMB
GL,1,2024,7,23,25,-1.4,-1,23,9,mayne,48.975,-125.2885,48.97457,-125.2888,10,,1,65,,11,,51,4,,0,XMB
GL,1,2024,7,23,25,-1.4,-1,23,9,mayne,48.975,-125.2885,48.97457,-125.2888,10,,1,65,,11,,51,4,,0,XMB
GL,1,2024,7,23,25,-1.4,-1,23,9,mayne,48.975,-125.2885,48.97457,-125.2888,10,,1,57,,11,,51,4,,0,XMB
GL,1,2024,7,23,25,-1.4,-1,23,9,mayne,48.975,-125.2885,48.97457,-125.2888,10,,1,57,,11,,51,4,,0,XMB
GL,1,2024,7,23,25,-1.4,-1,23,9,mayne,48.975,-125.2885,48.97457,-125.2888,10,,1,53,,11,,51,5,,0,XMB
GL,1,2024,7,23,25,-1.4,-1,23,9,mayne,48.975,-125.2885,48.97457,-125.2888,10,,3,49,,12,,51,5,,0,XMB
GL,1,2024,7,23,25,-1.4,-1,23,9,mayne,48.975,-125.2885,48.97457,-125.2888,10,,1,54,,11,,51,5,,0,XMB
GL,1,2024,7,23,25,-1.4,-1,23,9,mayne,48.975,-125.2885,48.97457,-125.2888,10,,1,61,,11,,51,5,,0,XMB
GL,1,2024,7,23,25,-1.4,-1,23,9,mayne,48.975,-125.2885,48.97457,-125.2888,10,,1,62,,11,,51,5,,0,XMB
GL,1,2024,7,23,25,-1.4,-1,23,9,mayne,48.975,-125.2885,48.97457,-125.2888,10,,3,37,,12,,51,5,,0,XMB
GL,1,2024,7,23,25,-1.4,-1,23,9,mayne,48.975,-125.2885,48.97457,-125.2888,10,,1,55,,12,,51,6,,0,XMB
GL,1,2024,7,23,25,-1.4,-1,23,9,mayne,48.975,-125.2885,48.97457,-125.2888,10,,3,55,,12,,51,6,,0,XMB
GL,1,2024,7,23,25,-1.4,-1,23,9,mayne,48.975,-125.2885,48.97457,-125.2888,10,,1,51,,12,,51,6,,0,XMB
GL,1,2024,7,23,25,-1.4,-1,23,9,mayne,48.975,-125.2885,48.97457,-125.2888,10,,1,51,,11,,51,6,,0,XMB
GL,1,2024,7,23,25,-1.4,-1,23,9,mayne,48.975,-125.2885,48.97457,-125.2888,10,,1,51,,13,,51,6,,0,XMB
GL,1,2024,7,23,25,-1.4,-1,23,9,mayne,48.975,-125.2885,48.97457,-125.2888,10,,1,51,,12,,51,6,,0,XMB
GL,1,2024,7,23,25,-1.4,-1,23,9,mayne,48.975,-125.2885,48.97457,-125.2888,10,,1,51,,12,,51,6,,0,XMB
GL,1,2024,7,23,25,-1.4,-1,23,9,mayne,48.975,-125.2885,48.97457,-125.2888,10,,3,45,,12,,51,6,,0,XMB
GL,1,2024,7,23,25,-1.4,-1,23,9,mayne,48.975,-125.2885,48.97457,-125.2888,10,,1,53,,11,,51,6,,0,XMB
GL,1,2024,7,23,25,-1.4,-1,23,9,mayne,48.975,-125.2885,48.97457,-125.2888,10,,1,39,,12,,51,6,,0,XMB
GL,1,2024,7,23,25,-1.4,-1,23,9,mayne,48.975,-125.2885,48.97457,-125.2888,10,,3,31,,12,,51,6,,0,XMB
GL,2,2024,7,23,25,-1.3,-0.2,23,9,mayne,48.97457,-125.2889,48.9748,-125.2896,10,,1,62,,12,,51,1,,0,XMB
GL,2,2024,7,23,25,-1.3,-0.2,23,9,mayne,48.97457,-125.2889,48.9748,-125.2896,10,,1,61,,11,,51,1,,0,XMB
GL,2,2024,7,23,25,-1.3,-0.2,23,9,mayne,48.97457,-125.2889,48.9748,-125.2896,10,,1,62,,11,,51,1,,0,XMB
GL,2,2024,7,23,25,-1.3,-0.2,23,9,mayne,48.97457,-125.2889,48.9748,-125.2896,10,,1,58,,11,,51,1,,0,XMB
GL,2,2024,7,23,25,-1.3,-0.2,23,9,mayne,48.97457,-125.2889,48.9748,-125.2896,10,,1,55,,12,,51,1,,0,XMB
GL,2,2024,7,23,25,-1.3,-0.2,23,9,mayne,48.97457,-125.2889,48.9748,-125.2896,10,,1,47,,11,,51,1,,0,XMB
GL,2,2024,7,23,25,-1.3,-0.2,23,9,mayne,48.97457,-125.2889,48.9748,-125.2896,10,,3,55,,12,,51,1,,0,XMB
GL,2,2024,7,23,25,-1.3,-0.2,23,9,mayne,48.97457,-125.2889,48.9748,-125.2896,10,,1,53,,12,,51,1,,0,XMB
GL,2,2024,7,23,25,-1.3,-0.2,23,9,mayne,48.97457,-125.2889,48.9748,-125.2896,10,,1,59,,13,,51,1,,0,XMB
GL,2,2024,7,23,25,-1.3,-0.2,23,9,mayne,48.97457,-125.2889,48.9748,-125.2896,10,,3,45,,12,,51,1,,0,XMB
GL,2,2024,7,23,25,-1.3,-0.2,23,9,mayne,48.97457,-125.2889,48.9748,-125.2896,10,,1,50,,12,,51,1,,0,XMB
GL,2,2024,7,23,25,-1.3,-0.2,23,9,mayne,48.97457,-125.2889,48.9748,-125.2896,10,,1,61,,12,,51,1,,0,XMB
GL,2,2024,7,23,25,-1.3,-0.2,23,9,mayne,48.97457,-125.2889,48.9748,-125.2896,10,,1,45,,12,,51,1,,0,XMB
GL,2,2024,7,23,25,-1.3,-0.2,23,9,mayne,48.97457,-125.2889,48.9748,-125.2896,10,,1,56,,13,,51,2,,0,XMB
GL,2,2024,7,23,25,-1.3,-0.2,23,9,mayne,48.97457,-125.2889,48.9748,-125.2896,10,,3,55,,13,,51,2,,0,XMB
GL,2,2024,7,23,25,-1.3,-0.2,23,9,mayne,48.97457,-125.2889,48.9748,-125.2896,10,,3,45,,12,,51,2,,0,XMB
GL,2,2024,7,23,25,-1.3,-0.2,23,9,mayne,48.97457,-125.2889,48.9748,-125.2896,10,,1,56,,13,,51,2,,0,XMB
GL,2,2024,7,23,25,-1.3,-0.2,23,9,mayne,48.97457,-125.2889,48.9748,-125.2896,10,,3,52,,12,,51,2,,0,XMB
GL,2,2024,7,23,25,-1.3,-0.2,23,9,mayne,48.97457,-125.2889,48.9748,-125.2896,10,,1,53,,12,,51,2,,0,XMB
GL,2,2024,7,23,25,-1.3,-0.2,23,9,mayne,48.97457,-125.2889,48.9748,-125.2896,10,,1,66,,12,,51,2,,0,XMB
GL,2,2024,7,23,25,-1.3,-0.2,23,9,mayne,48.97457,-125.2889,48.9748,-125.2896,10,,3,49,,12,,51,2,,0,XMB
GL,2,2024,7,23,25,-1.3,-0.2,23,9,mayne,48.97457,-125.2889,48.9748,-125.2896,10,,1,47,,12,,51,2,,0,XMB
GL,2,2024,7,23,25,-1.3,-0.2,23,9,mayne,48.97457,-125.2889,48.9748,-125.2896,10,,1,77,,13,,51,3,,0,XMB
GL,2,2024,7,23,25,-1.3,-0.2,23,9,mayne,48.97457,-125.2889,48.9748,-125.2896,10,,1,70,,13,,51,3,,0,XMB
GL,2,2024,7,23,25,-1.3,-0.2,23,9,mayne,48.97457,-125.2889,48.9748,-125.2896,10,,3,50,,12,,51,3,,0,XMB
GL,2,2024,7,23,25,-1.3,-0.2,23,9,mayne,48.97457,-125.2889,48.9748,-125.2896,10,,1,58,,13,,51,3,,0,XMB
GL,2,2024,7,23,25,-1.3,-0.2,23,9,mayne,48.97457,-125.2889,48.9748,-125.2896,10,,1,60,,12,,51,3,,0,XMB
GL,2,2024,7,23,25,-1.3,-0.2,23,9,mayne,48.97457,-125.2889,48.9748,-125.2896,10,,1,58,,11,,51,3,,0,XMB
GL,2,2024,7,23,25,-1.3,-0.2,23,9,mayne,48.97457,-125.2889,48.9748,-125.2896,10,,1,55,,12,,51,3,,0,XMB
GL,2,2024,7,23,25,-1.3,-0.2,23,9,mayne,48.97457,-125.2889,48.9748,-125.2896,10,,1,71,,13,,51,3,,0,XMB
GL,2,2024,7,23,25,-1.3,-0.2,23,9,mayne,48.97457,-125.2889,48.9748,-125.2896,10,,1,67,,12,,51,3,,0,XMB
GL,2,2024,7,23,25,-1.3,-0.2,23,9,mayne,48.97457,-125.2889,48.9748,-125.2896,10,,1,75,,13,,51,3,,0,XMB
GL,2,2024,7,23,25,-1.3,-0.2,23,9,mayne,48.97457,-125.2889,48.9748,-125.2896,10,,3,52,,12,,51,3,,0,XMB
GL,2,2024,7,23,25,-1.3,-0.2,23,9,mayne,48.97457,-125.2889,48.9748,-125.2896,10,,1,81,,11,,51,3,,0,XMB
GL,2,2024,7,23,25,-1.3,-0.2,23,9,mayne,48.97457,-125.2889,48.9748,-125.2896,10,,1,50,,12,,51,3,,0,XMB
GL,2,2024,7,23,25,-1.3,-0.2,23,9,mayne,48.97457,-125.2889,48.9748,-125.2896,10,,3,40,,12,,51,3,,0,XMB
GL,2,2024,7,23,25,-1.3,-0.2,23,9,mayne,48.97457,-125.2889,48.9748,-125.2896,10,,1,46,,12,,51,3,,0,XMB
GL,2,2024,7,23,25,-1.3,-0.2,23,9,mayne,48.97457,-125.2889,48.9748,-125.2896,10,,1,55,,12,,51,3,,0,XMB
GL,2,2024,7,23,25,-1.3,-0.2,23,9,mayne,48.97457,-125.2889,48.9748,-125.2896,10,,3,55,,12,,51,3,,0,XMB
GL,2,2024,7,23,25,-1.3,-0.2,23,9,mayne,48.97457,-125.2889,48.9748,-125.2896,10,,1,46,,12,,51,3,,0,XMB
GL,2,2024,7,23,25,-1.3,-0.2,23,9,mayne,48.97457,-125.2889,48.9748,-125.2896,10,,3,51,,13,,51,3,,0,XMB
GL,2,2024,7,23,25,-1.3,-0.2,23,9,mayne,48.97457,-125.2889,48.9748,-125.2896,10,,3,42,,12,,51,3,,0,XMB
GL,2,2024,7,23,25,-1.3,-0.2,23,9,mayne,48.97457,-125.2889,48.9748,-125.2896,10,,1,46,,12,,51,3,,0,XMB
GL,2,2024,7,23,25,-1.3,-0.2,23,9,mayne,48.97457,-125.2889,48.9748,-125.2896,10,,3,42,,12,,51,4,,0,XMB
GL,2,2024,7,23,25,-1.3,-0.2,23,9,mayne,48.97457,-125.2889,48.9748,-125.2896,10,,3,56,,12,,51,4,,0,XMB
GL,2,2024,7,23,25,-1.3,-0.2,23,9,mayne,48.97457,-125.2889,48.9748,-125.2896,10,,3,48,,12,,51,4,,0,XMB
GL,2,2024,7,23,25,-1.3,-0.2,23,9,mayne,48.97457,-125.2889,48.9748,-125.2896,10,,1,49,,12,,51,4,,0,XMB
GL,2,2024,7,23,25,-1.3,-0.2,23,9,mayne,48.97457,-125.2889,48.9748,-125.2896,10,,3,50,,12,,51,5,,0,XMB
GL,2,2024,7,23,25,-1.3,-0.2,23,9,mayne,48.97457,-125.2889,48.9748,-125.2896,10,,1,40,,12,,51,5,,0,XMB
GL,2,2024,7,23,25,-1.3,-0.2,23,9,mayne,48.97457,-125.2889,48.9748,-125.2896,10,,1,43,,12,,51,5,,0,XMB
GL,2,2024,7,23,25,-1.3,-0.2,23,9,mayne,48.97457,-125.2889,48.9748,-125.2896,10,,3,45,,12,,51,5,,0,XMB
GL,2,2024,7,23,25,-1.3,-0.2,23,9,mayne,48.97457,-125.2889,48.9748,-125.2896,10,,1,46,,12,,51,5,,0,XMB
GL,2,2024,7,23,25,-1.3,-0.2,23,9,mayne,48.97457,-125.2889,48.9748,-125.2896,10,,3,,120,14,,51,6,,0,XLA
GL,3,2024,7,23,25,-0.6,4.2,23,9,mayne,48.975,-125.2894,48.97518,-125.29,10,Traps 5 and 6 were empty,1,62,,12,,51,1,,0,XMB
GL,3,2024,7,23,25,-0.6,4.2,23,9,mayne,48.975,-125.2894,48.97518,-125.29,10,Traps 5 and 6 were empty,1,67,,12,,51,1,,0,XMB
GL,3,2024,7,23,25,-0.6,4.2,23,9,mayne,48.975,-125.2894,48.97518,-125.29,10,Traps 5 and 6 were empty,3,62,,12,,51,1,,0,XMB
GL,3,2024,7,23,25,-0.6,4.2,23,9,mayne,48.975,-125.2894,48.97518,-125.29,10,Traps 5 and 6 were empty,1,65,,12,,51,1,,0,XMB
GL,3,2024,7,23,25,-0.6,4.2,23,9,mayne,48.975,-125.2894,48.97518,-125.29,10,Traps 5 and 6 were empty,1,63,,12,,51,1,,0,XMB
GL,3,2024,7,23,25,-0.6,4.2,23,9,mayne,48.975,-125.2894,48.97518,-125.29,10,Traps 5 and 6 were empty,1,67,,12,,51,1,,0,XMB
GL,3,2024,7,23,25,-0.6,4.2,23,9,mayne,48.975,-125.2894,48.97518,-125.29,10,Traps 5 and 6 were empty,1,70,,12,,51,1,,0,XMB
GL,3,2024,7,23,25,-0.6,4.2,23,9,mayne,48.975,-125.2894,48.97518,-125.29,10,Traps 5 and 6 were empty,3,70,,12,,51,1,,0,XMB
GL,3,2024,7,23,25,-0.6,4.2,23,9,mayne,48.975,-125.2894,48.97518,-125.29,10,Traps 5 and 6 were empty,3,55,,12,,51,1,,0,XMB
GL,3,2024,7,23,25,-0.6,4.2,23,9,mayne,48.975,-125.2894,48.97518,-125.29,10,Traps 5 and 6 were empty,1,67,,13,,51,1,,0,XMB
GL,3,2024,7,23,25,-0.6,4.2,23,9,mayne,48.975,-125.2894,48.97518,-125.29,10,Traps 5 and 6 were empty,1,70,,13,,51,1,,0,XMB
GL,3,2024,7,23,25,-0.6,4.2,23,9,mayne,48.975,-125.2894,48.97518,-125.29,10,Traps 5 and 6 were empty,3,42,,12,,51,1,,0,XMB
GL,3,2024,7,23,25,-0.6,4.2,23,9,mayne,48.975,-125.2894,48.97518,-125.29,10,Traps 5 and 6 were empty,1,68,,13,,51,1,,0,XMB
GL,3,2024,7,23,25,-0.6,4.2,23,9,mayne,48.975,-125.2894,48.97518,-125.29,10,Traps 5 and 6 were empty,1,62,,13,,51,1,,0,XMB
GL,3,2024,7,23,25,-0.6,4.2,23,9,mayne,48.975,-125.2894,48.97518,-125.29,10,Traps 5 and 6 were empty,3,40,,12,,51,1,,0,XMB
GL,3,2024,7,23,25,-0.6,4.2,23,9,mayne,48.975,-125.2894,48.97518,-125.29,10,Traps 5 and 6 were empty,3,50,,12,,51,1,,0,XMB
GL,3,2024,7,23,25,-0.6,4.2,23,9,mayne,48.975,-125.2894,48.97518,-125.29,10,Traps 5 and 6 were empty,1,52,,12,,51,1,,0,XMB
GL,3,2024,7,23,25,-0.6,4.2,23,9,mayne,48.975,-125.2894,48.97518,-125.29,10,Traps 5 and 6 were empty,1,38,,12,,51,1,,0,XMB
GL,3,2024,7,23,25,-0.6,4.2,23,9,mayne,48.975,-125.2894,48.97518,-125.29,10,Traps 5 and 6 were empty,3,53,,12,,51,1,,0,XMB
GL,3,2024,7,23,25,-0.6,4.2,23,9,mayne,48.975,-125.2894,48.97518,-125.29,10,Traps 5 and 6 were empty,3,40,,12,,51,1,,0,XMB
GL,3,2024,7,23,25,-0.6,4.2,23,9,mayne,48.975,-125.2894,48.97518,-125.29,10,Traps 5 and 6 were empty,3,42,,12,,51,1,,0,XMB
GL,3,2024,7,23,25,-0.6,4.2,23,9,mayne,48.975,-125.2894,48.97518,-125.29,10,Traps 5 and 6 were empty,1,,140,,,51,2,,0,XLA
GL,3,2024,7,23,25,-0.6,4.2,23,9,mayne,48.975,-125.2894,48.97518,-125.29,10,Traps 5 and 6 were empty,1,66,,11,,51,2,,0,XMB
GL,3,2024,7,23,25,-0.6,4.2,23,9,mayne,48.975,-125.2894,48.97518,-125.29,10,Traps 5 and 6 were empty,3,62,,13,,51,2,,0,XMB
GL,3,2024,7,23,25,-0.6,4.2,23,9,mayne,48.975,-125.2894,48.97518,-125.29,10,Traps 5 and 6 were empty,1,60,,12,,51,2,,0,XMB
GL,3,2024,7,23,25,-0.6,4.2,23,9,mayne,48.975,-125.2894,48.97518,-125.29,10,Traps 5 and 6 were empty,3,61,,13,,51,2,,0,XMB
GL,3,2024,7,23,25,-0.6,4.2,23,9,mayne,48.975,-125.2894,48.97518,-125.29,10,Traps 5 and 6 were empty,1,,156,,,51,3,,0,XLA
GL,3,2024,7,23,25,-0.6,4.2,23,9,mayne,48.975,-125.2894,48.97518,-125.29,10,Traps 5 and 6 were empty,1,,145,,,51,3,,0,XLA
GL,3,2024,7,23,25,-0.6,4.2,23,9,mayne,48.975,-125.2894,48.97518,-125.29,10,Traps 5 and 6 were empty,1,,135,,,51,3,,0,XLA
GL,3,2024,7,23,25,-0.6,4.2,23,9,mayne,48.975,-125.2894,48.97518,-125.29,10,Traps 5 and 6 were empty,1,,125,,,51,3,,0,XLA
GL,3,2024,7,23,25,-0.6,4.2,23,9,mayne,48.975,-125.2894,48.97518,-125.29,10,Traps 5 and 6 were empty,1,,136,,,51,3,,0,XLA
GL,3,2024,7,23,25,-0.6,4.2,23,9,mayne,48.975,-125.2894,48.97518,-125.29,10,Traps 5 and 6 were empty,1,,137,,,51,3,,0,XLA
GL,3,2024,7,23,25,-0.6,4.2,23,9,mayne,48.975,-125.2894,48.97518,-125.29,10,Traps 5 and 6 were empty,1,,165,,,51,4,,0,XLA
GL,4,2024,7,23,24,-1,-0.8,23,10,hillier,49.03227,-125.3249,49.03208,-125.3243,10,Trap 6 crabs were not measured due to lack of time,3,56,,12,,51,1,,0,XMB
GL,4,2024,7,23,24,-1,-0.8,23,10,hillier,49.03227,-125.3249,49.03208,-125.3243,10,Trap 6 crabs were not measured due to lack of time,1,47,,12,,51,1,,0,XMB
GL,4,2024,7,23,24,-1,-0.8,23,10,hillier,49.03227,-125.3249,49.03208,-125.3243,10,Trap 6 crabs were not measured due to lack of time,3,71,,12,,51,1,,0,XMB
GL,4,2024,7,23,24,-1,-0.8,23,10,hillier,49.03227,-125.3249,49.03208,-125.3243,10,Trap 6 crabs were not measured due to lack of time,3,61,,12,,51,1,,0,XMB
GL,4,2024,7,23,24,-1,-0.8,23,10,hillier,49.03227,-125.3249,49.03208,-125.3243,10,Trap 6 crabs were not measured due to lack of time,1,55,,12,,51,1,,0,XMB
GL,4,2024,7,23,24,-1,-0.8,23,10,hillier,49.03227,-125.3249,49.03208,-125.3243,10,Trap 6 crabs were not measured due to lack of time,3,51,,14,,51,1,,0,XMB
GL,4,2024,7,23,24,-1,-0.8,23,10,hillier,49.03227,-125.3249,49.03208,-125.3243,10,Trap 6 crabs were not measured due to lack of time,3,47,,14,,51,1,,0,XMB
GL,4,2024,7,23,24,-1,-0.8,23,10,hillier,49.03227,-125.3249,49.03208,-125.3243,10,Trap 6 crabs were not measured due to lack of time,3,43,,12,,51,1,,0,XMB
GL,4,2024,7,23,24,-1,-0.8,23,10,hillier,49.03227,-125.3249,49.03208,-125.3243,10,Trap 6 crabs were not measured due to lack of time,3,52,,14,,51,1,,0,XMB
GL,4,2024,7,23,24,-1,-0.8,23,10,hillier,49.03227,-125.3249,49.03208,-125.3243,10,Trap 6 crabs were not measured due to lack of time,3,61,,12,,51,1,,0,XMB
GL,4,2024,7,23,24,-1,-0.8,23,10,hillier,49.03227,-125.3249,49.03208,-125.3243,10,Trap 6 crabs were not measured due to lack of time,3,46,,12,,51,1,,0,XMB
GL,4,2024,7,23,24,-1,-0.8,23,10,hillier,49.03227,-125.3249,49.03208,-125.3243,10,Trap 6 crabs were not measured due to lack of time,3,62,,12,,51,1,,0,XMB
GL,4,2024,7,23,24,-1,-0.8,23,10,hillier,49.03227,-125.3249,49.03208,-125.3243,10,Trap 6 crabs were not measured due to lack of time,3,53,,12,,51,1,,0,XMB
GL,4,2024,7,23,24,-1,-0.8,23,10,hillier,49.03227,-125.3249,49.03208,-125.3243,10,Trap 6 crabs were not measured due to lack of time,3,63,,14,,51,1,,0,XMB
GL,4,2024,7,23,24,-1,-0.8,23,10,hillier,49.03227,-125.3249,49.03208,-125.3243,10,Trap 6 crabs were not measured due to lack of time,3,55,,12,,51,1,,0,XMB
GL,4,2024,7,23,24,-1,-0.8,23,10,hillier,49.03227,-125.3249,49.03208,-125.3243,10,Trap 6 crabs were not measured due to lack of time,3,62,,14,,51,1,,0,XMB
GL,4,2024,7,23,24,-1,-0.8,23,10,hillier,49.03227,-125.3249,49.03208,-125.3243,10,Trap 6 crabs were not measured due to lack of time,1,43,,12,,51,1,,0,XMB
GL,4,2024,7,23,24,-1,-0.8,23,10,hillier,49.03227,-125.3249,49.03208,-125.3243,10,Trap 6 crabs were not measured due to lack of time,1,53,,11,,51,1,,0,XMB
GL,4,2024,7,23,24,-1,-0.8,23,10,hillier,49.03227,-125.3249,49.03208,-125.3243,10,Trap 6 crabs were not measured due to lack of time,1,46,,11,,51,1,,0,XMB
GL,4,2024,7,23,24,-1,-0.8,23,10,hillier,49.03227,-125.3249,49.03208,-125.3243,10,Trap 6 crabs were not measured due to lack of time,3,46,,12,,51,1,,0,XMB
GL,4,2024,7,23,24,-1,-0.8,23,10,hillier,49.03227,-125.3249,49.03208,-125.3243,10,Trap 6 crabs were not measured due to lack of time,1,44,,11,,51,1,,0,XMB
GL,4,2024,7,23,24,-1,-0.8,23,10,hillier,49.03227,-125.3249,49.03208,-125.3243,10,Trap 6 crabs were not measured due to lack of time,1,42,,11,,51,1,,0,XMB
GL,4,2024,7,23,24,-1,-0.8,23,10,hillier,49.03227,-125.3249,49.03208,-125.3243,10,Trap 6 crabs were not measured due to lack of time,3,53,,13,,51,1,,0,XMB
GL,4,2024,7,23,24,-1,-0.8,23,10,hillier,49.03227,-125.3249,49.03208,-125.3243,10,Trap 6 crabs were not measured due to lack of time,3,55,,13,,51,1,,0,XMB
GL,4,2024,7,23,24,-1,-0.8,23,10,hillier,49.03227,-125.3249,49.03208,-125.3243,10,Trap 6 crabs were not measured due to lack of time,3,41,,12,,51,1,,0,XMB
GL,4,2024,7,23,24,-1,-0.8,23,10,hillier,49.03227,-125.3249,49.03208,-125.3243,10,Trap 6 crabs were not measured due to lack of time,1,44,,11,,51,1,,0,XMB
GL,4,2024,7,23,24,-1,-0.8,23,10,hillier,49.03227,-125.3249,49.03208,-125.3243,10,Trap 6 crabs were not measured due to lack of time,1,47,,12,,51,1,,0,XMB
GL,4,2024,7,23,24,-1,-0.8,23,10,hillier,49.03227,-125.3249,49.03208,-125.3243,10,Trap 6 crabs were not measured due to lack of time,1,45,,12,,51,1,,0,XMB
GL,4,2024,7,23,24,-1,-0.8,23,10,hillier,49.03227,-125.3249,49.03208,-125.3243,10,Trap 6 crabs were not measured due to lack of time,3,51,,14,,51,1,,0,XMB
GL,4,2024,7,23,24,-1,-0.8,23,10,hillier,49.03227,-125.3249,49.03208,-125.3243,10,Trap 6 crabs were not measured due to lack of time,1,47,,11,,51,1,,0,XMB
GL,4,2024,7,23,24,-1,-0.8,23,10,hillier,49.03227,-125.3249,49.03208,-125.3243,10,Trap 6 crabs were not measured due to lack of time,3,48,,12,,51,1,,0,XMB
GL,4,2024,7,23,24,-1,-0.8,23,10,hillier,49.03227,-125.3249,49.03208,-125.3243,10,Trap 6 crabs were not measured due to lack of time,3,35,,12,,51,1,,0,XMB
GL,4,2024,7,23,24,-1,-0.8,23,10,hillier,49.03227,-125.3249,49.03208,-125.3243,10,Trap 6 crabs were not measured due to lack of time,1,47,,12,,51,1,,0,XMB
GL,4,2024,7,23,24,-1,-0.8,23,10,hillier,49.03227,-125.3249,49.03208,-125.3243,10,Trap 6 crabs were not measured due to lack of time,1,46,,12,,51,1,,0,XMB
GL,4,2024,7,23,24,-1,-0.8,23,10,hillier,49.03227,-125.3249,49.03208,-125.3243,10,Trap 6 crabs were not measured due to lack of time,3,55,,13,,51,1,,0,XMB
GL,4,2024,7,23,24,-1,-0.8,23,10,hillier,49.03227,-125.3249,49.03208,-125.3243,10,Trap 6 crabs were not measured due to lack of time,3,43,,14,,51,1,,0,XMB
GL,4,2024,7,23,24,-1,-0.8,23,10,hillier,49.03227,-125.3249,49.03208,-125.3243,10,Trap 6 crabs were not measured due to lack of time,3,40,,12,,51,1,,0,XMB
GL,4,2024,7,23,24,-1,-0.8,23,10,hillier,49.03227,-125.3249,49.03208,-125.3243,10,Trap 6 crabs were not measured due to lack of time,1,45,,12,,51,1,,0,XMB
GL,4,2024,7,23,24,-1,-0.8,23,10,hillier,49.03227,-125.3249,49.03208,-125.3243,10,Trap 6 crabs were not measured due to lack of time,3,52,,14,,51,1,,0,XMB
GL,4,2024,7,23,24,-1,-0.8,23,10,hillier,49.03227,-125.3249,49.03208,-125.3243,10,Trap 6 crabs were not measured due to lack of time,3,33,,12,,51,1,,0,XMB
GL,4,2024,7,23,24,-1,-0.8,23,10,hillier,49.03227,-125.3249,49.03208,-125.3243,10,Trap 6 crabs were not measured due to lack of time,1,33,,11,,51,1,,0,XMB
GL,4,2024,7,23,24,-1,-0.8,23,10,hillier,49.03227,-125.3249,49.03208,-125.3243,10,Trap 6 crabs were not measured due to lack of time,3,36,,12,,51,1,,0,XMB
GL,4,2024,7,23,24,-1,-0.8,23,10,hillier,49.03227,-125.3249,49.03208,-125.3243,10,Trap 6 crabs were not measured due to lack of time,3,40,,12,,51,1,,0,XMB
GL,4,2024,7,23,24,-1,-0.8,23,10,hillier,49.03227,-125.3249,49.03208,-125.3243,10,Trap 6 crabs were not measured due to lack of time,3,32,,12,,51,1,,0,XMB
GL,4,2024,7,23,24,-1,-0.8,23,10,hillier,49.03227,-125.3249,49.03208,-125.3243,10,Trap 6 crabs were not measured due to lack of time,3,32,,12,,51,3,,0,XMB
GL,4,2024,7,23,24,-1,-0.8,23,10,hillier,49.03227,-125.3249,49.03208,-125.3243,10,Trap 6 crabs were not measured due to lack of time,3,38,,12,,51,3,,0,XMB
GL,4,2024,7,23,24,-1,-0.8,23,10,hillier,49.03227,-125.3249,49.03208,-125.3243,10,Trap 6 crabs were not measured due to lack of time,1,61,,12,,51,4,,0,XMB
GL,4,2024,7,23,24,-1,-0.8,23,10,hillier,49.03227,-125.3249,49.03208,-125.3243,10,Trap 6 crabs were not measured due to lack of time,3,52,,14,,51,4,,0,XMB
GL,4,2024,7,23,24,-1,-0.8,23,10,hillier,49.03227,-125.3249,49.03208,-125.3243,10,Trap 6 crabs were not measured due to lack of time,3,49,,14,,51,4,,0,XMB
GL,4,2024,7,23,24,-1,-0.8,23,10,hillier,49.03227,-125.3249,49.03208,-125.3243,10,Trap 6 crabs were not measured due to lack of time,3,55,,13,,51,4,,0,XMB
GL,4,2024,7,23,24,-1,-0.8,23,10,hillier,49.03227,-125.3249,49.03208,-125.3243,10,Trap 6 crabs were not measured due to lack of time,3,52,,14,,51,4,,0,XMB
GL,4,2024,7,23,24,-1,-0.8,23,10,hillier,49.03227,-125.3249,49.03208,-125.3243,10,Trap 6 crabs were not measured due to lack of time,3,49,,14,,51,4,,0,XMB
GL,4,2024,7,23,24,-1,-0.8,23,10,hillier,49.03227,-125.3249,49.03208,-125.3243,10,Trap 6 crabs were not measured due to lack of time,1,46,,11,,51,4,,0,XMB
GL,4,2024,7,23,24,-1,-0.8,23,10,hillier,49.03227,-125.3249,49.03208,-125.3243,10,Trap 6 crabs were not measured due to lack of time,3,61,,14,,51,4,,0,XMB
GL,4,2024,7,23,24,-1,-0.8,23,10,hillier,49.03227,-125.3249,49.03208,-125.3243,10,Trap 6 crabs were not measured due to lack of time,3,62,,14,,51,4,,0,XMB
GL,4,2024,7,23,24,-1,-0.8,23,10,hillier,49.03227,-125.3249,49.03208,-125.3243,10,Trap 6 crabs were not measured due to lack of time,3,62,,14,,51,4,,0,XMB
GL,4,2024,7,23,24,-1,-0.8,23,10,hillier,49.03227,-125.3249,49.03208,-125.3243,10,Trap 6 crabs were not measured due to lack of time,3,56,,12,,51,4,,0,XMB
GL,4,2024,7,23,24,-1,-0.8,23,10,hillier,49.03227,-125.3249,49.03208,-125.3243,10,Trap 6 crabs were not measured due to lack of time,3,52,,13,,51,4,,0,XMB
GL,4,2024,7,23,24,-1,-0.8,23,10,hillier,49.03227,-125.3249,49.03208,-125.3243,10,Trap 6 crabs were not measured due to lack of time,1,51,,11,,51,4,,0,XMB
GL,4,2024,7,23,24,-1,-0.8,23,10,hillier,49.03227,-125.3249,49.03208,-125.3243,10,Trap 6 crabs were not measured due to lack of time,3,56,,12,,51,4,,0,XMB
GL,4,2024,7,23,24,-1,-0.8,23,10,hillier,49.03227,-125.3249,49.03208,-125.3243,10,Trap 6 crabs were not measured due to lack of time,3,52,,13,,51,4,,0,XMB
GL,4,2024,7,23,24,-1,-0.8,23,10,hillier,49.03227,-125.3249,49.03208,-125.3243,10,Trap 6 crabs were not measured due to lack of time,1,47,,12,,51,4,,0,XMB
GL,4,2024,7,23,24,-1,-0.8,23,10,hillier,49.03227,-125.3249,49.03208,-125.3243,10,Trap 6 crabs were not measured due to lack of time,3,52,,14,,51,4,,0,XMB
GL,4,2024,7,23,24,-1,-0.8,23,10,hillier,49.03227,-125.3249,49.03208,-125.3243,10,Trap 6 crabs were not measured due to lack of time,3,62,,14,,51,4,,0,XMB
GL,4,2024,7,23,24,-1,-0.8,23,10,hillier,49.03227,-125.3249,49.03208,-125.3243,10,Trap 6 crabs were not measured due to lack of time,3,54,,14,,51,4,,0,XMB
GL,4,2024,7,23,24,-1,-0.8,23,10,hillier,49.03227,-125.3249,49.03208,-125.3243,10,Trap 6 crabs were not measured due to lack of time,1,49,,12,,51,4,,0,XMB
GL,4,2024,7,23,24,-1,-0.8,23,10,hillier,49.03227,-125.3249,49.03208,-125.3243,10,Trap 6 crabs were not measured due to lack of time,3,55,,12,,51,4,,0,XMB
GL,4,2024,7,23,24,-1,-0.8,23,10,hillier,49.03227,-125.3249,49.03208,-125.3243,10,Trap 6 crabs were not measured due to lack of time,1,47,,12,,51,4,,0,XMB
GL,4,2024,7,23,24,-1,-0.8,23,10,hillier,49.03227,-125.3249,49.03208,-125.3243,10,Trap 6 crabs were not measured due to lack of time,3,50,,12,,51,4,,0,XMB
GL,4,2024,7,23,24,-1,-0.8,23,10,hillier,49.03227,-125.3249,49.03208,-125.3243,10,Trap 6 crabs were not measured due to lack of time,3,57,,14,,51,4,,0,XMB
GL,4,2024,7,23,24,-1,-0.8,23,10,hillier,49.03227,-125.3249,49.03208,-125.3243,10,Trap 6 crabs were not measured due to lack of time,3,59,,13,,51,4,,0,XMB
GL,4,2024,7,23,24,-1,-0.8,23,10,hillier,49.03227,-125.3249,49.03208,-125.3243,10,Trap 6 crabs were not measured due to lack of time,3,44,,12,,51,4,,0,XMB
GL,4,2024,7,23,24,-1,-0.8,23,10,hillier,49.03227,-125.3249,49.03208,-125.3243,10,Trap 6 crabs were not measured due to lack of time,3,50,,13,,51,4,,0,XMB
GL,4,2024,7,23,24,-1,-0.8,23,10,hillier,49.03227,-125.3249,49.03208,-125.3243,10,Trap 6 crabs were not measured due to lack of time,3,57,,14,,51,4,,0,XMB
GL,4,2024,7,23,24,-1,-0.8,23,10,hillier,49.03227,-125.3249,49.03208,-125.3243,10,Trap 6 crabs were not measured due to lack of time,3,47,,14,,51,4,,0,XMB
GL,4,2024,7,23,24,-1,-0.8,23,10,hillier,49.03227,-125.3249,49.03208,-125.3243,10,Trap 6 crabs were not measured due to lack of time,3,55,,13,,51,4,,0,XMB
GL,4,2024,7,23,24,-1,-0.8,23,10,hillier,49.03227,-125.3249,49.03208,-125.3243,10,Trap 6 crabs were not measured due to lack of time,3,57,,14,,51,4,,0,XMB
GL,4,2024,7,23,24,-1,-0.8,23,10,hillier,49.03227,-125.3249,49.03208,-125.3243,10,Trap 6 crabs were not measured due to lack of time,1,47,,12,,51,4,,0,XMB
GL,4,2024,7,23,24,-1,-0.8,23,10,hillier,49.03227,-125.3249,49.03208,-125.3243,10,Trap 6 crabs were not measured due to lack of time,1,46,,12,,51,4,,0,XMB
GL,4,2024,7,23,24,-1,-0.8,23,10,hillier,49.03227,-125.3249,49.03208,-125.3243,10,Trap 6 crabs were not measured due to lack of time,3,59,,13,,51,4,,0,XMB
GL,4,2024,7,23,24,-1,-0.8,23,10,hillier,49.03227,-125.3249,49.03208,-125.3243,10,Trap 6 crabs were not measured due to lack of time,3,50,,14,2,51,4,,0,XMB
GL,4,2024,7,23,24,-1,-0.8,23,10,hillier,49.03227,-125.3249,49.03208,-125.3243,10,Trap 6 crabs were not measured due to lack of time,3,55,,14,,51,4,,0,XMB
GL,4,2024,7,23,24,-1,-0.8,23,10,hillier,49.03227,-125.3249,49.03208,-125.3243,10,Trap 6 crabs were not measured due to lack of time,1,47,,12,,51,4,,0,XMB
GL,4,2024,7,23,24,-1,-0.8,23,10,hillier,49.03227,-125.3249,49.03208,-125.3243,10,Trap 6 crabs were not measured due to lack of time,3,60,,13,,51,4,,0,XMB
GL,4,2024,7,23,24,-1,-0.8,23,10,hillier,49.03227,-125.3249,49.03208,-125.3243,10,Trap 6 crabs were not measured due to lack of time,4,57,,14,,51,4,,0,XMB
GL,4,2024,7,23,24,-1,-0.8,23,10,hillier,49.03227,-125.3249,49.03208,-125.3243,10,Trap 6 crabs were not measured due to lack of time,3,45,,12,,51,4,,0,XMB
GL,4,2024,7,23,24,-1,-0.8,23,10,hillier,49.03227,-125.3249,49.03208,-125.3243,10,Trap 6 crabs were not measured due to lack of time,1,52,,12,,51,4,,0,XMB
GL,4,2024,7,23,24,-1,-0.8,23,10,hillier,49.03227,-125.3249,49.03208,-125.3243,10,Trap 6 crabs were not measured due to lack of time,3,47,,12,,51,4,,0,XMB
GL,4,2024,7,23,24,-1,-0.8,23,10,hillier,49.03227,-125.3249,49.03208,-125.3243,10,Trap 6 crabs were not measured due to lack of time,1,44,,11,,51,4,,0,XMB
GL,4,2024,7,23,24,-1,-0.8,23,10,hillier,49.03227,-125.3249,49.03208,-125.3243,10,Trap 6 crabs were not measured due to lack of time,1,45,,12,,51,4,,0,XMB
GL,4,2024,7,23,24,-1,-0.8,23,10,hillier,49.03227,-125.3249,49.03208,-125.3243,10,Trap 6 crabs were not measured due to lack of time,1,40,,12,,51,4,,0,XMB
GL,4,2024,7,23,24,-1,-0.8,23,10,hillier,49.03227,-125.3249,49.03208,-125.3243,10,Trap 6 crabs were not measured due to lack of time,3,57,,13,,51,4,,0,XMB
GL,4,2024,7,23,24,-1,-0.8,23,10,hillier,49.03227,-125.3249,49.03208,-125.3243,10,Trap 6 crabs were not measured due to lack of time,3,42,,12,,51,4,,0,XMB
GL,4,2024,7,23,24,-1,-0.8,23,10,hillier,49.03227,-125.3249,49.03208,-125.3243,10,Trap 6 crabs were not measured due to lack of time,3,56,,14,,51,4,,0,XMB
GL,4,2024,7,23,24,-1,-0.8,23,10,hillier,49.03227,-125.3249,49.03208,-125.3243,10,Trap 6 crabs were not measured due to lack of time,1,42,,12,,51,4,,0,XMB
GL,4,2024,7,23,24,-1,-0.8,23,10,hillier,49.03227,-125.3249,49.03208,-125.3243,10,Trap 6 crabs were not measured due to lack of time,3,37,,12,,51,4,,0,XMB
GL,4,2024,7,23,24,-1,-0.8,23,10,hillier,49.03227,-125.3249,49.03208,-125.3243,10,Trap 6 crabs were not measured due to lack of time,1,42,,12,,51,4,,0,XMB
GL,4,2024,7,23,24,-1,-0.8,23,10,hillier,49.03227,-125.3249,49.03208,-125.3243,10,Trap 6 crabs were not measured due to lack of time,3,37,,12,,51,4,,0,XMB
GL,4,2024,7,23,24,-1,-0.8,23,10,hillier,49.03227,-125.3249,49.03208,-125.3243,10,Trap 6 crabs were not measured due to lack of time,1,39,,12,,51,4,,0,XMB
GL,4,2024,7,23,24,-1,-0.8,23,10,hillier,49.03227,-125.3249,49.03208,-125.3243,10,Trap 6 crabs were not measured due to lack of time,3,47,,12,,51,4,,0,XMB
GL,4,2024,7,23,24,-1,-0.8,23,10,hillier,49.03227,-125.3249,49.03208,-125.3243,10,Trap 6 crabs were not measured due to lack of time,3,43,,12,,51,4,,0,XMB
GL,4,2024,7,23,24,-1,-0.8,23,10,hillier,49.03227,-125.3249,49.03208,-125.3243,10,Trap 6 crabs were not measured due to lack of time,3,36,,12,,51,4,,0,XMB
GL,4,2024,7,23,24,-1,-0.8,23,10,hillier,49.03227,-125.3249,49.03208,-125.3243,10,Trap 6 crabs were not measured due to lack of time,3,38,,12,,51,4,,0,XMB
GL,4,2024,7,23,24,-1,-0.8,23,10,hillier,49.03227,-125.3249,49.03208,-125.3243,10,Trap 6 crabs were not measured due to lack of time,3,53,,14,,51,4,,0,XMB
GL,4,2024,7,23,24,-1,-0.8,23,10,hillier,49.03227,-125.3249,49.03208,-125.3243,10,Trap 6 crabs were not measured due to lack of time,3,37,,12,,51,4,,0,XMB
GL,4,2024,7,23,24,-1,-0.8,23,10,hillier,49.03227,-125.3249,49.03208,-125.3243,10,Trap 6 crabs were not measured due to lack of time,1,45,,12,,51,4,,0,XMB
GL,4,2024,7,23,24,-1,-0.8,23,10,hillier,49.03227,-125.3249,49.03208,-125.3243,10,Trap 6 crabs were not measured due to lack of time,1,36,,11,,51,4,,0,XMB
GL,4,2024,7,23,24,-1,-0.8,23,10,hillier,49.03227,-125.3249,49.03208,-125.3243,10,Trap 6 crabs were not measured due to lack of time,1,38,,12,,51,4,,0,XMB
GL,4,2024,7,23,24,-1,-0.8,23,10,hillier,49.03227,-125.3249,49.03208,-125.3243,10,Trap 6 crabs were not measured due to lack of time,3,37,,12,,51,4,,0,XMB
GL,4,2024,7,23,24,-1,-0.8,23,10,hillier,49.03227,-125.3249,49.03208,-125.3243,10,Trap 6 crabs were not measured due to lack of time,1,38,,12,,51,4,,0,XMB
GL,4,2024,7,23,24,-1,-0.8,23,10,hillier,49.03227,-125.3249,49.03208,-125.3243,10,Trap 6 crabs were not measured due to lack of time,3,35,,12,,51,4,,0,XMB
GL,4,2024,7,23,24,-1,-0.8,23,10,hillier,49.03227,-125.3249,49.03208,-125.3243,10,Trap 6 crabs were not measured due to lack of time,3,54,,14,,51,4,,0,XMB
GL,4,2024,7,23,24,-1,-0.8,23,10,hillier,49.03227,-125.3249,49.03208,-125.3243,10,Trap 6 crabs were not measured due to lack of time,3,43,,12,,51,4,,0,XMB
GL,4,2024,7,23,24,-1,-0.8,23,10,hillier,49.03227,-125.3249,49.03208,-125.3243,10,Trap 6 crabs were not measured due to lack of time,1,50,,11,,51,4,,0,XMB
GL,4,2024,7,23,24,-1,-0.8,23,10,hillier,49.03227,-125.3249,49.03208,-125.3243,10,Trap 6 crabs were not measured due to lack of time,1,42,,12,,51,4,,0,XMB
GL,4,2024,7,23,24,-1,-0.8,23,10,hillier,49.03227,-125.3249,49.03208,-125.3243,10,Trap 6 crabs were not measured due to lack of time,3,41,,12,,51,4,,0,XMB
GL,4,2024,7,23,24,-1,-0.8,23,10,hillier,49.03227,-125.3249,49.03208,-125.3243,10,Trap 6 crabs were not measured due to lack of time,3,58,,13,,51,4,,0,XMB
GL,4,2024,7,23,24,-1,-0.8,23,10,hillier,49.03227,-125.3249,49.03208,-125.3243,10,Trap 6 crabs were not measured due to lack of time,3,37,,12,,51,4,,0,XMB
GL,4,2024,7,23,24,-1,-0.8,23,10,hillier,49.03227,-125.3249,49.03208,-125.3243,10,Trap 6 crabs were not measured due to lack of time,1,38,,12,,51,4,,0,XMB
GL,4,2024,7,23,24,-1,-0.8,23,10,hillier,49.03227,-125.3249,49.03208,-125.3243,10,Trap 6 crabs were not measured due to lack of time,1,39,,12,,51,4,,0,XMB
GL,4,2024,7,23,24,-1,-0.8,23,10,hillier,49.03227,-125.3249,49.03208,-125.3243,10,Trap 6 crabs were not measured due to lack of time,3,55,,13,,51,4,,0,XMB
GL,4,2024,7,23,24,-1,-0.8,23,10,hillier,49.03227,-125.3249,49.03208,-125.3243,10,Trap 6 crabs were not measured due to lack of time,3,51,,13,,51,4,,0,XMB
GL,4,2024,7,23,24,-1,-0.8,23,10,hillier,49.03227,-125.3249,49.03208,-125.3243,10,Trap 6 crabs were not measured due to lack of time,1,39,,12,,51,4,,0,XMB
GL,4,2024,7,23,24,-1,-0.8,23,10,hillier,49.03227,-125.3249,49.03208,-125.3243,10,Trap 6 crabs were not measured due to lack of time,3,38,,12,,51,4,,0,XMB
GL,4,2024,7,23,24,-1,-0.8,23,10,hillier,49.03227,-125.3249,49.03208,-125.3243,10,Trap 6 crabs were not measured due to lack of time,1,43,,11,,51,4,,0,XMB
GL,4,2024,7,23,24,-1,-0.8,23,10,hillier,49.03227,-125.3249,49.03208,-125.3243,10,Trap 6 crabs were not measured due to lack of time,1,45,,12,,51,4,,0,XMB
GL,4,2024,7,23,24,-1,-0.8,23,10,hillier,49.03227,-125.3249,49.03208,-125.3243,10,Trap 6 crabs were not measured due to lack of time,3,43,,12,,51,4,,0,XMB
GL,4,2024,7,23,24,-1,-0.8,23,10,hillier,49.03227,-125.3249,49.03208,-125.3243,10,Trap 6 crabs were not measured due to lack of time,3,41,,12,,51,4,,0,XMB
GL,4,2024,7,23,24,-1,-0.8,23,10,hillier,49.03227,-125.3249,49.03208,-125.3243,10,Trap 6 crabs were not measured due to lack of time,1,41,,11,,51,4,,0,XMB
GL,4,2024,7,23,24,-1,-0.8,23,10,hillier,49.03227,-125.3249,49.03208,-125.3243,10,Trap 6 crabs were not measured due to lack of time,1,47,,12,,51,4,,0,XMB
GL,4,2024,7,23,24,-1,-0.8,23,10,hillier,49.03227,-125.3249,49.03208,-125.3243,10,Trap 6 crabs were not measured due to lack of time,3,40,,12,,51,4,,0,XMB
GL,4,2024,7,23,24,-1,-0.8,23,10,hillier,49.03227,-125.3249,49.03208,-125.3243,10,Trap 6 crabs were not measured due to lack of time,3,35,,12,,51,4,,0,XMB
GL,4,2024,7,23,24,-1,-0.8,23,10,hillier,49.03227,-125.3249,49.03208,-125.3243,10,Trap 6 crabs were not measured due to lack of time,3,37,,12,,51,4,,0,XMB
GL,4,2024,7,23,24,-1,-0.8,23,10,hillier,49.03227,-125.3249,49.03208,-125.3243,10,Trap 6 crabs were not measured due to lack of time,1,37,,12,,51,4,,0,XMB
GL,4,2024,7,23,24,-1,-0.8,23,10,hillier,49.03227,-125.3249,49.03208,-125.3243,10,Trap 6 crabs were not measured due to lack of time,3,35,,12,,51,4,,0,XMB
GL,4,2024,7,23,24,-1,-0.8,23,10,hillier,49.03227,-125.3249,49.03208,-125.3243,10,Trap 6 crabs were not measured due to lack of time,3,61,,13,,51,2,,0,XMB
GL,4,2024,7,23,24,-1,-0.8,23,10,hillier,49.03227,-125.3249,49.03208,-125.3243,10,Trap 6 crabs were not measured due to lack of time,3,63,,12,,51,2,,0,XMB
GL,4,2024,7,23,24,-1,-0.8,23,10,hillier,49.03227,-125.3249,49.03208,-125.3243,10,Trap 6 crabs were not measured due to lack of time,1,39,,12,,51,2,,0,XMB
GL,4,2024,7,23,24,-1,-0.8,23,10,hillier,49.03227,-125.3249,49.03208,-125.3243,10,Trap 6 crabs were not measured due to lack of time,3,48,,14,,51,2,,0,XMB
GL,4,2024,7,23,24,-1,-0.8,23,10,hillier,49.03227,-125.3249,49.03208,-125.3243,10,Trap 6 crabs were not measured due to lack of time,3,63,,14,,51,2,,0,XMB
GL,4,2024,7,23,24,-1,-0.8,23,10,hillier,49.03227,-125.3249,49.03208,-125.3243,10,Trap 6 crabs were not measured due to lack of time,3,43,,12,,51,2,,0,XMB
GL,4,2024,7,23,24,-1,-0.8,23,10,hillier,49.03227,-125.3249,49.03208,-125.3243,10,Trap 6 crabs were not measured due to lack of time,3,58,,13,,51,2,,0,XMB
GL,4,2024,7,23,24,-1,-0.8,23,10,hillier,49.03227,-125.3249,49.03208,-125.3243,10,Trap 6 crabs were not measured due to lack of time,3,63,,13,,51,2,,0,XMB
GL,4,2024,7,23,24,-1,-0.8,23,10,hillier,49.03227,-125.3249,49.03208,-125.3243,10,Trap 6 crabs were not measured due to lack of time,3,58,,12,,51,2,,0,XMB
GL,4,2024,7,23,24,-1,-0.8,23,10,hillier,49.03227,-125.3249,49.03208,-125.3243,10,Trap 6 crabs were not measured due to lack of time,1,41,,12,,51,2,,0,XMB
GL,4,2024,7,23,24,-1,-0.8,23,10,hillier,49.03227,-125.3249,49.03208,-125.3243,10,Trap 6 crabs were not measured due to lack of time,1,53,,12,,51,2,,0,XMB
GL,4,2024,7,23,24,-1,-0.8,23,10,hillier,49.03227,-125.3249,49.03208,-125.3243,10,Trap 6 crabs were not measured due to lack of time,3,61,,13,,51,2,,0,XMB
GL,4,2024,7,23,24,-1,-0.8,23,10,hillier,49.03227,-125.3249,49.03208,-125.3243,10,Trap 6 crabs were not measured due to lack of time,1,53,,12,,51,2,,0,XMB
GL,4,2024,7,23,24,-1,-0.8,23,10,hillier,49.03227,-125.3249,49.03208,-125.3243,10,Trap 6 crabs were not measured due to lack of time,3,52,,14,,51,2,,0,XMB
GL,4,2024,7,23,24,-1,-0.8,23,10,hillier,49.03227,-125.3249,49.03208,-125.3243,10,Trap 6 crabs were not measured due to lack of time,3,54,,12,,51,2,,0,XMB
GL,4,2024,7,23,24,-1,-0.8,23,10,hillier,49.03227,-125.3249,49.03208,-125.3243,10,Trap 6 crabs were not measured due to lack of time,3,61,,13,,51,2,,0,XMB
GL,4,2024,7,23,24,-1,-0.8,23,10,hillier,49.03227,-125.3249,49.03208,-125.3243,10,Trap 6 crabs were not measured due to lack of time,3,44,,12,,51,2,,0,XMB
GL,4,2024,7,23,24,-1,-0.8,23,10,hillier,49.03227,-125.3249,49.03208,-125.3243,10,Trap 6 crabs were not measured due to lack of time,3,58,,12,,51,2,,0,XMB
GL,4,2024,7,23,24,-1,-0.8,23,10,hillier,49.03227,-125.3249,49.03208,-125.3243,10,Trap 6 crabs were not measured due to lack of time,3,43,,12,,51,2,,0,XMB
GL,4,2024,7,23,24,-1,-0.8,23,10,hillier,49.03227,-125.3249,49.03208,-125.3243,10,Trap 6 crabs were not measured due to lack of time,1,44,,12,,51,2,,0,XMB
GL,4,2024,7,23,24,-1,-0.8,23,10,hillier,49.03227,-125.3249,49.03208,-125.3243,10,Trap 6 crabs were not measured due to lack of time,3,63,,12,,51,2,,0,XMB
GL,4,2024,7,23,24,-1,-0.8,23,10,hillier,49.03227,-125.3249,49.03208,-125.3243,10,Trap 6 crabs were not measured due to lack of time,3,61,,14,,51,2,,0,XMB
GL,4,2024,7,23,24,-1,-0.8,23,10,hillier,49.03227,-125.3249,49.03208,-125.3243,10,Trap 6 crabs were not measured due to lack of time,3,41,,14,,51,2,,0,XMB
GL,4,2024,7,23,24,-1,-0.8,23,10,hillier,49.03227,-125.3249,49.03208,-125.3243,10,Trap 6 crabs were not measured due to lack of time,3,44,,12,,51,2,,0,XMB
GL,4,2024,7,23,24,-1,-0.8,23,10,hillier,49.03227,-125.3249,49.03208,-125.3243,10,Trap 6 crabs were not measured due to lack of time,3,45,,14,,51,2,,0,XMB
GL,4,2024,7,23,24,-1,-0.8,23,10,hillier,49.03227,-125.3249,49.03208,-125.3243,10,Trap 6 crabs were not measured due to lack of time,3,48,,12,,51,2,,0,XMB
GL,4,2024,7,23,24,-1,-0.8,23,10,hillier,49.03227,-125.3249,49.03208,-125.3243,10,Trap 6 crabs were not measured due to lack of time,3,55,,12,,51,2,,0,XMB
GL,4,2024,7,23,24,-1,-0.8,23,10,hillier,49.03227,-125.3249,49.03208,-125.3243,10,Trap 6 crabs were not measured due to lack of time,3,52,,12,,51,2,,0,XMB
GL,4,2024,7,23,24,-1,-0.8,23,10,hillier,49.03227,-125.3249,49.03208,-125.3243,10,Trap 6 crabs were not measured due to lack of time,1,54,,12,,51,2,,0,XMB
GL,4,2024,7,23,24,-1,-0.8,23,10,hillier,49.03227,-125.3249,49.03208,-125.3243,10,Trap 6 crabs were not measured due to lack of time,1,44,,11,,51,2,,0,XMB
GL,4,2024,7,23,24,-1,-0.8,23,10,hillier,49.03227,-125.3249,49.03208,-125.3243,10,Trap 6 crabs were not measured due to lack of time,1,45,,11,,51,2,,0,XMB
GL,4,2024,7,23,24,-1,-0.8,23,10,hillier,49.03227,-125.3249,49.03208,-125.3243,10,Trap 6 crabs were not measured due to lack of time,1,45,,11,,51,2,,0,XMB
GL,4,2024,7,23,24,-1,-0.8,23,10,hillier,49.03227,-125.3249,49.03208,-125.3243,10,Trap 6 crabs were not measured due to lack of time,3,61,,14,,51,2,,0,XMB
GL,4,2024,7,23,24,-1,-0.8,23,10,hillier,49.03227,-125.3249,49.03208,-125.3243,10,Trap 6 crabs were not measured due to lack of time,3,55,,14,,51,2,,0,XMB
GL,4,2024,7,23,24,-1,-0.8,23,10,hillier,49.03227,-125.3249,49.03208,-125.3243,10,Trap 6 crabs were not measured due to lack of time,3,53,,14,,51,2,,0,XMB
GL,4,2024,7,23,24,-1,-0.8,23,10,hillier,49.03227,-125.3249,49.03208,-125.3243,10,Trap 6 crabs were not measured due to lack of time,3,56,,14,,51,2,,0,XMB
GL,4,2024,7,23,24,-1,-0.8,23,10,hillier,49.03227,-125.3249,49.03208,-125.3243,10,Trap 6 crabs were not measured due to lack of time,3,44,,12,,51,2,,0,XMB
GL,4,2024,7,23,24,-1,-0.8,23,10,hillier,49.03227,-125.3249,49.03208,-125.3243,10,Trap 6 crabs were not measured due to lack of time,3,52,,14,,51,2,,0,XMB
GL,4,2024,7,23,24,-1,-0.8,23,10,hillier,49.03227,-125.3249,49.03208,-125.3243,10,Trap 6 crabs were not measured due to lack of time,3,56,,14,,51,2,,0,XMB
GL,4,2024,7,23,24,-1,-0.8,23,10,hillier,49.03227,-125.3249,49.03208,-125.3243,10,Trap 6 crabs were not measured due to lack of time,3,57,,14,,51,2,,0,XMB
GL,4,2024,7,23,24,-1,-0.8,23,10,hillier,49.03227,-125.3249,49.03208,-125.3243,10,Trap 6 crabs were not measured due to lack of time,1,46,,12,,51,2,,0,XMB
GL,4,2024,7,23,24,-1,-0.8,23,10,hillier,49.03227,-125.3249,49.03208,-125.3243,10,Trap 6 crabs were not measured due to lack of time,1,44,,12,,51,2,,0,XMB
GL,4,2024,7,23,24,-1,-0.8,23,10,hillier,49.03227,-125.3249,49.03208,-125.3243,10,Trap 6 crabs were not measured due to lack of time,3,52,,14,,51,2,,0,XMB
GL,4,2024,7,23,24,-1,-0.8,23,10,hillier,49.03227,-125.3249,49.03208,-125.3243,10,Trap 6 crabs were not measured due to lack of time,1,53,,12,,51,2,,0,XMB
GL,4,2024,7,23,24,-1,-0.8,23,10,hillier,49.03227,-125.3249,49.03208,-125.3243,10,Trap 6 crabs were not measured due to lack of time,3,48,,12,,51,2,,0,XMB
GL,4,2024,7,23,24,-1,-0.8,23,10,hillier,49.03227,-125.3249,49.03208,-125.3243,10,Trap 6 crabs were not measured due to lack of time,3,50,,13,,51,2,,0,XMB
GL,4,2024,7,23,24,-1,-0.8,23,10,hillier,49.03227,-125.3249,49.03208,-125.3243,10,Trap 6 crabs were not measured due to lack of time,1,48,,12,,51,2,,0,XMB
GL,4,2024,7,23,24,-1,-0.8,23,10,hillier,49.03227,-125.3249,49.03208,-125.3243,10,Trap 6 crabs were not measured due to lack of time,3,56,,14,,51,2,,0,XMB
GL,4,2024,7,23,24,-1,-0.8,23,10,hillier,49.03227,-125.3249,49.03208,-125.3243,10,Trap 6 crabs were not measured due to lack of time,3,52,,14,,51,2,,0,XMB
GL,4,2024,7,23,24,-1,-0.8,23,10,hillier,49.03227,-125.3249,49.03208,-125.3243,10,Trap 6 crabs were not measured due to lack of time,1,43,,12,,51,2,,0,XMB
GL,4,2024,7,23,24,-1,-0.8,23,10,hillier,49.03227,-125.3249,49.03208,-125.3243,10,Trap 6 crabs were not measured due to lack of time,1,43,,12,,51,2,,0,XMB
GL,4,2024,7,23,24,-1,-0.8,23,10,hillier,49.03227,-125.3249,49.03208,-125.3243,10,Trap 6 crabs were not measured due to lack of time,1,38,,12,,51,2,,0,XMB
GL,4,2024,7,23,24,-1,-0.8,23,10,hillier,49.03227,-125.3249,49.03208,-125.3243,10,Trap 6 crabs were not measured due to lack of time,1,34,,12,,51,2,,0,XMB
GL,4,2024,7,23,24,-1,-0.8,23,10,hillier,49.03227,-125.3249,49.03208,-125.3243,10,Trap 6 crabs were not measured due to lack of time,1,50,,12,,51,2,,0,XMB
GL,4,2024,7,23,24,-1,-0.8,23,10,hillier,49.03227,-125.3249,49.03208,-125.3243,10,Trap 6 crabs were not measured due to lack of time,3,52,,12,,51,2,,0,XMB
GL,4,2024,7,23,24,-1,-0.8,23,10,hillier,49.03227,-125.3249,49.03208,-125.3243,10,Trap 6 crabs were not measured due to lack of time,3,46,,12,,51,2,,0,XMB
GL,4,2024,7,23,24,-1,-0.8,23,10,hillier,49.03227,-125.3249,49.03208,-125.3243,10,Trap 6 crabs were not measured due to lack of time,3,49,,12,,51,2,,0,XMB
GL,4,2024,7,23,24,-1,-0.8,23,10,hillier,49.03227,-125.3249,49.03208,-125.3243,10,Trap 6 crabs were not measured due to lack of time,1,42,,12,,51,2,,0,XMB
GL,4,2024,7,23,24,-1,-0.8,23,10,hillier,49.03227,-125.3249,49.03208,-125.3243,10,Trap 6 crabs were not measured due to lack of time,1,48,,12,,51,2,,0,XMB
GL,4,2024,7,23,24,-1,-0.8,23,10,hillier,49.03227,-125.3249,49.03208,-125.3243,10,Trap 6 crabs were not measured due to lack of time,3,41,,12,,51,2,,0,XMB
GL,4,2024,7,23,24,-1,-0.8,23,10,hillier,49.03227,-125.3249,49.03208,-125.3243,10,Trap 6 crabs were not measured due to lack of time,1,39,,12,,51,2,,0,XMB
GL,4,2024,7,23,24,-1,-0.8,23,10,hillier,49.03227,-125.3249,49.03208,-125.3243,10,Trap 6 crabs were not measured due to lack of time,3,45,,12,,51,2,,0,XMB
GL,4,2024,7,23,24,-1,-0.8,23,10,hillier,49.03227,-125.3249,49.03208,-125.3243,10,Trap 6 crabs were not measured due to lack of time,3,46,,12,,51,2,,0,XMB
GL,4,2024,7,23,24,-1,-0.8,23,10,hillier,49.03227,-125.3249,49.03208,-125.3243,10,Trap 6 crabs were not measured due to lack of time,1,36,,12,,51,2,,0,XMB
GL,4,2024,7,23,24,-1,-0.8,23,10,hillier,49.03227,-125.3249,49.03208,-125.3243,10,Trap 6 crabs were not measured due to lack of time,1,34,,12,,51,2,,0,XMB
GL,4,2024,7,23,24,-1,-0.8,23,10,hillier,49.03227,-125.3249,49.03208,-125.3243,10,Trap 6 crabs were not measured due to lack of time,1,34,,12,,51,2,,0,XMB
GL,4,2024,7,23,24,-1,-0.8,23,10,hillier,49.03227,-125.3249,49.03208,-125.3243,10,Trap 6 crabs were not measured due to lack of time,3,54,,14,,51,2,,0,XMB
GL,4,2024,7,23,24,-1,-0.8,23,10,hillier,49.03227,-125.3249,49.03208,-125.3243,10,Trap 6 crabs were not measured due to lack of time,3,38,,12,,51,2,,0,XMB
GL,4,2024,7,23,24,-1,-0.8,23,10,hillier,49.03227,-125.3249,49.03208,-125.3243,10,Trap 6 crabs were not measured due to lack of time,1,40,,12,,51,2,,0,XMB
GL,4,2024,7,23,24,-1,-0.8,23,10,hillier,49.03227,-125.3249,49.03208,-125.3243,10,Trap 6 crabs were not measured due to lack of time,3,38,,12,,51,2,,0,XMB
GL,4,2024,7,23,24,-1,-0.8,23,10,hillier,49.03227,-125.3249,49.03208,-125.3243,10,Trap 6 crabs were not measured due to lack of time,3,38,,12,,51,2,,0,XMB
GL,4,2024,7,23,24,-1,-0.8,23,10,hillier,49.03227,-125.3249,49.03208,-125.3243,10,Trap 6 crabs were not measured due to lack of time,3,36,,12,,51,2,,0,XMB
GL,4,2024,7,23,24,-1,-0.8,23,10,hillier,49.03227,-125.3249,49.03208,-125.3243,10,Trap 6 crabs were not measured due to lack of time,1,37,,12,,51,2,,0,XMB
GL,4,2024,7,23,24,-1,-0.8,23,10,hillier,49.03227,-125.3249,49.03208,-125.3243,10,Trap 6 crabs were not measured due to lack of time,3,48,,14,,51,2,,0,XMB
GL,4,2024,7,23,24,-1,-0.8,23,10,hillier,49.03227,-125.3249,49.03208,-125.3243,10,Trap 6 crabs were not measured due to lack of time,3,40,,12,,51,2,,0,XMB
GL,4,2024,7,23,24,-1,-0.8,23,10,hillier,49.03227,-125.3249,49.03208,-125.3243,10,Trap 6 crabs were not measured due to lack of time,3,48,,12,,51,2,,0,XMB
GL,4,2024,7,23,24,-1,-0.8,23,10,hillier,49.03227,-125.3249,49.03208,-125.3243,10,Trap 6 crabs were not measured due to lack of time,3,38,,12,,51,2,,0,XMB
GL,4,2024,7,23,24,-1,-0.8,23,10,hillier,49.03227,-125.3249,49.03208,-125.3243,10,Trap 6 crabs were not measured due to lack of time,1,40,,12,,51,2,,0,XMB
GL,4,2024,7,23,24,-1,-0.8,23,10,hillier,49.03227,-125.3249,49.03208,-125.3243,10,Trap 6 crabs were not measured due to lack of time,1,35,,12,,51,2,,0,XMB
GL,4,2024,7,23,24,-1,-0.8,23,10,hillier,49.03227,-125.3249,49.03208,-125.3243,10,Trap 6 crabs were not measured due to lack of time,1,40,,12,,51,2,,0,XMB
GL,4,2024,7,23,24,-1,-0.8,23,10,hillier,49.03227,-125.3249,49.03208,-125.3243,10,Trap 6 crabs were not measured due to lack of time,3,40,,14,,51,2,,0,XMB
GL,4,2024,7,23,24,-1,-0.8,23,10,hillier,49.03227,-125.3249,49.03208,-125.3243,10,Trap 6 crabs were not measured due to lack of time,3,53,,13,,51,2,,0,XMB
GL,4,2024,7,23,24,-1,-0.8,23,10,hillier,49.03227,-125.3249,49.03208,-125.3243,10,Trap 6 crabs were not measured due to lack of time,1,50,,12,,51,2,,0,XMB
GL,4,2024,7,23,24,-1,-0.8,23,10,hillier,49.03227,-125.3249,49.03208,-125.3243,10,Trap 6 crabs were not measured due to lack of time,1,44,,11,,51,2,,0,XMB
GL,4,2024,7,23,24,-1,-0.8,23,10,hillier,49.03227,-125.3249,49.03208,-125.3243,10,Trap 6 crabs were not measured due to lack of time,3,35,,12,,51,2,,0,XMB
GL,4,2024,7,23,24,-1,-0.8,23,10,hillier,49.03227,-125.3249,49.03208,-125.3243,10,Trap 6 crabs were not measured due to lack of time,3,40,,12,,51,2,,0,XMB
GL,4,2024,7,23,24,-1,-0.8,23,10,hillier,49.03227,-125.3249,49.03208,-125.3243,10,Trap 6 crabs were not measured due to lack of time,3,42,,12,,51,2,,0,XMB
GL,4,2024,7,23,24,-1,-0.8,23,10,hillier,49.03227,-125.3249,49.03208,-125.3243,10,Trap 6 crabs were not measured due to lack of time,1,40,,12,,51,2,,0,XMB
GL,4,2024,7,23,24,-1,-0.8,23,10,hillier,49.03227,-125.3249,49.03208,-125.3243,10,Trap 6 crabs were not measured due to lack of time,3,38,,12,,51,2,,0,XMB
GL,4,2024,7,23,24,-1,-0.8,23,10,hillier,49.03227,-125.3249,49.03208,-125.3243,10,Trap 6 crabs were not measured due to lack of time,3,41,,12,,51,2,,0,XMB
GL,4,2024,7,23,24,-1,-0.8,23,10,hillier,49.03227,-125.3249,49.03208,-125.3243,10,Trap 6 crabs were not measured due to lack of time,3,41,,12,,51,2,,0,XMB
GL,4,2024,7,23,24,-1,-0.8,23,10,hillier,49.03227,-125.3249,49.03208,-125.3243,10,Trap 6 crabs were not measured due to lack of time,1,32,,11,,51,2,,0,XMB
GL,4,2024,7,23,24,-1,-0.8,23,10,hillier,49.03227,-125.3249,49.03208,-125.3243,10,Trap 6 crabs were not measured due to lack of time,3,42,,12,,51,2,,0,XMB
GL,4,2024,7,23,24,-1,-0.8,23,10,hillier,49.03227,-125.3249,49.03208,-125.3243,10,Trap 6 crabs were not measured due to lack of time,1,40,,12,,51,2,,0,XMB
GL,4,2024,7,23,24,-1,-0.8,23,10,hillier,49.03227,-125.3249,49.03208,-125.3243,10,Trap 6 crabs were not measured due to lack of time,3,60,,14,,51,5,,0,XMB
GL,4,2024,7,23,24,-1,-0.8,23,10,hillier,49.03227,-125.3249,49.03208,-125.3243,10,Trap 6 crabs were not measured due to lack of time,3,50,,14,,51,5,,0,XMB
GL,4,2024,7,23,24,-1,-0.8,23,10,hillier,49.03227,-125.3249,49.03208,-125.3243,10,Trap 6 crabs were not measured due to lack of time,1,63,,12,,51,5,,0,XMB
GL,4,2024,7,23,24,-1,-0.8,23,10,hillier,49.03227,-125.3249,49.03208,-125.3243,10,Trap 6 crabs were not measured due to lack of time,3,38,,14,,51,5,,0,XMB
GL,4,2024,7,23,24,-1,-0.8,23,10,hillier,49.03227,-125.3249,49.03208,-125.3243,10,Trap 6 crabs were not measured due to lack of time,3,55,,14,,51,5,,0,XMB
GL,6,2024,7,23,21,0,1.6,23,10,hillier,49.03175,-125.3244,49.03127,-125.3248,10,,3,45,,12,,51,1,,0,XMB
GL,6,2024,7,23,21,0,1.6,23,10,hillier,49.03175,-125.3244,49.03127,-125.3248,10,,3,48,,12,,51,1,,0,XMB
GL,6,2024,7,23,21,0,1.6,23,10,hillier,49.03175,-125.3244,49.03127,-125.3248,10,,3,51,,14,,51,1,,0,XMB
GL,6,2024,7,23,21,0,1.6,23,10,hillier,49.03175,-125.3244,49.03127,-125.3248,10,,3,40,,12,,51,1,,0,XMB
GL,6,2024,7,23,21,0,1.6,23,10,hillier,49.03175,-125.3244,49.03127,-125.3248,10,,1,47,,12,,51,1,,0,XMB
GL,6,2024,7,23,21,0,1.6,23,10,hillier,49.03175,-125.3244,49.03127,-125.3248,10,,3,66,,14,,51,1,,0,XMB
GL,6,2024,7,23,21,0,1.6,23,10,hillier,49.03175,-125.3244,49.03127,-125.3248,10,,1,47,,12,,51,1,,0,XMB
GL,6,2024,7,23,21,0,1.6,23,10,hillier,49.03175,-125.3244,49.03127,-125.3248,10,,3,41,,12,,51,1,,0,XMB
GL,6,2024,7,23,21,0,1.6,23,10,hillier,49.03175,-125.3244,49.03127,-125.3248,10,,3,62,,12,,51,1,,0,XMB
GL,6,2024,7,23,21,0,1.6,23,10,hillier,49.03175,-125.3244,49.03127,-125.3248,10,,1,47,,12,,51,1,,0,XMB
GL,6,2024,7,23,21,0,1.6,23,10,hillier,49.03175,-125.3244,49.03127,-125.3248,10,,1,45,,12,,51,1,,0,XMB
GL,6,2024,7,23,21,0,1.6,23,10,hillier,49.03175,-125.3244,49.03127,-125.3248,10,,1,37,,12,,51,1,,0,XMB
GL,6,2024,7,23,21,0,1.6,23,10,hillier,49.03175,-125.3244,49.03127,-125.3248,10,,3,50,,12,,51,1,,0,XMB
GL,6,2024,7,23,21,0,1.6,23,10,hillier,49.03175,-125.3244,49.03127,-125.3248,10,,3,52,,13,,51,1,,0,XMB
GL,6,2024,7,23,21,0,1.6,23,10,hillier,49.03175,-125.3244,49.03127,-125.3248,10,,3,62,,12,,51,1,,0,XMB
GL,6,2024,7,23,21,0,1.6,23,10,hillier,49.03175,-125.3244,49.03127,-125.3248,10,,1,44,,12,,51,1,,0,XMB
GL,6,2024,7,23,21,0,1.6,23,10,hillier,49.03175,-125.3244,49.03127,-125.3248,10,,3,42,,12,,51,1,,0,XMB
GL,6,2024,7,23,21,0,1.6,23,10,hillier,49.03175,-125.3244,49.03127,-125.3248,10,,1,38,,12,,51,1,,0,XMB
GL,6,2024,7,23,21,0,1.6,23,10,hillier,49.03175,-125.3244,49.03127,-125.3248,10,,1,44,,12,,51,1,,0,XMB
GL,6,2024,7,23,21,0,1.6,23,10,hillier,49.03175,-125.3244,49.03127,-125.3248,10,,1,39,,12,,51,1,,0,XMB
GL,6,2024,7,23,21,0,1.6,23,10,hillier,49.03175,-125.3244,49.03127,-125.3248,10,,1,46,,12,,51,1,,0,XMB
GL,6,2024,7,23,21,0,1.6,23,10,hillier,49.03175,-125.3244,49.03127,-125.3248,10,,1,49,,12,,51,4,,0,XMB
GL,6,2024,7,23,21,0,1.6,23,10,hillier,49.03175,-125.3244,49.03127,-125.3248,10,,1,62,,12,,51,4,,0,XMB
GL,6,2024,7,23,21,0,1.6,23,10,hillier,49.03175,-125.3244,49.03127,-125.3248,10,,1,45,,12,,51,4,,0,XMB
GL,6,2024,7,23,21,0,1.6,23,10,hillier,49.03175,-125.3244,49.03127,-125.3248,10,,1,66,,13,,51,3,,0,XMB
GL,6,2024,7,23,21,0,1.6,23,10,hillier,49.03175,-125.3244,49.03127,-125.3248,10,,1,65,,12,,51,3,,0,XMB
GL,6,2024,7,23,21,0,1.6,23,10,hillier,49.03175,-125.3244,49.03127,-125.3248,10,,3,64,,13,,51,3,,0,XMB
GL,6,2024,7,23,21,0,1.6,23,10,hillier,49.03175,-125.3244,49.03127,-125.3248,10,,3,57,,12,,51,3,,0,XMB
GL,6,2024,7,23,21,0,1.6,23,10,hillier,49.03175,-125.3244,49.03127,-125.3248,10,,1,76,,11,,51,3,,0,XMB
GL,6,2024,7,23,21,0,1.6,23,10,hillier,49.03175,-125.3244,49.03127,-125.3248,10,,3,63,,14,,51,3,,0,XMB
GL,6,2024,7,23,21,0,1.6,23,10,hillier,49.03175,-125.3244,49.03127,-125.3248,10,,3,62,,13,,51,3,,0,XMB
GL,6,2024,7,23,21,0,1.6,23,10,hillier,49.03175,-125.3244,49.03127,-125.3248,10,,3,52,,14,,51,3,,0,XMB
GL,6,2024,7,23,21,0,1.6,23,10,hillier,49.03175,-125.3244,49.03127,-125.3248,10,,1,63,,11,,51,3,,0,XMB
GL,6,2024,7,23,21,0,1.6,23,10,hillier,49.03175,-125.3244,49.03127,-125.3248,10,,3,54,,13,,51,3,,0,XMB
GL,6,2024,7,23,21,0,1.6,23,10,hillier,49.03175,-125.3244,49.03127,-125.3248,10,,3,47,,14,,51,3,,0,XMB
GL,6,2024,7,23,21,0,1.6,23,10,hillier,49.03175,-125.3244,49.03127,-125.3248,10,,1,50,,12,,51,3,,0,XMB
GL,6,2024,7,23,21,0,1.6,23,10,hillier,49.03175,-125.3244,49.03127,-125.3248,10,,3,60,,12,,51,3,,0,XMB
GL,6,2024,7,23,21,0,1.6,23,10,hillier,49.03175,-125.3244,49.03127,-125.3248,10,,1,47,,12,,51,3,,0,XMB
GL,6,2024,7,23,21,0,1.6,23,10,hillier,49.03175,-125.3244,49.03127,-125.3248,10,,1,55,,11,,51,3,,0,XMB
GL,6,2024,7,23,21,0,1.6,23,10,hillier,49.03175,-125.3244,49.03127,-125.3248,10,,3,59,,14,,51,3,,0,XMB
GL,6,2024,7,23,21,0,1.6,23,10,hillier,49.03175,-125.3244,49.03127,-125.3248,10,,3,55,,12,,51,3,,0,XMB
GL,6,2024,7,23,21,0,1.6,23,10,hillier,49.03175,-125.3244,49.03127,-125.3248,10,,3,64,,14,,51,3,,0,XMB
GL,6,2024,7,23,21,0,1.6,23,10,hillier,49.03175,-125.3244,49.03127,-125.3248,10,,1,69,,11,,51,3,,0,XMB
GL,6,2024,7,23,21,0,1.6,23,10,hillier,49.03175,-125.3244,49.03127,-125.3248,10,,3,51,,14,,51,3,,0,XMB
GL,6,2024,7,23,21,0,1.6,23,10,hillier,49.03175,-125.3244,49.03127,-125.3248,10,,1,46,,13,,51,3,,0,XMB
GL,6,2024,7,23,21,0,1.6,23,10,hillier,49.03175,-125.3244,49.03127,-125.3248,10,,1,47,,12,,51,3,,0,XMB
GL,6,2024,7,23,21,0,1.6,23,10,hillier,49.03175,-125.3244,49.03127,-125.3248,10,,1,47,,12,,51,3,,0,XMB
GL,6,2024,7,23,21,0,1.6,23,10,hillier,49.03175,-125.3244,49.03127,-125.3248,10,,1,56,,11,,51,3,,0,XMB
GL,6,2024,7,23,21,0,1.6,23,10,hillier,49.03175,-125.3244,49.03127,-125.3248,10,,3,56,,13,,51,3,,0,XMB
GL,6,2024,7,23,21,0,1.6,23,10,hillier,49.03175,-125.3244,49.03127,-125.3248,10,,3,56,,13,,51,3,,0,XMB
GL,6,2024,7,23,21,0,1.6,23,10,hillier,49.03175,-125.3244,49.03127,-125.3248,10,,1,42,,12,,51,3,,0,XMB
GL,6,2024,7,23,21,0,1.6,23,10,hillier,49.03175,-125.3244,49.03127,-125.3248,10,,3,63,,14,,51,2,,0,XMB
GL,6,2024,7,23,21,0,1.6,23,10,hillier,49.03175,-125.3244,49.03127,-125.3248,10,,3,55,,13,,51,2,,0,XMB
GL,6,2024,7,23,21,0,1.6,23,10,hillier,49.03175,-125.3244,49.03127,-125.3248,10,,3,59,,13,,51,2,,0,XMB
GL,6,2024,7,23,21,0,1.6,23,10,hillier,49.03175,-125.3244,49.03127,-125.3248,10,,3,56,,13,,51,2,,0,XMB
GL,6,2024,7,23,21,0,1.6,23,10,hillier,49.03175,-125.3244,49.03127,-125.3248,10,,3,46,,12,,51,2,,0,XMB
GL,6,2024,7,23,21,0,1.6,23,10,hillier,49.03175,-125.3244,49.03127,-125.3248,10,,1,71,,11,,51,2,,0,XMB
GL,6,2024,7,23,21,0,1.6,23,10,hillier,49.03175,-125.3244,49.03127,-125.3248,10,,3,54,,12,,51,2,,0,XMB
GL,6,2024,7,23,21,0,1.6,23,10,hillier,49.03175,-125.3244,49.03127,-125.3248,10,,1,76,,13,,51,2,,0,XMB
GL,6,2024,7,23,21,0,1.6,23,10,hillier,49.03175,-125.3244,49.03127,-125.3248,10,,3,55,,13,,51,2,,0,XMB
GL,6,2024,7,23,21,0,1.6,23,10,hillier,49.03175,-125.3244,49.03127,-125.3248,10,,1,37,,12,,51,2,,0,XMB
GL,6,2024,7,23,21,0,1.6,23,10,hillier,49.03175,-125.3244,49.03127,-125.3248,10,,3,37,,12,,51,2,,0,XMB
GL,6,2024,7,23,21,0,1.6,23,10,hillier,49.03175,-125.3244,49.03127,-125.3248,10,,3,41,,12,,51,2,,0,XMB
GL,6,2024,7,23,21,0,1.6,23,10,hillier,49.03175,-125.3244,49.03127,-125.3248,10,,3,41,,12,,51,2,,0,XMB
GL,6,2024,7,23,21,0,1.6,23,10,hillier,49.03175,-125.3244,49.03127,-125.3248,10,,3,38,,12,,51,2,,0,XMB
GL,6,2024,7,23,21,0,1.6,23,10,hillier,49.03175,-125.3244,49.03127,-125.3248,10,,3,47,,12,,51,2,,0,XMB
GL,6,2024,7,23,21,0,1.6,23,10,hillier,49.03175,-125.3244,49.03127,-125.3248,10,,1,56,,11,,51,2,,0,XMB
GL,6,2024,7,23,21,0,1.6,23,10,hillier,49.03175,-125.3244,49.03127,-125.3248,10,,3,59,,13,,51,2,,0,XMB
GL,6,2024,7,23,21,0,1.6,23,10,hillier,49.03175,-125.3244,49.03127,-125.3248,10,,3,59,,13,,51,2,,0,XMB
GL,6,2024,7,23,21,0,1.6,23,10,hillier,49.03175,-125.3244,49.03127,-125.3248,10,,3,57,,13,,51,2,,0,XMB
GL,6,2024,7,23,21,0,1.6,23,10,hillier,49.03175,-125.3244,49.03127,-125.3248,10,,1,42,,13,,51,2,,0,XMB
GL,6,2024,7,23,21,0,1.6,23,10,hillier,49.03175,-125.3244,49.03127,-125.3248,10,,1,46,,11,,51,2,,0,XMB
GL,6,2024,7,23,21,0,1.6,23,10,hillier,49.03175,-125.3244,49.03127,-125.3248,10,,1,37,,11,,51,2,,0,XMB
GL,6,2024,7,23,21,0,1.6,23,10,hillier,49.03175,-125.3244,49.03127,-125.3248,10,,1,40,,13,,51,2,,0,XMB
GL,6,2024,7,23,21,0,1.6,23,10,hillier,49.03175,-125.3244,49.03127,-125.3248,10,,3,47,,12,,51,1,,0,XMB
GL,6,2024,7,23,21,0,1.6,23,10,hillier,49.03175,-125.3244,49.03127,-125.3248,10,,1,33,,12,,51,1,,0,XMB
GL,6,2024,7,23,21,0,1.6,23,10,hillier,49.03175,-125.3244,49.03127,-125.3248,10,,3,36,,12,,51,1,,0,XMB
GL,6,2024,7,23,21,0,1.6,23,10,hillier,49.03175,-125.3244,49.03127,-125.3248,10,,3,39,,12,,51,1,,0,XMB
GL,6,2024,7,23,21,0,1.6,23,10,hillier,49.03175,-125.3244,49.03127,-125.3248,10,,3,47,,14,,51,1,,0,XMB
GL,7,2024,7,24,24,-0.8,-0.1,23,10,pipestem,49.03918,-125.2011,49.03892,-125.2017,10,"Only measured trap 1, too many crabs",1,43,,13,,51,1,,0,XMB
GL,7,2024,7,24,24,-0.8,-0.1,23,10,pipestem,49.03918,-125.2011,49.03892,-125.2017,10,"Only measured trap 1, too many crabs",3,50,,14,,51,1,,0,XMB
GL,7,2024,7,24,24,-0.8,-0.1,23,10,pipestem,49.03918,-125.2011,49.03892,-125.2017,10,"Only measured trap 1, too many crabs",1,62,,12,,51,1,,0,XMB
GL,7,2024,7,24,24,-0.8,-0.1,23,10,pipestem,49.03918,-125.2011,49.03892,-125.2017,10,"Only measured trap 1, too many crabs",1,55,,13,,51,1,,0,XMB
GL,7,2024,7,24,24,-0.8,-0.1,23,10,pipestem,49.03918,-125.2011,49.03892,-125.2017,10,"Only measured trap 1, too many crabs",1,42,,11,,51,1,,0,XMB
GL,7,2024,7,24,24,-0.8,-0.1,23,10,pipestem,49.03918,-125.2011,49.03892,-125.2017,10,"Only measured trap 1, too many crabs",3,53,,12,,51,1,,0,XMB
GL,7,2024,7,24,24,-0.8,-0.1,23,10,pipestem,49.03918,-125.2011,49.03892,-125.2017,10,"Only measured trap 1, too many crabs",3,61,,14,,51,1,,0,XMB
GL,7,2024,7,24,24,-0.8,-0.1,23,10,pipestem,49.03918,-125.2011,49.03892,-125.2017,10,"Only measured trap 1, too many crabs",1,74,,14,,51,1,,0,XMB
GL,7,2024,7,24,24,-0.8,-0.1,23,10,pipestem,49.03918,-125.2011,49.03892,-125.2017,10,"Only measured trap 1, too many crabs",1,67,,13,,51,1,,0,XMB
GL,7,2024,7,24,24,-0.8,-0.1,23,10,pipestem,49.03918,-125.2011,49.03892,-125.2017,10,"Only measured trap 1, too many crabs",1,61,,13,,51,1,,0,XMB
GL,7,2024,7,24,24,-0.8,-0.1,23,10,pipestem,49.03918,-125.2011,49.03892,-125.2017,10,"Only measured trap 1, too many crabs",1,65,,11,,51,1,,0,XMB
GL,7,2024,7,24,24,-0.8,-0.1,23,10,pipestem,49.03918,-125.2011,49.03892,-125.2017,10,"Only measured trap 1, too many crabs",1,60,,12,,51,1,,0,XMB
GL,7,2024,7,24,24,-0.8,-0.1,23,10,pipestem,49.03918,-125.2011,49.03892,-125.2017,10,"Only measured trap 1, too many crabs",1,55,,12,,51,1,,0,XMB
GL,7,2024,7,24,24,-0.8,-0.1,23,10,pipestem,49.03918,-125.2011,49.03892,-125.2017,10,"Only measured trap 1, too many crabs",3,55,,12,,51,1,,0,XMB
GL,7,2024,7,24,24,-0.8,-0.1,23,10,pipestem,49.03918,-125.2011,49.03892,-125.2017,10,"Only measured trap 1, too many crabs",1,70,,14,,51,1,,0,XMB
GL,7,2024,7,24,24,-0.8,-0.1,23,10,pipestem,49.03918,-125.2011,49.03892,-125.2017,10,"Only measured trap 1, too many crabs",3,58,,12,,51,1,,0,XMB
GL,7,2024,7,24,24,-0.8,-0.1,23,10,pipestem,49.03918,-125.2011,49.03892,-125.2017,10,"Only measured trap 1, too many crabs",3,51,,13,,51,1,,0,XMB
GL,7,2024,7,24,24,-0.8,-0.1,23,10,pipestem,49.03918,-125.2011,49.03892,-125.2017,10,"Only measured trap 1, too many crabs",3,62,,14,,51,1,,0,XMB
GL,7,2024,7,24,24,-0.8,-0.1,23,10,pipestem,49.03918,-125.2011,49.03892,-125.2017,10,"Only measured trap 1, too many crabs",3,54,,13,,51,1,,0,XMB
GL,7,2024,7,24,24,-0.8,-0.1,23,10,pipestem,49.03918,-125.2011,49.03892,-125.2017,10,"Only measured trap 1, too many crabs",3,52,,12,,51,1,,0,XMB
GL,7,2024,7,24,24,-0.8,-0.1,23,10,pipestem,49.03918,-125.2011,49.03892,-125.2017,10,"Only measured trap 1, too many crabs",3,36,,12,,51,1,,0,XMB
GL,7,2024,7,24,24,-0.8,-0.1,23,10,pipestem,49.03918,-125.2011,49.03892,-125.2017,10,"Only measured trap 1, too many crabs",1,65,,13,,51,1,,0,XMB
GL,7,2024,7,24,24,-0.8,-0.1,23,10,pipestem,49.03918,-125.2011,49.03892,-125.2017,10,"Only measured trap 1, too many crabs",3,52,,14,,51,1,,0,XMB
GL,7,2024,7,24,24,-0.8,-0.1,23,10,pipestem,49.03918,-125.2011,49.03892,-125.2017,10,"Only measured trap 1, too many crabs",1,53,,11,,51,1,,0,XMB
GL,7,2024,7,24,24,-0.8,-0.1,23,10,pipestem,49.03918,-125.2011,49.03892,-125.2017,10,"Only measured trap 1, too many crabs",1,64,,12,,51,1,,0,XMB
GL,7,2024,7,24,24,-0.8,-0.1,23,10,pipestem,49.03918,-125.2011,49.03892,-125.2017,10,"Only measured trap 1, too many crabs",1,41,,12,,51,1,,0,XMB
GL,7,2024,7,24,24,-0.8,-0.1,23,10,pipestem,49.03918,-125.2011,49.03892,-125.2017,10,"Only measured trap 1, too many crabs",3,51,,13,,51,1,,0,XMB
GL,7,2024,7,24,24,-0.8,-0.1,23,10,pipestem,49.03918,-125.2011,49.03892,-125.2017,10,"Only measured trap 1, too many crabs",1,61,,11,,51,1,,0,XMB
GL,7,2024,7,24,24,-0.8,-0.1,23,10,pipestem,49.03918,-125.2011,49.03892,-125.2017,10,"Only measured trap 1, too many crabs",1,66,,11,,51,1,,0,XMB
GL,7,2024,7,24,24,-0.8,-0.1,23,10,pipestem,49.03918,-125.2011,49.03892,-125.2017,10,"Only measured trap 1, too many crabs",1,40,,11,,51,1,,0,XMB
GL,7,2024,7,24,24,-0.8,-0.1,23,10,pipestem,49.03918,-125.2011,49.03892,-125.2017,10,"Only measured trap 1, too many crabs",1,55,,11,,51,1,,0,XMB
GL,7,2024,7,24,24,-0.8,-0.1,23,10,pipestem,49.03918,-125.2011,49.03892,-125.2017,10,"Only measured trap 1, too many crabs",3,52,,14,,51,1,,0,XMB
GL,7,2024,7,24,24,-0.8,-0.1,23,10,pipestem,49.03918,-125.2011,49.03892,-125.2017,10,"Only measured trap 1, too many crabs",3,55,,11,,51,1,,0,XMB
GL,7,2024,7,24,24,-0.8,-0.1,23,10,pipestem,49.03918,-125.2011,49.03892,-125.2017,10,"Only measured trap 1, too many crabs",1,45,,11,,51,1,,0,XMB
GL,7,2024,7,24,24,-0.8,-0.1,23,10,pipestem,49.03918,-125.2011,49.03892,-125.2017,10,"Only measured trap 1, too many crabs",1,60,,13,,51,1,,0,XMB
GL,7,2024,7,24,24,-0.8,-0.1,23,10,pipestem,49.03918,-125.2011,49.03892,-125.2017,10,"Only measured trap 1, too many crabs",3,55,,13,,51,1,,0,XMB
GL,7,2024,7,24,24,-0.8,-0.1,23,10,pipestem,49.03918,-125.2011,49.03892,-125.2017,10,"Only measured trap 1, too many crabs",1,36,,11,,51,1,,0,XMB
GL,7,2024,7,24,24,-0.8,-0.1,23,10,pipestem,49.03918,-125.2011,49.03892,-125.2017,10,"Only measured trap 1, too many crabs",1,45,,12,,51,1,,0,XMB
GL,7,2024,7,24,24,-0.8,-0.1,23,10,pipestem,49.03918,-125.2011,49.03892,-125.2017,10,"Only measured trap 1, too many crabs",1,45,,12,,51,1,,0,XMB
GL,7,2024,7,24,24,-0.8,-0.1,23,10,pipestem,49.03918,-125.2011,49.03892,-125.2017,10,"Only measured trap 1, too many crabs",3,33,,12,,51,1,,0,XMB
GL,7,2024,7,24,24,-0.8,-0.1,23,10,pipestem,49.03918,-125.2011,49.03892,-125.2017,10,"Only measured trap 1, too many crabs",1,41,,11,,51,1,,0,XMB
GL,7,2024,7,24,24,-0.8,-0.1,23,10,pipestem,49.03918,-125.2011,49.03892,-125.2017,10,"Only measured trap 1, too many crabs",1,63,,11,,51,2,,0,XMB
GL,7,2024,7,24,24,-0.8,-0.1,23,10,pipestem,49.03918,-125.2011,49.03892,-125.2017,10,"Only measured trap 1, too many crabs",3,59,,12,,51,2,,0,XMB
GL,7,2024,7,24,24,-0.8,-0.1,23,10,pipestem,49.03918,-125.2011,49.03892,-125.2017,10,"Only measured trap 1, too many crabs",3,55,,11,,51,2,,0,XMB
GL,7,2024,7,24,24,-0.8,-0.1,23,10,pipestem,49.03918,-125.2011,49.03892,-125.2017,10,"Only measured trap 1, too many crabs",1,53,,11,,51,2,,0,XMB
GL,7,2024,7,24,24,-0.8,-0.1,23,10,pipestem,49.03918,-125.2011,49.03892,-125.2017,10,"Only measured trap 1, too many crabs",1,70,,14,,51,2,,0,XMB
GL,7,2024,7,24,24,-0.8,-0.1,23,10,pipestem,49.03918,-125.2011,49.03892,-125.2017,10,"Only measured trap 1, too many crabs",3,55,,11,,51,2,,0,XMB
GL,7,2024,7,24,24,-0.8,-0.1,23,10,pipestem,49.03918,-125.2011,49.03892,-125.2017,10,"Only measured trap 1, too many crabs",1,69,,11,,51,2,,0,XMB
GL,7,2024,7,24,24,-0.8,-0.1,23,10,pipestem,49.03918,-125.2011,49.03892,-125.2017,10,"Only measured trap 1, too many crabs",1,67,,11,,51,2,,0,XMB
GL,7,2024,7,24,24,-0.8,-0.1,23,10,pipestem,49.03918,-125.2011,49.03892,-125.2017,10,"Only measured trap 1, too many crabs",3,58,,12,,51,2,,0,XMB
GL,7,2024,7,24,24,-0.8,-0.1,23,10,pipestem,49.03918,-125.2011,49.03892,-125.2017,10,"Only measured trap 1, too many crabs",1,72,,12,,51,2,,0,XMB
GL,7,2024,7,24,24,-0.8,-0.1,23,10,pipestem,49.03918,-125.2011,49.03892,-125.2017,10,"Only measured trap 1, too many crabs",1,67,,11,,51,2,,0,XMB
GL,7,2024,7,24,24,-0.8,-0.1,23,10,pipestem,49.03918,-125.2011,49.03892,-125.2017,10,"Only measured trap 1, too many crabs",1,65,,11,,51,2,,0,XMB
GL,7,2024,7,24,24,-0.8,-0.1,23,10,pipestem,49.03918,-125.2011,49.03892,-125.2017,10,"Only measured trap 1, too many crabs",3,55,,13,,51,2,,0,XMB
GL,7,2024,7,24,24,-0.8,-0.1,23,10,pipestem,49.03918,-125.2011,49.03892,-125.2017,10,"Only measured trap 1, too many crabs",3,62,,13,,51,2,,0,XMB
GL,7,2024,7,24,24,-0.8,-0.1,23,10,pipestem,49.03918,-125.2011,49.03892,-125.2017,10,"Only measured trap 1, too many crabs",1,67,,14,,51,2,,0,XMB
GL,7,2024,7,24,24,-0.8,-0.1,23,10,pipestem,49.03918,-125.2011,49.03892,-125.2017,10,"Only measured trap 1, too many crabs",3,65,,14,,51,2,,0,XMB
GL,7,2024,7,24,24,-0.8,-0.1,23,10,pipestem,49.03918,-125.2011,49.03892,-125.2017,10,"Only measured trap 1, too many crabs",3,67,,13,,51,2,,0,XMB
GL,7,2024,7,24,24,-0.8,-0.1,23,10,pipestem,49.03918,-125.2011,49.03892,-125.2017,10,"Only measured trap 1, too many crabs",3,52,,13,,51,2,,0,XMB
GL,7,2024,7,24,24,-0.8,-0.1,23,10,pipestem,49.03918,-125.2011,49.03892,-125.2017,10,"Only measured trap 1, too many crabs",3,55,,12,,51,2,,0,XMB
GL,7,2024,7,24,24,-0.8,-0.1,23,10,pipestem,49.03918,-125.2011,49.03892,-125.2017,10,"Only measured trap 1, too many crabs",1,50,,11,,51,2,,0,XMB
GL,7,2024,7,24,24,-0.8,-0.1,23,10,pipestem,49.03918,-125.2011,49.03892,-125.2017,10,"Only measured trap 1, too many crabs",1,55,,13,,51,2,,0,XMB
GL,7,2024,7,24,24,-0.8,-0.1,23,10,pipestem,49.03918,-125.2011,49.03892,-125.2017,10,"Only measured trap 1, too many crabs",3,55,,13,,51,2,,0,XMB
GL,7,2024,7,24,24,-0.8,-0.1,23,10,pipestem,49.03918,-125.2011,49.03892,-125.2017,10,"Only measured trap 1, too many crabs",3,49,,12,,51,2,,0,XMB
GL,7,2024,7,24,24,-0.8,-0.1,23,10,pipestem,49.03918,-125.2011,49.03892,-125.2017,10,"Only measured trap 1, too many crabs",3,54,,12,,51,2,,0,XMB
GL,7,2024,7,24,24,-0.8,-0.1,23,10,pipestem,49.03918,-125.2011,49.03892,-125.2017,10,"Only measured trap 1, too many crabs",3,54,,12,,51,2,,0,XMB
GL,7,2024,7,24,24,-0.8,-0.1,23,10,pipestem,49.03918,-125.2011,49.03892,-125.2017,10,"Only measured trap 1, too many crabs",1,61,,14,,51,2,,0,XMB
GL,7,2024,7,24,24,-0.8,-0.1,23,10,pipestem,49.03918,-125.2011,49.03892,-125.2017,10,"Only measured trap 1, too many crabs",3,55,,14,,51,2,,0,XMB
GL,7,2024,7,24,24,-0.8,-0.1,23,10,pipestem,49.03918,-125.2011,49.03892,-125.2017,10,"Only measured trap 1, too many crabs",1,,,,,51,3,,0,XMB
GL,7,2024,7,24,24,-0.8,-0.1,23,10,pipestem,49.03918,-125.2011,49.03892,-125.2017,10,"Only measured trap 1, too many crabs",1,,,,,51,3,,0,XMB
GL,7,2024,7,24,24,-0.8,-0.1,23,10,pipestem,49.03918,-125.2011,49.03892,-125.2017,10,"Only measured trap 1, too many crabs",1,,,,,51,3,,0,XMB
GL,7,2024,7,24,24,-0.8,-0.1,23,10,pipestem,49.03918,-125.2011,49.03892,-125.2017,10,"Only measured trap 1, too many crabs",1,,,,,51,3,,0,XMB
GL,7,2024,7,24,24,-0.8,-0.1,23,10,pipestem,49.03918,-125.2011,49.03892,-125.2017,10,"Only measured trap 1, too many crabs",1,,,,,51,3,,0,XMB
GL,7,2024,7,24,24,-0.8,-0.1,23,10,pipestem,49.03918,-125.2011,49.03892,-125.2017,10,"Only measured trap 1, too many crabs",1,,,,,51,3,,0,XMB
GL,7,2024,7,24,24,-0.8,-0.1,23,10,pipestem,49.03918,-125.2011,49.03892,-125.2017,10,"Only measured trap 1, too many crabs",1,,,,,51,3,,0,XMB
GL,7,2024,7,24,24,-0.8,-0.1,23,10,pipestem,49.03918,-125.2011,49.03892,-125.2017,10,"Only measured trap 1, too many crabs",1,,,,,51,3,,0,XMB
GL,7,2024,7,24,24,-0.8,-0.1,23,10,pipestem,49.03918,-125.2011,49.03892,-125.2017,10,"Only measured trap 1, too many crabs",1,,,,,51,3,,0,XMB
GL,7,2024,7,24,24,-0.8,-0.1,23,10,pipestem,49.03918,-125.2011,49.03892,-125.2017,10,"Only measured trap 1, too many crabs",1,,,,,51,3,,0,XMB
GL,7,2024,7,24,24,-0.8,-0.1,23,10,pipestem,49.03918,-125.2011,49.03892,-125.2017,10,"Only measured trap 1, too many crabs",1,,,,,51,3,,0,XMB
GL,7,2024,7,24,24,-0.8,-0.1,23,10,pipestem,49.03918,-125.2011,49.03892,-125.2017,10,"Only measured trap 1, too many crabs",1,,,,,51,3,,0,XMB
GL,7,2024,7,24,24,-0.8,-0.1,23,10,pipestem,49.03918,-125.2011,49.03892,-125.2017,10,"Only measured trap 1, too many crabs",1,,,,,51,3,,0,XMB
GL,7,2024,7,24,24,-0.8,-0.1,23,10,pipestem,49.03918,-125.2011,49.03892,-125.2017,10,"Only measured trap 1, too many crabs",3,,,,,51,3,,0,XMB
GL,7,2024,7,24,24,-0.8,-0.1,23,10,pipestem,49.03918,-125.2011,49.03892,-125.2017,10,"Only measured trap 1, too many crabs",3,,,,,51,3,,0,XMB
GL,7,2024,7,24,24,-0.8,-0.1,23,10,pipestem,49.03918,-125.2011,49.03892,-125.2017,10,"Only measured trap 1, too many crabs",3,,,,,51,3,,0,XMB
GL,7,2024,7,24,24,-0.8,-0.1,23,10,pipestem,49.03918,-125.2011,49.03892,-125.2017,10,"Only measured trap 1, too many crabs",3,,,,,51,3,,0,XMB
GL,7,2024,7,24,24,-0.8,-0.1,23,10,pipestem,49.03918,-125.2011,49.03892,-125.2017,10,"Only measured trap 1, too many crabs",3,,,,,51,3,,0,XMB
GL,7,2024,7,24,24,-0.8,-0.1,23,10,pipestem,49.03918,-125.2011,49.03892,-125.2017,10,"Only measured trap 1, too many crabs",3,,,,,51,3,,0,XMB
GL,7,2024,7,24,24,-0.8,-0.1,23,10,pipestem,49.03918,-125.2011,49.03892,-125.2017,10,"Only measured trap 1, too many crabs",3,,,,,51,3,,0,XMB
GL,7,2024,7,24,24,-0.8,-0.1,23,10,pipestem,49.03918,-125.2011,49.03892,-125.2017,10,"Only measured trap 1, too many crabs",3,,,,,51,3,,0,XMB
GL,7,2024,7,24,24,-0.8,-0.1,23,10,pipestem,49.03918,-125.2011,49.03892,-125.2017,10,"Only measured trap 1, too many crabs",3,,,,,51,3,,0,XMB
GL,7,2024,7,24,24,-0.8,-0.1,23,10,pipestem,49.03918,-125.2011,49.03892,-125.2017,10,"Only measured trap 1, too many crabs",3,,,,,51,3,,0,XMB
GL,7,2024,7,24,24,-0.8,-0.1,23,10,pipestem,49.03918,-125.2011,49.03892,-125.2017,10,"Only measured trap 1, too many crabs",3,,,,,51,3,,0,XMB
GL,7,2024,7,24,24,-0.8,-0.1,23,10,pipestem,49.03918,-125.2011,49.03892,-125.2017,10,"Only measured trap 1, too many crabs",3,,,,,51,3,,0,XMB
GL,7,2024,7,24,24,-0.8,-0.1,23,10,pipestem,49.03918,-125.2011,49.03892,-125.2017,10,"Only measured trap 1, too many crabs",3,,,,,51,3,,0,XMB
GL,7,2024,7,24,24,-0.8,-0.1,23,10,pipestem,49.03918,-125.2011,49.03892,-125.2017,10,"Only measured trap 1, too many crabs",3,,,,,51,3,,0,XMB
GL,7,2024,7,24,24,-0.8,-0.1,23,10,pipestem,49.03918,-125.2011,49.03892,-125.2017,10,"Only measured trap 1, too many crabs",3,,,,,51,3,,0,XMB
GL,7,2024,7,24,24,-0.8,-0.1,23,10,pipestem,49.03918,-125.2011,49.03892,-125.2017,10,"Only measured trap 1, too many crabs",3,,,,,51,3,,0,XMB
GL,7,2024,7,24,24,-0.8,-0.1,23,10,pipestem,49.03918,-125.2011,49.03892,-125.2017,10,"Only measured trap 1, too many crabs",3,,,,,51,3,,0,XMB
GL,7,2024,7,24,24,-0.8,-0.1,23,10,pipestem,49.03918,-125.2011,49.03892,-125.2017,10,"Only measured trap 1, too many crabs",3,,,,,51,3,,0,XMB
GL,7,2024,7,24,24,-0.8,-0.1,23,10,pipestem,49.03918,-125.2011,49.03892,-125.2017,10,"Only measured trap 1, too many crabs",1,,,,,51,4,,0,XMB
GL,7,2024,7,24,24,-0.8,-0.1,23,10,pipestem,49.03918,-125.2011,49.03892,-125.2017,10,"Only measured trap 1, too many crabs",1,,,,,51,4,,0,XMB
GL,7,2024,7,24,24,-0.8,-0.1,23,10,pipestem,49.03918,-125.2011,49.03892,-125.2017,10,"Only measured trap 1, too many crabs",1,,,,,51,4,,0,XMB
GL,7,2024,7,24,24,-0.8,-0.1,23,10,pipestem,49.03918,-125.2011,49.03892,-125.2017,10,"Only measured trap 1, too many crabs",1,,,,,51,4,,0,XMB
GL,7,2024,7,24,24,-0.8,-0.1,23,10,pipestem,49.03918,-125.2011,49.03892,-125.2017,10,"Only measured trap 1, too many crabs",1,,,,,51,4,,0,XMB
GL,7,2024,7,24,24,-0.8,-0.1,23,10,pipestem,49.03918,-125.2011,49.03892,-125.2017,10,"Only measured trap 1, too many crabs",1,,,,,51,4,,0,XMB
GL,7,2024,7,24,24,-0.8,-0.1,23,10,pipestem,49.03918,-125.2011,49.03892,-125.2017,10,"Only measured trap 1, too many crabs",1,,,,,51,4,,0,XMB
GL,7,2024,7,24,24,-0.8,-0.1,23,10,pipestem,49.03918,-125.2011,49.03892,-125.2017,10,"Only measured trap 1, too many crabs",1,,,,,51,4,,0,XMB
GL,7,2024,7,24,24,-0.8,-0.1,23,10,pipestem,49.03918,-125.2011,49.03892,-125.2017,10,"Only measured trap 1, too many crabs",1,,,,,51,4,,0,XMB
GL,7,2024,7,24,24,-0.8,-0.1,23,10,pipestem,49.03918,-125.2011,49.03892,-125.2017,10,"Only measured trap 1, too many crabs",1,,,,,51,4,,0,XMB
GL,7,2024,7,24,24,-0.8,-0.1,23,10,pipestem,49.03918,-125.2011,49.03892,-125.2017,10,"Only measured trap 1, too many crabs",1,,,,,51,4,,0,XMB
GL,7,2024,7,24,24,-0.8,-0.1,23,10,pipestem,49.03918,-125.2011,49.03892,-125.2017,10,"Only measured trap 1, too many crabs",1,,,,,51,4,,0,XMB
GL,7,2024,7,24,24,-0.8,-0.1,23,10,pipestem,49.03918,-125.2011,49.03892,-125.2017,10,"Only measured trap 1, too many crabs",1,,,,,51,4,,0,XMB
GL,7,2024,7,24,24,-0.8,-0.1,23,10,pipestem,49.03918,-125.2011,49.03892,-125.2017,10,"Only measured trap 1, too many crabs",1,,,,,51,4,,0,XMB
GL,7,2024,7,24,24,-0.8,-0.1,23,10,pipestem,49.03918,-125.2011,49.03892,-125.2017,10,"Only measured trap 1, too many crabs",1,,,,,51,4,,0,XMB
GL,7,2024,7,24,24,-0.8,-0.1,23,10,pipestem,49.03918,-125.2011,49.03892,-125.2017,10,"Only measured trap 1, too many crabs",1,,,,,51,4,,0,XMB
GL,7,2024,7,24,24,-0.8,-0.1,23,10,pipestem,49.03918,-125.2011,49.03892,-125.2017,10,"Only measured trap 1, too many crabs",1,,,,,51,4,,0,XMB
GL,7,2024,7,24,24,-0.8,-0.1,23,10,pipestem,49.03918,-125.2011,49.03892,-125.2017,10,"Only measured trap 1, too many crabs",1,,,,,51,4,,0,XMB
GL,7,2024,7,24,24,-0.8,-0.1,23,10,pipestem,49.03918,-125.2011,49.03892,-125.2017,10,"Only measured trap 1, too many crabs",1,,,,,51,4,,0,XMB
GL,7,2024,7,24,24,-0.8,-0.1,23,10,pipestem,49.03918,-125.2011,49.03892,-125.2017,10,"Only measured trap 1, too many crabs",1,,,,,51,4,,0,XMB
GL,7,2024,7,24,24,-0.8,-0.1,23,10,pipestem,49.03918,-125.2011,49.03892,-125.2017,10,"Only measured trap 1, too many crabs",1,,,,,51,4,,0,XMB
GL,7,2024,7,24,24,-0.8,-0.1,23,10,pipestem,49.03918,-125.2011,49.03892,-125.2017,10,"Only measured trap 1, too many crabs",3,,,,,51,4,,0,XMB
GL,7,2024,7,24,24,-0.8,-0.1,23,10,pipestem,49.03918,-125.2011,49.03892,-125.2017,10,"Only measured trap 1, too many crabs",3,,,,,51,4,,0,XMB
GL,7,2024,7,24,24,-0.8,-0.1,23,10,pipestem,49.03918,-125.2011,49.03892,-125.2017,10,"Only measured trap 1, too many crabs",3,,,,,51,4,,0,XMB
GL,7,2024,7,24,24,-0.8,-0.1,23,10,pipestem,49.03918,-125.2011,49.03892,-125.2017,10,"Only measured trap 1, too many crabs",3,,,,,51,4,,0,XMB
GL,7,2024,7,24,24,-0.8,-0.1,23,10,pipestem,49.03918,-125.2011,49.03892,-125.2017,10,"Only measured trap 1, too many crabs",3,,,,,51,4,,0,XMB
GL,7,2024,7,24,24,-0.8,-0.1,23,10,pipestem,49.03918,-125.2011,49.03892,-125.2017,10,"Only measured trap 1, too many crabs",3,,,,,51,4,,0,XMB
GL,7,2024,7,24,24,-0.8,-0.1,23,10,pipestem,49.03918,-125.2011,49.03892,-125.2017,10,"Only measured trap 1, too many crabs",3,,,,,51,4,,0,XMB
GL,7,2024,7,24,24,-0.8,-0.1,23,10,pipestem,49.03918,-125.2011,49.03892,-125.2017,10,"Only measured trap 1, too many crabs",3,,,,,51,4,,0,XMB
GL,7,2024,7,24,24,-0.8,-0.1,23,10,pipestem,49.03918,-125.2011,49.03892,-125.2017,10,"Only measured trap 1, too many crabs",3,,,,,51,4,,0,XMB
GL,7,2024,7,24,24,-0.8,-0.1,23,10,pipestem,49.03918,-125.2011,49.03892,-125.2017,10,"Only measured trap 1, too many crabs",3,,,,,51,4,,0,XMB
GL,7,2024,7,24,24,-0.8,-0.1,23,10,pipestem,49.03918,-125.2011,49.03892,-125.2017,10,"Only measured trap 1, too many crabs",3,,,,,51,4,,0,XMB
GL,7,2024,7,24,24,-0.8,-0.1,23,10,pipestem,49.03918,-125.2011,49.03892,-125.2017,10,"Only measured trap 1, too many crabs",3,,,,,51,4,,0,XMB
GL,7,2024,7,24,24,-0.8,-0.1,23,10,pipestem,49.03918,-125.2011,49.03892,-125.2017,10,"Only measured trap 1, too many crabs",3,,,,,51,4,,0,XMB
GL,7,2024,7,24,24,-0.8,-0.1,23,10,pipestem,49.03918,-125.2011,49.03892,-125.2017,10,"Only measured trap 1, too many crabs",3,,,,,51,4,,0,XMB
GL,7,2024,7,24,24,-0.8,-0.1,23,10,pipestem,49.03918,-125.2011,49.03892,-125.2017,10,"Only measured trap 1, too many crabs",3,,,,,51,4,,0,XMB
GL,7,2024,7,24,24,-0.8,-0.1,23,10,pipestem,49.03918,-125.2011,49.03892,-125.2017,10,"Only measured trap 1, too many crabs",3,,,,,51,4,,0,XMB
GL,7,2024,7,24,24,-0.8,-0.1,23,10,pipestem,49.03918,-125.2011,49.03892,-125.2017,10,"Only measured trap 1, too many crabs",3,,,,,51,4,,0,XMB
GL,7,2024,7,24,24,-0.8,-0.1,23,10,pipestem,49.03918,-125.2011,49.03892,-125.2017,10,"Only measured trap 1, too many crabs",3,,,,,51,4,,0,XMB
GL,7,2024,7,24,24,-0.8,-0.1,23,10,pipestem,49.03918,-125.2011,49.03892,-125.2017,10,"Only measured trap 1, too many crabs",3,,,,,51,4,,0,XMB
GL,7,2024,7,24,24,-0.8,-0.1,23,10,pipestem,49.03918,-125.2011,49.03892,-125.2017,10,"Only measured trap 1, too many crabs",3,,,,,51,4,,0,XMB
GL,7,2024,7,24,24,-0.8,-0.1,23,10,pipestem,49.03918,-125.2011,49.03892,-125.2017,10,"Only measured trap 1, too many crabs",3,,,,,51,4,,0,XMB
GL,7,2024,7,24,24,-0.8,-0.1,23,10,pipestem,49.03918,-125.2011,49.03892,-125.2017,10,"Only measured trap 1, too many crabs",3,,,,,51,4,,0,XMB
GL,7,2024,7,24,24,-0.8,-0.1,23,10,pipestem,49.03918,-125.2011,49.03892,-125.2017,10,"Only measured trap 1, too many crabs",3,,,,,51,4,,0,XMB
GL,7,2024,7,24,24,-0.8,-0.1,23,10,pipestem,49.03918,-125.2011,49.03892,-125.2017,10,"Only measured trap 1, too many crabs",3,,,,,51,4,,0,XMB
GL,7,2024,7,24,24,-0.8,-0.1,23,10,pipestem,49.03918,-125.2011,49.03892,-125.2017,10,"Only measured trap 1, too many crabs",3,,,,,51,4,,0,XMB
GL,7,2024,7,24,24,-0.8,-0.1,23,10,pipestem,49.03918,-125.2011,49.03892,-125.2017,10,"Only measured trap 1, too many crabs",1,,,,,51,5,,0,XMB
GL,7,2024,7,24,24,-0.8,-0.1,23,10,pipestem,49.03918,-125.2011,49.03892,-125.2017,10,"Only measured trap 1, too many crabs",1,,,,,51,5,,0,XMB
GL,7,2024,7,24,24,-0.8,-0.1,23,10,pipestem,49.03918,-125.2011,49.03892,-125.2017,10,"Only measured trap 1, too many crabs",1,,,,,51,5,,0,XMB
GL,7,2024,7,24,24,-0.8,-0.1,23,10,pipestem,49.03918,-125.2011,49.03892,-125.2017,10,"Only measured trap 1, too many crabs",1,,,,,51,5,,0,XMB
GL,7,2024,7,24,24,-0.8,-0.1,23,10,pipestem,49.03918,-125.2011,49.03892,-125.2017,10,"Only measured trap 1, too many crabs",1,,,,,51,5,,0,XMB
GL,7,2024,7,24,24,-0.8,-0.1,23,10,pipestem,49.03918,-125.2011,49.03892,-125.2017,10,"Only measured trap 1, too many crabs",1,,,,,51,5,,0,XMB
GL,7,2024,7,24,24,-0.8,-0.1,23,10,pipestem,49.03918,-125.2011,49.03892,-125.2017,10,"Only measured trap 1, too many crabs",1,,,,,51,5,,0,XMB
GL,7,2024,7,24,24,-0.8,-0.1,23,10,pipestem,49.03918,-125.2011,49.03892,-125.2017,10,"Only measured trap 1, too many crabs",1,,,,,51,5,,0,XMB
GL,7,2024,7,24,24,-0.8,-0.1,23,10,pipestem,49.03918,-125.2011,49.03892,-125.2017,10,"Only measured trap 1, too many crabs",1,,,,,51,5,,0,XMB
GL,7,2024,7,24,24,-0.8,-0.1,23,10,pipestem,49.03918,-125.2011,49.03892,-125.2017,10,"Only measured trap 1, too many crabs",1,,,,,51,5,,0,XMB
GL,7,2024,7,24,24,-0.8,-0.1,23,10,pipestem,49.03918,-125.2011,49.03892,-125.2017,10,"Only measured trap 1, too many crabs",3,,,,,51,5,,0,XMB
GL,7,2024,7,24,24,-0.8,-0.1,23,10,pipestem,49.03918,-125.2011,49.03892,-125.2017,10,"Only measured trap 1, too many crabs",3,,,,,51,5,,0,XMB
GL,7,2024,7,24,24,-0.8,-0.1,23,10,pipestem,49.03918,-125.2011,49.03892,-125.2017,10,"Only measured trap 1, too many crabs",3,,,,,51,5,,0,XMB
GL,7,2024,7,24,24,-0.8,-0.1,23,10,pipestem,49.03918,-125.2011,49.03892,-125.2017,10,"Only measured trap 1, too many crabs",3,,,,,51,5,,0,XMB
GL,7,2024,7,24,24,-0.8,-0.1,23,10,pipestem,49.03918,-125.2011,49.03892,-125.2017,10,"Only measured trap 1, too many crabs",3,,,,,51,5,,0,XMB
GL,7,2024,7,24,24,-0.8,-0.1,23,10,pipestem,49.03918,-125.2011,49.03892,-125.2017,10,"Only measured trap 1, too many crabs",3,,,,,51,5,,0,XMB
GL,7,2024,7,24,24,-0.8,-0.1,23,10,pipestem,49.03918,-125.2011,49.03892,-125.2017,10,"Only measured trap 1, too many crabs",3,,,,,51,5,,0,XMB
GL,7,2024,7,24,24,-0.8,-0.1,23,10,pipestem,49.03918,-125.2011,49.03892,-125.2017,10,"Only measured trap 1, too many crabs",3,,,,,51,5,,0,XMB
GL,7,2024,7,24,24,-0.8,-0.1,23,10,pipestem,49.03918,-125.2011,49.03892,-125.2017,10,"Only measured trap 1, too many crabs",3,,,,,51,5,,0,XMB
GL,7,2024,7,24,24,-0.8,-0.1,23,10,pipestem,49.03918,-125.2011,49.03892,-125.2017,10,"Only measured trap 1, too many crabs",3,,,,,51,5,,0,XMB
GL,7,2024,7,24,24,-0.8,-0.1,23,10,pipestem,49.03918,-125.2011,49.03892,-125.2017,10,"Only measured trap 1, too many crabs",3,,,,,51,5,,0,XMB
GL,7,2024,7,24,24,-0.8,-0.1,23,10,pipestem,49.03918,-125.2011,49.03892,-125.2017,10,"Only measured trap 1, too many crabs",3,,,,,51,5,,0,XMB
GL,7,2024,7,24,24,-0.8,-0.1,23,10,pipestem,49.03918,-125.2011,49.03892,-125.2017,10,"Only measured trap 1, too many crabs",3,,,,,51,5,,0,XMB
GL,7,2024,7,24,24,-0.8,-0.1,23,10,pipestem,49.03918,-125.2011,49.03892,-125.2017,10,"Only measured trap 1, too many crabs",3,,,,,51,5,,0,XMB
GL,7,2024,7,24,24,-0.8,-0.1,23,10,pipestem,49.03918,-125.2011,49.03892,-125.2017,10,"Only measured trap 1, too many crabs",1,,,,,51,6,,0,XMB
GL,7,2024,7,24,24,-0.8,-0.1,23,10,pipestem,49.03918,-125.2011,49.03892,-125.2017,10,"Only measured trap 1, too many crabs",1,,,,,51,6,,0,XMB
GL,7,2024,7,24,24,-0.8,-0.1,23,10,pipestem,49.03918,-125.2011,49.03892,-125.2017,10,"Only measured trap 1, too many crabs",1,,,,,51,6,,0,XMB
GL,7,2024,7,24,24,-0.8,-0.1,23,10,pipestem,49.03918,-125.2011,49.03892,-125.2017,10,"Only measured trap 1, too many crabs",1,,,,,51,6,,0,XMB
GL,7,2024,7,24,24,-0.8,-0.1,23,10,pipestem,49.03918,-125.2011,49.03892,-125.2017,10,"Only measured trap 1, too many crabs",1,,,,,51,6,,0,XMB
GL,7,2024,7,24,24,-0.8,-0.1,23,10,pipestem,49.03918,-125.2011,49.03892,-125.2017,10,"Only measured trap 1, too many crabs",1,,,,,51,6,,0,XMB
GL,7,2024,7,24,24,-0.8,-0.1,23,10,pipestem,49.03918,-125.2011,49.03892,-125.2017,10,"Only measured trap 1, too many crabs",1,,,,,51,6,,0,XMB
GL,7,2024,7,24,24,-0.8,-0.1,23,10,pipestem,49.03918,-125.2011,49.03892,-125.2017,10,"Only measured trap 1, too many crabs",1,,,,,51,6,,0,XMB
GL,7,2024,7,24,24,-0.8,-0.1,23,10,pipestem,49.03918,-125.2011,49.03892,-125.2017,10,"Only measured trap 1, too many crabs",1,,,,,51,6,,0,XMB
GL,7,2024,7,24,24,-0.8,-0.1,23,10,pipestem,49.03918,-125.2011,49.03892,-125.2017,10,"Only measured trap 1, too many crabs",1,,,,,51,6,,0,XMB
GL,7,2024,7,24,24,-0.8,-0.1,23,10,pipestem,49.03918,-125.2011,49.03892,-125.2017,10,"Only measured trap 1, too many crabs",1,,,,,51,6,,0,XMB
GL,7,2024,7,24,24,-0.8,-0.1,23,10,pipestem,49.03918,-125.2011,49.03892,-125.2017,10,"Only measured trap 1, too many crabs",1,,,,,51,6,,0,XMB
GL,7,2024,7,24,24,-0.8,-0.1,23,10,pipestem,49.03918,-125.2011,49.03892,-125.2017,10,"Only measured trap 1, too many crabs",1,,,,,51,6,,0,XMB
GL,7,2024,7,24,24,-0.8,-0.1,23,10,pipestem,49.03918,-125.2011,49.03892,-125.2017,10,"Only measured trap 1, too many crabs",1,,,,,51,6,,0,XMB
GL,7,2024,7,24,24,-0.8,-0.1,23,10,pipestem,49.03918,-125.2011,49.03892,-125.2017,10,"Only measured trap 1, too many crabs",1,,,,,51,6,,0,XMB
GL,7,2024,7,24,24,-0.8,-0.1,23,10,pipestem,49.03918,-125.2011,49.03892,-125.2017,10,"Only measured trap 1, too many crabs",1,,,,,51,6,,0,XMB
GL,7,2024,7,24,24,-0.8,-0.1,23,10,pipestem,49.03918,-125.2011,49.03892,-125.2017,10,"Only measured trap 1, too many crabs",1,,,,,51,6,,0,XMB
GL,7,2024,7,24,24,-0.8,-0.1,23,10,pipestem,49.03918,-125.2011,49.03892,-125.2017,10,"Only measured trap 1, too many crabs",1,,,,,51,6,,0,XMB
GL,7,2024,7,24,24,-0.8,-0.1,23,10,pipestem,49.03918,-125.2011,49.03892,-125.2017,10,"Only measured trap 1, too many crabs",1,,,,,51,6,,0,XMB
GL,7,2024,7,24,24,-0.8,-0.1,23,10,pipestem,49.03918,-125.2011,49.03892,-125.2017,10,"Only measured trap 1, too many crabs",1,,,,,51,6,,0,XMB
GL,7,2024,7,24,24,-0.8,-0.1,23,10,pipestem,49.03918,-125.2011,49.03892,-125.2017,10,"Only measured trap 1, too many crabs",1,,,,,51,6,,0,XMB
GL,7,2024,7,24,24,-0.8,-0.1,23,10,pipestem,49.03918,-125.2011,49.03892,-125.2017,10,"Only measured trap 1, too many crabs",1,,,,,51,6,,0,XMB
GL,7,2024,7,24,24,-0.8,-0.1,23,10,pipestem,49.03918,-125.2011,49.03892,-125.2017,10,"Only measured trap 1, too many crabs",1,,,,,51,6,,0,XMB
GL,7,2024,7,24,24,-0.8,-0.1,23,10,pipestem,49.03918,-125.2011,49.03892,-125.2017,10,"Only measured trap 1, too many crabs",3,,,,,51,6,,0,XMB
GL,7,2024,7,24,24,-0.8,-0.1,23,10,pipestem,49.03918,-125.2011,49.03892,-125.2017,10,"Only measured trap 1, too many crabs",3,,,,,51,6,,0,XMB
GL,7,2024,7,24,24,-0.8,-0.1,23,10,pipestem,49.03918,-125.2011,49.03892,-125.2017,10,"Only measured trap 1, too many crabs",3,,,,,51,6,,0,XMB
GL,7,2024,7,24,24,-0.8,-0.1,23,10,pipestem,49.03918,-125.2011,49.03892,-125.2017,10,"Only measured trap 1, too many crabs",3,,,,,51,6,,0,XMB
GL,7,2024,7,24,24,-0.8,-0.1,23,10,pipestem,49.03918,-125.2011,49.03892,-125.2017,10,"Only measured trap 1, too many crabs",3,,,,,51,6,,0,XMB
GL,7,2024,7,24,24,-0.8,-0.1,23,10,pipestem,49.03918,-125.2011,49.03892,-125.2017,10,"Only measured trap 1, too many crabs",3,,,,,51,6,,0,XMB
GL,7,2024,7,24,24,-0.8,-0.1,23,10,pipestem,49.03918,-125.2011,49.03892,-125.2017,10,"Only measured trap 1, too many crabs",3,,,,,51,6,,0,XMB
GL,7,2024,7,24,24,-0.8,-0.1,23,10,pipestem,49.03918,-125.2011,49.03892,-125.2017,10,"Only measured trap 1, too many crabs",3,,,,,51,6,,0,XMB
GL,7,2024,7,24,24,-0.8,-0.1,23,10,pipestem,49.03918,-125.2011,49.03892,-125.2017,10,"Only measured trap 1, too many crabs",3,,,,,51,6,,0,XMB
GL,7,2024,7,24,24,-0.8,-0.1,23,10,pipestem,49.03918,-125.2011,49.03892,-125.2017,10,"Only measured trap 1, too many crabs",3,,,,,51,6,,0,XMB
GL,7,2024,7,24,24,-0.8,-0.1,23,10,pipestem,49.03918,-125.2011,49.03892,-125.2017,10,"Only measured trap 1, too many crabs",3,,,,,51,6,,0,XMB
GL,7,2024,7,24,24,-0.8,-0.1,23,10,pipestem,49.03918,-125.2011,49.03892,-125.2017,10,"Only measured trap 1, too many crabs",3,,,,,51,6,,0,XMB
GL,7,2024,7,24,24,-0.8,-0.1,23,10,pipestem,49.03918,-125.2011,49.03892,-125.2017,10,"Only measured trap 1, too many crabs",3,,,,,51,6,,0,XMB
GL,7,2024,7,24,24,-0.8,-0.1,23,10,pipestem,49.03918,-125.2011,49.03892,-125.2017,10,"Only measured trap 1, too many crabs",3,,,,,51,6,,0,XMB
GL,7,2024,7,24,24,-0.8,-0.1,23,10,pipestem,49.03918,-125.2011,49.03892,-125.2017,10,"Only measured trap 1, too many crabs",3,,,,,51,6,,0,XMB
GL,7,2024,7,24,24,-0.8,-0.1,23,10,pipestem,49.03918,-125.2011,49.03892,-125.2017,10,"Only measured trap 1, too many crabs",3,,,,,51,6,,0,XMB
GL,7,2024,7,24,24,-0.8,-0.1,23,10,pipestem,49.03918,-125.2011,49.03892,-125.2017,10,"Only measured trap 1, too many crabs",3,,,,,51,6,,0,XMB
GL,7,2024,7,24,24,-0.8,-0.1,23,10,pipestem,49.03918,-125.2011,49.03892,-125.2017,10,"Only measured trap 1, too many crabs",3,,,,,51,6,,0,XMB
GL,7,2024,7,24,24,-0.8,-0.1,23,10,pipestem,49.03918,-125.2011,49.03892,-125.2017,10,"Only measured trap 1, too many crabs",3,,,,,51,6,,0,XMB
GL,8,2024,7,24,24,-0.6,-0.2,23,10,pipestem,49.03878,-125.2024,49.039,-125.2018,10,"Only measured trap 1, too many crabs",3,,,,,51,5,,0,XMB
GL,8,2024,7,24,24,-0.6,-0.2,23,10,pipestem,49.03878,-125.2024,49.039,-125.2018,10,"Only measured trap 1, too many crabs",3,,,,,51,5,,0,XMB
GL,8,2024,7,24,24,-0.6,-0.2,23,10,pipestem,49.03878,-125.2024,49.039,-125.2018,10,"Only measured trap 1, too many crabs",3,,,,,51,5,,0,XMB
GL,8,2024,7,24,24,-0.6,-0.2,23,10,pipestem,49.03878,-125.2024,49.039,-125.2018,10,"Only measured trap 1, too many crabs",3,,,,,51,5,,0,XMB
GL,8,2024,7,24,24,-0.6,-0.2,23,10,pipestem,49.03878,-125.2024,49.039,-125.2018,10,"Only measured trap 1, too many crabs",3,,,,,51,5,,0,XMB
GL,8,2024,7,24,24,-0.6,-0.2,23,10,pipestem,49.03878,-125.2024,49.039,-125.2018,10,"Only measured trap 1, too many crabs",3,,,,,51,5,,0,XMB
GL,8,2024,7,24,24,-0.6,-0.2,23,10,pipestem,49.03878,-125.2024,49.039,-125.2018,10,"Only measured trap 1, too many crabs",3,,,,,51,5,,0,XMB
GL,8,2024,7,24,24,-0.6,-0.2,23,10,pipestem,49.03878,-125.2024,49.039,-125.2018,10,"Only measured trap 1, too many crabs",3,,,,,51,5,,0,XMB
GL,8,2024,7,24,24,-0.6,-0.2,23,10,pipestem,49.03878,-125.2024,49.039,-125.2018,10,"Only measured trap 1, too many crabs",3,,,,,51,5,,0,XMB
GL,8,2024,7,24,24,-0.6,-0.2,23,10,pipestem,49.03878,-125.2024,49.039,-125.2018,10,"Only measured trap 1, too many crabs",3,,,,,51,5,,0,XMB
GL,8,2024,7,24,24,-0.6,-0.2,23,10,pipestem,49.03878,-125.2024,49.039,-125.2018,10,"Only measured trap 1, too many crabs",3,,,,,51,5,,0,XMB
GL,8,2024,7,24,24,-0.6,-0.2,23,10,pipestem,49.03878,-125.2024,49.039,-125.2018,10,"Only measured trap 1, too many crabs",3,,,,,51,5,,0,XMB
GL,8,2024,7,24,24,-0.6,-0.2,23,10,pipestem,49.03878,-125.2024,49.039,-125.2018,10,"Only measured trap 1, too many crabs",3,,,,,51,5,,0,XMB
GL,8,2024,7,24,24,-0.6,-0.2,23,10,pipestem,49.03878,-125.2024,49.039,-125.2018,10,"Only measured trap 1, too many crabs",3,,,,,51,5,,0,XMB
GL,8,2024,7,24,24,-0.6,-0.2,23,10,pipestem,49.03878,-125.2024,49.039,-125.2018,10,"Only measured trap 1, too many crabs",3,,,,,51,5,,0,XMB
GL,8,2024,7,24,24,-0.6,-0.2,23,10,pipestem,49.03878,-125.2024,49.039,-125.2018,10,"Only measured trap 1, too many crabs",3,,,,,51,5,,0,XMB
GL,8,2024,7,24,24,-0.6,-0.2,23,10,pipestem,49.03878,-125.2024,49.039,-125.2018,10,"Only measured trap 1, too many crabs",3,,,,,51,5,,0,XMB
GL,8,2024,7,24,24,-0.6,-0.2,23,10,pipestem,49.03878,-125.2024,49.039,-125.2018,10,"Only measured trap 1, too many crabs",3,,,,,51,5,,0,XMB
GL,8,2024,7,24,24,-0.6,-0.2,23,10,pipestem,49.03878,-125.2024,49.039,-125.2018,10,"Only measured trap 1, too many crabs",3,,,,,51,5,,0,XMB
GL,8,2024,7,24,24,-0.6,-0.2,23,10,pipestem,49.03878,-125.2024,49.039,-125.2018,10,"Only measured trap 1, too many crabs",3,,,,,51,5,,0,XMB
GL,8,2024,7,24,24,-0.6,-0.2,23,10,pipestem,49.03878,-125.2024,49.039,-125.2018,10,"Only measured trap 1, too many crabs",3,,,,,51,5,,0,XMB
GL,8,2024,7,24,24,-0.6,-0.2,23,10,pipestem,49.03878,-125.2024,49.039,-125.2018,10,"Only measured trap 1, too many crabs",3,,,,,51,5,,0,XMB
GL,8,2024,7,24,24,-0.6,-0.2,23,10,pipestem,49.03878,-125.2024,49.039,-125.2018,10,"Only measured trap 1, too many crabs",1,,,,,51,6,,0,XMB
GL,8,2024,7,24,24,-0.6,-0.2,23,10,pipestem,49.03878,-125.2024,49.039,-125.2018,10,"Only measured trap 1, too many crabs",1,,,,,51,5,,0,XMB
GL,8,2024,7,24,24,-0.6,-0.2,23,10,pipestem,49.03878,-125.2024,49.039,-125.2018,10,"Only measured trap 1, too many crabs",1,,,,,51,6,,0,XMB
GL,8,2024,7,24,24,-0.6,-0.2,23,10,pipestem,49.03878,-125.2024,49.039,-125.2018,10,"Only measured trap 1, too many crabs",1,,,,,51,6,,0,XMB
GL,8,2024,7,24,24,-0.6,-0.2,23,10,pipestem,49.03878,-125.2024,49.039,-125.2018,10,"Only measured trap 1, too many crabs",1,,,,,51,6,,0,XMB
GL,8,2024,7,24,24,-0.6,-0.2,23,10,pipestem,49.03878,-125.2024,49.039,-125.2018,10,"Only measured trap 1, too many crabs",1,,,,,51,6,,0,XMB
GL,8,2024,7,24,24,-0.6,-0.2,23,10,pipestem,49.03878,-125.2024,49.039,-125.2018,10,"Only measured trap 1, too many crabs",1,,,,,51,6,,0,XMB
GL,8,2024,7,24,24,-0.6,-0.2,23,10,pipestem,49.03878,-125.2024,49.039,-125.2018,10,"Only measured trap 1, too many crabs",1,,,,,51,6,,0,XMB
GL,8,2024,7,24,24,-0.6,-0.2,23,10,pipestem,49.03878,-125.2024,49.039,-125.2018,10,"Only measured trap 1, too many crabs",1,,,,,51,6,,0,XMB
GL,8,2024,7,24,24,-0.6,-0.2,23,10,pipestem,49.03878,-125.2024,49.039,-125.2018,10,"Only measured trap 1, too many crabs",1,,,,,51,6,,0,XMB
GL,8,2024,7,24,24,-0.6,-0.2,23,10,pipestem,49.03878,-125.2024,49.039,-125.2018,10,"Only measured trap 1, too many crabs",1,,,,,51,6,,0,XMB
GL,8,2024,7,24,24,-0.6,-0.2,23,10,pipestem,49.03878,-125.2024,49.039,-125.2018,10,"Only measured trap 1, too many crabs",3,,,,,51,6,,0,XMB
GL,8,2024,7,24,24,-0.6,-0.2,23,10,pipestem,49.03878,-125.2024,49.039,-125.2018,10,"Only measured trap 1, too many crabs",3,,,,,51,6,,0,XMB
GL,8,2024,7,24,24,-0.6,-0.2,23,10,pipestem,49.03878,-125.2024,49.039,-125.2018,10,"Only measured trap 1, too many crabs",3,,,,,51,6,,0,XMB
GL,8,2024,7,24,24,-0.6,-0.2,23,10,pipestem,49.03878,-125.2024,49.039,-125.2018,10,"Only measured trap 1, too many crabs",3,,,,,51,6,,0,XMB
GL,8,2024,7,24,24,-0.6,-0.2,23,10,pipestem,49.03878,-125.2024,49.039,-125.2018,10,"Only measured trap 1, too many crabs",3,,,,,51,6,,0,XMB
GL,8,2024,7,24,24,-0.6,-0.2,23,10,pipestem,49.03878,-125.2024,49.039,-125.2018,10,"Only measured trap 1, too many crabs",3,,,,,51,6,,0,XMB
GL,8,2024,7,24,24,-0.6,-0.2,23,10,pipestem,49.03878,-125.2024,49.039,-125.2018,10,"Only measured trap 1, too many crabs",3,,,,,51,6,,0,XMB
GL,8,2024,7,24,24,-0.6,-0.2,23,10,pipestem,49.03878,-125.2024,49.039,-125.2018,10,"Only measured trap 1, too many crabs",3,,,,,51,6,,0,XMB
GL,8,2024,7,24,24,-0.6,-0.2,23,10,pipestem,49.03878,-125.2024,49.039,-125.2018,10,"Only measured trap 1, too many crabs",3,,,,,51,6,,0,XMB
GL,8,2024,7,24,24,-0.6,-0.2,23,10,pipestem,49.03878,-125.2024,49.039,-125.2018,10,"Only measured trap 1, too many crabs",3,,,,,51,6,,0,XMB
GL,8,2024,7,24,24,-0.6,-0.2,23,10,pipestem,49.03878,-125.2024,49.039,-125.2018,10,"Only measured trap 1, too many crabs",3,,,,,51,6,,0,XMB
GL,8,2024,7,24,24,-0.6,-0.2,23,10,pipestem,49.03878,-125.2024,49.039,-125.2018,10,"Only measured trap 1, too many crabs",3,,,,,51,6,,0,XMB
GL,8,2024,7,24,24,-0.6,-0.2,23,10,pipestem,49.03878,-125.2024,49.039,-125.2018,10,"Only measured trap 1, too many crabs",3,,,,,51,6,,0,XMB
GL,8,2024,7,24,24,-0.6,-0.2,23,10,pipestem,49.03878,-125.2024,49.039,-125.2018,10,"Only measured trap 1, too many crabs",3,,,,,51,2,,0,XMB
GL,8,2024,7,24,24,-0.6,-0.2,23,10,pipestem,49.03878,-125.2024,49.039,-125.2018,10,"Only measured trap 1, too many crabs",3,,,,,51,2,,0,XMB
GL,8,2024,7,24,24,-0.6,-0.2,23,10,pipestem,49.03878,-125.2024,49.039,-125.2018,10,"Only measured trap 1, too many crabs",3,,,,,51,2,,0,XMB
GL,8,2024,7,24,24,-0.6,-0.2,23,10,pipestem,49.03878,-125.2024,49.039,-125.2018,10,"Only measured trap 1, too many crabs",3,,,,,51,2,,0,XMB
GL,8,2024,7,24,24,-0.6,-0.2,23,10,pipestem,49.03878,-125.2024,49.039,-125.2018,10,"Only measured trap 1, too many crabs",3,,,,,51,2,,0,XMB
GL,8,2024,7,24,24,-0.6,-0.2,23,10,pipestem,49.03878,-125.2024,49.039,-125.2018,10,"Only measured trap 1, too many crabs",3,,,,,51,2,,0,XMB
GL,8,2024,7,24,24,-0.6,-0.2,23,10,pipestem,49.03878,-125.2024,49.039,-125.2018,10,"Only measured trap 1, too many crabs",3,,,,,51,2,,0,XMB
GL,8,2024,7,24,24,-0.6,-0.2,23,10,pipestem,49.03878,-125.2024,49.039,-125.2018,10,"Only measured trap 1, too many crabs",3,,,,,51,2,,0,XMB
GL,8,2024,7,24,24,-0.6,-0.2,23,10,pipestem,49.03878,-125.2024,49.039,-125.2018,10,"Only measured trap 1, too many crabs",3,,,,,51,2,,0,XMB
GL,8,2024,7,24,24,-0.6,-0.2,23,10,pipestem,49.03878,-125.2024,49.039,-125.2018,10,"Only measured trap 1, too many crabs",3,,,,,51,2,,0,XMB
GL,8,2024,7,24,24,-0.6,-0.2,23,10,pipestem,49.03878,-125.2024,49.039,-125.2018,10,"Only measured trap 1, too many crabs",3,,,,,51,2,,0,XMB
GL,8,2024,7,24,24,-0.6,-0.2,23,10,pipestem,49.03878,-125.2024,49.039,-125.2018,10,"Only measured trap 1, too many crabs",1,,,,,51,3,,0,XMB
GL,8,2024,7,24,24,-0.6,-0.2,23,10,pipestem,49.03878,-125.2024,49.039,-125.2018,10,"Only measured trap 1, too many crabs",1,,,,,51,3,,0,XMB
GL,8,2024,7,24,24,-0.6,-0.2,23,10,pipestem,49.03878,-125.2024,49.039,-125.2018,10,"Only measured trap 1, too many crabs",1,,,,,51,3,,0,XMB
GL,8,2024,7,24,24,-0.6,-0.2,23,10,pipestem,49.03878,-125.2024,49.039,-125.2018,10,"Only measured trap 1, too many crabs",1,,,,,51,3,,0,XMB
GL,8,2024,7,24,24,-0.6,-0.2,23,10,pipestem,49.03878,-125.2024,49.039,-125.2018,10,"Only measured trap 1, too many crabs",1,,,,,51,3,,0,XMB
GL,8,2024,7,24,24,-0.6,-0.2,23,10,pipestem,49.03878,-125.2024,49.039,-125.2018,10,"Only measured trap 1, too many crabs",1,,,,,51,3,,0,XMB
GL,8,2024,7,24,24,-0.6,-0.2,23,10,pipestem,49.03878,-125.2024,49.039,-125.2018,10,"Only measured trap 1, too many crabs",1,,,,,51,3,,0,XMB
GL,8,2024,7,24,24,-0.6,-0.2,23,10,pipestem,49.03878,-125.2024,49.039,-125.2018,10,"Only measured trap 1, too many crabs",1,,,,,51,3,,0,XMB
GL,8,2024,7,24,24,-0.6,-0.2,23,10,pipestem,49.03878,-125.2024,49.039,-125.2018,10,"Only measured trap 1, too many crabs",1,,,,,51,3,,0,XMB
GL,8,2024,7,24,24,-0.6,-0.2,23,10,pipestem,49.03878,-125.2024,49.039,-125.2018,10,"Only measured trap 1, too many crabs",1,,,,,51,3,,0,XMB
GL,8,2024,7,24,24,-0.6,-0.2,23,10,pipestem,49.03878,-125.2024,49.039,-125.2018,10,"Only measured trap 1, too many crabs",1,,,,,51,3,,0,XMB
GL,8,2024,7,24,24,-0.6,-0.2,23,10,pipestem,49.03878,-125.2024,49.039,-125.2018,10,"Only measured trap 1, too many crabs",1,,,,,51,3,,0,XMB
GL,8,2024,7,24,24,-0.6,-0.2,23,10,pipestem,49.03878,-125.2024,49.039,-125.2018,10,"Only measured trap 1, too many crabs",3,,,,,51,3,,0,XMB
GL,8,2024,7,24,24,-0.6,-0.2,23,10,pipestem,49.03878,-125.2024,49.039,-125.2018,10,"Only measured trap 1, too many crabs",3,,,,,51,3,,0,XMB
GL,8,2024,7,24,24,-0.6,-0.2,23,10,pipestem,49.03878,-125.2024,49.039,-125.2018,10,"Only measured trap 1, too many crabs",3,,,,,51,3,,0,XMB
GL,8,2024,7,24,24,-0.6,-0.2,23,10,pipestem,49.03878,-125.2024,49.039,-125.2018,10,"Only measured trap 1, too many crabs",3,,,,,51,3,,0,XMB
GL,8,2024,7,24,24,-0.6,-0.2,23,10,pipestem,49.03878,-125.2024,49.039,-125.2018,10,"Only measured trap 1, too many crabs",3,,,,,51,3,,0,XMB
GL,8,2024,7,24,24,-0.6,-0.2,23,10,pipestem,49.03878,-125.2024,49.039,-125.2018,10,"Only measured trap 1, too many crabs",3,,,,,51,3,,0,XMB
GL,8,2024,7,24,24,-0.6,-0.2,23,10,pipestem,49.03878,-125.2024,49.039,-125.2018,10,"Only measured trap 1, too many crabs",3,,,,,51,3,,0,XMB
GL,8,2024,7,24,24,-0.6,-0.2,23,10,pipestem,49.03878,-125.2024,49.039,-125.2018,10,"Only measured trap 1, too many crabs",3,,,,,51,3,,0,XMB
GL,8,2024,7,24,24,-0.6,-0.2,23,10,pipestem,49.03878,-125.2024,49.039,-125.2018,10,"Only measured trap 1, too many crabs",3,,,,,51,3,,0,XMB
GL,8,2024,7,24,24,-0.6,-0.2,23,10,pipestem,49.03878,-125.2024,49.039,-125.2018,10,"Only measured trap 1, too many crabs",1,,,,,51,4,,0,XMB
GL,8,2024,7,24,24,-0.6,-0.2,23,10,pipestem,49.03878,-125.2024,49.039,-125.2018,10,"Only measured trap 1, too many crabs",1,,,,,51,4,,0,XMB
GL,8,2024,7,24,24,-0.6,-0.2,23,10,pipestem,49.03878,-125.2024,49.039,-125.2018,10,"Only measured trap 1, too many crabs",1,,,,,51,4,,0,XMB
GL,8,2024,7,24,24,-0.6,-0.2,23,10,pipestem,49.03878,-125.2024,49.039,-125.2018,10,"Only measured trap 1, too many crabs",1,,,,,51,4,,0,XMB
GL,8,2024,7,24,24,-0.6,-0.2,23,10,pipestem,49.03878,-125.2024,49.039,-125.2018,10,"Only measured trap 1, too many crabs",1,,,,,51,4,,0,XMB
GL,8,2024,7,24,24,-0.6,-0.2,23,10,pipestem,49.03878,-125.2024,49.039,-125.2018,10,"Only measured trap 1, too many crabs",1,,,,,51,4,,0,XMB
GL,8,2024,7,24,24,-0.6,-0.2,23,10,pipestem,49.03878,-125.2024,49.039,-125.2018,10,"Only measured trap 1, too many crabs",1,,,,,51,4,,0,XMB
GL,8,2024,7,24,24,-0.6,-0.2,23,10,pipestem,49.03878,-125.2024,49.039,-125.2018,10,"Only measured trap 1, too many crabs",1,,,,,51,4,,0,XMB
GL,8,2024,7,24,24,-0.6,-0.2,23,10,pipestem,49.03878,-125.2024,49.039,-125.2018,10,"Only measured trap 1, too many crabs",1,,,,,51,4,,0,XMB
GL,8,2024,7,24,24,-0.6,-0.2,23,10,pipestem,49.03878,-125.2024,49.039,-125.2018,10,"Only measured trap 1, too many crabs",1,,,,,51,4,,0,XMB
GL,8,2024,7,24,24,-0.6,-0.2,23,10,pipestem,49.03878,-125.2024,49.039,-125.2018,10,"Only measured trap 1, too many crabs",1,,,,,51,4,,0,XMB
GL,8,2024,7,24,24,-0.6,-0.2,23,10,pipestem,49.03878,-125.2024,49.039,-125.2018,10,"Only measured trap 1, too many crabs",1,,,,,51,4,,0,XMB
GL,8,2024,7,24,24,-0.6,-0.2,23,10,pipestem,49.03878,-125.2024,49.039,-125.2018,10,"Only measured trap 1, too many crabs",1,,,,,51,4,,0,XMB
GL,8,2024,7,24,24,-0.6,-0.2,23,10,pipestem,49.03878,-125.2024,49.039,-125.2018,10,"Only measured trap 1, too many crabs",1,,,,,51,4,,0,XMB
GL,8,2024,7,24,24,-0.6,-0.2,23,10,pipestem,49.03878,-125.2024,49.039,-125.2018,10,"Only measured trap 1, too many crabs",1,,,,,51,4,,0,XMB
GL,8,2024,7,24,24,-0.6,-0.2,23,10,pipestem,49.03878,-125.2024,49.039,-125.2018,10,"Only measured trap 1, too many crabs",1,,,,,51,4,,0,XMB
GL,8,2024,7,24,24,-0.6,-0.2,23,10,pipestem,49.03878,-125.2024,49.039,-125.2018,10,"Only measured trap 1, too many crabs",1,,,,,51,4,,0,XMB
GL,8,2024,7,24,24,-0.6,-0.2,23,10,pipestem,49.03878,-125.2024,49.039,-125.2018,10,"Only measured trap 1, too many crabs",1,,,,,51,4,,0,XMB
GL,8,2024,7,24,24,-0.6,-0.2,23,10,pipestem,49.03878,-125.2024,49.039,-125.2018,10,"Only measured trap 1, too many crabs",1,,,,,51,4,,0,XMB
GL,8,2024,7,24,24,-0.6,-0.2,23,10,pipestem,49.03878,-125.2024,49.039,-125.2018,10,"Only measured trap 1, too many crabs",1,,,,,51,4,,0,XMB
GL,8,2024,7,24,24,-0.6,-0.2,23,10,pipestem,49.03878,-125.2024,49.039,-125.2018,10,"Only measured trap 1, too many crabs",3,,,,,51,4,,0,XMB
GL,8,2024,7,24,24,-0.6,-0.2,23,10,pipestem,49.03878,-125.2024,49.039,-125.2018,10,"Only measured trap 1, too many crabs",3,,,,,51,4,,0,XMB
GL,8,2024,7,24,24,-0.6,-0.2,23,10,pipestem,49.03878,-125.2024,49.039,-125.2018,10,"Only measured trap 1, too many crabs",3,,,,,51,4,,0,XMB
GL,8,2024,7,24,24,-0.6,-0.2,23,10,pipestem,49.03878,-125.2024,49.039,-125.2018,10,"Only measured trap 1, too many crabs",3,,,,,51,4,,0,XMB
GL,8,2024,7,24,24,-0.6,-0.2,23,10,pipestem,49.03878,-125.2024,49.039,-125.2018,10,"Only measured trap 1, too many crabs",3,,,,,51,4,,0,XMB
GL,8,2024,7,24,24,-0.6,-0.2,23,10,pipestem,49.03878,-125.2024,49.039,-125.2018,10,"Only measured trap 1, too many crabs",3,,,,,51,4,,0,XMB
GL,8,2024,7,24,24,-0.6,-0.2,23,10,pipestem,49.03878,-125.2024,49.039,-125.2018,10,"Only measured trap 1, too many crabs",3,,,,,51,4,,0,XMB
GL,8,2024,7,24,24,-0.6,-0.2,23,10,pipestem,49.03878,-125.2024,49.039,-125.2018,10,"Only measured trap 1, too many crabs",3,,,,,51,4,,0,XMB
GL,8,2024,7,24,24,-0.6,-0.2,23,10,pipestem,49.03878,-125.2024,49.039,-125.2018,10,"Only measured trap 1, too many crabs",3,,,,,51,4,,0,XMB
GL,8,2024,7,24,24,-0.6,-0.2,23,10,pipestem,49.03878,-125.2024,49.039,-125.2018,10,"Only measured trap 1, too many crabs",3,,,,,51,4,,0,XMB
GL,8,2024,7,24,24,-0.6,-0.2,23,10,pipestem,49.03878,-125.2024,49.039,-125.2018,10,"Only measured trap 1, too many crabs",3,,,,,51,4,,0,XMB
GL,8,2024,7,24,24,-0.6,-0.2,23,10,pipestem,49.03878,-125.2024,49.039,-125.2018,10,"Only measured trap 1, too many crabs",3,,,,,51,4,,0,XMB
GL,8,2024,7,24,24,-0.6,-0.2,23,10,pipestem,49.03878,-125.2024,49.039,-125.2018,10,"Only measured trap 1, too many crabs",3,,,,,51,4,,0,XMB
GL,8,2024,7,24,24,-0.6,-0.2,23,10,pipestem,49.03878,-125.2024,49.039,-125.2018,10,"Only measured trap 1, too many crabs",3,,,,,51,4,,0,XMB
GL,8,2024,7,24,24,-0.6,-0.2,23,10,pipestem,49.03878,-125.2024,49.039,-125.2018,10,"Only measured trap 1, too many crabs",3,,,,,51,4,,0,XMB
GL,8,2024,7,24,24,-0.6,-0.2,23,10,pipestem,49.03878,-125.2024,49.039,-125.2018,10,"Only measured trap 1, too many crabs",3,,,,,51,4,,0,XMB
GL,8,2024,7,24,24,-0.6,-0.2,23,10,pipestem,49.03878,-125.2024,49.039,-125.2018,10,"Only measured trap 1, too many crabs",3,,,,,51,4,,0,XMB
GL,8,2024,7,24,24,-0.6,-0.2,23,10,pipestem,49.03878,-125.2024,49.039,-125.2018,10,"Only measured trap 1, too many crabs",3,,,,,51,4,,0,XMB
GL,8,2024,7,24,24,-0.6,-0.2,23,10,pipestem,49.03878,-125.2024,49.039,-125.2018,10,"Only measured trap 1, too many crabs",3,,,,,51,4,,0,XMB
GL,8,2024,7,24,24,-0.6,-0.2,23,10,pipestem,49.03878,-125.2024,49.039,-125.2018,10,"Only measured trap 1, too many crabs",3,,,,,51,4,,0,XMB
GL,8,2024,7,24,24,-0.6,-0.2,23,10,pipestem,49.03878,-125.2024,49.039,-125.2018,10,"Only measured trap 1, too many crabs",3,,,,,51,4,,0,XMB
GL,8,2024,7,24,24,-0.6,-0.2,23,10,pipestem,49.03878,-125.2024,49.039,-125.2018,10,"Only measured trap 1, too many crabs",3,,,,,51,4,,0,XMB
GL,8,2024,7,24,24,-0.6,-0.2,23,10,pipestem,49.03878,-125.2024,49.039,-125.2018,10,"Only measured trap 1, too many crabs",3,,,,,51,4,,0,XMB
GL,8,2024,7,24,24,-0.6,-0.2,23,10,pipestem,49.03878,-125.2024,49.039,-125.2018,10,"Only measured trap 1, too many crabs",3,,,,,51,4,,0,XMB
GL,8,2024,7,24,24,-0.6,-0.2,23,10,pipestem,49.03878,-125.2024,49.039,-125.2018,10,"Only measured trap 1, too many crabs",1,,,,,51,5,,0,XMB
GL,8,2024,7,24,24,-0.6,-0.2,23,10,pipestem,49.03878,-125.2024,49.039,-125.2018,10,"Only measured trap 1, too many crabs",1,,,,,51,5,,0,XMB
GL,8,2024,7,24,24,-0.6,-0.2,23,10,pipestem,49.03878,-125.2024,49.039,-125.2018,10,"Only measured trap 1, too many crabs",1,,,,,51,5,,0,XMB
GL,8,2024,7,24,24,-0.6,-0.2,23,10,pipestem,49.03878,-125.2024,49.039,-125.2018,10,"Only measured trap 1, too many crabs",1,,,,,51,5,,0,XMB
GL,8,2024,7,24,24,-0.6,-0.2,23,10,pipestem,49.03878,-125.2024,49.039,-125.2018,10,"Only measured trap 1, too many crabs",1,,,,,51,5,,0,XMB
GL,8,2024,7,24,24,-0.6,-0.2,23,10,pipestem,49.03878,-125.2024,49.039,-125.2018,10,"Only measured trap 1, too many crabs",1,,,,,51,5,,0,XMB
GL,8,2024,7,24,24,-0.6,-0.2,23,10,pipestem,49.03878,-125.2024,49.039,-125.2018,10,"Only measured trap 1, too many crabs",1,,,,,51,5,,0,XMB
GL,8,2024,7,24,24,-0.6,-0.2,23,10,pipestem,49.03878,-125.2024,49.039,-125.2018,10,"Only measured trap 1, too many crabs",1,,,,,51,5,,0,XMB
GL,8,2024,7,24,24,-0.6,-0.2,23,10,pipestem,49.03878,-125.2024,49.039,-125.2018,10,"Only measured trap 1, too many crabs",1,,,,,51,5,,0,XMB
GL,8,2024,7,24,24,-0.6,-0.2,23,10,pipestem,49.03878,-125.2024,49.039,-125.2018,10,"Only measured trap 1, too many crabs",1,,,,,51,5,,0,XMB
GL,8,2024,7,24,24,-0.6,-0.2,23,10,pipestem,49.03878,-125.2024,49.039,-125.2018,10,"Only measured trap 1, too many crabs",1,,,,,51,5,,0,XMB
GL,8,2024,7,24,24,-0.6,-0.2,23,10,pipestem,49.03878,-125.2024,49.039,-125.2018,10,"Only measured trap 1, too many crabs",1,,,,,51,5,,0,XMB
GL,8,2024,7,24,24,-0.6,-0.2,23,10,pipestem,49.03878,-125.2024,49.039,-125.2018,10,"Only measured trap 1, too many crabs",1,,,,,51,5,,0,XMB
GL,8,2024,7,24,24,-0.6,-0.2,23,10,pipestem,49.03878,-125.2024,49.039,-125.2018,10,"Only measured trap 1, too many crabs",1,,,,,51,5,,0,XMB
GL,8,2024,7,24,24,-0.6,-0.2,23,10,pipestem,49.03878,-125.2024,49.039,-125.2018,10,"Only measured trap 1, too many crabs",1,,,,,51,5,,0,XMB
GL,8,2024,7,24,24,-0.6,-0.2,23,10,pipestem,49.03878,-125.2024,49.039,-125.2018,10,"Only measured trap 1, too many crabs",1,,,,,51,5,,0,XMB
GL,8,2024,7,24,24,-0.6,-0.2,23,10,pipestem,49.03878,-125.2024,49.039,-125.2018,10,"Only measured trap 1, too many crabs",1,,,,,51,5,,0,XMB
GL,8,2024,7,24,24,-0.6,-0.2,23,10,pipestem,49.03878,-125.2024,49.039,-125.2018,10,"Only measured trap 1, too many crabs",1,,,,,51,5,,0,XMB
GL,8,2024,7,24,24,-0.6,-0.2,23,10,pipestem,49.03878,-125.2024,49.039,-125.2018,10,"Only measured trap 1, too many crabs",1,,,,,51,5,,0,XMB
GL,8,2024,7,24,24,-0.6,-0.2,23,10,pipestem,49.03878,-125.2024,49.039,-125.2018,10,"Only measured trap 1, too many crabs",1,,,,,51,5,,0,XMB
GL,8,2024,7,24,24,-0.6,-0.2,23,10,pipestem,49.03878,-125.2024,49.039,-125.2018,10,"Only measured trap 1, too many crabs",1,,,,,51,5,,0,XMB
GL,8,2024,7,24,24,-0.6,-0.2,23,10,pipestem,49.03878,-125.2024,49.039,-125.2018,10,"Only measured trap 1, too many crabs",1,,,,,51,5,,0,XMB
GL,8,2024,7,24,24,-0.6,-0.2,23,10,pipestem,49.03878,-125.2024,49.039,-125.2018,10,"Only measured trap 1, too many crabs",1,,,,,51,5,,0,XMB
GL,8,2024,7,24,24,-0.6,-0.2,23,10,pipestem,49.03878,-125.2024,49.039,-125.2018,10,"Only measured trap 1, too many crabs",1,,,,,51,5,,0,XMB
GL,8,2024,7,24,24,-0.6,-0.2,23,10,pipestem,49.03878,-125.2024,49.039,-125.2018,10,"Only measured trap 1, too many crabs",1,,,,,51,5,,0,XMB
GL,8,2024,7,24,24,-0.6,-0.2,23,10,pipestem,49.03878,-125.2024,49.039,-125.2018,10,"Only measured trap 1, too many crabs",1,,,,,51,5,,0,XMB
GL,8,2024,7,24,24,-0.6,-0.2,23,10,pipestem,49.03878,-125.2024,49.039,-125.2018,10,"Only measured trap 1, too many crabs",1,,,,,51,5,,0,XMB
GL,8,2024,7,24,24,-0.6,-0.2,23,10,pipestem,49.03878,-125.2024,49.039,-125.2018,10,"Only measured trap 1, too many crabs",1,,,,,51,5,,0,XMB
GL,8,2024,7,24,24,-0.6,-0.2,23,10,pipestem,49.03878,-125.2024,49.039,-125.2018,10,"Only measured trap 1, too many crabs",1,,,,,51,5,,0,XMB
GL,8,2024,7,24,24,-0.6,-0.2,23,10,pipestem,49.03878,-125.2024,49.039,-125.2018,10,"Only measured trap 1, too many crabs",1,,,,,51,5,,0,XMB
GL,8,2024,7,24,24,-0.6,-0.2,23,10,pipestem,49.03878,-125.2024,49.039,-125.2018,10,"Only measured trap 1, too many crabs",1,,,,,51,5,,0,XMB
GL,8,2024,7,24,24,-0.6,-0.2,23,10,pipestem,49.03878,-125.2024,49.039,-125.2018,10,"Only measured trap 1, too many crabs",1,,,,,51,5,,0,XMB
GL,8,2024,7,24,24,-0.6,-0.2,23,10,pipestem,49.03878,-125.2024,49.039,-125.2018,10,"Only measured trap 1, too many crabs",1,,,,,51,5,,0,XMB
GL,8,2024,7,24,24,-0.6,-0.2,23,10,pipestem,49.03878,-125.2024,49.039,-125.2018,10,"Only measured trap 1, too many crabs",3,,,,,51,5,,0,XMB
GL,8,2024,7,24,24,-0.6,-0.2,23,10,pipestem,49.03878,-125.2024,49.039,-125.2018,10,"Only measured trap 1, too many crabs",3,,,,,51,5,,0,XMB
GL,8,2024,7,24,24,-0.6,-0.2,23,10,pipestem,49.03878,-125.2024,49.039,-125.2018,10,"Only measured trap 1, too many crabs",3,,,,,51,5,,0,XMB
GL,8,2024,7,24,24,-0.6,-0.2,23,10,pipestem,49.03878,-125.2024,49.039,-125.2018,10,"Only measured trap 1, too many crabs",3,,,,,51,5,,0,XMB
GL,8,2024,7,24,24,-0.6,-0.2,23,10,pipestem,49.03878,-125.2024,49.039,-125.2018,10,"Only measured trap 1, too many crabs",3,,,,,51,5,,0,XMB
GL,8,2024,7,24,24,-0.6,-0.2,23,10,pipestem,49.03878,-125.2024,49.039,-125.2018,10,"Only measured trap 1, too many crabs",3,,,,,51,5,,0,XMB
GL,8,2024,7,24,24,-0.6,-0.2,23,10,pipestem,49.03878,-125.2024,49.039,-125.2018,10,"Only measured trap 1, too many crabs",3,,,,,51,5,,0,XMB
GL,8,2024,7,24,24,-0.6,-0.2,23,10,pipestem,49.03878,-125.2024,49.039,-125.2018,10,"Only measured trap 1, too many crabs",3,,,,,51,5,,0,XMB
GL,8,2024,7,24,24,-0.6,-0.2,23,10,pipestem,49.03878,-125.2024,49.039,-125.2018,10,"Only measured trap 1, too many crabs",3,,,,,51,5,,0,XMB
GL,8,2024,7,24,24,-0.6,-0.2,23,10,pipestem,49.03878,-125.2024,49.039,-125.2018,10,"Only measured trap 1, too many crabs",3,,,,,51,5,,0,XMB
GL,8,2024,7,24,24,-0.6,-0.2,23,10,pipestem,49.03878,-125.2024,49.039,-125.2018,10,"Only measured trap 1, too many crabs",3,,,,,51,5,,0,XMB
GL,8,2024,7,24,24,-0.6,-0.2,23,10,pipestem,49.03878,-125.2024,49.039,-125.2018,10,"Only measured trap 1, too many crabs",3,59,,13,,51,1,,0,XMB
GL,8,2024,7,24,24,-0.6,-0.2,23,10,pipestem,49.03878,-125.2024,49.039,-125.2018,10,"Only measured trap 1, too many crabs",1,59,,11,,51,1,,0,XMB
GL,8,2024,7,24,24,-0.6,-0.2,23,10,pipestem,49.03878,-125.2024,49.039,-125.2018,10,"Only measured trap 1, too many crabs",1,65,,13,,51,1,,0,XMB
GL,8,2024,7,24,24,-0.6,-0.2,23,10,pipestem,49.03878,-125.2024,49.039,-125.2018,10,"Only measured trap 1, too many crabs",1,59,,13,,51,1,,0,XMB
GL,8,2024,7,24,24,-0.6,-0.2,23,10,pipestem,49.03878,-125.2024,49.039,-125.2018,10,"Only measured trap 1, too many crabs",3,66,,13,,51,1,,0,XMB
GL,8,2024,7,24,24,-0.6,-0.2,23,10,pipestem,49.03878,-125.2024,49.039,-125.2018,10,"Only measured trap 1, too many crabs",1,67,,11,,51,1,,0,XMB
GL,8,2024,7,24,24,-0.6,-0.2,23,10,pipestem,49.03878,-125.2024,49.039,-125.2018,10,"Only measured trap 1, too many crabs",1,54,,13,,51,1,,0,XMB
GL,8,2024,7,24,24,-0.6,-0.2,23,10,pipestem,49.03878,-125.2024,49.039,-125.2018,10,"Only measured trap 1, too many crabs",1,59,,11,,51,1,,0,XMB
GL,8,2024,7,24,24,-0.6,-0.2,23,10,pipestem,49.03878,-125.2024,49.039,-125.2018,10,"Only measured trap 1, too many crabs",1,54,,13,,51,1,,0,XMB
GL,8,2024,7,24,24,-0.6,-0.2,23,10,pipestem,49.03878,-125.2024,49.039,-125.2018,10,"Only measured trap 1, too many crabs",3,62,,14,,51,1,,0,XMB
GL,8,2024,7,24,24,-0.6,-0.2,23,10,pipestem,49.03878,-125.2024,49.039,-125.2018,10,"Only measured trap 1, too many crabs",3,64,,13,,51,1,,0,XMB
GL,8,2024,7,24,24,-0.6,-0.2,23,10,pipestem,49.03878,-125.2024,49.039,-125.2018,10,"Only measured trap 1, too many crabs",1,52,,11,,51,1,,0,XMB
GL,8,2024,7,24,24,-0.6,-0.2,23,10,pipestem,49.03878,-125.2024,49.039,-125.2018,10,"Only measured trap 1, too many crabs",3,49,,12,,51,1,,0,XMB
GL,8,2024,7,24,24,-0.6,-0.2,23,10,pipestem,49.03878,-125.2024,49.039,-125.2018,10,"Only measured trap 1, too many crabs",1,50,,11,,51,1,,0,XMB
GL,8,2024,7,24,24,-0.6,-0.2,23,10,pipestem,49.03878,-125.2024,49.039,-125.2018,10,"Only measured trap 1, too many crabs",1,59,,12,,51,1,,0,XMB
GL,8,2024,7,24,24,-0.6,-0.2,23,10,pipestem,49.03878,-125.2024,49.039,-125.2018,10,"Only measured trap 1, too many crabs",3,46,,12,,51,1,,0,XMB
GL,8,2024,7,24,24,-0.6,-0.2,23,10,pipestem,49.03878,-125.2024,49.039,-125.2018,10,"Only measured trap 1, too many crabs",3,53,,13,,51,1,,0,XMB
GL,8,2024,7,24,24,-0.6,-0.2,23,10,pipestem,49.03878,-125.2024,49.039,-125.2018,10,"Only measured trap 1, too many crabs",1,52,,11,,51,1,,0,XMB
GL,8,2024,7,24,24,-0.6,-0.2,23,10,pipestem,49.03878,-125.2024,49.039,-125.2018,10,"Only measured trap 1, too many crabs",3,51,,14,,51,1,,0,XMB
GL,8,2024,7,24,24,-0.6,-0.2,23,10,pipestem,49.03878,-125.2024,49.039,-125.2018,10,"Only measured trap 1, too many crabs",1,45,,12,,51,1,,0,XMB
GL,8,2024,7,24,24,-0.6,-0.2,23,10,pipestem,49.03878,-125.2024,49.039,-125.2018,10,"Only measured trap 1, too many crabs",1,34,,12,,51,1,,0,XMB
GL,8,2024,7,24,24,-0.6,-0.2,23,10,pipestem,49.03878,-125.2024,49.039,-125.2018,10,"Only measured trap 1, too many crabs",3,57,,14,,51,1,,0,XMB
GL,8,2024,7,24,24,-0.6,-0.2,23,10,pipestem,49.03878,-125.2024,49.039,-125.2018,10,"Only measured trap 1, too many crabs",1,66,,13,,51,1,,0,XMB
GL,8,2024,7,24,24,-0.6,-0.2,23,10,pipestem,49.03878,-125.2024,49.039,-125.2018,10,"Only measured trap 1, too many crabs",1,60,,12,,51,1,,0,XMB
GL,8,2024,7,24,24,-0.6,-0.2,23,10,pipestem,49.03878,-125.2024,49.039,-125.2018,10,"Only measured trap 1, too many crabs",1,47,,12,,51,1,,0,XMB
GL,8,2024,7,24,24,-0.6,-0.2,23,10,pipestem,49.03878,-125.2024,49.039,-125.2018,10,"Only measured trap 1, too many crabs",3,47,,13,,51,1,,0,XMB
GL,8,2024,7,24,24,-0.6,-0.2,23,10,pipestem,49.03878,-125.2024,49.039,-125.2018,10,"Only measured trap 1, too many crabs",3,39,,12,,51,1,,0,XMB
GL,8,2024,7,24,24,-0.6,-0.2,23,10,pipestem,49.03878,-125.2024,49.039,-125.2018,10,"Only measured trap 1, too many crabs",1,67,,13,,51,1,,0,XMB
GL,8,2024,7,24,24,-0.6,-0.2,23,10,pipestem,49.03878,-125.2024,49.039,-125.2018,10,"Only measured trap 1, too many crabs",3,46,,14,,51,1,,0,XMB
GL,8,2024,7,24,24,-0.6,-0.2,23,10,pipestem,49.03878,-125.2024,49.039,-125.2018,10,"Only measured trap 1, too many crabs",1,45,,14,,51,1,,0,XMB
GL,8,2024,7,24,24,-0.6,-0.2,23,10,pipestem,49.03878,-125.2024,49.039,-125.2018,10,"Only measured trap 1, too many crabs",3,56,,12,,51,1,,0,XMB
GL,8,2024,7,24,24,-0.6,-0.2,23,10,pipestem,49.03878,-125.2024,49.039,-125.2018,10,"Only measured trap 1, too many crabs",3,45,,13,,51,1,,0,XMB
GL,8,2024,7,24,24,-0.6,-0.2,23,10,pipestem,49.03878,-125.2024,49.039,-125.2018,10,"Only measured trap 1, too many crabs",3,45,,12,,51,1,,0,XMB
GL,8,2024,7,24,24,-0.6,-0.2,23,10,pipestem,49.03878,-125.2024,49.039,-125.2018,10,"Only measured trap 1, too many crabs",3,43,,12,,51,1,,0,XMB
GL,8,2024,7,24,24,-0.6,-0.2,23,10,pipestem,49.03878,-125.2024,49.039,-125.2018,10,"Only measured trap 1, too many crabs",1,61,,12,,51,1,,0,XMB
GL,8,2024,7,24,24,-0.6,-0.2,23,10,pipestem,49.03878,-125.2024,49.039,-125.2018,10,"Only measured trap 1, too many crabs",1,47,,11,,51,1,,0,XMB
GL,8,2024,7,24,24,-0.6,-0.2,23,10,pipestem,49.03878,-125.2024,49.039,-125.2018,10,"Only measured trap 1, too many crabs",1,65,,12,,51,1,,0,XMB
GL,8,2024,7,24,24,-0.6,-0.2,23,10,pipestem,49.03878,-125.2024,49.039,-125.2018,10,"Only measured trap 1, too many crabs",3,56,,13,,51,1,,0,XMB
GL,8,2024,7,24,24,-0.6,-0.2,23,10,pipestem,49.03878,-125.2024,49.039,-125.2018,10,"Only measured trap 1, too many crabs",1,51,,13,,51,1,,0,XMB
GL,8,2024,7,24,24,-0.6,-0.2,23,10,pipestem,49.03878,-125.2024,49.039,-125.2018,10,"Only measured trap 1, too many crabs",3,50,,12,,51,1,,0,XMB
GL,8,2024,7,24,24,-0.6,-0.2,23,10,pipestem,49.03878,-125.2024,49.039,-125.2018,10,"Only measured trap 1, too many crabs",1,49,,12,,51,1,,0,XMB
GL,8,2024,7,24,24,-0.6,-0.2,23,10,pipestem,49.03878,-125.2024,49.039,-125.2018,10,"Only measured trap 1, too many crabs",3,41,,12,,51,1,,0,XMB
GL,8,2024,7,24,24,-0.6,-0.2,23,10,pipestem,49.03878,-125.2024,49.039,-125.2018,10,"Only measured trap 1, too many crabs",3,43,,12,,51,1,,0,XMB
GL,8,2024,7,24,24,-0.6,-0.2,23,10,pipestem,49.03878,-125.2024,49.039,-125.2018,10,"Only measured trap 1, too many crabs",3,37,,12,,51,1,,0,XMB
GL,8,2024,7,24,24,-0.6,-0.2,23,10,pipestem,49.03878,-125.2024,49.039,-125.2018,10,"Only measured trap 1, too many crabs",3,57,,12,,51,1,,0,XMB
GL,8,2024,7,24,24,-0.6,-0.2,23,10,pipestem,49.03878,-125.2024,49.039,-125.2018,10,"Only measured trap 1, too many crabs",3,41,,12,,51,1,,0,XMB
GL,8,2024,7,24,24,-0.6,-0.2,23,10,pipestem,49.03878,-125.2024,49.039,-125.2018,10,"Only measured trap 1, too many crabs",1,41,,11,,51,1,,0,XMB
GL,8,2024,7,24,24,-0.6,-0.2,23,10,pipestem,49.03878,-125.2024,49.039,-125.2018,10,"Only measured trap 1, too many crabs",1,35,,12,,51,1,,0,XMB
GL,8,2024,7,24,24,-0.6,-0.2,23,10,pipestem,49.03878,-125.2024,49.039,-125.2018,10,"Only measured trap 1, too many crabs",3,38,,12,,51,1,,0,XMB
GL,8,2024,7,24,24,-0.6,-0.2,23,10,pipestem,49.03878,-125.2024,49.039,-125.2018,10,"Only measured trap 1, too many crabs",1,33,,12,,51,1,,0,XMB
GL,8,2024,7,24,24,-0.6,-0.2,23,10,pipestem,49.03878,-125.2024,49.039,-125.2018,10,"Only measured trap 1, too many crabs",1,36,,11,,51,1,,0,XMB
GL,8,2024,7,24,24,-0.6,-0.2,23,10,pipestem,49.03878,-125.2024,49.039,-125.2018,10,"Only measured trap 1, too many crabs",1,43,,13,,51,1,,0,XMB
GL,8,2024,7,24,24,-0.6,-0.2,23,10,pipestem,49.03878,-125.2024,49.039,-125.2018,10,"Only measured trap 1, too many crabs",1,42,,11,,51,1,,0,XMB
GL,8,2024,7,24,24,-0.6,-0.2,23,10,pipestem,49.03878,-125.2024,49.039,-125.2018,10,"Only measured trap 1, too many crabs",3,45,,12,,51,1,,0,XMB
GL,8,2024,7,24,24,-0.6,-0.2,23,10,pipestem,49.03878,-125.2024,49.039,-125.2018,10,"Only measured trap 1, too many crabs",3,32,,12,,51,1,,0,XMB
GL,8,2024,7,24,24,-0.6,-0.2,23,10,pipestem,49.03878,-125.2024,49.039,-125.2018,10,"Only measured trap 1, too many crabs",3,55,,12,,51,1,,0,XMB
GL,8,2024,7,24,24,-0.6,-0.2,23,10,pipestem,49.03878,-125.2024,49.039,-125.2018,10,"Only measured trap 1, too many crabs",1,27,,12,,51,1,,0,XMB
GL,8,2024,7,24,24,-0.6,-0.2,23,10,pipestem,49.03878,-125.2024,49.039,-125.2018,10,"Only measured trap 1, too many crabs",1,46,,12,,51,1,,0,XMB
GL,8,2024,7,24,24,-0.6,-0.2,23,10,pipestem,49.03878,-125.2024,49.039,-125.2018,10,"Only measured trap 1, too many crabs",3,45,,13,,51,1,,0,XMB
GL,8,2024,7,24,24,-0.6,-0.2,23,10,pipestem,49.03878,-125.2024,49.039,-125.2018,10,"Only measured trap 1, too many crabs",1,47,,12,,51,1,,0,XMB
GL,8,2024,7,24,24,-0.6,-0.2,23,10,pipestem,49.03878,-125.2024,49.039,-125.2018,10,"Only measured trap 1, too many crabs",1,40,,11,,51,1,,0,XMB
GL,8,2024,7,24,24,-0.6,-0.2,23,10,pipestem,49.03878,-125.2024,49.039,-125.2018,10,"Only measured trap 1, too many crabs",3,49,,12,,51,1,,0,XMB
GL,8,2024,7,24,24,-0.6,-0.2,23,10,pipestem,49.03878,-125.2024,49.039,-125.2018,10,"Only measured trap 1, too many crabs",3,33,,12,,51,1,,0,XMB
GL,8,2024,7,24,24,-0.6,-0.2,23,10,pipestem,49.03878,-125.2024,49.039,-125.2018,10,"Only measured trap 1, too many crabs",1,33,,12,,51,1,,0,XMB
GL,8,2024,7,24,24,-0.6,-0.2,23,10,pipestem,49.03878,-125.2024,49.039,-125.2018,10,"Only measured trap 1, too many crabs",3,41,,12,,51,1,,0,XMB
GL,8,2024,7,24,24,-0.6,-0.2,23,10,pipestem,49.03878,-125.2024,49.039,-125.2018,10,"Only measured trap 1, too many crabs",1,51,,14,,51,1,,0,XMB
GL,8,2024,7,24,24,-0.6,-0.2,23,10,pipestem,49.03878,-125.2024,49.039,-125.2018,10,"Only measured trap 1, too many crabs",3,51,,12,,51,1,,0,XMB
GL,8,2024,7,24,24,-0.6,-0.2,23,10,pipestem,49.03878,-125.2024,49.039,-125.2018,10,"Only measured trap 1, too many crabs",1,42,,12,,51,1,,0,XMB
GL,8,2024,7,24,24,-0.6,-0.2,23,10,pipestem,49.03878,-125.2024,49.039,-125.2018,10,"Only measured trap 1, too many crabs",3,56,,14,,51,1,,0,XMB
GL,8,2024,7,24,24,-0.6,-0.2,23,10,pipestem,49.03878,-125.2024,49.039,-125.2018,10,"Only measured trap 1, too many crabs",1,40,,12,,51,1,,0,XMB
GL,8,2024,7,24,24,-0.6,-0.2,23,10,pipestem,49.03878,-125.2024,49.039,-125.2018,10,"Only measured trap 1, too many crabs",1,46,,12,,51,1,,0,XMB
GL,8,2024,7,24,24,-0.6,-0.2,23,10,pipestem,49.03878,-125.2024,49.039,-125.2018,10,"Only measured trap 1, too many crabs",3,42,,12,,51,1,,0,XMB
GL,8,2024,7,24,24,-0.6,-0.2,23,10,pipestem,49.03878,-125.2024,49.039,-125.2018,10,"Only measured trap 1, too many crabs",3,42,,12,,51,1,,0,XMB
GL,8,2024,7,24,24,-0.6,-0.2,23,10,pipestem,49.03878,-125.2024,49.039,-125.2018,10,"Only measured trap 1, too many crabs",3,40,,12,,51,1,,0,XMB
GL,8,2024,7,24,24,-0.6,-0.2,23,10,pipestem,49.03878,-125.2024,49.039,-125.2018,10,"Only measured trap 1, too many crabs",1,47,,11,,51,1,,0,XMB
GL,8,2024,7,24,24,-0.6,-0.2,23,10,pipestem,49.03878,-125.2024,49.039,-125.2018,10,"Only measured trap 1, too many crabs",3,40,,13,,51,1,,0,XMB
GL,8,2024,7,24,24,-0.6,-0.2,23,10,pipestem,49.03878,-125.2024,49.039,-125.2018,10,"Only measured trap 1, too many crabs",1,45,,12,,51,1,,0,XMB
GL,8,2024,7,24,24,-0.6,-0.2,23,10,pipestem,49.03878,-125.2024,49.039,-125.2018,10,"Only measured trap 1, too many crabs",1,40,,11,,51,1,,0,XMB
GL,8,2024,7,24,24,-0.6,-0.2,23,10,pipestem,49.03878,-125.2024,49.039,-125.2018,10,"Only measured trap 1, too many crabs",1,37,,1,,51,1,,0,XMB
GL,8,2024,7,24,24,-0.6,-0.2,23,10,pipestem,49.03878,-125.2024,49.039,-125.2018,10,"Only measured trap 1, too many crabs",3,40,,13,,51,1,,0,XMB
GL,8,2024,7,24,24,-0.6,-0.2,23,10,pipestem,49.03878,-125.2024,49.039,-125.2018,10,"Only measured trap 1, too many crabs",1,45,,12,,51,1,,0,XMB
GL,8,2024,7,24,24,-0.6,-0.2,23,10,pipestem,49.03878,-125.2024,49.039,-125.2018,10,"Only measured trap 1, too many crabs",3,31,,12,,51,1,,0,XMB
GL,8,2024,7,24,24,-0.6,-0.2,23,10,pipestem,49.03878,-125.2024,49.039,-125.2018,10,"Only measured trap 1, too many crabs",3,27,,12,,51,1,,0,XMB
GL,8,2024,7,24,24,-0.6,-0.2,23,10,pipestem,49.03878,-125.2024,49.039,-125.2018,10,"Only measured trap 1, too many crabs",1,32,,11,,51,1,,0,XMB
GL,8,2024,7,24,24,-0.6,-0.2,23,10,pipestem,49.03878,-125.2024,49.039,-125.2018,10,"Only measured trap 1, too many crabs",1,,,,,51,2,,0,XMB
GL,8,2024,7,24,24,-0.6,-0.2,23,10,pipestem,49.03878,-125.2024,49.039,-125.2018,10,"Only measured trap 1, too many crabs",1,,,,,51,2,,0,XMB
GL,8,2024,7,24,24,-0.6,-0.2,23,10,pipestem,49.03878,-125.2024,49.039,-125.2018,10,"Only measured trap 1, too many crabs",1,,,,,51,2,,0,XMB
GL,8,2024,7,24,24,-0.6,-0.2,23,10,pipestem,49.03878,-125.2024,49.039,-125.2018,10,"Only measured trap 1, too many crabs",1,,,,,51,2,,0,XMB
GL,8,2024,7,24,24,-0.6,-0.2,23,10,pipestem,49.03878,-125.2024,49.039,-125.2018,10,"Only measured trap 1, too many crabs",1,,,,,51,2,,0,XMB
GL,8,2024,7,24,24,-0.6,-0.2,23,10,pipestem,49.03878,-125.2024,49.039,-125.2018,10,"Only measured trap 1, too many crabs",1,,,,,51,2,,0,XMB
GL,8,2024,7,24,24,-0.6,-0.2,23,10,pipestem,49.03878,-125.2024,49.039,-125.2018,10,"Only measured trap 1, too many crabs",1,,,,,51,2,,0,XMB
GL,8,2024,7,24,24,-0.6,-0.2,23,10,pipestem,49.03878,-125.2024,49.039,-125.2018,10,"Only measured trap 1, too many crabs",1,,,,,51,2,,0,XMB
GL,8,2024,7,24,24,-0.6,-0.2,23,10,pipestem,49.03878,-125.2024,49.039,-125.2018,10,"Only measured trap 1, too many crabs",1,,,,,51,2,,0,XMB
GL,8,2024,7,24,24,-0.6,-0.2,23,10,pipestem,49.03878,-125.2024,49.039,-125.2018,10,"Only measured trap 1, too many crabs",1,,,,,51,2,,0,XMB
GL,8,2024,7,24,24,-0.6,-0.2,23,10,pipestem,49.03878,-125.2024,49.039,-125.2018,10,"Only measured trap 1, too many crabs",1,,,,,51,2,,0,XMB
GL,8,2024,7,24,24,-0.6,-0.2,23,10,pipestem,49.03878,-125.2024,49.039,-125.2018,10,"Only measured trap 1, too many crabs",1,,,,,51,2,,0,XMB
GL,8,2024,7,24,24,-0.6,-0.2,23,10,pipestem,49.03878,-125.2024,49.039,-125.2018,10,"Only measured trap 1, too many crabs",1,,,,,51,2,,0,XMB
GL,8,2024,7,24,24,-0.6,-0.2,23,10,pipestem,49.03878,-125.2024,49.039,-125.2018,10,"Only measured trap 1, too many crabs",3,,,,,51,2,,0,XMB
GL,8,2024,7,24,24,-0.6,-0.2,23,10,pipestem,49.03878,-125.2024,49.039,-125.2018,10,"Only measured trap 1, too many crabs",3,,,,,51,2,,0,XMB
GL,8,2024,7,24,24,-0.6,-0.2,23,10,pipestem,49.03878,-125.2024,49.039,-125.2018,10,"Only measured trap 1, too many crabs",3,,,,,51,2,,0,XMB
GL,9,2024,7,24,23,0.5,4.7,23,10,pipestem,49.03888,-125.2025,49.0392,-125.202,10,"Only measured trap 1, too many crabs",1,75,,11,,51,1,,0,XMB
GL,9,2024,7,24,23,0.5,4.7,23,10,pipestem,49.03888,-125.2025,49.0392,-125.202,10,"Only measured trap 1, too many crabs",3,54,,11,,51,1,,0,XMB
GL,9,2024,7,24,23,0.5,4.7,23,10,pipestem,49.03888,-125.2025,49.0392,-125.202,10,"Only measured trap 1, too many crabs",3,53,,14,,51,1,,0,XMB
GL,9,2024,7,24,23,0.5,4.7,23,10,pipestem,49.03888,-125.2025,49.0392,-125.202,10,"Only measured trap 1, too many crabs",1,64,,14,,51,1,,0,XMB
GL,9,2024,7,24,23,0.5,4.7,23,10,pipestem,49.03888,-125.2025,49.0392,-125.202,10,"Only measured trap 1, too many crabs",1,71,,13,,51,1,,0,XMB
GL,9,2024,7,24,23,0.5,4.7,23,10,pipestem,49.03888,-125.2025,49.0392,-125.202,10,"Only measured trap 1, too many crabs",1,63,,13,,51,1,,0,XMB
GL,9,2024,7,24,23,0.5,4.7,23,10,pipestem,49.03888,-125.2025,49.0392,-125.202,10,"Only measured trap 1, too many crabs",1,45,,11,,51,1,,0,XMB
GL,9,2024,7,24,23,0.5,4.7,23,10,pipestem,49.03888,-125.2025,49.0392,-125.202,10,"Only measured trap 1, too many crabs",1,65,,13,,51,1,,0,XMB
GL,9,2024,7,24,23,0.5,4.7,23,10,pipestem,49.03888,-125.2025,49.0392,-125.202,10,"Only measured trap 1, too many crabs",1,45,,12,,51,1,,0,XMB
GL,9,2024,7,24,23,0.5,4.7,23,10,pipestem,49.03888,-125.2025,49.0392,-125.202,10,"Only measured trap 1, too many crabs",3,50,,14,,51,1,,0,XMB
GL,9,2024,7,24,23,0.5,4.7,23,10,pipestem,49.03888,-125.2025,49.0392,-125.202,10,"Only measured trap 1, too many crabs",1,60,,12,,51,1,,0,XMB
GL,9,2024,7,24,23,0.5,4.7,23,10,pipestem,49.03888,-125.2025,49.0392,-125.202,10,"Only measured trap 1, too many crabs",3,51,,12,,51,1,,0,XMB
GL,9,2024,7,24,23,0.5,4.7,23,10,pipestem,49.03888,-125.2025,49.0392,-125.202,10,"Only measured trap 1, too many crabs",1,70,,13,,51,1,,0,XMB
GL,9,2024,7,24,23,0.5,4.7,23,10,pipestem,49.03888,-125.2025,49.0392,-125.202,10,"Only measured trap 1, too many crabs",1,65,,12,,51,1,,0,XMB
GL,9,2024,7,24,23,0.5,4.7,23,10,pipestem,49.03888,-125.2025,49.0392,-125.202,10,"Only measured trap 1, too many crabs",1,70,,11,,51,1,,0,XMB
GL,9,2024,7,24,23,0.5,4.7,23,10,pipestem,49.03888,-125.2025,49.0392,-125.202,10,"Only measured trap 1, too many crabs",3,56,,12,,51,1,,0,XMB
GL,9,2024,7,24,23,0.5,4.7,23,10,pipestem,49.03888,-125.2025,49.0392,-125.202,10,"Only measured trap 1, too many crabs",1,62,,12,,51,1,,0,XMB
GL,9,2024,7,24,23,0.5,4.7,23,10,pipestem,49.03888,-125.2025,49.0392,-125.202,10,"Only measured trap 1, too many crabs",3,62,,12,,51,1,,0,XMB
GL,9,2024,7,24,23,0.5,4.7,23,10,pipestem,49.03888,-125.2025,49.0392,-125.202,10,"Only measured trap 1, too many crabs",3,49,,12,,51,1,,0,XMB
GL,9,2024,7,24,23,0.5,4.7,23,10,pipestem,49.03888,-125.2025,49.0392,-125.202,10,"Only measured trap 1, too many crabs",3,53,,12,,51,1,,0,XMB
GL,9,2024,7,24,23,0.5,4.7,23,10,pipestem,49.03888,-125.2025,49.0392,-125.202,10,"Only measured trap 1, too many crabs",1,60,,13,,51,1,,0,XMB
GL,9,2024,7,24,23,0.5,4.7,23,10,pipestem,49.03888,-125.2025,49.0392,-125.202,10,"Only measured trap 1, too many crabs",3,55,,14,,51,1,,0,XMB
GL,9,2024,7,24,23,0.5,4.7,23,10,pipestem,49.03888,-125.2025,49.0392,-125.202,10,"Only measured trap 1, too many crabs",1,45,,12,,51,1,,0,XMB
GL,9,2024,7,24,23,0.5,4.7,23,10,pipestem,49.03888,-125.2025,49.0392,-125.202,10,"Only measured trap 1, too many crabs",1,45,,12,,51,1,,0,XMB
GL,9,2024,7,24,23,0.5,4.7,23,10,pipestem,49.03888,-125.2025,49.0392,-125.202,10,"Only measured trap 1, too many crabs",3,55,,12,,51,1,,0,XMB
GL,9,2024,7,24,23,0.5,4.7,23,10,pipestem,49.03888,-125.2025,49.0392,-125.202,10,"Only measured trap 1, too many crabs",1,67,,11,,51,1,,0,XMB
GL,9,2024,7,24,23,0.5,4.7,23,10,pipestem,49.03888,-125.2025,49.0392,-125.202,10,"Only measured trap 1, too many crabs",1,57,,12,,51,1,,0,XMB
GL,9,2024,7,24,23,0.5,4.7,23,10,pipestem,49.03888,-125.2025,49.0392,-125.202,10,"Only measured trap 1, too many crabs",3,55,,14,,51,1,,0,XMB
GL,9,2024,7,24,23,0.5,4.7,23,10,pipestem,49.03888,-125.2025,49.0392,-125.202,10,"Only measured trap 1, too many crabs",3,56,,14,,51,1,,0,XMB
GL,9,2024,7,24,23,0.5,4.7,23,10,pipestem,49.03888,-125.2025,49.0392,-125.202,10,"Only measured trap 1, too many crabs",3,48,,12,,51,1,,0,XMB
GL,9,2024,7,24,23,0.5,4.7,23,10,pipestem,49.03888,-125.2025,49.0392,-125.202,10,"Only measured trap 1, too many crabs",1,47,,12,,51,1,,0,XMB
GL,9,2024,7,24,23,0.5,4.7,23,10,pipestem,49.03888,-125.2025,49.0392,-125.202,10,"Only measured trap 1, too many crabs",1,67,,13,,51,1,,0,XMB
GL,9,2024,7,24,23,0.5,4.7,23,10,pipestem,49.03888,-125.2025,49.0392,-125.202,10,"Only measured trap 1, too many crabs",3,50,,11,,51,1,,0,XMB
GL,9,2024,7,24,23,0.5,4.7,23,10,pipestem,49.03888,-125.2025,49.0392,-125.202,10,"Only measured trap 1, too many crabs",3,45,,12,,51,1,,0,XMB
GL,9,2024,7,24,23,0.5,4.7,23,10,pipestem,49.03888,-125.2025,49.0392,-125.202,10,"Only measured trap 1, too many crabs",1,71,,11,,51,1,,0,XMB
GL,9,2024,7,24,23,0.5,4.7,23,10,pipestem,49.03888,-125.2025,49.0392,-125.202,10,"Only measured trap 1, too many crabs",1,59,,13,,51,1,,0,XMB
GL,9,2024,7,24,23,0.5,4.7,23,10,pipestem,49.03888,-125.2025,49.0392,-125.202,10,"Only measured trap 1, too many crabs",1,63,,11,,51,1,,0,XMB
GL,9,2024,7,24,23,0.5,4.7,23,10,pipestem,49.03888,-125.2025,49.0392,-125.202,10,"Only measured trap 1, too many crabs",3,57,,12,,51,1,,0,XMB
GL,9,2024,7,24,23,0.5,4.7,23,10,pipestem,49.03888,-125.2025,49.0392,-125.202,10,"Only measured trap 1, too many crabs",3,50,,12,,51,1,,0,XMB
GL,9,2024,7,24,23,0.5,4.7,23,10,pipestem,49.03888,-125.2025,49.0392,-125.202,10,"Only measured trap 1, too many crabs",1,66,,13,,51,1,,0,XMB
GL,9,2024,7,24,23,0.5,4.7,23,10,pipestem,49.03888,-125.2025,49.0392,-125.202,10,"Only measured trap 1, too many crabs",3,53,,14,,51,1,,0,XMB
GL,9,2024,7,24,23,0.5,4.7,23,10,pipestem,49.03888,-125.2025,49.0392,-125.202,10,"Only measured trap 1, too many crabs",3,55,,13,,51,1,,0,XMB
GL,9,2024,7,24,23,0.5,4.7,23,10,pipestem,49.03888,-125.2025,49.0392,-125.202,10,"Only measured trap 1, too many crabs",1,51,,11,,51,1,,0,XMB
GL,9,2024,7,24,23,0.5,4.7,23,10,pipestem,49.03888,-125.2025,49.0392,-125.202,10,"Only measured trap 1, too many crabs",1,42,,12,,51,1,,0,XMB
GL,9,2024,7,24,23,0.5,4.7,23,10,pipestem,49.03888,-125.2025,49.0392,-125.202,10,"Only measured trap 1, too many crabs",3,55,,12,,51,1,,0,XMB
GL,9,2024,7,24,23,0.5,4.7,23,10,pipestem,49.03888,-125.2025,49.0392,-125.202,10,"Only measured trap 1, too many crabs",1,66,,11,,51,1,,0,XMB
GL,9,2024,7,24,23,0.5,4.7,23,10,pipestem,49.03888,-125.2025,49.0392,-125.202,10,"Only measured trap 1, too many crabs",3,45,,14,,51,1,,0,XMB
GL,9,2024,7,24,23,0.5,4.7,23,10,pipestem,49.03888,-125.2025,49.0392,-125.202,10,"Only measured trap 1, too many crabs",1,61,,11,,51,1,,0,XMB
GL,9,2024,7,24,23,0.5,4.7,23,10,pipestem,49.03888,-125.2025,49.0392,-125.202,10,"Only measured trap 1, too many crabs",3,53,,12,,51,1,,0,XMB
GL,9,2024,7,24,23,0.5,4.7,23,10,pipestem,49.03888,-125.2025,49.0392,-125.202,10,"Only measured trap 1, too many crabs",3,53,,12,,51,1,,0,XMB
GL,9,2024,7,24,23,0.5,4.7,23,10,pipestem,49.03888,-125.2025,49.0392,-125.202,10,"Only measured trap 1, too many crabs",3,52,,12,,51,1,,0,XMB
GL,9,2024,7,24,23,0.5,4.7,23,10,pipestem,49.03888,-125.2025,49.0392,-125.202,10,"Only measured trap 1, too many crabs",3,36,,12,,51,1,,0,XMB
GL,9,2024,7,24,23,0.5,4.7,23,10,pipestem,49.03888,-125.2025,49.0392,-125.202,10,"Only measured trap 1, too many crabs",3,55,,12,,51,1,,0,XMB
GL,9,2024,7,24,23,0.5,4.7,23,10,pipestem,49.03888,-125.2025,49.0392,-125.202,10,"Only measured trap 1, too many crabs",3,57,,13,,51,1,,0,XMB
GL,9,2024,7,24,23,0.5,4.7,23,10,pipestem,49.03888,-125.2025,49.0392,-125.202,10,"Only measured trap 1, too many crabs",3,56,,13,,51,1,,0,XMB
GL,9,2024,7,24,23,0.5,4.7,23,10,pipestem,49.03888,-125.2025,49.0392,-125.202,10,"Only measured trap 1, too many crabs",1,55,,12,,51,1,,0,XMB
GL,9,2024,7,24,23,0.5,4.7,23,10,pipestem,49.03888,-125.2025,49.0392,-125.202,10,"Only measured trap 1, too many crabs",3,59,,13,,51,1,,0,XMB
GL,9,2024,7,24,23,0.5,4.7,23,10,pipestem,49.03888,-125.2025,49.0392,-125.202,10,"Only measured trap 1, too many crabs",1,45,,12,,51,1,,0,XMB
GL,9,2024,7,24,23,0.5,4.7,23,10,pipestem,49.03888,-125.2025,49.0392,-125.202,10,"Only measured trap 1, too many crabs",3,40,,12,,51,1,,0,XMB
GL,9,2024,7,24,23,0.5,4.7,23,10,pipestem,49.03888,-125.2025,49.0392,-125.202,10,"Only measured trap 1, too many crabs",1,53,,13,,51,1,,0,XMB
GL,9,2024,7,24,23,0.5,4.7,23,10,pipestem,49.03888,-125.2025,49.0392,-125.202,10,"Only measured trap 1, too many crabs",3,50,,11,,51,1,,0,XMB
GL,9,2024,7,24,23,0.5,4.7,23,10,pipestem,49.03888,-125.2025,49.0392,-125.202,10,"Only measured trap 1, too many crabs",3,49,,13,,51,1,,0,XMB
GL,9,2024,7,24,23,0.5,4.7,23,10,pipestem,49.03888,-125.2025,49.0392,-125.202,10,"Only measured trap 1, too many crabs",1,49,,12,,51,1,,0,XMB
GL,9,2024,7,24,23,0.5,4.7,23,10,pipestem,49.03888,-125.2025,49.0392,-125.202,10,"Only measured trap 1, too many crabs",1,40,,12,,51,1,,0,XMB
GL,9,2024,7,24,23,0.5,4.7,23,10,pipestem,49.03888,-125.2025,49.0392,-125.202,10,"Only measured trap 1, too many crabs",1,48,,13,,51,1,,0,XMB
GL,9,2024,7,24,23,0.5,4.7,23,10,pipestem,49.03888,-125.2025,49.0392,-125.202,10,"Only measured trap 1, too many crabs",1,36,,12,,51,1,,0,XMB
GL,9,2024,7,24,23,0.5,4.7,23,10,pipestem,49.03888,-125.2025,49.0392,-125.202,10,"Only measured trap 1, too many crabs",1,35,,11,,51,1,,0,XMB
GL,9,2024,7,24,23,0.5,4.7,23,10,pipestem,49.03888,-125.2025,49.0392,-125.202,10,"Only measured trap 1, too many crabs",3,41,,12,,51,1,,0,XMB
GL,9,2024,7,24,23,0.5,4.7,23,10,pipestem,49.03888,-125.2025,49.0392,-125.202,10,"Only measured trap 1, too many crabs",3,49,,14,,51,1,,0,XMB
GL,9,2024,7,24,23,0.5,4.7,23,10,pipestem,49.03888,-125.2025,49.0392,-125.202,10,"Only measured trap 1, too many crabs",3,44,,13,,51,1,,0,XMB
GL,9,2024,7,24,23,0.5,4.7,23,10,pipestem,49.03888,-125.2025,49.0392,-125.202,10,"Only measured trap 1, too many crabs",3,46,,12,,51,1,,0,XMB
GL,9,2024,7,24,23,0.5,4.7,23,10,pipestem,49.03888,-125.2025,49.0392,-125.202,10,"Only measured trap 1, too many crabs",1,41,,11,,51,1,,0,XMB
GL,9,2024,7,24,23,0.5,4.7,23,10,pipestem,49.03888,-125.2025,49.0392,-125.202,10,"Only measured trap 1, too many crabs",1,36,,11,,51,1,,0,XMB
GL,9,2024,7,24,23,0.5,4.7,23,10,pipestem,49.03888,-125.2025,49.0392,-125.202,10,"Only measured trap 1, too many crabs",1,36,,11,,51,1,,0,XMB
GL,9,2024,7,24,23,0.5,4.7,23,10,pipestem,49.03888,-125.2025,49.0392,-125.202,10,"Only measured trap 1, too many crabs",1,,,,,51,2,,0,XMB
GL,9,2024,7,24,23,0.5,4.7,23,10,pipestem,49.03888,-125.2025,49.0392,-125.202,10,"Only measured trap 1, too many crabs",1,,,,,51,2,,0,XMB
GL,9,2024,7,24,23,0.5,4.7,23,10,pipestem,49.03888,-125.2025,49.0392,-125.202,10,"Only measured trap 1, too many crabs",1,,,,,51,2,,0,XMB
GL,9,2024,7,24,23,0.5,4.7,23,10,pipestem,49.03888,-125.2025,49.0392,-125.202,10,"Only measured trap 1, too many crabs",1,,,,,51,2,,0,XMB
GL,9,2024,7,24,23,0.5,4.7,23,10,pipestem,49.03888,-125.2025,49.0392,-125.202,10,"Only measured trap 1, too many crabs",1,,,,,51,2,,0,XMB
GL,9,2024,7,24,23,0.5,4.7,23,10,pipestem,49.03888,-125.2025,49.0392,-125.202,10,"Only measured trap 1, too many crabs",1,,,,,51,2,,0,XMB
GL,9,2024,7,24,23,0.5,4.7,23,10,pipestem,49.03888,-125.2025,49.0392,-125.202,10,"Only measured trap 1, too many crabs",1,,,,,51,2,,0,XMB
GL,9,2024,7,24,23,0.5,4.7,23,10,pipestem,49.03888,-125.2025,49.0392,-125.202,10,"Only measured trap 1, too many crabs",1,,,,,51,2,,0,XMB
GL,9,2024,7,24,23,0.5,4.7,23,10,pipestem,49.03888,-125.2025,49.0392,-125.202,10,"Only measured trap 1, too many crabs",1,,,,,51,2,,0,XMB
GL,9,2024,7,24,23,0.5,4.7,23,10,pipestem,49.03888,-125.2025,49.0392,-125.202,10,"Only measured trap 1, too many crabs",1,,,,,51,2,,0,XMB
GL,9,2024,7,24,23,0.5,4.7,23,10,pipestem,49.03888,-125.2025,49.0392,-125.202,10,"Only measured trap 1, too many crabs",1,,,,,51,2,,0,XMB
GL,9,2024,7,24,23,0.5,4.7,23,10,pipestem,49.03888,-125.2025,49.0392,-125.202,10,"Only measured trap 1, too many crabs",1,,,,,51,2,,0,XMB
GL,9,2024,7,24,23,0.5,4.7,23,10,pipestem,49.03888,-125.2025,49.0392,-125.202,10,"Only measured trap 1, too many crabs",1,,,,,51,2,,0,XMB
GL,9,2024,7,24,23,0.5,4.7,23,10,pipestem,49.03888,-125.2025,49.0392,-125.202,10,"Only measured trap 1, too many crabs",1,,,,,51,2,,0,XMB
GL,9,2024,7,24,23,0.5,4.7,23,10,pipestem,49.03888,-125.2025,49.0392,-125.202,10,"Only measured trap 1, too many crabs",1,,,,,51,2,,0,XMB
GL,9,2024,7,24,23,0.5,4.7,23,10,pipestem,49.03888,-125.2025,49.0392,-125.202,10,"Only measured trap 1, too many crabs",1,,,,,51,2,,0,XMB
GL,9,2024,7,24,23,0.5,4.7,23,10,pipestem,49.03888,-125.2025,49.0392,-125.202,10,"Only measured trap 1, too many crabs",1,,,,,51,2,,0,XMB
GL,9,2024,7,24,23,0.5,4.7,23,10,pipestem,49.03888,-125.2025,49.0392,-125.202,10,"Only measured trap 1, too many crabs",1,,,,,51,2,,0,XMB
GL,9,2024,7,24,23,0.5,4.7,23,10,pipestem,49.03888,-125.2025,49.0392,-125.202,10,"Only measured trap 1, too many crabs",1,,,,,51,2,,0,XMB
GL,9,2024,7,24,23,0.5,4.7,23,10,pipestem,49.03888,-125.2025,49.0392,-125.202,10,"Only measured trap 1, too many crabs",1,,,,,51,2,,0,XMB
GL,9,2024,7,24,23,0.5,4.7,23,10,pipestem,49.03888,-125.2025,49.0392,-125.202,10,"Only measured trap 1, too many crabs",1,,,,,51,2,,0,XMB
GL,9,2024,7,24,23,0.5,4.7,23,10,pipestem,49.03888,-125.2025,49.0392,-125.202,10,"Only measured trap 1, too many crabs",1,,,,,51,2,,0,XMB
GL,9,2024,7,24,23,0.5,4.7,23,10,pipestem,49.03888,-125.2025,49.0392,-125.202,10,"Only measured trap 1, too many crabs",1,,,,,51,2,,0,XMB
GL,9,2024,7,24,23,0.5,4.7,23,10,pipestem,49.03888,-125.2025,49.0392,-125.202,10,"Only measured trap 1, too many crabs",1,,,,,51,2,,0,XMB
GL,9,2024,7,24,23,0.5,4.7,23,10,pipestem,49.03888,-125.2025,49.0392,-125.202,10,"Only measured trap 1, too many crabs",1,,,,,51,2,,0,XMB
GL,9,2024,7,24,23,0.5,4.7,23,10,pipestem,49.03888,-125.2025,49.0392,-125.202,10,"Only measured trap 1, too many crabs",1,,,,,51,2,,0,XMB
GL,9,2024,7,24,23,0.5,4.7,23,10,pipestem,49.03888,-125.2025,49.0392,-125.202,10,"Only measured trap 1, too many crabs",1,,,,,51,1,,0,XMB
GL,9,2024,7,24,23,0.5,4.7,23,10,pipestem,49.03888,-125.2025,49.0392,-125.202,10,"Only measured trap 1, too many crabs",3,,,,,51,2,,0,XMB
GL,9,2024,7,24,23,0.5,4.7,23,10,pipestem,49.03888,-125.2025,49.0392,-125.202,10,"Only measured trap 1, too many crabs",3,,,,,51,2,,0,XMB
GL,9,2024,7,24,23,0.5,4.7,23,10,pipestem,49.03888,-125.2025,49.0392,-125.202,10,"Only measured trap 1, too many crabs",3,,,,,51,2,,0,XMB
GL,9,2024,7,24,23,0.5,4.7,23,10,pipestem,49.03888,-125.2025,49.0392,-125.202,10,"Only measured trap 1, too many crabs",3,,,,,51,2,,0,XMB
GL,9,2024,7,24,23,0.5,4.7,23,10,pipestem,49.03888,-125.2025,49.0392,-125.202,10,"Only measured trap 1, too many crabs",3,,,,,51,2,,0,XMB
GL,9,2024,7,24,23,0.5,4.7,23,10,pipestem,49.03888,-125.2025,49.0392,-125.202,10,"Only measured trap 1, too many crabs",3,,,,,51,2,,0,XMB
GL,9,2024,7,24,23,0.5,4.7,23,10,pipestem,49.03888,-125.2025,49.0392,-125.202,10,"Only measured trap 1, too many crabs",3,,,,,51,2,,0,XMB
GL,9,2024,7,24,23,0.5,4.7,23,10,pipestem,49.03888,-125.2025,49.0392,-125.202,10,"Only measured trap 1, too many crabs",3,,,,,51,2,,0,XMB
GL,9,2024,7,24,23,0.5,4.7,23,10,pipestem,49.03888,-125.2025,49.0392,-125.202,10,"Only measured trap 1, too many crabs",3,,,,,51,2,,0,XMB
GL,9,2024,7,24,23,0.5,4.7,23,10,pipestem,49.03888,-125.2025,49.0392,-125.202,10,"Only measured trap 1, too many crabs",3,,,,,51,2,,0,XMB
GL,9,2024,7,24,23,0.5,4.7,23,10,pipestem,49.03888,-125.2025,49.0392,-125.202,10,"Only measured trap 1, too many crabs",3,,,,,51,2,,0,XMB
GL,9,2024,7,24,23,0.5,4.7,23,10,pipestem,49.03888,-125.2025,49.0392,-125.202,10,"Only measured trap 1, too many crabs",3,,,,,51,2,,0,XMB
GL,9,2024,7,24,23,0.5,4.7,23,10,pipestem,49.03888,-125.2025,49.0392,-125.202,10,"Only measured trap 1, too many crabs",3,,,,,51,2,,0,XMB
GL,9,2024,7,24,23,0.5,4.7,23,10,pipestem,49.03888,-125.2025,49.0392,-125.202,10,"Only measured trap 1, too many crabs",3,,,,,51,2,,0,XMB
GL,9,2024,7,24,23,0.5,4.7,23,10,pipestem,49.03888,-125.2025,49.0392,-125.202,10,"Only measured trap 1, too many crabs",3,,,,,51,2,,0,XMB
GL,9,2024,7,24,23,0.5,4.7,23,10,pipestem,49.03888,-125.2025,49.0392,-125.202,10,"Only measured trap 1, too many crabs",3,,,,,51,2,,0,XMB
GL,9,2024,7,24,23,0.5,4.7,23,10,pipestem,49.03888,-125.2025,49.0392,-125.202,10,"Only measured trap 1, too many crabs",3,,,,,51,2,,0,XMB
GL,9,2024,7,24,23,0.5,4.7,23,10,pipestem,49.03888,-125.2025,49.0392,-125.202,10,"Only measured trap 1, too many crabs",3,,,,,51,2,,0,XMB
GL,9,2024,7,24,23,0.5,4.7,23,10,pipestem,49.03888,-125.2025,49.0392,-125.202,10,"Only measured trap 1, too many crabs",3,,,,,51,2,,0,XMB
GL,9,2024,7,24,23,0.5,4.7,23,10,pipestem,49.03888,-125.2025,49.0392,-125.202,10,"Only measured trap 1, too many crabs",3,,,,,51,2,,0,XMB
GL,9,2024,7,24,23,0.5,4.7,23,10,pipestem,49.03888,-125.2025,49.0392,-125.202,10,"Only measured trap 1, too many crabs",3,,,,,51,2,,0,XMB
GL,9,2024,7,24,23,0.5,4.7,23,10,pipestem,49.03888,-125.2025,49.0392,-125.202,10,"Only measured trap 1, too many crabs",3,,,,,51,2,,0,XMB
GL,9,2024,7,24,23,0.5,4.7,23,10,pipestem,49.03888,-125.2025,49.0392,-125.202,10,"Only measured trap 1, too many crabs",1,,,,,51,3,,0,XMB
GL,9,2024,7,24,23,0.5,4.7,23,10,pipestem,49.03888,-125.2025,49.0392,-125.202,10,"Only measured trap 1, too many crabs",1,,,,,51,3,,0,XMB
GL,9,2024,7,24,23,0.5,4.7,23,10,pipestem,49.03888,-125.2025,49.0392,-125.202,10,"Only measured trap 1, too many crabs",1,,,,,51,3,,0,XMB
GL,9,2024,7,24,23,0.5,4.7,23,10,pipestem,49.03888,-125.2025,49.0392,-125.202,10,"Only measured trap 1, too many crabs",1,,,,,51,3,,0,XMB
GL,9,2024,7,24,23,0.5,4.7,23,10,pipestem,49.03888,-125.2025,49.0392,-125.202,10,"Only measured trap 1, too many crabs",1,,,,,51,3,,0,XMB
GL,9,2024,7,24,23,0.5,4.7,23,10,pipestem,49.03888,-125.2025,49.0392,-125.202,10,"Only measured trap 1, too many crabs",1,,,,,51,3,,0,XMB
GL,9,2024,7,24,23,0.5,4.7,23,10,pipestem,49.03888,-125.2025,49.0392,-125.202,10,"Only measured trap 1, too many crabs",1,,,,,51,3,,0,XMB
GL,9,2024,7,24,23,0.5,4.7,23,10,pipestem,49.03888,-125.2025,49.0392,-125.202,10,"Only measured trap 1, too many crabs",1,,,,,51,3,,0,XMB
GL,9,2024,7,24,23,0.5,4.7,23,10,pipestem,49.03888,-125.2025,49.0392,-125.202,10,"Only measured trap 1, too many crabs",1,,,,,51,3,,0,XMB
GL,9,2024,7,24,23,0.5,4.7,23,10,pipestem,49.03888,-125.2025,49.0392,-125.202,10,"Only measured trap 1, too many crabs",1,,,,,51,3,,0,XMB
GL,9,2024,7,24,23,0.5,4.7,23,10,pipestem,49.03888,-125.2025,49.0392,-125.202,10,"Only measured trap 1, too many crabs",1,,,,,51,3,,0,XMB
GL,9,2024,7,24,23,0.5,4.7,23,10,pipestem,49.03888,-125.2025,49.0392,-125.202,10,"Only measured trap 1, too many crabs",1,,,,,51,3,,0,XMB
GL,9,2024,7,24,23,0.5,4.7,23,10,pipestem,49.03888,-125.2025,49.0392,-125.202,10,"Only measured trap 1, too many crabs",1,,,,,51,3,,0,XMB
GL,9,2024,7,24,23,0.5,4.7,23,10,pipestem,49.03888,-125.2025,49.0392,-125.202,10,"Only measured trap 1, too many crabs",1,,,,,51,3,,0,XMB
GL,9,2024,7,24,23,0.5,4.7,23,10,pipestem,49.03888,-125.2025,49.0392,-125.202,10,"Only measured trap 1, too many crabs",1,,,,,51,3,,0,XMB
GL,9,2024,7,24,23,0.5,4.7,23,10,pipestem,49.03888,-125.2025,49.0392,-125.202,10,"Only measured trap 1, too many crabs",1,,,,,51,3,,0,XMB
GL,9,2024,7,24,23,0.5,4.7,23,10,pipestem,49.03888,-125.2025,49.0392,-125.202,10,"Only measured trap 1, too many crabs",1,,,,,51,3,,0,XMB
GL,9,2024,7,24,23,0.5,4.7,23,10,pipestem,49.03888,-125.2025,49.0392,-125.202,10,"Only measured trap 1, too many crabs",1,,,,,51,3,,0,XMB
GL,9,2024,7,24,23,0.5,4.7,23,10,pipestem,49.03888,-125.2025,49.0392,-125.202,10,"Only measured trap 1, too many crabs",1,,,,,51,3,,0,XMB
GL,9,2024,7,24,23,0.5,4.7,23,10,pipestem,49.03888,-125.2025,49.0392,-125.202,10,"Only measured trap 1, too many crabs",3,,,,,51,3,,0,XMB
GL,9,2024,7,24,23,0.5,4.7,23,10,pipestem,49.03888,-125.2025,49.0392,-125.202,10,"Only measured trap 1, too many crabs",3,,,,,51,3,,0,XMB
GL,9,2024,7,24,23,0.5,4.7,23,10,pipestem,49.03888,-125.2025,49.0392,-125.202,10,"Only measured trap 1, too many crabs",3,,,,,51,3,,0,XMB
GL,9,2024,7,24,23,0.5,4.7,23,10,pipestem,49.03888,-125.2025,49.0392,-125.202,10,"Only measured trap 1, too many crabs",3,,,,,51,3,,0,XMB
GL,9,2024,7,24,23,0.5,4.7,23,10,pipestem,49.03888,-125.2025,49.0392,-125.202,10,"Only measured trap 1, too many crabs",3,,,,,51,3,,0,XMB
GL,9,2024,7,24,23,0.5,4.7,23,10,pipestem,49.03888,-125.2025,49.0392,-125.202,10,"Only measured trap 1, too many crabs",3,,,,,51,3,,0,XMB
GL,9,2024,7,24,23,0.5,4.7,23,10,pipestem,49.03888,-125.2025,49.0392,-125.202,10,"Only measured trap 1, too many crabs",3,,,,,51,3,,0,XMB
GL,9,2024,7,24,23,0.5,4.7,23,10,pipestem,49.03888,-125.2025,49.0392,-125.202,10,"Only measured trap 1, too many crabs",3,,,,,51,3,,0,XMB
GL,9,2024,7,24,23,0.5,4.7,23,10,pipestem,49.03888,-125.2025,49.0392,-125.202,10,"Only measured trap 1, too many crabs",3,,,,,51,3,,0,XMB
GL,9,2024,7,24,23,0.5,4.7,23,10,pipestem,49.03888,-125.2025,49.0392,-125.202,10,"Only measured trap 1, too many crabs",3,,,,,51,3,,0,XMB
GL,9,2024,7,24,23,0.5,4.7,23,10,pipestem,49.03888,-125.2025,49.0392,-125.202,10,"Only measured trap 1, too many crabs",3,,,,,51,3,,0,XMB
GL,9,2024,7,24,23,0.5,4.7,23,10,pipestem,49.03888,-125.2025,49.0392,-125.202,10,"Only measured trap 1, too many crabs",3,,,,,51,3,,0,XMB
GL,9,2024,7,24,23,0.5,4.7,23,10,pipestem,49.03888,-125.2025,49.0392,-125.202,10,"Only measured trap 1, too many crabs",3,,,,,51,3,,0,XMB
GL,9,2024,7,24,23,0.5,4.7,23,10,pipestem,49.03888,-125.2025,49.0392,-125.202,10,"Only measured trap 1, too many crabs",3,,,,,51,3,,0,XMB
GL,9,2024,7,24,23,0.5,4.7,23,10,pipestem,49.03888,-125.2025,49.0392,-125.202,10,"Only measured trap 1, too many crabs",3,,,,,51,3,,0,XMB
GL,9,2024,7,24,23,0.5,4.7,23,10,pipestem,49.03888,-125.2025,49.0392,-125.202,10,"Only measured trap 1, too many crabs",3,,,,,51,3,,0,XMB
GL,9,2024,7,24,23,0.5,4.7,23,10,pipestem,49.03888,-125.2025,49.0392,-125.202,10,"Only measured trap 1, too many crabs",3,,,,,51,3,,0,XMB
GL,9,2024,7,24,23,0.5,4.7,23,10,pipestem,49.03888,-125.2025,49.0392,-125.202,10,"Only measured trap 1, too many crabs",3,,,,,51,3,,0,XMB
GL,9,2024,7,24,23,0.5,4.7,23,10,pipestem,49.03888,-125.2025,49.0392,-125.202,10,"Only measured trap 1, too many crabs",3,,,,,51,3,,0,XMB
GL,9,2024,7,24,23,0.5,4.7,23,10,pipestem,49.03888,-125.2025,49.0392,-125.202,10,"Only measured trap 1, too many crabs",3,,,,,51,3,,0,XMB
GL,9,2024,7,24,23,0.5,4.7,23,10,pipestem,49.03888,-125.2025,49.0392,-125.202,10,"Only measured trap 1, too many crabs",3,,,,,51,3,,0,XMB
GL,9,2024,7,24,23,0.5,4.7,23,10,pipestem,49.03888,-125.2025,49.0392,-125.202,10,"Only measured trap 1, too many crabs",3,,,,,51,3,,0,XMB
GL,9,2024,7,24,23,0.5,4.7,23,10,pipestem,49.03888,-125.2025,49.0392,-125.202,10,"Only measured trap 1, too many crabs",3,,,,,51,3,,0,XMB
GL,9,2024,7,24,23,0.5,4.7,23,10,pipestem,49.03888,-125.2025,49.0392,-125.202,10,"Only measured trap 1, too many crabs",1,,,,,51,4,,0,XMB
GL,9,2024,7,24,23,0.5,4.7,23,10,pipestem,49.03888,-125.2025,49.0392,-125.202,10,"Only measured trap 1, too many crabs",1,,,,,51,4,,0,XMB
GL,9,2024,7,24,23,0.5,4.7,23,10,pipestem,49.03888,-125.2025,49.0392,-125.202,10,"Only measured trap 1, too many crabs",1,,,,,51,4,,0,XMB
GL,9,2024,7,24,23,0.5,4.7,23,10,pipestem,49.03888,-125.2025,49.0392,-125.202,10,"Only measured trap 1, too many crabs",3,,,,,51,4,,0,XMB
GL,9,2024,7,24,23,0.5,4.7,23,10,pipestem,49.03888,-125.2025,49.0392,-125.202,10,"Only measured trap 1, too many crabs",3,,,,,51,4,,0,XMB
GL,9,2024,7,24,23,0.5,4.7,23,10,pipestem,49.03888,-125.2025,49.0392,-125.202,10,"Only measured trap 1, too many crabs",3,,,,,51,4,,0,XMB
GL,9,2024,7,24,23,0.5,4.7,23,10,pipestem,49.03888,-125.2025,49.0392,-125.202,10,"Only measured trap 1, too many crabs",3,,,,,51,4,,0,XMB
GL,9,2024,7,24,23,0.5,4.7,23,10,pipestem,49.03888,-125.2025,49.0392,-125.202,10,"Only measured trap 1, too many crabs",3,,,,,51,4,,0,XMB
GL,9,2024,7,24,23,0.5,4.7,23,10,pipestem,49.03888,-125.2025,49.0392,-125.202,10,"Only measured trap 1, too many crabs",3,,,,,51,4,,0,XMB
GL,9,2024,7,24,23,0.5,4.7,23,10,pipestem,49.03888,-125.2025,49.0392,-125.202,10,"Only measured trap 1, too many crabs",3,,,,,51,4,,0,XMB
GL,9,2024,7,24,23,0.5,4.7,23,10,pipestem,49.03888,-125.2025,49.0392,-125.202,10,"Only measured trap 1, too many crabs",3,,,,,51,4,,0,XMB
GL,9,2024,7,24,23,0.5,4.7,23,10,pipestem,49.03888,-125.2025,49.0392,-125.202,10,"Only measured trap 1, too many crabs",3,,,,,51,4,,0,XMB
GL,9,2024,7,24,23,0.5,4.7,23,10,pipestem,49.03888,-125.2025,49.0392,-125.202,10,"Only measured trap 1, too many crabs",3,,,,,51,4,,0,XMB
GL,9,2024,7,24,23,0.5,4.7,23,10,pipestem,49.03888,-125.2025,49.0392,-125.202,10,"Only measured trap 1, too many crabs",3,,,,,51,4,,0,XMB
GL,9,2024,7,24,23,0.5,4.7,23,10,pipestem,49.03888,-125.2025,49.0392,-125.202,10,"Only measured trap 1, too many crabs",3,,,,,51,4,,0,XMB
GL,9,2024,7,24,23,0.5,4.7,23,10,pipestem,49.03888,-125.2025,49.0392,-125.202,10,"Only measured trap 1, too many crabs",3,,,,,51,4,,0,XMB
GL,9,2024,7,24,23,0.5,4.7,23,10,pipestem,49.03888,-125.2025,49.0392,-125.202,10,"Only measured trap 1, too many crabs",3,,,,,51,4,,0,XMB
GL,9,2024,7,24,23,0.5,4.7,23,10,pipestem,49.03888,-125.2025,49.0392,-125.202,10,"Only measured trap 1, too many crabs",3,,,,,51,4,,0,XMB
GL,9,2024,7,24,23,0.5,4.7,23,10,pipestem,49.03888,-125.2025,49.0392,-125.202,10,"Only measured trap 1, too many crabs",3,,,,,51,4,,0,XMB
GL,9,2024,7,24,23,0.5,4.7,23,10,pipestem,49.03888,-125.2025,49.0392,-125.202,10,"Only measured trap 1, too many crabs",3,,,,,51,4,,0,XMB
GL,9,2024,7,24,23,0.5,4.7,23,10,pipestem,49.03888,-125.2025,49.0392,-125.202,10,"Only measured trap 1, too many crabs",1,,,,,51,5,,0,XMB
GL,9,2024,7,24,23,0.5,4.7,23,10,pipestem,49.03888,-125.2025,49.0392,-125.202,10,"Only measured trap 1, too many crabs",1,,,,,51,5,,0,XMB
GL,9,2024,7,24,23,0.5,4.7,23,10,pipestem,49.03888,-125.2025,49.0392,-125.202,10,"Only measured trap 1, too many crabs",1,,,,,51,5,,0,XMB
GL,9,2024,7,24,23,0.5,4.7,23,10,pipestem,49.03888,-125.2025,49.0392,-125.202,10,"Only measured trap 1, too many crabs",1,,,,,51,5,,0,XMB
GL,9,2024,7,24,23,0.5,4.7,23,10,pipestem,49.03888,-125.2025,49.0392,-125.202,10,"Only measured trap 1, too many crabs",1,,,,,51,5,,0,XMB
GL,9,2024,7,24,23,0.5,4.7,23,10,pipestem,49.03888,-125.2025,49.0392,-125.202,10,"Only measured trap 1, too many crabs",1,,,,,51,5,,0,XMB
GL,9,2024,7,24,23,0.5,4.7,23,10,pipestem,49.03888,-125.2025,49.0392,-125.202,10,"Only measured trap 1, too many crabs",1,,,,,51,5,,0,XMB
GL,9,2024,7,24,23,0.5,4.7,23,10,pipestem,49.03888,-125.2025,49.0392,-125.202,10,"Only measured trap 1, too many crabs",1,,,,,51,5,,0,XMB
GL,9,2024,7,24,23,0.5,4.7,23,10,pipestem,49.03888,-125.2025,49.0392,-125.202,10,"Only measured trap 1, too many crabs",1,,,,,51,5,,0,XMB
GL,9,2024,7,24,23,0.5,4.7,23,10,pipestem,49.03888,-125.2025,49.0392,-125.202,10,"Only measured trap 1, too many crabs",1,,,,,51,5,,0,XMB
GL,9,2024,7,24,23,0.5,4.7,23,10,pipestem,49.03888,-125.2025,49.0392,-125.202,10,"Only measured trap 1, too many crabs",1,,,,,51,5,,0,XMB
GL,9,2024,7,24,23,0.5,4.7,23,10,pipestem,49.03888,-125.2025,49.0392,-125.202,10,"Only measured trap 1, too many crabs",1,,,,,51,5,,0,XMB
GL,9,2024,7,24,23,0.5,4.7,23,10,pipestem,49.03888,-125.2025,49.0392,-125.202,10,"Only measured trap 1, too many crabs",1,,,,,51,5,,0,XMB
GL,9,2024,7,24,23,0.5,4.7,23,10,pipestem,49.03888,-125.2025,49.0392,-125.202,10,"Only measured trap 1, too many crabs",1,,,,,51,5,,0,XMB
GL,9,2024,7,24,23,0.5,4.7,23,10,pipestem,49.03888,-125.2025,49.0392,-125.202,10,"Only measured trap 1, too many crabs",1,,,,,51,5,,0,XMB
GL,9,2024,7,24,23,0.5,4.7,23,10,pipestem,49.03888,-125.2025,49.0392,-125.202,10,"Only measured trap 1, too many crabs",1,,,,,51,5,,0,XMB
GL,9,2024,7,24,23,0.5,4.7,23,10,pipestem,49.03888,-125.2025,49.0392,-125.202,10,"Only measured trap 1, too many crabs",1,,,,,51,5,,0,XMB
GL,9,2024,7,24,23,0.5,4.7,23,10,pipestem,49.03888,-125.2025,49.0392,-125.202,10,"Only measured trap 1, too many crabs",1,,,,,51,5,,0,XMB
GL,9,2024,7,24,23,0.5,4.7,23,10,pipestem,49.03888,-125.2025,49.0392,-125.202,10,"Only measured trap 1, too many crabs",1,,,,,51,5,,0,XMB
GL,9,2024,7,24,23,0.5,4.7,23,10,pipestem,49.03888,-125.2025,49.0392,-125.202,10,"Only measured trap 1, too many crabs",1,,,,,51,5,,0,XMB
GL,9,2024,7,24,23,0.5,4.7,23,10,pipestem,49.03888,-125.2025,49.0392,-125.202,10,"Only measured trap 1, too many crabs",1,,,,,51,5,,0,XMB
GL,9,2024,7,24,23,0.5,4.7,23,10,pipestem,49.03888,-125.2025,49.0392,-125.202,10,"Only measured trap 1, too many crabs",3,,,,,51,5,,0,XMB
GL,9,2024,7,24,23,0.5,4.7,23,10,pipestem,49.03888,-125.2025,49.0392,-125.202,10,"Only measured trap 1, too many crabs",3,,,,,51,5,,0,XMB
GL,9,2024,7,24,23,0.5,4.7,23,10,pipestem,49.03888,-125.2025,49.0392,-125.202,10,"Only measured trap 1, too many crabs",3,,,,,51,5,,0,XMB
GL,9,2024,7,24,23,0.5,4.7,23,10,pipestem,49.03888,-125.2025,49.0392,-125.202,10,"Only measured trap 1, too many crabs",3,,,,,51,5,,0,XMB
GL,9,2024,7,24,23,0.5,4.7,23,10,pipestem,49.03888,-125.2025,49.0392,-125.202,10,"Only measured trap 1, too many crabs",3,,,,,51,5,,0,XMB
GL,9,2024,7,24,23,0.5,4.7,23,10,pipestem,49.03888,-125.2025,49.0392,-125.202,10,"Only measured trap 1, too many crabs",3,,,,,51,5,,0,XMB
GL,9,2024,7,24,23,0.5,4.7,23,10,pipestem,49.03888,-125.2025,49.0392,-125.202,10,"Only measured trap 1, too many crabs",3,,,,,51,5,,0,XMB
GL,9,2024,7,24,23,0.5,4.7,23,10,pipestem,49.03888,-125.2025,49.0392,-125.202,10,"Only measured trap 1, too many crabs",3,,,,,51,5,,0,XMB
GL,9,2024,7,24,23,0.5,4.7,23,10,pipestem,49.03888,-125.2025,49.0392,-125.202,10,"Only measured trap 1, too many crabs",3,,,,,51,5,,0,XMB
GL,9,2024,7,24,23,0.5,4.7,23,10,pipestem,49.03888,-125.2025,49.0392,-125.202,10,"Only measured trap 1, too many crabs",3,,,,,51,5,,0,XMB
GL,9,2024,7,24,23,0.5,4.7,23,10,pipestem,49.03888,-125.2025,49.0392,-125.202,10,"Only measured trap 1, too many crabs",3,,,,,51,5,,0,XMB
GL,9,2024,7,24,23,0.5,4.7,23,10,pipestem,49.03888,-125.2025,49.0392,-125.202,10,"Only measured trap 1, too many crabs",3,,,,,51,5,,0,XMB
GL,9,2024,7,24,23,0.5,4.7,23,10,pipestem,49.03888,-125.2025,49.0392,-125.202,10,"Only measured trap 1, too many crabs",3,,,,,51,5,,0,XMB
GL,9,2024,7,24,23,0.5,4.7,23,10,pipestem,49.03888,-125.2025,49.0392,-125.202,10,"Only measured trap 1, too many crabs",3,,,,,51,5,,0,XMB
GL,9,2024,7,24,23,0.5,4.7,23,10,pipestem,49.03888,-125.2025,49.0392,-125.202,10,"Only measured trap 1, too many crabs",3,,,,,51,5,,0,XMB
GL,9,2024,7,24,23,0.5,4.7,23,10,pipestem,49.03888,-125.2025,49.0392,-125.202,10,"Only measured trap 1, too many crabs",3,,,,,51,5,,0,XMB
GL,9,2024,7,24,23,0.5,4.7,23,10,pipestem,49.03888,-125.2025,49.0392,-125.202,10,"Only measured trap 1, too many crabs",3,,,,,51,5,,0,XMB
GL,9,2024,7,24,23,0.5,4.7,23,10,pipestem,49.03888,-125.2025,49.0392,-125.202,10,"Only measured trap 1, too many crabs",3,,,,,51,5,,0,XMB
GL,9,2024,7,24,23,0.5,4.7,23,10,pipestem,49.03888,-125.2025,49.0392,-125.202,10,"Only measured trap 1, too many crabs",3,,,,,51,5,,0,XMB
GL,9,2024,7,24,23,0.5,4.7,23,10,pipestem,49.03888,-125.2025,49.0392,-125.202,10,"Only measured trap 1, too many crabs",3,,,,,51,5,,0,XMB
GL,9,2024,7,24,23,0.5,4.7,23,10,pipestem,49.03888,-125.2025,49.0392,-125.202,10,"Only measured trap 1, too many crabs",3,,,,,51,5,,0,XMB
GL,9,2024,7,24,23,0.5,4.7,23,10,pipestem,49.03888,-125.2025,49.0392,-125.202,10,"Only measured trap 1, too many crabs",3,,,,,51,5,,0,XMB
GL,9,2024,7,24,23,0.5,4.7,23,10,pipestem,49.03888,-125.2025,49.0392,-125.202,10,"Only measured trap 1, too many crabs",3,,,,,51,5,,0,XMB
GL,9,2024,7,24,23,0.5,4.7,23,10,pipestem,49.03888,-125.2025,49.0392,-125.202,10,"Only measured trap 1, too many crabs",3,,,,,51,5,,0,XMB
GL,9,2024,7,24,23,0.5,4.7,23,10,pipestem,49.03888,-125.2025,49.0392,-125.202,10,"Only measured trap 1, too many crabs",3,,,,,51,5,,0,XMB
GL,9,2024,7,24,23,0.5,4.7,23,10,pipestem,49.03888,-125.2025,49.0392,-125.202,10,"Only measured trap 1, too many crabs",3,,,,,51,5,,0,XMB
GL,9,2024,7,24,23,0.5,4.7,23,10,pipestem,49.03888,-125.2025,49.0392,-125.202,10,"Only measured trap 1, too many crabs",3,,,,,51,5,,0,XMB
GL,9,2024,7,24,23,0.5,4.7,23,10,pipestem,49.03888,-125.2025,49.0392,-125.202,10,"Only measured trap 1, too many crabs",3,,,,,51,5,,0,XMB
GL,9,2024,7,24,23,0.5,4.7,23,10,pipestem,49.03888,-125.2025,49.0392,-125.202,10,"Only measured trap 1, too many crabs",3,,,,,51,5,,0,XMB
GL,9,2024,7,24,23,0.5,4.7,23,10,pipestem,49.03888,-125.2025,49.0392,-125.202,10,"Only measured trap 1, too many crabs",3,,,,,51,5,,0,XMB
GL,9,2024,7,24,23,0.5,4.7,23,10,pipestem,49.03888,-125.2025,49.0392,-125.202,10,"Only measured trap 1, too many crabs",3,,,,,51,6,,0,XMB
GL,9,2024,7,24,23,0.5,4.7,23,10,pipestem,49.03888,-125.2025,49.0392,-125.202,10,"Only measured trap 1, too many crabs",3,,,,,51,6,,0,XMB
GL,9,2024,7,24,23,0.5,4.7,23,10,pipestem,49.03888,-125.2025,49.0392,-125.202,10,"Only measured trap 1, too many crabs",3,,92,,,51,6,,0,XKE
GL,10,2024,7,24,20,-0.7,-0.5,23,10,hillier,49.03242,-125.3232,49.03245,-125.3236,10,"Didn't measure, too many crabs",1,,,,,51,1,,0,XMB
GL,10,2024,7,24,20,-0.7,-0.5,23,10,hillier,49.03242,-125.3232,49.03245,-125.3236,10,"Didn't measure, too many crabs",3,,,,,51,1,,0,XMB
GL,10,2024,7,24,20,-0.7,-0.5,23,10,hillier,49.03242,-125.3232,49.03245,-125.3236,10,"Didn't measure, too many crabs",1,,,,,51,2,,0,XMB
GL,10,2024,7,24,20,-0.7,-0.5,23,10,hillier,49.03242,-125.3232,49.03245,-125.3236,10,"Didn't measure, too many crabs",1,,,,,51,2,,0,XMB
GL,10,2024,7,24,20,-0.7,-0.5,23,10,hillier,49.03242,-125.3232,49.03245,-125.3236,10,"Didn't measure, too many crabs",1,,,,,51,2,,0,XMB
GL,10,2024,7,24,20,-0.7,-0.5,23,10,hillier,49.03242,-125.3232,49.03245,-125.3236,10,"Didn't measure, too many crabs",1,,,,,51,2,,0,XMB
GL,10,2024,7,24,20,-0.7,-0.5,23,10,hillier,49.03242,-125.3232,49.03245,-125.3236,10,"Didn't measure, too many crabs",1,,,,,51,2,,0,XMB
GL,10,2024,7,24,20,-0.7,-0.5,23,10,hillier,49.03242,-125.3232,49.03245,-125.3236,10,"Didn't measure, too many crabs",1,,,,,51,2,,0,XMB
GL,10,2024,7,24,20,-0.7,-0.5,23,10,hillier,49.03242,-125.3232,49.03245,-125.3236,10,"Didn't measure, too many crabs",1,,,,,51,2,,0,XMB
GL,10,2024,7,24,20,-0.7,-0.5,23,10,hillier,49.03242,-125.3232,49.03245,-125.3236,10,"Didn't measure, too many crabs",1,,,,,51,2,,0,XMB
GL,10,2024,7,24,20,-0.7,-0.5,23,10,hillier,49.03242,-125.3232,49.03245,-125.3236,10,"Didn't measure, too many crabs",1,,,,,51,2,,0,XMB
GL,10,2024,7,24,20,-0.7,-0.5,23,10,hillier,49.03242,-125.3232,49.03245,-125.3236,10,"Didn't measure, too many crabs",1,,,,,51,2,,0,XMB
GL,10,2024,7,24,20,-0.7,-0.5,23,10,hillier,49.03242,-125.3232,49.03245,-125.3236,10,"Didn't measure, too many crabs",1,,,,,51,2,,0,XMB
GL,10,2024,7,24,20,-0.7,-0.5,23,10,hillier,49.03242,-125.3232,49.03245,-125.3236,10,"Didn't measure, too many crabs",3,,,,,51,2,,0,XMB
GL,10,2024,7,24,20,-0.7,-0.5,23,10,hillier,49.03242,-125.3232,49.03245,-125.3236,10,"Didn't measure, too many crabs",3,,,,,51,2,,0,XMB
GL,10,2024,7,24,20,-0.7,-0.5,23,10,hillier,49.03242,-125.3232,49.03245,-125.3236,10,"Didn't measure, too many crabs",3,,,,,51,2,,0,XMB
GL,10,2024,7,24,20,-0.7,-0.5,23,10,hillier,49.03242,-125.3232,49.03245,-125.3236,10,"Didn't measure, too many crabs",3,,,,,51,2,,0,XMB
GL,10,2024,7,24,20,-0.7,-0.5,23,10,hillier,49.03242,-125.3232,49.03245,-125.3236,10,"Didn't measure, too many crabs",3,,,,,51,2,,0,XMB
GL,10,2024,7,24,20,-0.7,-0.5,23,10,hillier,49.03242,-125.3232,49.03245,-125.3236,10,"Didn't measure, too many crabs",3,,,,,51,2,,0,XMB
GL,10,2024,7,24,20,-0.7,-0.5,23,10,hillier,49.03242,-125.3232,49.03245,-125.3236,10,"Didn't measure, too many crabs",3,,,,,51,2,,0,XMB
GL,10,2024,7,24,20,-0.7,-0.5,23,10,hillier,49.03242,-125.3232,49.03245,-125.3236,10,"Didn't measure, too many crabs",3,,,,,51,2,,0,XMB
GL,10,2024,7,24,20,-0.7,-0.5,23,10,hillier,49.03242,-125.3232,49.03245,-125.3236,10,"Didn't measure, too many crabs",3,,,,,51,2,,0,XMB
GL,10,2024,7,24,20,-0.7,-0.5,23,10,hillier,49.03242,-125.3232,49.03245,-125.3236,10,"Didn't measure, too many crabs",3,,,,,51,2,,0,XMB
GL,10,2024,7,24,20,-0.7,-0.5,23,10,hillier,49.03242,-125.3232,49.03245,-125.3236,10,"Didn't measure, too many crabs",3,,,,,51,2,,0,XMB
GL,10,2024,7,24,20,-0.7,-0.5,23,10,hillier,49.03242,-125.3232,49.03245,-125.3236,10,"Didn't measure, too many crabs",3,,,,,51,2,,0,XMB
GL,10,2024,7,24,20,-0.7,-0.5,23,10,hillier,49.03242,-125.3232,49.03245,-125.3236,10,"Didn't measure, too many crabs",3,,,,,51,2,,0,XMB
GL,10,2024,7,24,20,-0.7,-0.5,23,10,hillier,49.03242,-125.3232,49.03245,-125.3236,10,"Didn't measure, too many crabs",1,,,,,51,3,,0,XMB
GL,10,2024,7,24,20,-0.7,-0.5,23,10,hillier,49.03242,-125.3232,49.03245,-125.3236,10,"Didn't measure, too many crabs",1,,,,,51,4,,0,XMB
GL,10,2024,7,24,20,-0.7,-0.5,23,10,hillier,49.03242,-125.3232,49.03245,-125.3236,10,"Didn't measure, too many crabs",1,,,,,51,4,,0,XMB
GL,10,2024,7,24,20,-0.7,-0.5,23,10,hillier,49.03242,-125.3232,49.03245,-125.3236,10,"Didn't measure, too many crabs",1,,,,,51,4,,0,XMB
GL,10,2024,7,24,20,-0.7,-0.5,23,10,hillier,49.03242,-125.3232,49.03245,-125.3236,10,"Didn't measure, too many crabs",1,,,,,51,4,,0,XMB
GL,10,2024,7,24,20,-0.7,-0.5,23,10,hillier,49.03242,-125.3232,49.03245,-125.3236,10,"Didn't measure, too many crabs",1,,,,,51,4,,0,XMB
GL,10,2024,7,24,20,-0.7,-0.5,23,10,hillier,49.03242,-125.3232,49.03245,-125.3236,10,"Didn't measure, too many crabs",1,,,,,51,4,,0,XMB
GL,10,2024,7,24,20,-0.7,-0.5,23,10,hillier,49.03242,-125.3232,49.03245,-125.3236,10,"Didn't measure, too many crabs",1,,,,,51,4,,0,XMB
GL,10,2024,7,24,20,-0.7,-0.5,23,10,hillier,49.03242,-125.3232,49.03245,-125.3236,10,"Didn't measure, too many crabs",1,,,,,51,4,,0,XMB
GL,10,2024,7,24,20,-0.7,-0.5,23,10,hillier,49.03242,-125.3232,49.03245,-125.3236,10,"Didn't measure, too many crabs",1,,,,,51,4,,0,XMB
GL,10,2024,7,24,20,-0.7,-0.5,23,10,hillier,49.03242,-125.3232,49.03245,-125.3236,10,"Didn't measure, too many crabs",1,,,,,51,4,,0,XMB
GL,10,2024,7,24,20,-0.7,-0.5,23,10,hillier,49.03242,-125.3232,49.03245,-125.3236,10,"Didn't measure, too many crabs",1,,,,,51,4,,0,XMB
GL,10,2024,7,24,20,-0.7,-0.5,23,10,hillier,49.03242,-125.3232,49.03245,-125.3236,10,"Didn't measure, too many crabs",1,,,,,51,4,,0,XMB
GL,10,2024,7,24,20,-0.7,-0.5,23,10,hillier,49.03242,-125.3232,49.03245,-125.3236,10,"Didn't measure, too many crabs",1,,,,,51,4,,0,XMB
GL,10,2024,7,24,20,-0.7,-0.5,23,10,hillier,49.03242,-125.3232,49.03245,-125.3236,10,"Didn't measure, too many crabs",1,,,,,51,4,,0,XMB
GL,10,2024,7,24,20,-0.7,-0.5,23,10,hillier,49.03242,-125.3232,49.03245,-125.3236,10,"Didn't measure, too many crabs",1,,,,,51,4,,0,XMB
GL,10,2024,7,24,20,-0.7,-0.5,23,10,hillier,49.03242,-125.3232,49.03245,-125.3236,10,"Didn't measure, too many crabs",1,,,,,51,4,,0,XMB
GL,10,2024,7,24,20,-0.7,-0.5,23,10,hillier,49.03242,-125.3232,49.03245,-125.3236,10,"Didn't measure, too many crabs",1,,,,,51,4,,0,XMB
GL,10,2024,7,24,20,-0.7,-0.5,23,10,hillier,49.03242,-125.3232,49.03245,-125.3236,10,"Didn't measure, too many crabs",1,,,,,51,4,,0,XMB
GL,10,2024,7,24,20,-0.7,-0.5,23,10,hillier,49.03242,-125.3232,49.03245,-125.3236,10,"Didn't measure, too many crabs",1,,,,,51,4,,0,XMB
GL,10,2024,7,24,20,-0.7,-0.5,23,10,hillier,49.03242,-125.3232,49.03245,-125.3236,10,"Didn't measure, too many crabs",1,,,,,51,4,,0,XMB
GL,10,2024,7,24,20,-0.7,-0.5,23,10,hillier,49.03242,-125.3232,49.03245,-125.3236,10,"Didn't measure, too many crabs",1,,,,,51,4,,0,XMB
GL,10,2024,7,24,20,-0.7,-0.5,23,10,hillier,49.03242,-125.3232,49.03245,-125.3236,10,"Didn't measure, too many crabs",1,,,,,51,4,,0,XMB
GL,10,2024,7,24,20,-0.7,-0.5,23,10,hillier,49.03242,-125.3232,49.03245,-125.3236,10,"Didn't measure, too many crabs",1,,,,,51,4,,0,XMB
GL,10,2024,7,24,20,-0.7,-0.5,23,10,hillier,49.03242,-125.3232,49.03245,-125.3236,10,"Didn't measure, too many crabs",1,,,,,51,4,,0,XMB
GL,10,2024,7,24,20,-0.7,-0.5,23,10,hillier,49.03242,-125.3232,49.03245,-125.3236,10,"Didn't measure, too many crabs",1,,,,,51,4,,0,XMB
GL,10,2024,7,24,20,-0.7,-0.5,23,10,hillier,49.03242,-125.3232,49.03245,-125.3236,10,"Didn't measure, too many crabs",1,,,,,51,4,,0,XMB
GL,10,2024,7,24,20,-0.7,-0.5,23,10,hillier,49.03242,-125.3232,49.03245,-125.3236,10,"Didn't measure, too many crabs",1,,,,,51,4,,0,XMB
GL,10,2024,7,24,20,-0.7,-0.5,23,10,hillier,49.03242,-125.3232,49.03245,-125.3236,10,"Didn't measure, too many crabs",1,,,,,51,4,,0,XMB
GL,10,2024,7,24,20,-0.7,-0.5,23,10,hillier,49.03242,-125.3232,49.03245,-125.3236,10,"Didn't measure, too many crabs",1,,,,,51,4,,0,XMB
GL,10,2024,7,24,20,-0.7,-0.5,23,10,hillier,49.03242,-125.3232,49.03245,-125.3236,10,"Didn't measure, too many crabs",1,,,,,51,4,,0,XMB
GL,10,2024,7,24,20,-0.7,-0.5,23,10,hillier,49.03242,-125.3232,49.03245,-125.3236,10,"Didn't measure, too many crabs",1,,,,,51,4,,0,XMB
GL,10,2024,7,24,20,-0.7,-0.5,23,10,hillier,49.03242,-125.3232,49.03245,-125.3236,10,"Didn't measure, too many crabs",1,,,,,51,4,,0,XMB
GL,10,2024,7,24,20,-0.7,-0.5,23,10,hillier,49.03242,-125.3232,49.03245,-125.3236,10,"Didn't measure, too many crabs",1,,,,,51,4,,0,XMB
GL,10,2024,7,24,20,-0.7,-0.5,23,10,hillier,49.03242,-125.3232,49.03245,-125.3236,10,"Didn't measure, too many crabs",1,,,,,51,4,,0,XMB
GL,10,2024,7,24,20,-0.7,-0.5,23,10,hillier,49.03242,-125.3232,49.03245,-125.3236,10,"Didn't measure, too many crabs",3,,,,,51,4,,0,XMB
GL,10,2024,7,24,20,-0.7,-0.5,23,10,hillier,49.03242,-125.3232,49.03245,-125.3236,10,"Didn't measure, too many crabs",3,,,,,51,4,,0,XMB
GL,10,2024,7,24,20,-0.7,-0.5,23,10,hillier,49.03242,-125.3232,49.03245,-125.3236,10,"Didn't measure, too many crabs",3,,,,,51,4,,0,XMB
GL,10,2024,7,24,20,-0.7,-0.5,23,10,hillier,49.03242,-125.3232,49.03245,-125.3236,10,"Didn't measure, too many crabs",3,,,,,51,4,,0,XMB
GL,10,2024,7,24,20,-0.7,-0.5,23,10,hillier,49.03242,-125.3232,49.03245,-125.3236,10,"Didn't measure, too many crabs",3,,,,,51,4,,0,XMB
GL,10,2024,7,24,20,-0.7,-0.5,23,10,hillier,49.03242,-125.3232,49.03245,-125.3236,10,"Didn't measure, too many crabs",3,,,,,51,4,,0,XMB
GL,10,2024,7,24,20,-0.7,-0.5,23,10,hillier,49.03242,-125.3232,49.03245,-125.3236,10,"Didn't measure, too many crabs",3,,,,,51,4,,0,XMB
GL,10,2024,7,24,20,-0.7,-0.5,23,10,hillier,49.03242,-125.3232,49.03245,-125.3236,10,"Didn't measure, too many crabs",3,,,,,51,4,,0,XMB
GL,10,2024,7,24,20,-0.7,-0.5,23,10,hillier,49.03242,-125.3232,49.03245,-125.3236,10,"Didn't measure, too many crabs",3,,,,,51,4,,0,XMB
GL,10,2024,7,24,20,-0.7,-0.5,23,10,hillier,49.03242,-125.3232,49.03245,-125.3236,10,"Didn't measure, too many crabs",3,,,,,51,4,,0,XMB
GL,10,2024,7,24,20,-0.7,-0.5,23,10,hillier,49.03242,-125.3232,49.03245,-125.3236,10,"Didn't measure, too many crabs",3,,,,,51,4,,0,XMB
GL,10,2024,7,24,20,-0.7,-0.5,23,10,hillier,49.03242,-125.3232,49.03245,-125.3236,10,"Didn't measure, too many crabs",3,,,,,51,4,,0,XMB
GL,10,2024,7,24,20,-0.7,-0.5,23,10,hillier,49.03242,-125.3232,49.03245,-125.3236,10,"Didn't measure, too many crabs",3,,,,,51,4,,0,XMB
GL,10,2024,7,24,20,-0.7,-0.5,23,10,hillier,49.03242,-125.3232,49.03245,-125.3236,10,"Didn't measure, too many crabs",3,,,,,51,4,,0,XMB
GL,10,2024,7,24,20,-0.7,-0.5,23,10,hillier,49.03242,-125.3232,49.03245,-125.3236,10,"Didn't measure, too many crabs",3,,,,,51,4,,0,XMB
GL,10,2024,7,24,20,-0.7,-0.5,23,10,hillier,49.03242,-125.3232,49.03245,-125.3236,10,"Didn't measure, too many crabs",3,,,,,51,4,,0,XMB
GL,10,2024,7,24,20,-0.7,-0.5,23,10,hillier,49.03242,-125.3232,49.03245,-125.3236,10,"Didn't measure, too many crabs",3,,,,,51,4,,0,XMB
GL,10,2024,7,24,20,-0.7,-0.5,23,10,hillier,49.03242,-125.3232,49.03245,-125.3236,10,"Didn't measure, too many crabs",3,,,,,51,4,,0,XMB
GL,10,2024,7,24,20,-0.7,-0.5,23,10,hillier,49.03242,-125.3232,49.03245,-125.3236,10,"Didn't measure, too many crabs",3,,,,,51,4,,0,XMB
GL,10,2024,7,24,20,-0.7,-0.5,23,10,hillier,49.03242,-125.3232,49.03245,-125.3236,10,"Didn't measure, too many crabs",3,,,,,51,4,,0,XMB
GL,10,2024,7,24,20,-0.7,-0.5,23,10,hillier,49.03242,-125.3232,49.03245,-125.3236,10,"Didn't measure, too many crabs",3,,,,,51,4,,0,XMB
GL,10,2024,7,24,20,-0.7,-0.5,23,10,hillier,49.03242,-125.3232,49.03245,-125.3236,10,"Didn't measure, too many crabs",3,,,,,51,4,,0,XMB
GL,10,2024,7,24,20,-0.7,-0.5,23,10,hillier,49.03242,-125.3232,49.03245,-125.3236,10,"Didn't measure, too many crabs",3,,,,,51,4,,0,XMB
GL,10,2024,7,24,20,-0.7,-0.5,23,10,hillier,49.03242,-125.3232,49.03245,-125.3236,10,"Didn't measure, too many crabs",3,,,,,51,4,,0,XMB
GL,10,2024,7,24,20,-0.7,-0.5,23,10,hillier,49.03242,-125.3232,49.03245,-125.3236,10,"Didn't measure, too many crabs",3,,,,,51,4,,0,XMB
GL,10,2024,7,24,20,-0.7,-0.5,23,10,hillier,49.03242,-125.3232,49.03245,-125.3236,10,"Didn't measure, too many crabs",3,,,,,51,4,,0,XMB
GL,10,2024,7,24,20,-0.7,-0.5,23,10,hillier,49.03242,-125.3232,49.03245,-125.3236,10,"Didn't measure, too many crabs",3,,,,,51,4,,0,XMB
GL,10,2024,7,24,20,-0.7,-0.5,23,10,hillier,49.03242,-125.3232,49.03245,-125.3236,10,"Didn't measure, too many crabs",3,,,,,51,4,,0,XMB
GL,10,2024,7,24,20,-0.7,-0.5,23,10,hillier,49.03242,-125.3232,49.03245,-125.3236,10,"Didn't measure, too many crabs",3,,,,,51,4,,0,XMB
GL,10,2024,7,24,20,-0.7,-0.5,23,10,hillier,49.03242,-125.3232,49.03245,-125.3236,10,"Didn't measure, too many crabs",3,,,,,51,4,,0,XMB
GL,10,2024,7,24,20,-0.7,-0.5,23,10,hillier,49.03242,-125.3232,49.03245,-125.3236,10,"Didn't measure, too many crabs",3,,,,,51,4,,0,XMB
GL,10,2024,7,24,20,-0.7,-0.5,23,10,hillier,49.03242,-125.3232,49.03245,-125.3236,10,"Didn't measure, too many crabs",3,,,,,51,4,,0,XMB
GL,10,2024,7,24,20,-0.7,-0.5,23,10,hillier,49.03242,-125.3232,49.03245,-125.3236,10,"Didn't measure, too many crabs",3,,,,,51,4,,0,XMB
GL,10,2024,7,24,20,-0.7,-0.5,23,10,hillier,49.03242,-125.3232,49.03245,-125.3236,10,"Didn't measure, too many crabs",1,,,,,51,5,,0,XMB
GL,10,2024,7,24,20,-0.7,-0.5,23,10,hillier,49.03242,-125.3232,49.03245,-125.3236,10,"Didn't measure, too many crabs",1,,,,,51,5,,0,XMB
GL,10,2024,7,24,20,-0.7,-0.5,23,10,hillier,49.03242,-125.3232,49.03245,-125.3236,10,"Didn't measure, too many crabs",1,,,,,51,5,,0,XMB
GL,10,2024,7,24,20,-0.7,-0.5,23,10,hillier,49.03242,-125.3232,49.03245,-125.3236,10,"Didn't measure, too many crabs",1,,,,,51,5,,0,XMB
GL,10,2024,7,24,20,-0.7,-0.5,23,10,hillier,49.03242,-125.3232,49.03245,-125.3236,10,"Didn't measure, too many crabs",1,,,,,51,5,,0,XMB
GL,10,2024,7,24,20,-0.7,-0.5,23,10,hillier,49.03242,-125.3232,49.03245,-125.3236,10,"Didn't measure, too many crabs",1,,,,,51,5,,0,XMB
GL,10,2024,7,24,20,-0.7,-0.5,23,10,hillier,49.03242,-125.3232,49.03245,-125.3236,10,"Didn't measure, too many crabs",1,,,,,51,5,,0,XMB
GL,10,2024,7,24,20,-0.7,-0.5,23,10,hillier,49.03242,-125.3232,49.03245,-125.3236,10,"Didn't measure, too many crabs",1,,,,,51,5,,0,XMB
GL,10,2024,7,24,20,-0.7,-0.5,23,10,hillier,49.03242,-125.3232,49.03245,-125.3236,10,"Didn't measure, too many crabs",1,,,,,51,5,,0,XMB
GL,10,2024,7,24,20,-0.7,-0.5,23,10,hillier,49.03242,-125.3232,49.03245,-125.3236,10,"Didn't measure, too many crabs",1,,,,,51,5,,0,XMB
GL,10,2024,7,24,20,-0.7,-0.5,23,10,hillier,49.03242,-125.3232,49.03245,-125.3236,10,"Didn't measure, too many crabs",1,,,,,51,5,,0,XMB
GL,10,2024,7,24,20,-0.7,-0.5,23,10,hillier,49.03242,-125.3232,49.03245,-125.3236,10,"Didn't measure, too many crabs",1,,,,,51,5,,0,XMB
GL,10,2024,7,24,20,-0.7,-0.5,23,10,hillier,49.03242,-125.3232,49.03245,-125.3236,10,"Didn't measure, too many crabs",1,,,,,51,5,,0,XMB
GL,10,2024,7,24,20,-0.7,-0.5,23,10,hillier,49.03242,-125.3232,49.03245,-125.3236,10,"Didn't measure, too many crabs",1,,,,,51,5,,0,XMB
GL,10,2024,7,24,20,-0.7,-0.5,23,10,hillier,49.03242,-125.3232,49.03245,-125.3236,10,"Didn't measure, too many crabs",1,,,,,51,5,,0,XMB
GL,10,2024,7,24,20,-0.7,-0.5,23,10,hillier,49.03242,-125.3232,49.03245,-125.3236,10,"Didn't measure, too many crabs",1,,,,,51,5,,0,XMB
GL,10,2024,7,24,20,-0.7,-0.5,23,10,hillier,49.03242,-125.3232,49.03245,-125.3236,10,"Didn't measure, too many crabs",1,,,,,51,5,,0,XMB
GL,10,2024,7,24,20,-0.7,-0.5,23,10,hillier,49.03242,-125.3232,49.03245,-125.3236,10,"Didn't measure, too many crabs",1,,,,,51,5,,0,XMB
GL,10,2024,7,24,20,-0.7,-0.5,23,10,hillier,49.03242,-125.3232,49.03245,-125.3236,10,"Didn't measure, too many crabs",1,,,,,51,5,,0,XMB
GL,10,2024,7,24,20,-0.7,-0.5,23,10,hillier,49.03242,-125.3232,49.03245,-125.3236,10,"Didn't measure, too many crabs",1,,,,,51,5,,0,XMB
GL,10,2024,7,24,20,-0.7,-0.5,23,10,hillier,49.03242,-125.3232,49.03245,-125.3236,10,"Didn't measure, too many crabs",1,,,,,51,5,,0,XMB
GL,10,2024,7,24,20,-0.7,-0.5,23,10,hillier,49.03242,-125.3232,49.03245,-125.3236,10,"Didn't measure, too many crabs",1,,,,,51,5,,0,XMB
GL,10,2024,7,24,20,-0.7,-0.5,23,10,hillier,49.03242,-125.3232,49.03245,-125.3236,10,"Didn't measure, too many crabs",1,,,,,51,5,,0,XMB
GL,10,2024,7,24,20,-0.7,-0.5,23,10,hillier,49.03242,-125.3232,49.03245,-125.3236,10,"Didn't measure, too many crabs",1,,,,,51,5,,0,XMB
GL,10,2024,7,24,20,-0.7,-0.5,23,10,hillier,49.03242,-125.3232,49.03245,-125.3236,10,"Didn't measure, too many crabs",1,,,,,51,5,,0,XMB
GL,10,2024,7,24,20,-0.7,-0.5,23,10,hillier,49.03242,-125.3232,49.03245,-125.3236,10,"Didn't measure, too many crabs",1,,,,,51,5,,0,XMB
GL,10,2024,7,24,20,-0.7,-0.5,23,10,hillier,49.03242,-125.3232,49.03245,-125.3236,10,"Didn't measure, too many crabs",1,,,,,51,5,,0,XMB
GL,10,2024,7,24,20,-0.7,-0.5,23,10,hillier,49.03242,-125.3232,49.03245,-125.3236,10,"Didn't measure, too many crabs",1,,,,,51,5,,0,XMB
GL,10,2024,7,24,20,-0.7,-0.5,23,10,hillier,49.03242,-125.3232,49.03245,-125.3236,10,"Didn't measure, too many crabs",1,,,,,51,5,,0,XMB
GL,10,2024,7,24,20,-0.7,-0.5,23,10,hillier,49.03242,-125.3232,49.03245,-125.3236,10,"Didn't measure, too many crabs",1,,,,,51,5,,0,XMB
GL,10,2024,7,24,20,-0.7,-0.5,23,10,hillier,49.03242,-125.3232,49.03245,-125.3236,10,"Didn't measure, too many crabs",1,,,,,51,5,,0,XMB
GL,10,2024,7,24,20,-0.7,-0.5,23,10,hillier,49.03242,-125.3232,49.03245,-125.3236,10,"Didn't measure, too many crabs",1,,,,,51,5,,0,XMB
GL,10,2024,7,24,20,-0.7,-0.5,23,10,hillier,49.03242,-125.3232,49.03245,-125.3236,10,"Didn't measure, too many crabs",1,,,,,51,5,,0,XMB
GL,10,2024,7,24,20,-0.7,-0.5,23,10,hillier,49.03242,-125.3232,49.03245,-125.3236,10,"Didn't measure, too many crabs",1,,,,,51,5,,0,XMB
GL,10,2024,7,24,20,-0.7,-0.5,23,10,hillier,49.03242,-125.3232,49.03245,-125.3236,10,"Didn't measure, too many crabs",1,,,,,51,5,,0,XMB
GL,10,2024,7,24,20,-0.7,-0.5,23,10,hillier,49.03242,-125.3232,49.03245,-125.3236,10,"Didn't measure, too many crabs",1,,,,,51,5,,0,XMB
GL,10,2024,7,24,20,-0.7,-0.5,23,10,hillier,49.03242,-125.3232,49.03245,-125.3236,10,"Didn't measure, too many crabs",1,,,,,51,5,,0,XMB
GL,10,2024,7,24,20,-0.7,-0.5,23,10,hillier,49.03242,-125.3232,49.03245,-125.3236,10,"Didn't measure, too many crabs",1,,,,,51,5,,0,XMB
GL,10,2024,7,24,20,-0.7,-0.5,23,10,hillier,49.03242,-125.3232,49.03245,-125.3236,10,"Didn't measure, too many crabs",1,,,,,51,5,,0,XMB
GL,10,2024,7,24,20,-0.7,-0.5,23,10,hillier,49.03242,-125.3232,49.03245,-125.3236,10,"Didn't measure, too many crabs",1,,,,,51,5,,0,XMB
GL,10,2024,7,24,20,-0.7,-0.5,23,10,hillier,49.03242,-125.3232,49.03245,-125.3236,10,"Didn't measure, too many crabs",1,,,,,51,5,,0,XMB
GL,10,2024,7,24,20,-0.7,-0.5,23,10,hillier,49.03242,-125.3232,49.03245,-125.3236,10,"Didn't measure, too many crabs",1,,,,,51,5,,0,XMB
GL,10,2024,7,24,20,-0.7,-0.5,23,10,hillier,49.03242,-125.3232,49.03245,-125.3236,10,"Didn't measure, too many crabs",3,,,,,51,5,,0,XMB
GL,10,2024,7,24,20,-0.7,-0.5,23,10,hillier,49.03242,-125.3232,49.03245,-125.3236,10,"Didn't measure, too many crabs",3,,,,,51,5,,0,XMB
GL,10,2024,7,24,20,-0.7,-0.5,23,10,hillier,49.03242,-125.3232,49.03245,-125.3236,10,"Didn't measure, too many crabs",3,,,,,51,5,,0,XMB
GL,10,2024,7,24,20,-0.7,-0.5,23,10,hillier,49.03242,-125.3232,49.03245,-125.3236,10,"Didn't measure, too many crabs",3,,,,,51,5,,0,XMB
GL,10,2024,7,24,20,-0.7,-0.5,23,10,hillier,49.03242,-125.3232,49.03245,-125.3236,10,"Didn't measure, too many crabs",3,,,,,51,5,,0,XMB
GL,10,2024,7,24,20,-0.7,-0.5,23,10,hillier,49.03242,-125.3232,49.03245,-125.3236,10,"Didn't measure, too many crabs",3,,,,,51,5,,0,XMB
GL,10,2024,7,24,20,-0.7,-0.5,23,10,hillier,49.03242,-125.3232,49.03245,-125.3236,10,"Didn't measure, too many crabs",3,,,,,51,5,,0,XMB
GL,10,2024,7,24,20,-0.7,-0.5,23,10,hillier,49.03242,-125.3232,49.03245,-125.3236,10,"Didn't measure, too many crabs",3,,,,,51,5,,0,XMB
GL,10,2024,7,24,20,-0.7,-0.5,23,10,hillier,49.03242,-125.3232,49.03245,-125.3236,10,"Didn't measure, too many crabs",3,,,,,51,5,,0,XMB
GL,10,2024,7,24,20,-0.7,-0.5,23,10,hillier,49.03242,-125.3232,49.03245,-125.3236,10,"Didn't measure, too many crabs",3,,,,,51,5,,0,XMB
GL,10,2024,7,24,20,-0.7,-0.5,23,10,hillier,49.03242,-125.3232,49.03245,-125.3236,10,"Didn't measure, too many crabs",3,,,,,51,5,,0,XMB
GL,10,2024,7,24,20,-0.7,-0.5,23,10,hillier,49.03242,-125.3232,49.03245,-125.3236,10,"Didn't measure, too many crabs",3,,,,,51,5,,0,XMB
GL,10,2024,7,24,20,-0.7,-0.5,23,10,hillier,49.03242,-125.3232,49.03245,-125.3236,10,"Didn't measure, too many crabs",3,,,,,51,5,,0,XMB
GL,10,2024,7,24,20,-0.7,-0.5,23,10,hillier,49.03242,-125.3232,49.03245,-125.3236,10,"Didn't measure, too many crabs",3,,,,,51,5,,0,XMB
GL,10,2024,7,24,20,-0.7,-0.5,23,10,hillier,49.03242,-125.3232,49.03245,-125.3236,10,"Didn't measure, too many crabs",3,,,,,51,5,,0,XMB
GL,10,2024,7,24,20,-0.7,-0.5,23,10,hillier,49.03242,-125.3232,49.03245,-125.3236,10,"Didn't measure, too many crabs",3,,,,,51,5,,0,XMB
GL,10,2024,7,24,20,-0.7,-0.5,23,10,hillier,49.03242,-125.3232,49.03245,-125.3236,10,"Didn't measure, too many crabs",3,,,,,51,5,,0,XMB
GL,10,2024,7,24,20,-0.7,-0.5,23,10,hillier,49.03242,-125.3232,49.03245,-125.3236,10,"Didn't measure, too many crabs",3,,,,,51,5,,0,XMB
GL,10,2024,7,24,20,-0.7,-0.5,23,10,hillier,49.03242,-125.3232,49.03245,-125.3236,10,"Didn't measure, too many crabs",3,,,,,51,5,,0,XMB
GL,10,2024,7,24,20,-0.7,-0.5,23,10,hillier,49.03242,-125.3232,49.03245,-125.3236,10,"Didn't measure, too many crabs",3,,,,,51,5,,0,XMB
GL,10,2024,7,24,20,-0.7,-0.5,23,10,hillier,49.03242,-125.3232,49.03245,-125.3236,10,"Didn't measure, too many crabs",3,,,,,51,5,,0,XMB
GL,10,2024,7,24,20,-0.7,-0.5,23,10,hillier,49.03242,-125.3232,49.03245,-125.3236,10,"Didn't measure, too many crabs",3,,,,,51,5,,0,XMB
GL,10,2024,7,24,20,-0.7,-0.5,23,10,hillier,49.03242,-125.3232,49.03245,-125.3236,10,"Didn't measure, too many crabs",3,,,,,51,5,,0,XMB
GL,10,2024,7,24,20,-0.7,-0.5,23,10,hillier,49.03242,-125.3232,49.03245,-125.3236,10,"Didn't measure, too many crabs",3,,,,,51,5,,0,XMB
GL,10,2024,7,24,20,-0.7,-0.5,23,10,hillier,49.03242,-125.3232,49.03245,-125.3236,10,"Didn't measure, too many crabs",3,,,,,51,5,,0,XMB
GL,10,2024,7,24,20,-0.7,-0.5,23,10,hillier,49.03242,-125.3232,49.03245,-125.3236,10,"Didn't measure, too many crabs",3,,,,,51,5,,0,XMB
GL,10,2024,7,24,20,-0.7,-0.5,23,10,hillier,49.03242,-125.3232,49.03245,-125.3236,10,"Didn't measure, too many crabs",3,,,,,51,5,,0,XMB
GL,10,2024,7,24,20,-0.7,-0.5,23,10,hillier,49.03242,-125.3232,49.03245,-125.3236,10,"Didn't measure, too many crabs",3,,,,,51,5,,0,XMB
GL,10,2024,7,24,20,-0.7,-0.5,23,10,hillier,49.03242,-125.3232,49.03245,-125.3236,10,"Didn't measure, too many crabs",3,,,,,51,5,,0,XMB
GL,10,2024,7,24,20,-0.7,-0.5,23,10,hillier,49.03242,-125.3232,49.03245,-125.3236,10,"Didn't measure, too many crabs",3,,,,,51,5,,0,XMB
GL,10,2024,7,24,20,-0.7,-0.5,23,10,hillier,49.03242,-125.3232,49.03245,-125.3236,10,"Didn't measure, too many crabs",3,,,,,51,5,,0,XMB
GL,10,2024,7,24,20,-0.7,-0.5,23,10,hillier,49.03242,-125.3232,49.03245,-125.3236,10,"Didn't measure, too many crabs",3,,,,,51,5,,0,XMB
GL,10,2024,7,24,20,-0.7,-0.5,23,10,hillier,49.03242,-125.3232,49.03245,-125.3236,10,"Didn't measure, too many crabs",3,,,,,51,5,,0,XMB
GL,10,2024,7,24,20,-0.7,-0.5,23,10,hillier,49.03242,-125.3232,49.03245,-125.3236,10,"Didn't measure, too many crabs",3,,,,,51,5,,0,XMB
GL,10,2024,7,24,20,-0.7,-0.5,23,10,hillier,49.03242,-125.3232,49.03245,-125.3236,10,"Didn't measure, too many crabs",3,,,,,51,5,,0,XMB
GL,10,2024,7,24,20,-0.7,-0.5,23,10,hillier,49.03242,-125.3232,49.03245,-125.3236,10,"Didn't measure, too many crabs",3,,,,,51,5,,0,XMB
GL,10,2024,7,24,20,-0.7,-0.5,23,10,hillier,49.03242,-125.3232,49.03245,-125.3236,10,"Didn't measure, too many crabs",3,,,,,51,5,,0,XMB
GL,10,2024,7,24,20,-0.7,-0.5,23,10,hillier,49.03242,-125.3232,49.03245,-125.3236,10,"Didn't measure, too many crabs",3,,,,,51,5,,0,XMB
GL,10,2024,7,24,20,-0.7,-0.5,23,10,hillier,49.03242,-125.3232,49.03245,-125.3236,10,"Didn't measure, too many crabs",3,,,,,51,5,,0,XMB
GL,10,2024,7,24,20,-0.7,-0.5,23,10,hillier,49.03242,-125.3232,49.03245,-125.3236,10,"Didn't measure, too many crabs",3,,,,,51,5,,0,XMB
GL,10,2024,7,24,20,-0.7,-0.5,23,10,hillier,49.03242,-125.3232,49.03245,-125.3236,10,"Didn't measure, too many crabs",3,,,,,51,5,,0,XMB
GL,10,2024,7,24,20,-0.7,-0.5,23,10,hillier,49.03242,-125.3232,49.03245,-125.3236,10,"Didn't measure, too many crabs",3,,,,,51,5,,0,XMB
GL,10,2024,7,24,20,-0.7,-0.5,23,10,hillier,49.03242,-125.3232,49.03245,-125.3236,10,"Didn't measure, too many crabs",3,,,,,51,5,,0,XMB
GL,10,2024,7,24,20,-0.7,-0.5,23,10,hillier,49.03242,-125.3232,49.03245,-125.3236,10,"Didn't measure, too many crabs",3,,,,,51,5,,0,XMB
GL,10,2024,7,24,20,-0.7,-0.5,23,10,hillier,49.03242,-125.3232,49.03245,-125.3236,10,"Didn't measure, too many crabs",3,,,,,51,5,,0,XMB
GL,10,2024,7,24,20,-0.7,-0.5,23,10,hillier,49.03242,-125.3232,49.03245,-125.3236,10,"Didn't measure, too many crabs",3,,,,,51,5,,0,XMB
GL,10,2024,7,24,20,-0.7,-0.5,23,10,hillier,49.03242,-125.3232,49.03245,-125.3236,10,"Didn't measure, too many crabs",3,,,,,51,5,,0,XMB
GL,10,2024,7,24,20,-0.7,-0.5,23,10,hillier,49.03242,-125.3232,49.03245,-125.3236,10,"Didn't measure, too many crabs",3,,,,,51,5,,0,XMB
GL,10,2024,7,24,20,-0.7,-0.5,23,10,hillier,49.03242,-125.3232,49.03245,-125.3236,10,"Didn't measure, too many crabs",1,,,,,51,6,,0,XMB
GL,10,2024,7,24,20,-0.7,-0.5,23,10,hillier,49.03242,-125.3232,49.03245,-125.3236,10,"Didn't measure, too many crabs",1,,,,,51,6,,0,XMB
GL,10,2024,7,24,20,-0.7,-0.5,23,10,hillier,49.03242,-125.3232,49.03245,-125.3236,10,"Didn't measure, too many crabs",1,,,,,51,6,,0,XMB
GL,10,2024,7,24,20,-0.7,-0.5,23,10,hillier,49.03242,-125.3232,49.03245,-125.3236,10,"Didn't measure, too many crabs",1,,,,,51,6,,0,XMB
GL,10,2024,7,24,20,-0.7,-0.5,23,10,hillier,49.03242,-125.3232,49.03245,-125.3236,10,"Didn't measure, too many crabs",1,,,,,51,6,,0,XMB
GL,10,2024,7,24,20,-0.7,-0.5,23,10,hillier,49.03242,-125.3232,49.03245,-125.3236,10,"Didn't measure, too many crabs",1,,,,,51,6,,0,XMB
GL,10,2024,7,24,20,-0.7,-0.5,23,10,hillier,49.03242,-125.3232,49.03245,-125.3236,10,"Didn't measure, too many crabs",1,,,,,51,6,,0,XMB
GL,10,2024,7,24,20,-0.7,-0.5,23,10,hillier,49.03242,-125.3232,49.03245,-125.3236,10,"Didn't measure, too many crabs",1,,,,,51,6,,0,XMB
GL,10,2024,7,24,20,-0.7,-0.5,23,10,hillier,49.03242,-125.3232,49.03245,-125.3236,10,"Didn't measure, too many crabs",1,,,,,51,6,,0,XMB
GL,10,2024,7,24,20,-0.7,-0.5,23,10,hillier,49.03242,-125.3232,49.03245,-125.3236,10,"Didn't measure, too many crabs",1,,,,,51,6,,0,XMB
GL,10,2024,7,24,20,-0.7,-0.5,23,10,hillier,49.03242,-125.3232,49.03245,-125.3236,10,"Didn't measure, too many crabs",1,,,,,51,6,,0,XMB
GL,10,2024,7,24,20,-0.7,-0.5,23,10,hillier,49.03242,-125.3232,49.03245,-125.3236,10,"Didn't measure, too many crabs",1,,,,,51,6,,0,XMB
GL,10,2024,7,24,20,-0.7,-0.5,23,10,hillier,49.03242,-125.3232,49.03245,-125.3236,10,"Didn't measure, too many crabs",1,,,,,51,6,,0,XMB
GL,10,2024,7,24,20,-0.7,-0.5,23,10,hillier,49.03242,-125.3232,49.03245,-125.3236,10,"Didn't measure, too many crabs",1,,,,,51,6,,0,XMB
GL,10,2024,7,24,20,-0.7,-0.5,23,10,hillier,49.03242,-125.3232,49.03245,-125.3236,10,"Didn't measure, too many crabs",1,,,,,51,6,,0,XMB
GL,10,2024,7,24,20,-0.7,-0.5,23,10,hillier,49.03242,-125.3232,49.03245,-125.3236,10,"Didn't measure, too many crabs",1,,,,,51,6,,0,XMB
GL,10,2024,7,24,20,-0.7,-0.5,23,10,hillier,49.03242,-125.3232,49.03245,-125.3236,10,"Didn't measure, too many crabs",1,,,,,51,6,,0,XMB
GL,10,2024,7,24,20,-0.7,-0.5,23,10,hillier,49.03242,-125.3232,49.03245,-125.3236,10,"Didn't measure, too many crabs",1,,,,,51,6,,0,XMB
GL,10,2024,7,24,20,-0.7,-0.5,23,10,hillier,49.03242,-125.3232,49.03245,-125.3236,10,"Didn't measure, too many crabs",1,,,,,51,6,,0,XMB
GL,10,2024,7,24,20,-0.7,-0.5,23,10,hillier,49.03242,-125.3232,49.03245,-125.3236,10,"Didn't measure, too many crabs",1,,,,,51,6,,0,XMB
GL,10,2024,7,24,20,-0.7,-0.5,23,10,hillier,49.03242,-125.3232,49.03245,-125.3236,10,"Didn't measure, too many crabs",1,,,,,51,6,,0,XMB
GL,10,2024,7,24,20,-0.7,-0.5,23,10,hillier,49.03242,-125.3232,49.03245,-125.3236,10,"Didn't measure, too many crabs",1,,,,,51,6,,0,XMB
GL,10,2024,7,24,20,-0.7,-0.5,23,10,hillier,49.03242,-125.3232,49.03245,-125.3236,10,"Didn't measure, too many crabs",1,,,,,51,6,,0,XMB
GL,10,2024,7,24,20,-0.7,-0.5,23,10,hillier,49.03242,-125.3232,49.03245,-125.3236,10,"Didn't measure, too many crabs",1,,,,,51,6,,0,XMB
GL,10,2024,7,24,20,-0.7,-0.5,23,10,hillier,49.03242,-125.3232,49.03245,-125.3236,10,"Didn't measure, too many crabs",1,,,,,51,6,,0,XMB
GL,10,2024,7,24,20,-0.7,-0.5,23,10,hillier,49.03242,-125.3232,49.03245,-125.3236,10,"Didn't measure, too many crabs",1,,,,,51,6,,0,XMB
GL,10,2024,7,24,20,-0.7,-0.5,23,10,hillier,49.03242,-125.3232,49.03245,-125.3236,10,"Didn't measure, too many crabs",1,,,,,51,6,,0,XMB
GL,10,2024,7,24,20,-0.7,-0.5,23,10,hillier,49.03242,-125.3232,49.03245,-125.3236,10,"Didn't measure, too many crabs",1,,,,,51,6,,0,XMB
GL,10,2024,7,24,20,-0.7,-0.5,23,10,hillier,49.03242,-125.3232,49.03245,-125.3236,10,"Didn't measure, too many crabs",1,,,,,51,6,,0,XMB
GL,10,2024,7,24,20,-0.7,-0.5,23,10,hillier,49.03242,-125.3232,49.03245,-125.3236,10,"Didn't measure, too many crabs",1,,,,,51,6,,0,XMB
GL,10,2024,7,24,20,-0.7,-0.5,23,10,hillier,49.03242,-125.3232,49.03245,-125.3236,10,"Didn't measure, too many crabs",1,,,,,51,6,,0,XMB
GL,10,2024,7,24,20,-0.7,-0.5,23,10,hillier,49.03242,-125.3232,49.03245,-125.3236,10,"Didn't measure, too many crabs",1,,,,,51,6,,0,XMB
GL,10,2024,7,24,20,-0.7,-0.5,23,10,hillier,49.03242,-125.3232,49.03245,-125.3236,10,"Didn't measure, too many crabs",3,,,,,51,6,,0,XMB
GL,10,2024,7,24,20,-0.7,-0.5,23,10,hillier,49.03242,-125.3232,49.03245,-125.3236,10,"Didn't measure, too many crabs",3,,,,,51,6,,0,XMB
GL,10,2024,7,24,20,-0.7,-0.5,23,10,hillier,49.03242,-125.3232,49.03245,-125.3236,10,"Didn't measure, too many crabs",3,,,,,51,6,,0,XMB
GL,10,2024,7,24,20,-0.7,-0.5,23,10,hillier,49.03242,-125.3232,49.03245,-125.3236,10,"Didn't measure, too many crabs",3,,,,,51,6,,0,XMB
GL,10,2024,7,24,20,-0.7,-0.5,23,10,hillier,49.03242,-125.3232,49.03245,-125.3236,10,"Didn't measure, too many crabs",3,,,,,51,6,,0,XMB
GL,10,2024,7,24,20,-0.7,-0.5,23,10,hillier,49.03242,-125.3232,49.03245,-125.3236,10,"Didn't measure, too many crabs",3,,,,,51,6,,0,XMB
GL,10,2024,7,24,20,-0.7,-0.5,23,10,hillier,49.03242,-125.3232,49.03245,-125.3236,10,"Didn't measure, too many crabs",3,,,,,51,6,,0,XMB
GL,10,2024,7,24,20,-0.7,-0.5,23,10,hillier,49.03242,-125.3232,49.03245,-125.3236,10,"Didn't measure, too many crabs",3,,,,,51,6,,0,XMB
GL,10,2024,7,24,20,-0.7,-0.5,23,10,hillier,49.03242,-125.3232,49.03245,-125.3236,10,"Didn't measure, too many crabs",3,,,,,51,6,,0,XMB
GL,10,2024,7,24,20,-0.7,-0.5,23,10,hillier,49.03242,-125.3232,49.03245,-125.3236,10,"Didn't measure, too many crabs",3,,,,,51,6,,0,XMB
GL,10,2024,7,24,20,-0.7,-0.5,23,10,hillier,49.03242,-125.3232,49.03245,-125.3236,10,"Didn't measure, too many crabs",3,,,,,51,6,,0,XMB
GL,10,2024,7,24,20,-0.7,-0.5,23,10,hillier,49.03242,-125.3232,49.03245,-125.3236,10,"Didn't measure, too many crabs",3,,,,,51,6,,0,XMB
GL,10,2024,7,24,20,-0.7,-0.5,23,10,hillier,49.03242,-125.3232,49.03245,-125.3236,10,"Didn't measure, too many crabs",3,,,,,51,6,,0,XMB
GL,10,2024,7,24,20,-0.7,-0.5,23,10,hillier,49.03242,-125.3232,49.03245,-125.3236,10,"Didn't measure, too many crabs",3,,,,,51,6,,0,XMB
GL,10,2024,7,24,20,-0.7,-0.5,23,10,hillier,49.03242,-125.3232,49.03245,-125.3236,10,"Didn't measure, too many crabs",3,,,,,51,6,,0,XMB
GL,10,2024,7,24,20,-0.7,-0.5,23,10,hillier,49.03242,-125.3232,49.03245,-125.3236,10,"Didn't measure, too many crabs",3,,,,,51,6,,0,XMB
GL,10,2024,7,24,20,-0.7,-0.5,23,10,hillier,49.03242,-125.3232,49.03245,-125.3236,10,"Didn't measure, too many crabs",3,,,,,51,6,,0,XMB
GL,10,2024,7,24,20,-0.7,-0.5,23,10,hillier,49.03242,-125.3232,49.03245,-125.3236,10,"Didn't measure, too many crabs",3,,,,,51,6,,0,XMB
GL,10,2024,7,24,20,-0.7,-0.5,23,10,hillier,49.03242,-125.3232,49.03245,-125.3236,10,"Didn't measure, too many crabs",3,,,,,51,6,,0,XMB
GL,10,2024,7,24,20,-0.7,-0.5,23,10,hillier,49.03242,-125.3232,49.03245,-125.3236,10,"Didn't measure, too many crabs",3,,,,,51,6,,0,XMB
GL,10,2024,7,24,20,-0.7,-0.5,23,10,hillier,49.03242,-125.3232,49.03245,-125.3236,10,"Didn't measure, too many crabs",3,,,,,51,6,,0,XMB
GL,10,2024,7,24,20,-0.7,-0.5,23,10,hillier,49.03242,-125.3232,49.03245,-125.3236,10,"Didn't measure, too many crabs",3,,,,,51,6,,0,XMB
GL,10,2024,7,24,20,-0.7,-0.5,23,10,hillier,49.03242,-125.3232,49.03245,-125.3236,10,"Didn't measure, too many crabs",3,,,,,51,6,,0,XMB
GL,10,2024,7,24,20,-0.7,-0.5,23,10,hillier,49.03242,-125.3232,49.03245,-125.3236,10,"Didn't measure, too many crabs",3,,,,,51,6,,0,XMB
GL,10,2024,7,24,20,-0.7,-0.5,23,10,hillier,49.03242,-125.3232,49.03245,-125.3236,10,"Didn't measure, too many crabs",3,,,,,51,6,,0,XMB
GL,10,2024,7,24,20,-0.7,-0.5,23,10,hillier,49.03242,-125.3232,49.03245,-125.3236,10,"Didn't measure, too many crabs",3,,,,,51,6,,0,XMB
GL,10,2024,7,24,20,-0.7,-0.5,23,10,hillier,49.03242,-125.3232,49.03245,-125.3236,10,"Didn't measure, too many crabs",3,,,,,51,6,,0,XMB
GL,10,2024,7,24,20,-0.7,-0.5,23,10,hillier,49.03242,-125.3232,49.03245,-125.3236,10,"Didn't measure, too many crabs",3,,,,,51,6,,0,XMB
GL,10,2024,7,24,20,-0.7,-0.5,23,10,hillier,49.03242,-125.3232,49.03245,-125.3236,10,"Didn't measure, too many crabs",3,,,,,51,6,,0,XMB
GL,10,2024,7,24,20,-0.7,-0.5,23,10,hillier,49.03242,-125.3232,49.03245,-125.3236,10,"Didn't measure, too many crabs",3,,,,,51,6,,0,XMB
GL,10,2024,7,24,20,-0.7,-0.5,23,10,hillier,49.03242,-125.3232,49.03245,-125.3236,10,"Didn't measure, too many crabs",3,,,,,51,6,,0,XMB
GL,10,2024,7,24,20,-0.7,-0.5,23,10,hillier,49.03242,-125.3232,49.03245,-125.3236,10,"Didn't measure, too many crabs",3,,,,,51,6,,0,XMB
GL,10,2024,7,24,20,-0.7,-0.5,23,10,hillier,49.03242,-125.3232,49.03245,-125.3236,10,"Didn't measure, too many crabs",3,,,,,51,6,,0,XMB
GL,10,2024,7,24,20,-0.7,-0.5,23,10,hillier,49.03242,-125.3232,49.03245,-125.3236,10,"Didn't measure, too many crabs",3,,,,,51,6,,0,XMB
GL,10,2024,7,24,20,-0.7,-0.5,23,10,hillier,49.03242,-125.3232,49.03245,-125.3236,10,"Didn't measure, too many crabs",3,,,,,51,6,,0,XMB
GL,10,2024,7,24,20,-0.7,-0.5,23,10,hillier,49.03242,-125.3232,49.03245,-125.3236,10,"Didn't measure, too many crabs",3,,,,,51,6,,0,XMB
GL,10,2024,7,24,20,-0.7,-0.5,23,10,hillier,49.03242,-125.3232,49.03245,-125.3236,10,"Didn't measure, too many crabs",3,,,,,51,6,,0,XMB
GL,10,2024,7,24,20,-0.7,-0.5,23,10,hillier,49.03242,-125.3232,49.03245,-125.3236,10,"Didn't measure, too many crabs",3,,,,,51,6,,0,XMB
GL,10,2024,7,24,20,-0.7,-0.5,23,10,hillier,49.03242,-125.3232,49.03245,-125.3236,10,"Didn't measure, too many crabs",3,,,,,51,6,,0,XMB
GL,10,2024,7,24,20,-0.7,-0.5,23,10,hillier,49.03242,-125.3232,49.03245,-125.3236,10,"Didn't measure, too many crabs",3,,,,,51,6,,0,XMB
GL,10,2024,7,24,20,-0.7,-0.5,23,10,hillier,49.03242,-125.3232,49.03245,-125.3236,10,"Didn't measure, too many crabs",3,,,,,51,6,,0,XMB
GL,10,2024,7,24,20,-0.7,-0.5,23,10,hillier,49.03242,-125.3232,49.03245,-125.3236,10,"Didn't measure, too many crabs",3,,,,,51,6,,0,XMB
GL,10,2024,7,24,20,-0.7,-0.5,23,10,hillier,49.03242,-125.3232,49.03245,-125.3236,10,"Didn't measure, too many crabs",3,,,,,51,6,,0,XMB
GL,10,2024,7,24,20,-0.7,-0.5,23,10,hillier,49.03242,-125.3232,49.03245,-125.3236,10,"Didn't measure, too many crabs",3,,,,,51,6,,0,XMB
GL,10,2024,7,24,20,-0.7,-0.5,23,10,hillier,49.03242,-125.3232,49.03245,-125.3236,10,"Didn't measure, too many crabs",3,,,,,51,6,,0,XMB
GL,10,2024,7,24,20,-0.7,-0.5,23,10,hillier,49.03242,-125.3232,49.03245,-125.3236,10,"Didn't measure, too many crabs",3,,,,,51,6,,0,XMB
GL,10,2024,7,24,20,-0.7,-0.5,23,10,hillier,49.03242,-125.3232,49.03245,-125.3236,10,"Didn't measure, too many crabs",3,,,,,51,6,,0,XMB
GL,10,2024,7,24,20,-0.7,-0.5,23,10,hillier,49.03242,-125.3232,49.03245,-125.3236,10,"Didn't measure, too many crabs",3,,,,,51,6,,0,XMB
GL,10,2024,7,24,20,-0.7,-0.5,23,10,hillier,49.03242,-125.3232,49.03245,-125.3236,10,"Didn't measure, too many crabs",3,,,,,51,6,,0,XMB
GL,10,2024,7,24,20,-0.7,-0.5,23,10,hillier,49.03242,-125.3232,49.03245,-125.3236,10,"Didn't measure, too many crabs",3,,,,,51,6,,0,XMB
GL,10,2024,7,24,20,-0.7,-0.5,23,10,hillier,49.03242,-125.3232,49.03245,-125.3236,10,"Didn't measure, too many crabs",3,,,,,51,6,,0,XMB
GL,10,2024,7,24,20,-0.7,-0.5,23,10,hillier,49.03242,-125.3232,49.03245,-125.3236,10,"Didn't measure, too many crabs",3,,,,,51,6,,0,XMB
GL,10,2024,7,24,20,-0.7,-0.5,23,10,hillier,49.03242,-125.3232,49.03245,-125.3236,10,"Didn't measure, too many crabs",3,,,,,51,6,,0,XMB
GL,10,2024,7,24,20,-0.7,-0.5,23,10,hillier,49.03242,-125.3232,49.03245,-125.3236,10,"Didn't measure, too many crabs",3,,,,,51,6,,0,XMB
GL,10,2024,7,24,20,-0.7,-0.5,23,10,hillier,49.03242,-125.3232,49.03245,-125.3236,10,"Didn't measure, too many crabs",3,,,,,51,6,,0,XMB
GL,10,2024,7,24,20,-0.7,-0.5,23,10,hillier,49.03242,-125.3232,49.03245,-125.3236,10,"Didn't measure, too many crabs",3,,,,,51,6,,0,XMB
GL,10,2024,7,24,20,-0.7,-0.5,23,10,hillier,49.03242,-125.3232,49.03245,-125.3236,10,"Didn't measure, too many crabs",3,,,,,51,6,,0,XMB
GL,10,2024,7,24,20,-0.7,-0.5,23,10,hillier,49.03242,-125.3232,49.03245,-125.3236,10,"Didn't measure, too many crabs",3,,,,,51,6,,0,XMB
GL,10,2024,7,24,20,-0.7,-0.5,23,10,hillier,49.03242,-125.3232,49.03245,-125.3236,10,"Didn't measure, too many crabs",3,,,,,51,6,,0,XMB
GL,10,2024,7,24,20,-0.7,-0.5,23,10,hillier,49.03242,-125.3232,49.03245,-125.3236,10,"Didn't measure, too many crabs",3,,,,,51,6,,0,XMB
GL,10,2024,7,24,20,-0.7,-0.5,23,10,hillier,49.03242,-125.3232,49.03245,-125.3236,10,"Didn't measure, too many crabs",3,,,,,51,6,,0,XMB
GL,10,2024,7,24,20,-0.7,-0.5,23,10,hillier,49.03242,-125.3232,49.03245,-125.3236,10,"Didn't measure, too many crabs",3,,,,,51,6,,0,XMB
GL,10,2024,7,24,20,-0.7,-0.5,23,10,hillier,49.03242,-125.3232,49.03245,-125.3236,10,"Didn't measure, too many crabs",3,,,,,51,6,,0,XMB
GL,10,2024,7,24,20,-0.7,-0.5,23,10,hillier,49.03242,-125.3232,49.03245,-125.3236,10,"Didn't measure, too many crabs",3,,,,,51,6,,0,XMB
GL,10,2024,7,24,20,-0.7,-0.5,23,10,hillier,49.03242,-125.3232,49.03245,-125.3236,10,"Didn't measure, too many crabs",3,,,,,51,6,,0,XMB
GL,10,2024,7,24,20,-0.7,-0.5,23,10,hillier,49.03242,-125.3232,49.03245,-125.3236,10,"Didn't measure, too many crabs",3,,,,,51,6,,0,XMB
GL,10,2024,7,24,20,-0.7,-0.5,23,10,hillier,49.03242,-125.3232,49.03245,-125.3236,10,"Didn't measure, too many crabs",3,,,,,51,6,,0,XMB
GL,11,2024,7,24,19,-1.5,-0.7,23,10,hillier,49.03271,-125.3247,49.03262,-125.3241,10,"Didn't measure, too many crabs",1,,,,,51,1,,0,XMB
GL,11,2024,7,24,19,-1.5,-0.7,23,10,hillier,49.03271,-125.3247,49.03262,-125.3241,10,"Didn't measure, too many crabs",1,,,,,51,1,,0,XMB
GL,11,2024,7,24,19,-1.5,-0.7,23,10,hillier,49.03271,-125.3247,49.03262,-125.3241,10,"Didn't measure, too many crabs",1,,,,,51,1,,0,XMB
GL,11,2024,7,24,19,-1.5,-0.7,23,10,hillier,49.03271,-125.3247,49.03262,-125.3241,10,"Didn't measure, too many crabs",1,,,,,51,1,,0,XMB
GL,11,2024,7,24,19,-1.5,-0.7,23,10,hillier,49.03271,-125.3247,49.03262,-125.3241,10,"Didn't measure, too many crabs",1,,,,,51,1,,0,XMB
GL,11,2024,7,24,19,-1.5,-0.7,23,10,hillier,49.03271,-125.3247,49.03262,-125.3241,10,"Didn't measure, too many crabs",1,,,,,51,1,,0,XMB
GL,11,2024,7,24,19,-1.5,-0.7,23,10,hillier,49.03271,-125.3247,49.03262,-125.3241,10,"Didn't measure, too many crabs",1,,,,,51,1,,0,XMB
GL,11,2024,7,24,19,-1.5,-0.7,23,10,hillier,49.03271,-125.3247,49.03262,-125.3241,10,"Didn't measure, too many crabs",1,,,,,51,1,,0,XMB
GL,11,2024,7,24,19,-1.5,-0.7,23,10,hillier,49.03271,-125.3247,49.03262,-125.3241,10,"Didn't measure, too many crabs",1,,,,,51,1,,0,XMB
GL,11,2024,7,24,19,-1.5,-0.7,23,10,hillier,49.03271,-125.3247,49.03262,-125.3241,10,"Didn't measure, too many crabs",1,,,,,51,1,,0,XMB
GL,11,2024,7,24,19,-1.5,-0.7,23,10,hillier,49.03271,-125.3247,49.03262,-125.3241,10,"Didn't measure, too many crabs",1,,,,,51,1,,0,XMB
GL,11,2024,7,24,19,-1.5,-0.7,23,10,hillier,49.03271,-125.3247,49.03262,-125.3241,10,"Didn't measure, too many crabs",1,,,,,51,1,,0,XMB
GL,11,2024,7,24,19,-1.5,-0.7,23,10,hillier,49.03271,-125.3247,49.03262,-125.3241,10,"Didn't measure, too many crabs",1,,,,,51,1,,0,XMB
GL,11,2024,7,24,19,-1.5,-0.7,23,10,hillier,49.03271,-125.3247,49.03262,-125.3241,10,"Didn't measure, too many crabs",1,,,,,51,1,,0,XMB
GL,11,2024,7,24,19,-1.5,-0.7,23,10,hillier,49.03271,-125.3247,49.03262,-125.3241,10,"Didn't measure, too many crabs",1,,,,,51,1,,0,XMB
GL,11,2024,7,24,19,-1.5,-0.7,23,10,hillier,49.03271,-125.3247,49.03262,-125.3241,10,"Didn't measure, too many crabs",1,,,,,51,1,,0,XMB
GL,11,2024,7,24,19,-1.5,-0.7,23,10,hillier,49.03271,-125.3247,49.03262,-125.3241,10,"Didn't measure, too many crabs",1,,,,,51,1,,0,XMB
GL,11,2024,7,24,19,-1.5,-0.7,23,10,hillier,49.03271,-125.3247,49.03262,-125.3241,10,"Didn't measure, too many crabs",3,,,,,51,1,,0,XMB
GL,11,2024,7,24,19,-1.5,-0.7,23,10,hillier,49.03271,-125.3247,49.03262,-125.3241,10,"Didn't measure, too many crabs",3,,,,,51,1,,0,XMB
GL,11,2024,7,24,19,-1.5,-0.7,23,10,hillier,49.03271,-125.3247,49.03262,-125.3241,10,"Didn't measure, too many crabs",3,,,,,51,1,,0,XMB
GL,11,2024,7,24,19,-1.5,-0.7,23,10,hillier,49.03271,-125.3247,49.03262,-125.3241,10,"Didn't measure, too many crabs",3,,,,,51,1,,0,XMB
GL,11,2024,7,24,19,-1.5,-0.7,23,10,hillier,49.03271,-125.3247,49.03262,-125.3241,10,"Didn't measure, too many crabs",3,,,,,51,1,,0,XMB
GL,11,2024,7,24,19,-1.5,-0.7,23,10,hillier,49.03271,-125.3247,49.03262,-125.3241,10,"Didn't measure, too many crabs",3,,,,,51,1,,0,XMB
GL,11,2024,7,24,19,-1.5,-0.7,23,10,hillier,49.03271,-125.3247,49.03262,-125.3241,10,"Didn't measure, too many crabs",3,,,,,51,1,,0,XMB
GL,11,2024,7,24,19,-1.5,-0.7,23,10,hillier,49.03271,-125.3247,49.03262,-125.3241,10,"Didn't measure, too many crabs",3,,,,,51,1,,0,XMB
GL,11,2024,7,24,19,-1.5,-0.7,23,10,hillier,49.03271,-125.3247,49.03262,-125.3241,10,"Didn't measure, too many crabs",3,,,,,51,1,,0,XMB
GL,11,2024,7,24,19,-1.5,-0.7,23,10,hillier,49.03271,-125.3247,49.03262,-125.3241,10,"Didn't measure, too many crabs",3,,,,,51,1,,0,XMB
GL,11,2024,7,24,19,-1.5,-0.7,23,10,hillier,49.03271,-125.3247,49.03262,-125.3241,10,"Didn't measure, too many crabs",3,,,,,51,1,,0,XMB
GL,11,2024,7,24,19,-1.5,-0.7,23,10,hillier,49.03271,-125.3247,49.03262,-125.3241,10,"Didn't measure, too many crabs",3,,,,,51,1,,0,XMB
GL,11,2024,7,24,19,-1.5,-0.7,23,10,hillier,49.03271,-125.3247,49.03262,-125.3241,10,"Didn't measure, too many crabs",3,,,,,51,1,,0,XMB
GL,11,2024,7,24,19,-1.5,-0.7,23,10,hillier,49.03271,-125.3247,49.03262,-125.3241,10,"Didn't measure, too many crabs",3,,,,,51,1,,0,XMB
GL,11,2024,7,24,19,-1.5,-0.7,23,10,hillier,49.03271,-125.3247,49.03262,-125.3241,10,"Didn't measure, too many crabs",3,,,,,51,1,,0,XMB
GL,11,2024,7,24,19,-1.5,-0.7,23,10,hillier,49.03271,-125.3247,49.03262,-125.3241,10,"Didn't measure, too many crabs",3,,,,,51,1,,0,XMB
GL,11,2024,7,24,19,-1.5,-0.7,23,10,hillier,49.03271,-125.3247,49.03262,-125.3241,10,"Didn't measure, too many crabs",3,,,,,51,1,,0,XMB
GL,11,2024,7,24,19,-1.5,-0.7,23,10,hillier,49.03271,-125.3247,49.03262,-125.3241,10,"Didn't measure, too many crabs",3,,,,,51,1,,0,XMB
GL,11,2024,7,24,19,-1.5,-0.7,23,10,hillier,49.03271,-125.3247,49.03262,-125.3241,10,"Didn't measure, too many crabs",3,,,,,51,1,,0,XMB
GL,11,2024,7,24,19,-1.5,-0.7,23,10,hillier,49.03271,-125.3247,49.03262,-125.3241,10,"Didn't measure, too many crabs",3,,,,,51,1,,0,XMB
GL,11,2024,7,24,19,-1.5,-0.7,23,10,hillier,49.03271,-125.3247,49.03262,-125.3241,10,"Didn't measure, too many crabs",3,,,,,51,1,,0,XMB
GL,11,2024,7,24,19,-1.5,-0.7,23,10,hillier,49.03271,-125.3247,49.03262,-125.3241,10,"Didn't measure, too many crabs",3,,,,,51,1,,0,XMB
GL,11,2024,7,24,19,-1.5,-0.7,23,10,hillier,49.03271,-125.3247,49.03262,-125.3241,10,"Didn't measure, too many crabs",3,,,,,51,1,,0,XMB
GL,11,2024,7,24,19,-1.5,-0.7,23,10,hillier,49.03271,-125.3247,49.03262,-125.3241,10,"Didn't measure, too many crabs",3,,,,,51,1,,0,XMB
GL,11,2024,7,24,19,-1.5,-0.7,23,10,hillier,49.03271,-125.3247,49.03262,-125.3241,10,"Didn't measure, too many crabs",3,,,,,51,1,,0,XMB
GL,11,2024,7,24,19,-1.5,-0.7,23,10,hillier,49.03271,-125.3247,49.03262,-125.3241,10,"Didn't measure, too many crabs",3,,,,,51,1,,0,XMB
GL,11,2024,7,24,19,-1.5,-0.7,23,10,hillier,49.03271,-125.3247,49.03262,-125.3241,10,"Didn't measure, too many crabs",3,,,,,51,1,,0,XMB
GL,11,2024,7,24,19,-1.5,-0.7,23,10,hillier,49.03271,-125.3247,49.03262,-125.3241,10,"Didn't measure, too many crabs",3,,,,,51,1,,0,XMB
GL,11,2024,7,24,19,-1.5,-0.7,23,10,hillier,49.03271,-125.3247,49.03262,-125.3241,10,"Didn't measure, too many crabs",3,,,,,51,1,,0,XMB
GL,11,2024,7,24,19,-1.5,-0.7,23,10,hillier,49.03271,-125.3247,49.03262,-125.3241,10,"Didn't measure, too many crabs",3,,,,,51,1,,0,XMB
GL,11,2024,7,24,19,-1.5,-0.7,23,10,hillier,49.03271,-125.3247,49.03262,-125.3241,10,"Didn't measure, too many crabs",3,,,,,51,1,,0,XMB
GL,11,2024,7,24,19,-1.5,-0.7,23,10,hillier,49.03271,-125.3247,49.03262,-125.3241,10,"Didn't measure, too many crabs",3,,,,,51,1,,0,XMB
GL,11,2024,7,24,19,-1.5,-0.7,23,10,hillier,49.03271,-125.3247,49.03262,-125.3241,10,"Didn't measure, too many crabs",1,,,,,51,2,,0,XMB
GL,11,2024,7,24,19,-1.5,-0.7,23,10,hillier,49.03271,-125.3247,49.03262,-125.3241,10,"Didn't measure, too many crabs",1,,,,,51,2,,0,XMB
GL,11,2024,7,24,19,-1.5,-0.7,23,10,hillier,49.03271,-125.3247,49.03262,-125.3241,10,"Didn't measure, too many crabs",1,,,,,51,2,,0,XMB
GL,11,2024,7,24,19,-1.5,-0.7,23,10,hillier,49.03271,-125.3247,49.03262,-125.3241,10,"Didn't measure, too many crabs",1,,,,,51,2,,0,XMB
GL,11,2024,7,24,19,-1.5,-0.7,23,10,hillier,49.03271,-125.3247,49.03262,-125.3241,10,"Didn't measure, too many crabs",1,,,,,51,2,,0,XMB
GL,11,2024,7,24,19,-1.5,-0.7,23,10,hillier,49.03271,-125.3247,49.03262,-125.3241,10,"Didn't measure, too many crabs",1,,,,,51,2,,0,XMB
GL,11,2024,7,24,19,-1.5,-0.7,23,10,hillier,49.03271,-125.3247,49.03262,-125.3241,10,"Didn't measure, too many crabs",1,,,,,51,2,,0,XMB
GL,11,2024,7,24,19,-1.5,-0.7,23,10,hillier,49.03271,-125.3247,49.03262,-125.3241,10,"Didn't measure, too many crabs",1,,,,,51,2,,0,XMB
GL,11,2024,7,24,19,-1.5,-0.7,23,10,hillier,49.03271,-125.3247,49.03262,-125.3241,10,"Didn't measure, too many crabs",1,,,,,51,2,,0,XMB
GL,11,2024,7,24,19,-1.5,-0.7,23,10,hillier,49.03271,-125.3247,49.03262,-125.3241,10,"Didn't measure, too many crabs",1,,,,,51,2,,0,XMB
GL,11,2024,7,24,19,-1.5,-0.7,23,10,hillier,49.03271,-125.3247,49.03262,-125.3241,10,"Didn't measure, too many crabs",1,,,,,51,2,,0,XMB
GL,11,2024,7,24,19,-1.5,-0.7,23,10,hillier,49.03271,-125.3247,49.03262,-125.3241,10,"Didn't measure, too many crabs",1,,,,,51,2,,0,XMB
GL,11,2024,7,24,19,-1.5,-0.7,23,10,hillier,49.03271,-125.3247,49.03262,-125.3241,10,"Didn't measure, too many crabs",1,,,,,51,2,,0,XMB
GL,11,2024,7,24,19,-1.5,-0.7,23,10,hillier,49.03271,-125.3247,49.03262,-125.3241,10,"Didn't measure, too many crabs",1,,,,,51,2,,0,XMB
GL,11,2024,7,24,19,-1.5,-0.7,23,10,hillier,49.03271,-125.3247,49.03262,-125.3241,10,"Didn't measure, too many crabs",1,,,,,51,2,,0,XMB
GL,11,2024,7,24,19,-1.5,-0.7,23,10,hillier,49.03271,-125.3247,49.03262,-125.3241,10,"Didn't measure, too many crabs",1,,,,,51,2,,0,XMB
GL,11,2024,7,24,19,-1.5,-0.7,23,10,hillier,49.03271,-125.3247,49.03262,-125.3241,10,"Didn't measure, too many crabs",3,,,,,51,2,,0,XMB
GL,11,2024,7,24,19,-1.5,-0.7,23,10,hillier,49.03271,-125.3247,49.03262,-125.3241,10,"Didn't measure, too many crabs",3,,,,,51,2,,0,XMB
GL,11,2024,7,24,19,-1.5,-0.7,23,10,hillier,49.03271,-125.3247,49.03262,-125.3241,10,"Didn't measure, too many crabs",3,,,,,51,2,,0,XMB
GL,11,2024,7,24,19,-1.5,-0.7,23,10,hillier,49.03271,-125.3247,49.03262,-125.3241,10,"Didn't measure, too many crabs",3,,,,,51,2,,0,XMB
GL,11,2024,7,24,19,-1.5,-0.7,23,10,hillier,49.03271,-125.3247,49.03262,-125.3241,10,"Didn't measure, too many crabs",3,,,,,51,2,,0,XMB
GL,11,2024,7,24,19,-1.5,-0.7,23,10,hillier,49.03271,-125.3247,49.03262,-125.3241,10,"Didn't measure, too many crabs",3,,,,,51,2,,0,XMB
GL,11,2024,7,24,19,-1.5,-0.7,23,10,hillier,49.03271,-125.3247,49.03262,-125.3241,10,"Didn't measure, too many crabs",3,,,,,51,2,,0,XMB
GL,11,2024,7,24,19,-1.5,-0.7,23,10,hillier,49.03271,-125.3247,49.03262,-125.3241,10,"Didn't measure, too many crabs",3,,,,,51,2,,0,XMB
GL,11,2024,7,24,19,-1.5,-0.7,23,10,hillier,49.03271,-125.3247,49.03262,-125.3241,10,"Didn't measure, too many crabs",3,,,,,51,2,,0,XMB
GL,11,2024,7,24,19,-1.5,-0.7,23,10,hillier,49.03271,-125.3247,49.03262,-125.3241,10,"Didn't measure, too many crabs",3,,,,,51,2,,0,XMB
GL,11,2024,7,24,19,-1.5,-0.7,23,10,hillier,49.03271,-125.3247,49.03262,-125.3241,10,"Didn't measure, too many crabs",3,,,,,51,2,,0,XMB
GL,11,2024,7,24,19,-1.5,-0.7,23,10,hillier,49.03271,-125.3247,49.03262,-125.3241,10,"Didn't measure, too many crabs",3,,,,,51,2,,0,XMB
GL,11,2024,7,24,19,-1.5,-0.7,23,10,hillier,49.03271,-125.3247,49.03262,-125.3241,10,"Didn't measure, too many crabs",3,,,,,51,2,,0,XMB
GL,11,2024,7,24,19,-1.5,-0.7,23,10,hillier,49.03271,-125.3247,49.03262,-125.3241,10,"Didn't measure, too many crabs",3,,,,,51,2,,0,XMB
GL,11,2024,7,24,19,-1.5,-0.7,23,10,hillier,49.03271,-125.3247,49.03262,-125.3241,10,"Didn't measure, too many crabs",3,,,,,51,2,,0,XMB
GL,11,2024,7,24,19,-1.5,-0.7,23,10,hillier,49.03271,-125.3247,49.03262,-125.3241,10,"Didn't measure, too many crabs",3,,,,,51,2,,0,XMB
GL,11,2024,7,24,19,-1.5,-0.7,23,10,hillier,49.03271,-125.3247,49.03262,-125.3241,10,"Didn't measure, too many crabs",3,,,,,51,2,,0,XMB
GL,11,2024,7,24,19,-1.5,-0.7,23,10,hillier,49.03271,-125.3247,49.03262,-125.3241,10,"Didn't measure, too many crabs",3,,,,,51,2,,0,XMB
GL,11,2024,7,24,19,-1.5,-0.7,23,10,hillier,49.03271,-125.3247,49.03262,-125.3241,10,"Didn't measure, too many crabs",3,,,,,51,2,,0,XMB
GL,11,2024,7,24,19,-1.5,-0.7,23,10,hillier,49.03271,-125.3247,49.03262,-125.3241,10,"Didn't measure, too many crabs",3,,,,,51,2,,0,XMB
GL,11,2024,7,24,19,-1.5,-0.7,23,10,hillier,49.03271,-125.3247,49.03262,-125.3241,10,"Didn't measure, too many crabs",3,,,,,51,2,,0,XMB
GL,11,2024,7,24,19,-1.5,-0.7,23,10,hillier,49.03271,-125.3247,49.03262,-125.3241,10,"Didn't measure, too many crabs",3,,,,,51,2,,0,XMB
GL,11,2024,7,24,19,-1.5,-0.7,23,10,hillier,49.03271,-125.3247,49.03262,-125.3241,10,"Didn't measure, too many crabs",1,,,,,51,3,,0,XMB
GL,11,2024,7,24,19,-1.5,-0.7,23,10,hillier,49.03271,-125.3247,49.03262,-125.3241,10,"Didn't measure, too many crabs",1,,,,,51,3,,0,XMB
GL,11,2024,7,24,19,-1.5,-0.7,23,10,hillier,49.03271,-125.3247,49.03262,-125.3241,10,"Didn't measure, too many crabs",1,,,,,51,3,,0,XMB
GL,11,2024,7,24,19,-1.5,-0.7,23,10,hillier,49.03271,-125.3247,49.03262,-125.3241,10,"Didn't measure, too many crabs",1,,,,,51,3,,0,XMB
GL,11,2024,7,24,19,-1.5,-0.7,23,10,hillier,49.03271,-125.3247,49.03262,-125.3241,10,"Didn't measure, too many crabs",1,,,,,51,3,,0,XMB
GL,11,2024,7,24,19,-1.5,-0.7,23,10,hillier,49.03271,-125.3247,49.03262,-125.3241,10,"Didn't measure, too many crabs",1,,,,,51,3,,0,XMB
GL,11,2024,7,24,19,-1.5,-0.7,23,10,hillier,49.03271,-125.3247,49.03262,-125.3241,10,"Didn't measure, too many crabs",1,,,,,51,3,,0,XMB
GL,11,2024,7,24,19,-1.5,-0.7,23,10,hillier,49.03271,-125.3247,49.03262,-125.3241,10,"Didn't measure, too many crabs",1,,,,,51,3,,0,XMB
GL,11,2024,7,24,19,-1.5,-0.7,23,10,hillier,49.03271,-125.3247,49.03262,-125.3241,10,"Didn't measure, too many crabs",1,,,,,51,3,,0,XMB
GL,11,2024,7,24,19,-1.5,-0.7,23,10,hillier,49.03271,-125.3247,49.03262,-125.3241,10,"Didn't measure, too many crabs",1,,,,,51,3,,0,XMB
GL,11,2024,7,24,19,-1.5,-0.7,23,10,hillier,49.03271,-125.3247,49.03262,-125.3241,10,"Didn't measure, too many crabs",1,,,,,51,3,,0,XMB
GL,11,2024,7,24,19,-1.5,-0.7,23,10,hillier,49.03271,-125.3247,49.03262,-125.3241,10,"Didn't measure, too many crabs",1,,,,,51,3,,0,XMB
GL,11,2024,7,24,19,-1.5,-0.7,23,10,hillier,49.03271,-125.3247,49.03262,-125.3241,10,"Didn't measure, too many crabs",1,,,,,51,3,,0,XMB
GL,11,2024,7,24,19,-1.5,-0.7,23,10,hillier,49.03271,-125.3247,49.03262,-125.3241,10,"Didn't measure, too many crabs",1,,,,,51,3,,0,XMB
GL,11,2024,7,24,19,-1.5,-0.7,23,10,hillier,49.03271,-125.3247,49.03262,-125.3241,10,"Didn't measure, too many crabs",1,,,,,51,3,,0,XMB
GL,11,2024,7,24,19,-1.5,-0.7,23,10,hillier,49.03271,-125.3247,49.03262,-125.3241,10,"Didn't measure, too many crabs",3,,,,,51,3,,0,XMB
GL,11,2024,7,24,19,-1.5,-0.7,23,10,hillier,49.03271,-125.3247,49.03262,-125.3241,10,"Didn't measure, too many crabs",3,,,,,51,3,,0,XMB
GL,11,2024,7,24,19,-1.5,-0.7,23,10,hillier,49.03271,-125.3247,49.03262,-125.3241,10,"Didn't measure, too many crabs",3,,,,,51,3,,0,XMB
GL,11,2024,7,24,19,-1.5,-0.7,23,10,hillier,49.03271,-125.3247,49.03262,-125.3241,10,"Didn't measure, too many crabs",3,,,,,51,3,,0,XMB
GL,11,2024,7,24,19,-1.5,-0.7,23,10,hillier,49.03271,-125.3247,49.03262,-125.3241,10,"Didn't measure, too many crabs",3,,,,,51,3,,0,XMB
GL,11,2024,7,24,19,-1.5,-0.7,23,10,hillier,49.03271,-125.3247,49.03262,-125.3241,10,"Didn't measure, too many crabs",3,,,,,51,3,,0,XMB
GL,11,2024,7,24,19,-1.5,-0.7,23,10,hillier,49.03271,-125.3247,49.03262,-125.3241,10,"Didn't measure, too many crabs",3,,,,,51,3,,0,XMB
GL,11,2024,7,24,19,-1.5,-0.7,23,10,hillier,49.03271,-125.3247,49.03262,-125.3241,10,"Didn't measure, too many crabs",3,,,,,51,3,,0,XMB
GL,11,2024,7,24,19,-1.5,-0.7,23,10,hillier,49.03271,-125.3247,49.03262,-125.3241,10,"Didn't measure, too many crabs",3,,,,,51,3,,0,XMB
GL,11,2024,7,24,19,-1.5,-0.7,23,10,hillier,49.03271,-125.3247,49.03262,-125.3241,10,"Didn't measure, too many crabs",3,,,,,51,3,,0,XMB
GL,11,2024,7,24,19,-1.5,-0.7,23,10,hillier,49.03271,-125.3247,49.03262,-125.3241,10,"Didn't measure, too many crabs",3,,,,,51,3,,0,XMB
GL,11,2024,7,24,19,-1.5,-0.7,23,10,hillier,49.03271,-125.3247,49.03262,-125.3241,10,"Didn't measure, too many crabs",3,,,,,51,3,,0,XMB
GL,11,2024,7,24,19,-1.5,-0.7,23,10,hillier,49.03271,-125.3247,49.03262,-125.3241,10,"Didn't measure, too many crabs",3,,,,,51,3,,0,XMB
GL,11,2024,7,24,19,-1.5,-0.7,23,10,hillier,49.03271,-125.3247,49.03262,-125.3241,10,"Didn't measure, too many crabs",3,,,,,51,3,,0,XMB
GL,11,2024,7,24,19,-1.5,-0.7,23,10,hillier,49.03271,-125.3247,49.03262,-125.3241,10,"Didn't measure, too many crabs",3,,,,,51,3,,0,XMB
GL,11,2024,7,24,19,-1.5,-0.7,23,10,hillier,49.03271,-125.3247,49.03262,-125.3241,10,"Didn't measure, too many crabs",3,,,,,51,3,,0,XMB
GL,11,2024,7,24,19,-1.5,-0.7,23,10,hillier,49.03271,-125.3247,49.03262,-125.3241,10,"Didn't measure, too many crabs",3,,,,,51,3,,0,XMB
GL,11,2024,7,24,19,-1.5,-0.7,23,10,hillier,49.03271,-125.3247,49.03262,-125.3241,10,"Didn't measure, too many crabs",3,,,,,51,3,,0,XMB
GL,11,2024,7,24,19,-1.5,-0.7,23,10,hillier,49.03271,-125.3247,49.03262,-125.3241,10,"Didn't measure, too many crabs",1,,,,,51,4,,0,XMB
GL,11,2024,7,24,19,-1.5,-0.7,23,10,hillier,49.03271,-125.3247,49.03262,-125.3241,10,"Didn't measure, too many crabs",1,,,,,51,4,,0,XMB
GL,11,2024,7,24,19,-1.5,-0.7,23,10,hillier,49.03271,-125.3247,49.03262,-125.3241,10,"Didn't measure, too many crabs",1,,,,,51,4,,0,XMB
GL,11,2024,7,24,19,-1.5,-0.7,23,10,hillier,49.03271,-125.3247,49.03262,-125.3241,10,"Didn't measure, too many crabs",1,,,,,51,4,,0,XMB
GL,11,2024,7,24,19,-1.5,-0.7,23,10,hillier,49.03271,-125.3247,49.03262,-125.3241,10,"Didn't measure, too many crabs",1,,,,,51,4,,0,XMB
GL,11,2024,7,24,19,-1.5,-0.7,23,10,hillier,49.03271,-125.3247,49.03262,-125.3241,10,"Didn't measure, too many crabs",1,,,,,51,4,,0,XMB
GL,11,2024,7,24,19,-1.5,-0.7,23,10,hillier,49.03271,-125.3247,49.03262,-125.3241,10,"Didn't measure, too many crabs",1,,,,,51,4,,0,XMB
GL,11,2024,7,24,19,-1.5,-0.7,23,10,hillier,49.03271,-125.3247,49.03262,-125.3241,10,"Didn't measure, too many crabs",1,,,,,51,4,,0,XMB
GL,11,2024,7,24,19,-1.5,-0.7,23,10,hillier,49.03271,-125.3247,49.03262,-125.3241,10,"Didn't measure, too many crabs",1,,,,,51,4,,0,XMB
GL,11,2024,7,24,19,-1.5,-0.7,23,10,hillier,49.03271,-125.3247,49.03262,-125.3241,10,"Didn't measure, too many crabs",1,,,,,51,4,,0,XMB
GL,11,2024,7,24,19,-1.5,-0.7,23,10,hillier,49.03271,-125.3247,49.03262,-125.3241,10,"Didn't measure, too many crabs",1,,,,,51,4,,0,XMB
GL,11,2024,7,24,19,-1.5,-0.7,23,10,hillier,49.03271,-125.3247,49.03262,-125.3241,10,"Didn't measure, too many crabs",1,,,,,51,4,,0,XMB
GL,11,2024,7,24,19,-1.5,-0.7,23,10,hillier,49.03271,-125.3247,49.03262,-125.3241,10,"Didn't measure, too many crabs",1,,,,,51,4,,0,XMB
GL,11,2024,7,24,19,-1.5,-0.7,23,10,hillier,49.03271,-125.3247,49.03262,-125.3241,10,"Didn't measure, too many crabs",1,,,,,51,4,,0,XMB
GL,11,2024,7,24,19,-1.5,-0.7,23,10,hillier,49.03271,-125.3247,49.03262,-125.3241,10,"Didn't measure, too many crabs",1,,,,,51,4,,0,XMB
GL,11,2024,7,24,19,-1.5,-0.7,23,10,hillier,49.03271,-125.3247,49.03262,-125.3241,10,"Didn't measure, too many crabs",1,,,,,51,4,,0,XMB
GL,11,2024,7,24,19,-1.5,-0.7,23,10,hillier,49.03271,-125.3247,49.03262,-125.3241,10,"Didn't measure, too many crabs",1,,,,,51,4,,0,XMB
GL,11,2024,7,24,19,-1.5,-0.7,23,10,hillier,49.03271,-125.3247,49.03262,-125.3241,10,"Didn't measure, too many crabs",1,,,,,51,4,,0,XMB
GL,11,2024,7,24,19,-1.5,-0.7,23,10,hillier,49.03271,-125.3247,49.03262,-125.3241,10,"Didn't measure, too many crabs",1,,,,,51,4,,0,XMB
GL,11,2024,7,24,19,-1.5,-0.7,23,10,hillier,49.03271,-125.3247,49.03262,-125.3241,10,"Didn't measure, too many crabs",3,,,,,51,4,,0,XMB
GL,11,2024,7,24,19,-1.5,-0.7,23,10,hillier,49.03271,-125.3247,49.03262,-125.3241,10,"Didn't measure, too many crabs",3,,,,,51,4,,0,XMB
GL,11,2024,7,24,19,-1.5,-0.7,23,10,hillier,49.03271,-125.3247,49.03262,-125.3241,10,"Didn't measure, too many crabs",3,,,,,51,4,,0,XMB
GL,11,2024,7,24,19,-1.5,-0.7,23,10,hillier,49.03271,-125.3247,49.03262,-125.3241,10,"Didn't measure, too many crabs",3,,,,,51,4,,0,XMB
GL,11,2024,7,24,19,-1.5,-0.7,23,10,hillier,49.03271,-125.3247,49.03262,-125.3241,10,"Didn't measure, too many crabs",3,,,,,51,4,,0,XMB
GL,11,2024,7,24,19,-1.5,-0.7,23,10,hillier,49.03271,-125.3247,49.03262,-125.3241,10,"Didn't measure, too many crabs",3,,,,,51,4,,0,XMB
GL,11,2024,7,24,19,-1.5,-0.7,23,10,hillier,49.03271,-125.3247,49.03262,-125.3241,10,"Didn't measure, too many crabs",3,,,,,51,4,,0,XMB
GL,11,2024,7,24,19,-1.5,-0.7,23,10,hillier,49.03271,-125.3247,49.03262,-125.3241,10,"Didn't measure, too many crabs",3,,,,,51,4,,0,XMB
GL,11,2024,7,24,19,-1.5,-0.7,23,10,hillier,49.03271,-125.3247,49.03262,-125.3241,10,"Didn't measure, too many crabs",3,,,,,51,4,,0,XMB
GL,11,2024,7,24,19,-1.5,-0.7,23,10,hillier,49.03271,-125.3247,49.03262,-125.3241,10,"Didn't measure, too many crabs",3,,,,,51,4,,0,XMB
GL,11,2024,7,24,19,-1.5,-0.7,23,10,hillier,49.03271,-125.3247,49.03262,-125.3241,10,"Didn't measure, too many crabs",3,,,,,51,4,,0,XMB
GL,11,2024,7,24,19,-1.5,-0.7,23,10,hillier,49.03271,-125.3247,49.03262,-125.3241,10,"Didn't measure, too many crabs",3,,,,,51,4,,0,XMB
GL,11,2024,7,24,19,-1.5,-0.7,23,10,hillier,49.03271,-125.3247,49.03262,-125.3241,10,"Didn't measure, too many crabs",3,,,,,51,4,,0,XMB
GL,11,2024,7,24,19,-1.5,-0.7,23,10,hillier,49.03271,-125.3247,49.03262,-125.3241,10,"Didn't measure, too many crabs",3,,,,,51,4,,0,XMB
GL,11,2024,7,24,19,-1.5,-0.7,23,10,hillier,49.03271,-125.3247,49.03262,-125.3241,10,"Didn't measure, too many crabs",3,,,,,51,4,,0,XMB
GL,11,2024,7,24,19,-1.5,-0.7,23,10,hillier,49.03271,-125.3247,49.03262,-125.3241,10,"Didn't measure, too many crabs",3,,,,,51,4,,0,XMB
GL,11,2024,7,24,19,-1.5,-0.7,23,10,hillier,49.03271,-125.3247,49.03262,-125.3241,10,"Didn't measure, too many crabs",3,,,,,51,4,,0,XMB
GL,11,2024,7,24,19,-1.5,-0.7,23,10,hillier,49.03271,-125.3247,49.03262,-125.3241,10,"Didn't measure, too many crabs",3,,,,,51,4,,0,XMB
GL,11,2024,7,24,19,-1.5,-0.7,23,10,hillier,49.03271,-125.3247,49.03262,-125.3241,10,"Didn't measure, too many crabs",3,,,,,51,4,,0,XMB
GL,11,2024,7,24,19,-1.5,-0.7,23,10,hillier,49.03271,-125.3247,49.03262,-125.3241,10,"Didn't measure, too many crabs",3,,,,,51,4,,0,XMB
GL,11,2024,7,24,19,-1.5,-0.7,23,10,hillier,49.03271,-125.3247,49.03262,-125.3241,10,"Didn't measure, too many crabs",3,,,,,51,4,,0,XMB
GL,11,2024,7,24,19,-1.5,-0.7,23,10,hillier,49.03271,-125.3247,49.03262,-125.3241,10,"Didn't measure, too many crabs",3,,,,,51,4,,0,XMB
GL,11,2024,7,24,19,-1.5,-0.7,23,10,hillier,49.03271,-125.3247,49.03262,-125.3241,10,"Didn't measure, too many crabs",3,,,,,51,4,,0,XMB
GL,11,2024,7,24,19,-1.5,-0.7,23,10,hillier,49.03271,-125.3247,49.03262,-125.3241,10,"Didn't measure, too many crabs",3,,,,,51,4,,0,XMB
GL,11,2024,7,24,19,-1.5,-0.7,23,10,hillier,49.03271,-125.3247,49.03262,-125.3241,10,"Didn't measure, too many crabs",3,,,,,51,4,,0,XMB
GL,11,2024,7,24,19,-1.5,-0.7,23,10,hillier,49.03271,-125.3247,49.03262,-125.3241,10,"Didn't measure, too many crabs",3,,,,,51,4,,0,XMB
GL,11,2024,7,24,19,-1.5,-0.7,23,10,hillier,49.03271,-125.3247,49.03262,-125.3241,10,"Didn't measure, too many crabs",3,,,,,51,4,,0,XMB
GL,11,2024,7,24,19,-1.5,-0.7,23,10,hillier,49.03271,-125.3247,49.03262,-125.3241,10,"Didn't measure, too many crabs",3,,,,,51,4,,0,XMB
GL,11,2024,7,24,19,-1.5,-0.7,23,10,hillier,49.03271,-125.3247,49.03262,-125.3241,10,"Didn't measure, too many crabs",3,,,,,51,4,,0,XMB
GL,11,2024,7,24,19,-1.5,-0.7,23,10,hillier,49.03271,-125.3247,49.03262,-125.3241,10,"Didn't measure, too many crabs",3,,,,,51,4,,0,XMB
GL,11,2024,7,24,19,-1.5,-0.7,23,10,hillier,49.03271,-125.3247,49.03262,-125.3241,10,"Didn't measure, too many crabs",3,,,,,51,4,,0,XMB
GL,11,2024,7,24,19,-1.5,-0.7,23,10,hillier,49.03271,-125.3247,49.03262,-125.3241,10,"Didn't measure, too many crabs",3,,,,,51,4,,0,XMB
GL,11,2024,7,24,19,-1.5,-0.7,23,10,hillier,49.03271,-125.3247,49.03262,-125.3241,10,"Didn't measure, too many crabs",3,,,,,51,4,,0,XMB
GL,11,2024,7,24,19,-1.5,-0.7,23,10,hillier,49.03271,-125.3247,49.03262,-125.3241,10,"Didn't measure, too many crabs",3,,,,,51,4,,0,XMB
GL,11,2024,7,24,19,-1.5,-0.7,23,10,hillier,49.03271,-125.3247,49.03262,-125.3241,10,"Didn't measure, too many crabs",3,,,,,51,4,,0,XMB
GL,11,2024,7,24,19,-1.5,-0.7,23,10,hillier,49.03271,-125.3247,49.03262,-125.3241,10,"Didn't measure, too many crabs",3,,,,,51,4,,0,XMB
GL,11,2024,7,24,19,-1.5,-0.7,23,10,hillier,49.03271,-125.3247,49.03262,-125.3241,10,"Didn't measure, too many crabs",3,,,,,51,4,,0,XMB
GL,11,2024,7,24,19,-1.5,-0.7,23,10,hillier,49.03271,-125.3247,49.03262,-125.3241,10,"Didn't measure, too many crabs",3,,,,,51,4,,0,XMB
GL,11,2024,7,24,19,-1.5,-0.7,23,10,hillier,49.03271,-125.3247,49.03262,-125.3241,10,"Didn't measure, too many crabs",3,,,,,51,4,,0,XMB
GL,11,2024,7,24,19,-1.5,-0.7,23,10,hillier,49.03271,-125.3247,49.03262,-125.3241,10,"Didn't measure, too many crabs",3,,,,,51,4,,0,XMB
GL,11,2024,7,24,19,-1.5,-0.7,23,10,hillier,49.03271,-125.3247,49.03262,-125.3241,10,"Didn't measure, too many crabs",1,,,,,51,5,,0,XMB
GL,11,2024,7,24,19,-1.5,-0.7,23,10,hillier,49.03271,-125.3247,49.03262,-125.3241,10,"Didn't measure, too many crabs",1,,,,,51,5,,0,XMB
GL,11,2024,7,24,19,-1.5,-0.7,23,10,hillier,49.03271,-125.3247,49.03262,-125.3241,10,"Didn't measure, too many crabs",1,,,,,51,5,,0,XMB
GL,11,2024,7,24,19,-1.5,-0.7,23,10,hillier,49.03271,-125.3247,49.03262,-125.3241,10,"Didn't measure, too many crabs",1,,,,,51,5,,0,XMB
GL,11,2024,7,24,19,-1.5,-0.7,23,10,hillier,49.03271,-125.3247,49.03262,-125.3241,10,"Didn't measure, too many crabs",1,,,,,51,5,,0,XMB
GL,11,2024,7,24,19,-1.5,-0.7,23,10,hillier,49.03271,-125.3247,49.03262,-125.3241,10,"Didn't measure, too many crabs",1,,,,,51,5,,0,XMB
GL,11,2024,7,24,19,-1.5,-0.7,23,10,hillier,49.03271,-125.3247,49.03262,-125.3241,10,"Didn't measure, too many crabs",1,,,,,51,5,,0,XMB
GL,11,2024,7,24,19,-1.5,-0.7,23,10,hillier,49.03271,-125.3247,49.03262,-125.3241,10,"Didn't measure, too many crabs",1,,,,,51,5,,0,XMB
GL,11,2024,7,24,19,-1.5,-0.7,23,10,hillier,49.03271,-125.3247,49.03262,-125.3241,10,"Didn't measure, too many crabs",1,,,,,51,5,,0,XMB
GL,11,2024,7,24,19,-1.5,-0.7,23,10,hillier,49.03271,-125.3247,49.03262,-125.3241,10,"Didn't measure, too many crabs",1,,,,,51,5,,0,XMB
GL,11,2024,7,24,19,-1.5,-0.7,23,10,hillier,49.03271,-125.3247,49.03262,-125.3241,10,"Didn't measure, too many crabs",1,,,,,51,5,,0,XMB
GL,11,2024,7,24,19,-1.5,-0.7,23,10,hillier,49.03271,-125.3247,49.03262,-125.3241,10,"Didn't measure, too many crabs",1,,,,,51,5,,0,XMB
GL,11,2024,7,24,19,-1.5,-0.7,23,10,hillier,49.03271,-125.3247,49.03262,-125.3241,10,"Didn't measure, too many crabs",1,,,,,51,5,,0,XMB
GL,11,2024,7,24,19,-1.5,-0.7,23,10,hillier,49.03271,-125.3247,49.03262,-125.3241,10,"Didn't measure, too many crabs",3,,,,,51,5,,0,XMB
GL,11,2024,7,24,19,-1.5,-0.7,23,10,hillier,49.03271,-125.3247,49.03262,-125.3241,10,"Didn't measure, too many crabs",3,,,,,51,5,,0,XMB
GL,11,2024,7,24,19,-1.5,-0.7,23,10,hillier,49.03271,-125.3247,49.03262,-125.3241,10,"Didn't measure, too many crabs",3,,,,,51,5,,0,XMB
GL,11,2024,7,24,19,-1.5,-0.7,23,10,hillier,49.03271,-125.3247,49.03262,-125.3241,10,"Didn't measure, too many crabs",3,,,,,51,5,,0,XMB
GL,11,2024,7,24,19,-1.5,-0.7,23,10,hillier,49.03271,-125.3247,49.03262,-125.3241,10,"Didn't measure, too many crabs",3,,,,,51,5,,0,XMB
GL,11,2024,7,24,19,-1.5,-0.7,23,10,hillier,49.03271,-125.3247,49.03262,-125.3241,10,"Didn't measure, too many crabs",3,,,,,51,5,,0,XMB
GL,11,2024,7,24,19,-1.5,-0.7,23,10,hillier,49.03271,-125.3247,49.03262,-125.3241,10,"Didn't measure, too many crabs",3,,,,,51,5,,0,XMB
GL,11,2024,7,24,19,-1.5,-0.7,23,10,hillier,49.03271,-125.3247,49.03262,-125.3241,10,"Didn't measure, too many crabs",3,,,,,51,5,,0,XMB
GL,11,2024,7,24,19,-1.5,-0.7,23,10,hillier,49.03271,-125.3247,49.03262,-125.3241,10,"Didn't measure, too many crabs",3,,,,,51,5,,0,XMB
GL,11,2024,7,24,19,-1.5,-0.7,23,10,hillier,49.03271,-125.3247,49.03262,-125.3241,10,"Didn't measure, too many crabs",1,,,,,51,6,,0,XMB
GL,11,2024,7,24,19,-1.5,-0.7,23,10,hillier,49.03271,-125.3247,49.03262,-125.3241,10,"Didn't measure, too many crabs",1,,,,,51,6,,0,XMB
GL,11,2024,7,24,19,-1.5,-0.7,23,10,hillier,49.03271,-125.3247,49.03262,-125.3241,10,"Didn't measure, too many crabs",1,,,,,51,6,,0,XMB
GL,11,2024,7,24,19,-1.5,-0.7,23,10,hillier,49.03271,-125.3247,49.03262,-125.3241,10,"Didn't measure, too many crabs",1,,,,,51,6,,0,XMB
GL,11,2024,7,24,19,-1.5,-0.7,23,10,hillier,49.03271,-125.3247,49.03262,-125.3241,10,"Didn't measure, too many crabs",1,,,,,51,6,,0,XMB
GL,11,2024,7,24,19,-1.5,-0.7,23,10,hillier,49.03271,-125.3247,49.03262,-125.3241,10,"Didn't measure, too many crabs",1,,,,,51,6,,0,XMB
GL,11,2024,7,24,19,-1.5,-0.7,23,10,hillier,49.03271,-125.3247,49.03262,-125.3241,10,"Didn't measure, too many crabs",1,,,,,51,6,,0,XMB
GL,11,2024,7,24,19,-1.5,-0.7,23,10,hillier,49.03271,-125.3247,49.03262,-125.3241,10,"Didn't measure, too many crabs",1,,,,,51,6,,0,XMB
GL,11,2024,7,24,19,-1.5,-0.7,23,10,hillier,49.03271,-125.3247,49.03262,-125.3241,10,"Didn't measure, too many crabs",1,,,,,51,6,,0,XMB
GL,11,2024,7,24,19,-1.5,-0.7,23,10,hillier,49.03271,-125.3247,49.03262,-125.3241,10,"Didn't measure, too many crabs",1,,,,,51,6,,0,XMB
GL,11,2024,7,24,19,-1.5,-0.7,23,10,hillier,49.03271,-125.3247,49.03262,-125.3241,10,"Didn't measure, too many crabs",1,,,,,51,6,,0,XMB
GL,11,2024,7,24,19,-1.5,-0.7,23,10,hillier,49.03271,-125.3247,49.03262,-125.3241,10,"Didn't measure, too many crabs",1,,,,,51,6,,0,XMB
GL,11,2024,7,24,19,-1.5,-0.7,23,10,hillier,49.03271,-125.3247,49.03262,-125.3241,10,"Didn't measure, too many crabs",1,,,,,51,6,,0,XMB
GL,11,2024,7,24,19,-1.5,-0.7,23,10,hillier,49.03271,-125.3247,49.03262,-125.3241,10,"Didn't measure, too many crabs",1,,,,,51,6,,0,XMB
GL,11,2024,7,24,19,-1.5,-0.7,23,10,hillier,49.03271,-125.3247,49.03262,-125.3241,10,"Didn't measure, too many crabs",1,,,,,51,6,,0,XMB
GL,11,2024,7,24,19,-1.5,-0.7,23,10,hillier,49.03271,-125.3247,49.03262,-125.3241,10,"Didn't measure, too many crabs",1,,,,,51,6,,0,XMB
GL,11,2024,7,24,19,-1.5,-0.7,23,10,hillier,49.03271,-125.3247,49.03262,-125.3241,10,"Didn't measure, too many crabs",1,,,,,51,6,,0,XMB
GL,11,2024,7,24,19,-1.5,-0.7,23,10,hillier,49.03271,-125.3247,49.03262,-125.3241,10,"Didn't measure, too many crabs",1,,,,,51,6,,0,XMB
GL,11,2024,7,24,19,-1.5,-0.7,23,10,hillier,49.03271,-125.3247,49.03262,-125.3241,10,"Didn't measure, too many crabs",1,,,,,51,6,,0,XMB
GL,11,2024,7,24,19,-1.5,-0.7,23,10,hillier,49.03271,-125.3247,49.03262,-125.3241,10,"Didn't measure, too many crabs",1,,,,,51,6,,0,XMB
GL,11,2024,7,24,19,-1.5,-0.7,23,10,hillier,49.03271,-125.3247,49.03262,-125.3241,10,"Didn't measure, too many crabs",1,,,,,51,6,,0,XMB
GL,11,2024,7,24,19,-1.5,-0.7,23,10,hillier,49.03271,-125.3247,49.03262,-125.3241,10,"Didn't measure, too many crabs",1,,,,,51,6,,0,XMB
GL,11,2024,7,24,19,-1.5,-0.7,23,10,hillier,49.03271,-125.3247,49.03262,-125.3241,10,"Didn't measure, too many crabs",1,,,,,51,6,,0,XMB
GL,11,2024,7,24,19,-1.5,-0.7,23,10,hillier,49.03271,-125.3247,49.03262,-125.3241,10,"Didn't measure, too many crabs",1,,,,,51,6,,0,XMB
GL,11,2024,7,24,19,-1.5,-0.7,23,10,hillier,49.03271,-125.3247,49.03262,-125.3241,10,"Didn't measure, too many crabs",1,,,,,51,6,,0,XMB
GL,11,2024,7,24,19,-1.5,-0.7,23,10,hillier,49.03271,-125.3247,49.03262,-125.3241,10,"Didn't measure, too many crabs",1,,,,,51,6,,0,XMB
GL,11,2024,7,24,19,-1.5,-0.7,23,10,hillier,49.03271,-125.3247,49.03262,-125.3241,10,"Didn't measure, too many crabs",1,,,,,51,6,,0,XMB
GL,11,2024,7,24,19,-1.5,-0.7,23,10,hillier,49.03271,-125.3247,49.03262,-125.3241,10,"Didn't measure, too many crabs",1,,,,,51,6,,0,XMB
GL,11,2024,7,24,19,-1.5,-0.7,23,10,hillier,49.03271,-125.3247,49.03262,-125.3241,10,"Didn't measure, too many crabs",3,,,,,51,6,,0,XMB
GL,11,2024,7,24,19,-1.5,-0.7,23,10,hillier,49.03271,-125.3247,49.03262,-125.3241,10,"Didn't measure, too many crabs",3,,,,,51,6,,0,XMB
GL,11,2024,7,24,19,-1.5,-0.7,23,10,hillier,49.03271,-125.3247,49.03262,-125.3241,10,"Didn't measure, too many crabs",3,,,,,51,6,,0,XMB
GL,11,2024,7,24,19,-1.5,-0.7,23,10,hillier,49.03271,-125.3247,49.03262,-125.3241,10,"Didn't measure, too many crabs",3,,,,,51,6,,0,XMB
GL,11,2024,7,24,19,-1.5,-0.7,23,10,hillier,49.03271,-125.3247,49.03262,-125.3241,10,"Didn't measure, too many crabs",3,,,,,51,6,,0,XMB
GL,11,2024,7,24,19,-1.5,-0.7,23,10,hillier,49.03271,-125.3247,49.03262,-125.3241,10,"Didn't measure, too many crabs",3,,,,,51,6,,0,XMB
GL,11,2024,7,24,19,-1.5,-0.7,23,10,hillier,49.03271,-125.3247,49.03262,-125.3241,10,"Didn't measure, too many crabs",3,,,,,51,6,,0,XMB
GL,11,2024,7,24,19,-1.5,-0.7,23,10,hillier,49.03271,-125.3247,49.03262,-125.3241,10,"Didn't measure, too many crabs",3,,,,,51,6,,0,XMB
GL,11,2024,7,24,19,-1.5,-0.7,23,10,hillier,49.03271,-125.3247,49.03262,-125.3241,10,"Didn't measure, too many crabs",3,,,,,51,6,,0,XMB
GL,11,2024,7,24,19,-1.5,-0.7,23,10,hillier,49.03271,-125.3247,49.03262,-125.3241,10,"Didn't measure, too many crabs",3,,,,,51,6,,0,XMB
GL,11,2024,7,24,19,-1.5,-0.7,23,10,hillier,49.03271,-125.3247,49.03262,-125.3241,10,"Didn't measure, too many crabs",3,,,,,51,6,,0,XMB
GL,11,2024,7,24,19,-1.5,-0.7,23,10,hillier,49.03271,-125.3247,49.03262,-125.3241,10,"Didn't measure, too many crabs",3,,,,,51,6,,0,XMB
GL,11,2024,7,24,19,-1.5,-0.7,23,10,hillier,49.03271,-125.3247,49.03262,-125.3241,10,"Didn't measure, too many crabs",3,,,,,51,6,,0,XMB
GL,11,2024,7,24,19,-1.5,-0.7,23,10,hillier,49.03271,-125.3247,49.03262,-125.3241,10,"Didn't measure, too many crabs",3,,,,,51,6,,0,XMB
GL,11,2024,7,24,19,-1.5,-0.7,23,10,hillier,49.03271,-125.3247,49.03262,-125.3241,10,"Didn't measure, too many crabs",3,,,,,51,6,,0,XMB
GL,11,2024,7,24,19,-1.5,-0.7,23,10,hillier,49.03271,-125.3247,49.03262,-125.3241,10,"Didn't measure, too many crabs",3,,,,,51,6,,0,XMB
GL,11,2024,7,24,19,-1.5,-0.7,23,10,hillier,49.03271,-125.3247,49.03262,-125.3241,10,"Didn't measure, too many crabs",3,,,,,51,6,,0,XMB
GL,11,2024,7,24,19,-1.5,-0.7,23,10,hillier,49.03271,-125.3247,49.03262,-125.3241,10,"Didn't measure, too many crabs",3,,,,,51,6,,0,XMB
GL,11,2024,7,24,19,-1.5,-0.7,23,10,hillier,49.03271,-125.3247,49.03262,-125.3241,10,"Didn't measure, too many crabs",3,,,,,51,6,,0,XMB
GL,11,2024,7,24,19,-1.5,-0.7,23,10,hillier,49.03271,-125.3247,49.03262,-125.3241,10,"Didn't measure, too many crabs",3,,,,,51,6,,0,XMB
GL,11,2024,7,24,19,-1.5,-0.7,23,10,hillier,49.03271,-125.3247,49.03262,-125.3241,10,"Didn't measure, too many crabs",3,,,,,51,6,,0,XMB
GL,11,2024,7,24,19,-1.5,-0.7,23,10,hillier,49.03271,-125.3247,49.03262,-125.3241,10,"Didn't measure, too many crabs",3,,,,,51,6,,0,XMB
GL,11,2024,7,24,19,-1.5,-0.7,23,10,hillier,49.03271,-125.3247,49.03262,-125.3241,10,"Didn't measure, too many crabs",3,,,,,51,6,,0,XMB
GL,11,2024,7,24,19,-1.5,-0.7,23,10,hillier,49.03271,-125.3247,49.03262,-125.3241,10,"Didn't measure, too many crabs",3,,,,,51,6,,0,XMB
GL,11,2024,7,24,19,-1.5,-0.7,23,10,hillier,49.03271,-125.3247,49.03262,-125.3241,10,"Didn't measure, too many crabs",3,,,,,51,6,,0,XMB
GL,11,2024,7,24,19,-1.5,-0.7,23,10,hillier,49.03271,-125.3247,49.03262,-125.3241,10,"Didn't measure, too many crabs",3,,,,,51,6,,0,XMB
GL,11,2024,7,24,19,-1.5,-0.7,23,10,hillier,49.03271,-125.3247,49.03262,-125.3241,10,"Didn't measure, too many crabs",3,,,,,51,6,,0,XMB
GL,11,2024,7,24,19,-1.5,-0.7,23,10,hillier,49.03271,-125.3247,49.03262,-125.3241,10,"Didn't measure, too many crabs",3,,,,,51,6,,0,XMB
GL,11,2024,7,24,19,-1.5,-0.7,23,10,hillier,49.03271,-125.3247,49.03262,-125.3241,10,"Didn't measure, too many crabs",3,,,,,51,6,,0,XMB
GL,11,2024,7,24,19,-1.5,-0.7,23,10,hillier,49.03271,-125.3247,49.03262,-125.3241,10,"Didn't measure, too many crabs",3,,,,,51,6,,0,XMB
GL,11,2024,7,24,19,-1.5,-0.7,23,10,hillier,49.03271,-125.3247,49.03262,-125.3241,10,"Didn't measure, too many crabs",3,,,,,51,6,,0,XMB
GL,11,2024,7,24,19,-1.5,-0.7,23,10,hillier,49.03271,-125.3247,49.03262,-125.3241,10,"Didn't measure, too many crabs",3,,,,,51,6,,0,XMB
GL,11,2024,7,24,19,-1.5,-0.7,23,10,hillier,49.03271,-125.3247,49.03262,-125.3241,10,"Didn't measure, too many crabs",3,,,,,51,6,,0,XMB
GL,11,2024,7,24,19,-1.5,-0.7,23,10,hillier,49.03271,-125.3247,49.03262,-125.3241,10,"Didn't measure, too many crabs",3,,,,,51,6,,0,XMB
GL,11,2024,7,24,19,-1.5,-0.7,23,10,hillier,49.03271,-125.3247,49.03262,-125.3241,10,"Didn't measure, too many crabs",3,,,,,51,6,,0,XMB
GL,11,2024,7,24,19,-1.5,-0.7,23,10,hillier,49.03271,-125.3247,49.03262,-125.3241,10,"Didn't measure, too many crabs",3,,,,,51,6,,0,XMB
GL,11,2024,7,24,19,-1.5,-0.7,23,10,hillier,49.03271,-125.3247,49.03262,-125.3241,10,"Didn't measure, too many crabs",3,,,,,51,6,,0,XMB
GL,11,2024,7,24,19,-1.5,-0.7,23,10,hillier,49.03271,-125.3247,49.03262,-125.3241,10,"Didn't measure, too many crabs",0,,,,,51,6,,0,XMB
GL,11,2024,7,24,19,-1.5,-0.7,23,10,hillier,49.03271,-125.3247,49.03262,-125.3241,10,"Didn't measure, too many crabs",3,,,,,51,6,,0,XMB
GL,11,2024,7,24,19,-1.5,-0.7,23,10,hillier,49.03271,-125.3247,49.03262,-125.3241,10,"Didn't measure, too many crabs",3,,,,,51,6,,0,XMB
GL,11,2024,7,24,19,-1.5,-0.7,23,10,hillier,49.03271,-125.3247,49.03262,-125.3241,10,"Didn't measure, too many crabs",3,,,,,51,6,,0,XMB
