,SiteID,Month,year,EndTime,trap.sets,total.cama,CPUE,Latitude,Longitude,Site Name
1,3,April,2018,4/17/2018 12:00,6,0,0,47.1458712,-122.7319221,Anderson Island
2,3,April,2019,4/18/2019 9:03,6,0,0,47.1458712,-122.7319221,Anderson Island
3,3,April,2021,4/14/2021 10:30,6,0,0,47.1458712,-122.7319221,Anderson Island
4,3,April,2022,4/5/2022 11:42,6,0,0,47.1458712,-122.7319221,Anderson Island
5,3,April,2023,4/11/2023 10:30,6,0,0,47.1458712,-122.7319221,Anderson Island
6,3,August,2017,8/8/2017 11:08,6,0,0,47.1458712,-122.7319221,Anderson Island
7,3,August,2018,8/22/2018 9:21,6,0,0,47.1458712,-122.7319221,Anderson Island
8,3,August,2019,8/28/2019 10:30,6,0,0,47.1458712,-122.7319221,Anderson Island
9,3,August,2020,8/6/2020 14:10,6,0,0,47.1458712,-122.7319221,Anderson Island
10,3,August,2021,8/19/2021 8:04,6,0,0,47.1458712,-122.7319221,Anderson Island
11,3,August,2022,8/10/2022 7:40,6,0,0,47.1458712,-122.7319221,Anderson Island
12,3,August,2023,8/29/2023 8:00,6,0,0,47.1458712,-122.7319221,Anderson Island
13,3,July,2017,7/12/2017 13:40,6,0,0,47.1458712,-122.7319221,Anderson Island
14,3,July,2018,8/1/2018 13:00,6,0,0,47.1458712,-122.7319221,Anderson Island
15,3,July,2019,7/11/2019 10:25,6,0,0,47.1458712,-122.7319221,Anderson Island
16,3,July,2020,7/22/2020 11:40,6,0,0,47.1458712,-122.7319221,Anderson Island
17,3,July,2021,7/27/2021 11:45,6,0,0,47.1458712,-122.7319221,Anderson Island
18,3,July,2022,7/26/2022 8:20,6,0,0,47.1458712,-122.7319221,Anderson Island
19,3,July,2023,7/18/2023 9:30,6,0,0,47.1458712,-122.7319221,Anderson Island
20,3,June,2017,6/21/2017 10:46,5,0,0,47.1458712,-122.7319221,Anderson Island
21,3,June,2018,6/12/2018 9:04,6,0,0,47.1458712,-122.7319221,Anderson Island
22,3,June,2019,6/13/2019 9:20,6,0,0,47.1458712,-122.7319221,Anderson Island
23,3,June,2020,6/24/2020 11:10,6,0,0,47.1458712,-122.7319221,Anderson Island
24,3,June,2021,6/16/2021 13:15,6,0,0,47.1458712,-122.7319221,Anderson Island
25,3,June,2022,6/28/2022 9:36,6,0,0,47.1458712,-122.7319221,Anderson Island
26,3,June,2023,6/21/2023 10:32,6,0,0,47.1458712,-122.7319221,Anderson Island
27,3,May,2017,5/12/2017 10:52,6,0,0,47.1458712,-122.7319221,Anderson Island
28,3,May,2018,5/15/2018 9:58,6,0,0,47.1458712,-122.7319221,Anderson Island
29,3,May,2019,5/22/2019 11:00,6,0,0,47.1458712,-122.7319221,Anderson Island
30,3,May,2021,5/12/2021 9:25,6,0,0,47.1458712,-122.7319221,Anderson Island
31,3,May,2022,5/4/2022 11:40,6,0,0,47.1458712,-122.7319221,Anderson Island
32,3,May,2023,5/11/2023 13:30,6,0,0,47.1458712,-122.7319221,Anderson Island
33,3,September,2017,9/19/2017 10:45,6,0,0,47.1458712,-122.7319221,Anderson Island
34,3,September,2018,9/19/2018 9:15,6,0,0,47.1458712,-122.7319221,Anderson Island
35,3,September,2019,9/25/2019 9:20,6,0,0,47.1458712,-122.7319221,Anderson Island
36,3,September,2020,9/2/2020 11:39,6,0,0,47.1458712,-122.7319221,Anderson Island
37,3,September,2021,9/8/2021 9:30,6,0,0,47.1458712,-122.7319221,Anderson Island
38,3,September,2022,9/23/2022 9:52,6,0,0,47.1458712,-122.7319221,Anderson Island
39,3,September,2023,9/14/2023 10:27,6,0,0,47.1458712,-122.7319221,Anderson Island
40,74,April,2016,4/29/2016 15:17,6,0,0,47.3882213,-123.1163677,Musqueti
41,74,April,2017,4/24/2017 9:50,6,0,0,47.3882213,-123.1163677,Musqueti
42,74,April,2018,4/19/2018 14:04,6,0,0,47.3882213,-123.1163677,Musqueti
43,74,April,2019,4/11/2019 11:30,6,0,0,47.3882213,-123.1163677,Musqueti
44,74,April,2021,4/16/2021 13:14,6,0,0,47.3882213,-123.1163677,Musqueti
45,74,April,2022,4/28/2022 10:15,6,0,0,47.3882213,-123.1163677,Musqueti
46,74,April,2023,4/8/2023 11:50,6,0,0,47.3882213,-123.1163677,Musqueti
47,74,August,2016,8/28/2016 10:40,6,0,0,47.3882213,-123.1163677,Musqueti
48,74,August,2017,8/14/2017 15:50,6,0,0,47.3882213,-123.1163677,Musqueti
49,74,August,2018,8/30/2018 13:50,6,0,0,47.3882213,-123.1163677,Musqueti
50,74,August,2019,8/14/2019 10:30,6,0,0,47.3882213,-123.1163677,Musqueti
51,74,August,2020,8/19/2020 10:35,6,0,0,47.3882213,-123.1163677,Musqueti
52,74,August,2021,8/12/2021 9:40,6,0,0,47.3882213,-123.1163677,Musqueti
53,74,August,2022,8/25/2022 8:15,6,0,0,47.3882213,-123.1163677,Musqueti
54,74,August,2023,8/16/2023 8:45,6,0,0,47.3882213,-123.1163677,Musqueti
55,74,July,2016,7/25/2016 10:45,6,0,0,47.3882213,-123.1163677,Musqueti
56,74,July,2017,7/28/2017 14:00,6,0,0,47.3882213,-123.1163677,Musqueti
57,74,July,2018,7/12/2018 10:20,6,0,0,47.3882213,-123.1163677,Musqueti
58,74,July,2019,7/18/2019 8:57,6,0,0,47.3882213,-123.1163677,Musqueti
59,74,July,2020,7/23/2020 11:30,6,0,0,47.3882213,-123.1163677,Musqueti
60,74,July,2021,7/15/2021 13:40,6,0,0,47.3882213,-123.1163677,Musqueti
61,74,July,2022,7/24/2022 7:45,6,0,0,47.3882213,-123.1163677,Musqueti
62,74,July,2023,7/19/2023 10:15,6,0,0,47.3882213,-123.1163677,Musqueti
63,74,June,2016,6/16/2016 9:40,6,0,0,47.3882213,-123.1163677,Musqueti
64,74,June,2017,6/27/2017 13:20,6,0,0,47.3882213,-123.1163677,Musqueti
65,74,June,2018,6/27/2018 9:11,6,0,0,47.3882213,-123.1163677,Musqueti
66,74,June,2019,6/14/2019 8:40,6,0,0,47.3882213,-123.1163677,Musqueti
67,74,June,2020,6/6/2020 11:35,6,0,0,47.3882213,-123.1163677,Musqueti
68,74,June,2021,6/17/2021 15:15,6,0,0,47.3882213,-123.1163677,Musqueti
69,74,June,2022,6/28/2022 9:45,6,0,0,47.3882213,-123.1163677,Musqueti
70,74,June,2023,6/7/2023 10:55,6,0,0,47.3882213,-123.1163677,Musqueti
71,74,May,2016,5/28/2016 14:25,6,0,0,47.3882213,-123.1163677,Musqueti
72,74,May,2017,5/16/2017 14:35,6,0,0,47.3882213,-123.1163677,Musqueti
73,74,May,2018,5/26/2018 9:05,6,0,0,47.3882213,-123.1163677,Musqueti
74,74,May,2019,5/3/2019 10:45,6,0,0,47.3882213,-123.1163677,Musqueti
75,74,May,2020,5/19/2020 10:06,6,0,0,47.3882213,-123.1163677,Musqueti
76,74,May,2021,5/20/2021 16:20,6,0,0,47.3882213,-123.1163677,Musqueti
77,74,May,2022,5/22/2022 15:50,6,0,0,47.3882213,-123.1163677,Musqueti
78,74,May,2023,5/8/2023 12:25,6,0,0,47.3882213,-123.1163677,Musqueti
79,74,September,2016,9/13/2016 9:40,6,0,0,47.3882213,-123.1163677,Musqueti
80,74,September,2017,9/24/2017 13:30,6,0,0,47.3882213,-123.1163677,Musqueti
81,74,September,2018,9/13/2018 13:06,6,0,0,47.3882213,-123.1163677,Musqueti
82,74,September,2019,9/12/2019 10:40,6,0,0,47.3882213,-123.1163677,Musqueti
83,74,September,2020,9/21/2020 13:50,6,0,0,47.3882213,-123.1163677,Musqueti
84,74,September,2021,9/23/2021 12:19,6,0,0,47.3882213,-123.1163677,Musqueti
85,74,September,2022,9/25/2022 13:15,6,0,0,47.3882213,-123.1163677,Musqueti
86,74,September,2023,9/13/2023 8:40,6,0,0,47.3882213,-123.1163677,Musqueti
87,97,April,2017,4/15/2017 11:35,6,0,0,47.51654,-122.51575,Harper
88,97,April,2018,4/5/2018 12:03,6,0,0,47.51654,-122.51575,Harper
89,97,April,2019,4/23/2019 10:55,6,0,0,47.51654,-122.51575,Harper
90,97,April,2020,4/24/2020 9:20,6,0,0,47.51654,-122.51575,Harper
91,97,April,2021,4/14/2021 10:05,6,0,0,47.51654,-122.51575,Harper
92,97,April,2022,4/21/2022 11:45,6,0,0,47.51654,-122.51575,Harper
93,97,April,2023,4/11/2023 12:20,6,0,0,47.51654,-122.51575,Harper
94,97,August,2017,8/23/2017 10:10,6,0,0,47.51654,-122.51575,Harper
95,97,August,2018,8/23/2018 6:32,6,0,0,47.51654,-122.51575,Harper
96,97,August,2019,8/29/2019 7:05,6,0,0,47.51654,-122.51575,Harper
97,97,August,2020,8/20/2020 8:35,6,0,0,47.51654,-122.51575,Harper
98,97,August,2021,8/18/2021 7:00,6,0,0,47.51654,-122.51575,Harper
99,97,August,2022,8/12/2022 9:00,6,0,0,47.51654,-122.51575,Harper
100,97,August,2023,8/15/2023 7:30,6,0,0,47.51654,-122.51575,Harper
101,97,July,2017,7/13/2017 10:32,6,0,0,47.51654,-122.51575,Harper
102,97,July,2018,7/26/2018 7:36,6,0,0,47.51654,-122.51575,Harper
103,97,July,2019,7/17/2019 8:26,6,0,0,47.51654,-122.51575,Harper
104,97,July,2020,7/23/2020 9:30,6,0,0,47.51654,-122.51575,Harper
105,97,July,2021,7/20/2021 6:45,6,0,0,47.51654,-122.51575,Harper
106,97,July,2022,7/12/2022 8:14,6,0,0,47.51654,-122.51575,Harper
107,97,July,2023,7/15/2023 7:10,6,0,0,47.51654,-122.51575,Harper
108,97,June,2017,6/22/2017 9:05,6,0,0,47.51654,-122.51575,Harper
109,97,June,2018,6/13/2018 8:34,6,0,0,47.51654,-122.51575,Harper
110,97,June,2019,6/18/2019 8:30,6,0,0,47.51654,-122.51575,Harper
111,97,June,2020,6/19/2020 7:50,6,0,0,47.51654,-122.51575,Harper
112,97,June,2021,6/22/2021 7:10,6,0,0,47.51654,-122.51575,Harper
113,97,June,2022,6/17/2022 10:40,6,0,0,47.51654,-122.51575,Harper
114,97,June,2023,6/15/2023 7:10,6,0,0,47.51654,-122.51575,Harper
115,97,May,2017,5/16/2017 12:39,6,0,0,47.51654,-122.51575,Harper
116,97,May,2018,5/15/2018 9:20,6,0,0,47.51654,-122.51575,Harper
117,97,May,2019,5/21/2019 10:20,6,0,0,47.51654,-122.51575,Harper
118,97,May,2020,5/22/2020 8:30,6,0,0,47.51654,-122.51575,Harper
119,97,May,2021,5/13/2021 8:50,6,0,0,47.51654,-122.51575,Harper
120,97,May,2022,5/19/2022 10:35,6,0,0,47.51654,-122.51575,Harper
121,97,May,2023,5/19/2023 8:49,6,0,0,47.51654,-122.51575,Harper
122,97,September,2017,9/20/2017 9:37,6,0,0,47.51654,-122.51575,Harper
123,97,September,2018,9/26/2018 9:00,6,0,0,47.51654,-122.51575,Harper
124,97,September,2019,9/13/2019 7:43,6,0,0,47.51654,-122.51575,Harper
125,97,September,2020,9/15/2020 7:55,6,0,0,47.51654,-122.51575,Harper
126,97,September,2021,9/17/2021 7:30,6,0,0,47.51654,-122.51575,Harper
127,97,September,2022,9/9/2022 7:40,6,0,0,47.51654,-122.51575,Harper
128,97,September,2023,9/12/2023 7:10,6,0,0,47.51654,-122.51575,Harper
129,108,April,2018,4/18/2018 12:10,6,0,0,47.5865962,-122.666069,Bremerton Yacht Club
130,108,April,2019,4/10/2019 14:10,6,0,0,47.5865962,-122.666069,Bremerton Yacht Club
131,108,April,2020,4/23/2020 11:40,6,0,0,47.5865962,-122.666069,Bremerton Yacht Club
132,108,April,2021,4/28/2021 11:17,6,0,0,47.5865962,-122.666069,Bremerton Yacht Club
133,108,April,2022,4/6/2022 14:05,6,0,0,47.5865962,-122.666069,Bremerton Yacht Club
134,108,April,2023,4/26/2023 16:00,6,0,0,47.5865962,-122.666069,Bremerton Yacht Club
135,108,August,2017,8/20/2017 9:40,6,0,0,47.5865962,-122.666069,Bremerton Yacht Club
136,108,August,2018,8/7/2018 7:48,6,0,0,47.5865962,-122.666069,Bremerton Yacht Club
137,108,August,2019,8/2/2019 10:33,6,0,0,47.5865962,-122.666069,Bremerton Yacht Club
138,108,August,2020,8/6/2020 12:30,6,0,0,47.5865962,-122.666069,Bremerton Yacht Club
139,108,August,2021,8/4/2021 9:09,6,0,0,47.5865962,-122.666069,Bremerton Yacht Club
140,108,August,2022,8/24/2022 9:11,6,0,0,47.5865962,-122.666069,Bremerton Yacht Club
141,108,August,2023,8/16/2023 9:34,6,0,0,47.5865962,-122.666069,Bremerton Yacht Club
142,108,July,2017,7/24/2017 11:10,6,0,0,47.5865962,-122.666069,Bremerton Yacht Club
143,108,July,2018,7/14/2018 10:44,6,0,0,47.5865962,-122.666069,Bremerton Yacht Club
144,108,July,2019,7/17/2019 10:34,5,0,0,47.5865962,-122.666069,Bremerton Yacht Club
145,108,July,2020,7/23/2020 11:45,6,0,0,47.5865962,-122.666069,Bremerton Yacht Club
146,108,July,2021,7/14/2021 13:54,6,0,0,47.5865962,-122.666069,Bremerton Yacht Club
147,108,July,2022,7/13/2022 9:15,6,0,0,47.5865962,-122.666069,Bremerton Yacht Club
148,108,July,2023,7/19/2023 11:09,6,0,0,47.5865962,-122.666069,Bremerton Yacht Club
149,108,July,2023,7/20/2023 11:09,1,0,0,47.5865962,-122.666069,Bremerton Yacht Club
150,108,July,2023,7/21/2023 11:09,1,0,0,47.5865962,-122.666069,Bremerton Yacht Club
151,108,June,2017,6/25/2017 9:30,6,0,0,47.5865962,-122.666069,Bremerton Yacht Club
152,108,June,2018,6/26/2018 10:15,6,0,0,47.5865962,-122.666069,Bremerton Yacht Club
153,108,June,2019,6/5/2019 10:38,6,0,0,47.5865962,-122.666069,Bremerton Yacht Club
154,108,June,2020,6/5/2020 9:40,6,0,0,47.5865962,-122.666069,Bremerton Yacht Club
155,108,June,2021,6/16/2021 14:49,6,0,0,47.5865962,-122.666069,Bremerton Yacht Club
156,108,June,2022,6/15/2022 9:35,6,0,0,47.5865962,-122.666069,Bremerton Yacht Club
157,108,June,2023,6/8/2023 13:02,6,0,0,47.5865962,-122.666069,Bremerton Yacht Club
158,108,May,2017,5/29/2017 11:10,6,0,0,47.5865962,-122.666069,Bremerton Yacht Club
159,108,May,2018,5/15/2018 11:40,6,0,0,47.5865962,-122.666069,Bremerton Yacht Club
160,108,May,2019,5/8/2019 12:33,6,0,0,47.5865962,-122.666069,Bremerton Yacht Club
161,108,May,2020,5/8/2020 10:35,6,0,0,47.5865962,-122.666069,Bremerton Yacht Club
162,108,May,2021,5/26/2021 9:20,6,0,0,47.5865962,-122.666069,Bremerton Yacht Club
163,108,May,2022,5/4/2022 12:35,6,0,0,47.5865962,-122.666069,Bremerton Yacht Club
164,108,May,2023,5/17/2023 9:12,6,0,0,47.5865962,-122.666069,Bremerton Yacht Club
165,108,September,2017,9/16/2017 9:40,6,0,0,47.5865962,-122.666069,Bremerton Yacht Club
166,108,September,2018,9/6/2018 8:40,6,0,0,47.5865962,-122.666069,Bremerton Yacht Club
167,108,September,2019,9/11/2019 9:05,6,0,0,47.5865962,-122.666069,Bremerton Yacht Club
168,108,September,2020,9/29/2020 10:42,6,0,0,47.5865962,-122.666069,Bremerton Yacht Club
169,108,September,2021,9/3/2021 9:25,6,0,0,47.5865962,-122.666069,Bremerton Yacht Club
170,108,September,2022,9/9/2022 9:45,6,0,0,47.5865962,-122.666069,Bremerton Yacht Club
171,108,September,2023,9/13/2023 9:45,6,0,0,47.5865962,-122.666069,Bremerton Yacht Club
172,128,April,2016,4/30/2016 15:32,6,0,0,47.63813,-122.839,Nick's Lagoon
173,128,April,2017,4/29/2017 12:15,6,0,0,47.63813,-122.839,Nick's Lagoon
174,128,April,2018,4/18/2018 10:35,6,0,0,47.63813,-122.839,Nick's Lagoon
175,128,April,2019,4/23/2019 10:15,6,0,0,47.63813,-122.839,Nick's Lagoon
176,128,April,2020,4/26/2020 10:00,6,0,0,47.63813,-122.839,Nick's Lagoon
177,128,April,2021,4/17/2021 10:20,6,0,0,47.63813,-122.839,Nick's Lagoon
178,128,April,2022,4/23/2022 10:10,6,0,0,47.63813,-122.839,Nick's Lagoon
179,128,April,2023,4/22/2023 10:00,6,2,33.33333333,47.63813,-122.839,Nick's Lagoon
180,128,August,2016,8/18/2016 11:20,6,0,0,47.63813,-122.839,Nick's Lagoon
181,128,August,2017,8/22/2017 11:06,6,0,0,47.63813,-122.839,Nick's Lagoon
182,128,August,2018,8/26/2018 10:05,6,0,0,47.63813,-122.839,Nick's Lagoon
183,128,August,2019,8/29/2019 10:35,6,0,0,47.63813,-122.839,Nick's Lagoon
184,128,August,2020,8/18/2020 10:10,6,0,0,47.63813,-122.839,Nick's Lagoon
185,128,August,2021,8/21/2021 10:05,6,0,0,47.63813,-122.839,Nick's Lagoon
186,128,August,2022,8/11/2022 10:00,6,0,0,47.63813,-122.839,Nick's Lagoon
187,128,August,2023,8/28/2023 10:05,6,0,0,47.63813,-122.839,Nick's Lagoon
188,128,July,2016,7/23/2016 13:30,6,0,0,47.63813,-122.839,Nick's Lagoon
189,128,July,2017,7/22/2017 9:50,6,0,0,47.63813,-122.839,Nick's Lagoon
190,128,July,2018,7/24/2018 10:08,6,0,0,47.63813,-122.839,Nick's Lagoon
191,128,July,2019,8/1/2019 10:50,6,0,0,47.63813,-122.839,Nick's Lagoon
192,128,July,2020,7/24/2020 10:15,6,0,0,47.63813,-122.839,Nick's Lagoon
193,128,July,2021,7/24/2021 10:10,6,0,0,47.63813,-122.839,Nick's Lagoon
194,128,July,2022,7/24/2022 10:10,6,0,0,47.63813,-122.839,Nick's Lagoon
195,128,July,2023,7/19/2023 10:10,6,0,0,47.63813,-122.839,Nick's Lagoon
196,128,June,2016,6/21/2016 13:20,6,0,0,47.63813,-122.839,Nick's Lagoon
197,128,June,2017,6/21/2017 11:38,6,0,0,47.63813,-122.839,Nick's Lagoon
198,128,June,2018,6/28/2018 10:08,6,0,0,47.63813,-122.839,Nick's Lagoon
199,128,June,2019,6/30/2019 10:10,6,0,0,47.63813,-122.839,Nick's Lagoon
200,128,June,2020,6/21/2020 10:10,6,0,0,47.63813,-122.839,Nick's Lagoon
201,128,June,2021,6/23/2021 10:20,6,0,0,47.63813,-122.839,Nick's Lagoon
202,128,June,2022,6/28/2022 10:10,6,0,0,47.63813,-122.839,Nick's Lagoon
203,128,June,2023,6/21/2023 10:05,6,0,0,47.63813,-122.839,Nick's Lagoon
204,128,May,2016,5/27/2016 14:15,6,0,0,47.63813,-122.839,Nick's Lagoon
205,128,May,2017,5/29/2017 13:09,6,0,0,47.63813,-122.839,Nick's Lagoon
206,128,May,2018,5/29/2018 10:15,6,0,0,47.63813,-122.839,Nick's Lagoon
207,128,May,2019,5/22/2019 10:35,6,0,0,47.63813,-122.839,Nick's Lagoon
208,128,May,2020,5/21/2020 10:10,6,0,0,47.63813,-122.839,Nick's Lagoon
209,128,May,2021,5/14/2021 10:05,6,0,0,47.63813,-122.839,Nick's Lagoon
210,128,May,2022,5/17/2022 10:10,6,1,16.66666667,47.63813,-122.839,Nick's Lagoon
211,128,May,2023,5/24/2023 10:15,6,0,0,47.63813,-122.839,Nick's Lagoon
212,128,September,2016,9/27/2016 8:40,6,0,0,47.63813,-122.839,Nick's Lagoon
213,128,September,2017,9/14/2017 10:11,6,0,0,47.63813,-122.839,Nick's Lagoon
214,128,September,2018,9/25/2018 10:10,6,0,0,47.63813,-122.839,Nick's Lagoon
215,128,September,2019,9/28/2019 10:40,6,0,0,47.63813,-122.839,Nick's Lagoon
216,128,September,2020,9/27/2020 10:30,6,0,0,47.63813,-122.839,Nick's Lagoon
217,128,September,2021,9/19/2021 10:10,6,0,0,47.63813,-122.839,Nick's Lagoon
218,128,September,2022,9/12/2022 10:05,6,0,0,47.63813,-122.839,Nick's Lagoon
219,128,September,2023,9/26/2023 10:15,6,0,0,47.63813,-122.839,Nick's Lagoon
220,133,April,2016,4/22/2016 13:15,5,0,0,47.6469551,-122.6830086,Best Lagoon
221,133,April,2017,4/14/2017 14:06,6,0,0,47.6469551,-122.6830086,Best Lagoon
222,133,April,2018,4/22/2018 17:33,6,0,0,47.6469551,-122.6830086,Best Lagoon
223,133,April,2019,4/14/2019 8:56,6,0,0,47.6469551,-122.6830086,Best Lagoon
224,133,April,2020,4/26/2020 3:02,6,0,0,47.6469551,-122.6830086,Best Lagoon
225,133,April,2021,4/18/2021 16:39,6,0,0,47.6469551,-122.6830086,Best Lagoon
226,133,April,2022,4/24/2022 15:40,6,0,0,47.6469551,-122.6830086,Best Lagoon
227,133,April,2023,4/23/2023 11:23,6,0,0,47.6469551,-122.6830086,Best Lagoon
228,133,August,2016,8/30/2016 10:45,6,0,0,47.6469551,-122.6830086,Best Lagoon
229,133,August,2017,8/18/2017 9:20,5,0,0,47.6469551,-122.6830086,Best Lagoon
230,133,August,2018,8/25/2018 11:42,6,0,0,47.6469551,-122.6830086,Best Lagoon
231,133,August,2019,8/11/2019 10:15,6,0,0,47.6469551,-122.6830086,Best Lagoon
232,133,August,2020,8/30/2020 10:43,6,0,0,47.6469551,-122.6830086,Best Lagoon
233,133,August,2021,8/22/2021 9:58,6,0,0,47.6469551,-122.6830086,Best Lagoon
234,133,August,2022,8/28/2022 10:14,6,0,0,47.6469551,-122.6830086,Best Lagoon
235,133,August,2023,8/13/2023 8:13,6,0,0,47.6469551,-122.6830086,Best Lagoon
236,133,July,2016,7/17/2016 10:50,6,0,0,47.6469551,-122.6830086,Best Lagoon
237,133,July,2017,7/21/2017 10:25,6,0,0,47.6469551,-122.6830086,Best Lagoon
238,133,July,2018,7/15/2018 13:56,6,0,0,47.6469551,-122.6830086,Best Lagoon
239,133,July,2019,7/28/2019 10:15,6,0,0,47.6469551,-122.6830086,Best Lagoon
240,133,July,2020,7/4/2020 12:36,6,0,0,47.6469551,-122.6830086,Best Lagoon
241,133,July,2021,7/25/2021 10:19,6,0,0,47.6469551,-122.6830086,Best Lagoon
242,133,July,2022,7/31/2022 11:18,6,0,0,47.6469551,-122.6830086,Best Lagoon
243,133,July,2023,7/2/2023 8:08,6,0,0,47.6469551,-122.6830086,Best Lagoon
244,133,June,2016,6/21/2016 12:48,6,0,0,47.6469551,-122.6830086,Best Lagoon
245,133,June,2017,6/23/2017 11:37,6,0,0,47.6469551,-122.6830086,Best Lagoon
246,133,June,2018,6/17/2018 14:58,6,0,0,47.6469551,-122.6830086,Best Lagoon
247,133,June,2019,6/30/2019 11:25,6,0,0,47.6469551,-122.6830086,Best Lagoon
248,133,June,2020,6/21/2020 13:04,6,0,0,47.6469551,-122.6830086,Best Lagoon
249,133,June,2021,6/27/2021 11:37,6,0,0,47.6469551,-122.6830086,Best Lagoon
250,133,June,2022,6/27/2022 8:00,6,0,0,47.6469551,-122.6830086,Best Lagoon
251,133,June,2023,6/18/2023 8:56,6,0,0,47.6469551,-122.6830086,Best Lagoon
252,133,May,2016,5/19/2016 11:08,6,0,0,47.6469551,-122.6830086,Best Lagoon
253,133,May,2017,5/26/2017 12:33,6,0,0,47.6469551,-122.6830086,Best Lagoon
254,133,May,2018,5/20/2018 16:15,6,0,0,47.6469551,-122.6830086,Best Lagoon
255,133,May,2019,5/19/2019 13:14,6,0,0,47.6469551,-122.6830086,Best Lagoon
256,133,May,2020,5/24/2020 13:48,6,0,0,47.6469551,-122.6830086,Best Lagoon
257,133,May,2021,5/30/2021 12:10,6,0,0,47.6469551,-122.6830086,Best Lagoon
258,133,May,2022,5/29/2022 15:12,6,0,0,47.6469551,-122.6830086,Best Lagoon
259,133,May,2023,5/21/2023 9:59,6,0,0,47.6469551,-122.6830086,Best Lagoon
260,133,September,2016,9/13/2016 9:50,6,0,0,47.6469551,-122.6830086,Best Lagoon
261,133,September,2017,9/15/2017 7:44,6,0,0,47.6469551,-122.6830086,Best Lagoon
262,133,September,2018,9/30/2018 15:54,6,0,0,47.6469551,-122.6830086,Best Lagoon
263,133,September,2019,9/8/2019 9:15,6,0,0,47.6469551,-122.6830086,Best Lagoon
264,133,September,2020,9/27/2020 10:22,6,0,0,47.6469551,-122.6830086,Best Lagoon
265,133,September,2021,9/19/2021 8:30,6,0,0,47.6469551,-122.6830086,Best Lagoon
266,133,September,2022,9/6/2022 7:09,6,0,0,47.6469551,-122.6830086,Best Lagoon
267,133,September,2023,9/10/2023 8:11,6,0,0,47.6469551,-122.6830086,Best Lagoon
268,138,April,2016,5/1/2016 16:50,6,0,0,47.6489801,-122.9307717,North Duckabush
269,138,April,2018,4/29/2018 8:21,6,0,0,47.6489801,-122.9307717,North Duckabush
270,138,April,2019,4/13/2019 18:41,6,0,0,47.6489801,-122.9307717,North Duckabush
271,138,April,2021,4/29/2021 12:05,6,0,0,47.6489801,-122.9307717,North Duckabush
272,138,April,2022,4/30/2022 8:00,6,0,0,47.6489801,-122.9307717,North Duckabush
273,138,April,2023,4/30/2023 6:15,6,0,0,47.6489801,-122.9307717,North Duckabush
274,138,August,2016,8/28/2016 7:05,6,0,0,47.6489801,-122.9307717,North Duckabush
275,138,August,2017,8/6/2017 11:15,6,0,0,47.6489801,-122.9307717,North Duckabush
276,138,August,2018,8/26/2018 12:18,5,0,0,47.6489801,-122.9307717,North Duckabush
277,138,August,2019,8/31/2019 15:56,6,0,0,47.6489801,-122.9307717,North Duckabush
278,138,August,2020,8/30/2020 11:47,6,0,0,47.6489801,-122.9307717,North Duckabush
279,138,August,2021,8/29/2021 17:04,6,0,0,47.6489801,-122.9307717,North Duckabush
280,138,August,2022,8/31/2022 12:44,6,0,0,47.6489801,-122.9307717,North Duckabush
281,138,August,2023,8/19/2023 16:45,6,0,0,47.6489801,-122.9307717,North Duckabush
282,138,July,2016,7/2/2016 12:04,6,0,0,47.6489801,-122.9307717,North Duckabush
283,138,July,2016,8/1/2016 6:45,6,0,0,47.6489801,-122.9307717,North Duckabush
284,138,July,2017,7/17/2017 6:02,6,0,0,47.6489801,-122.9307717,North Duckabush
285,138,July,2018,7/29/2018 13:25,6,0,0,47.6489801,-122.9307717,North Duckabush
286,138,July,2019,7/21/2019 12:31,6,0,0,47.6489801,-122.9307717,North Duckabush
287,138,July,2020,7/22/2020 17:36,6,0,0,47.6489801,-122.9307717,North Duckabush
288,138,July,2022,7/28/2022 14:55,6,0,0,47.6489801,-122.9307717,North Duckabush
289,138,July,2023,7/29/2023 7:54,6,0,0,47.6489801,-122.9307717,North Duckabush
290,138,June,2017,6/25/2017 15:50,6,0,0,47.6489801,-122.9307717,North Duckabush
291,138,June,2019,6/25/2019 7:27,6,0,0,47.6489801,-122.9307717,North Duckabush
292,138,June,2020,6/28/2020 19:20,6,0,0,47.6489801,-122.9307717,North Duckabush
293,138,June,2021,6/23/2021 10:00,6,0,0,47.6489801,-122.9307717,North Duckabush
294,138,June,2022,6/29/2022 11:39,6,0,0,47.6489801,-122.9307717,North Duckabush
295,138,June,2023,6/30/2023 7:23,6,0,0,47.6489801,-122.9307717,North Duckabush
296,138,May,2016,5/30/2016 16:03,6,0,0,47.6489801,-122.9307717,North Duckabush
297,138,May,2018,5/27/2018 9:13,6,0,0,47.6489801,-122.9307717,North Duckabush
298,138,May,2022,5/28/2022 9:03,6,0,0,47.6489801,-122.9307717,North Duckabush
299,138,May,2023,5/28/2023 17:40,6,0,0,47.6489801,-122.9307717,North Duckabush
300,138,September,2016,9/26/2016 7:41,6,0,0,47.6489801,-122.9307717,North Duckabush
301,138,September,2018,9/23/2018 8:31,6,0,0,47.6489801,-122.9307717,North Duckabush
302,138,September,2019,9/29/2019 8:23,6,0,0,47.6489801,-122.9307717,North Duckabush
303,138,September,2020,9/14/2020 13:23,6,0,0,47.6489801,-122.9307717,North Duckabush
304,138,September,2021,9/26/2021 7:01,5,0,0,47.6489801,-122.9307717,North Duckabush
305,138,September,2022,9/10/2022 11:10,5,0,0,47.6489801,-122.9307717,North Duckabush
306,138,September,2023,9/13/2023 12:34,6,0,0,47.6489801,-122.9307717,North Duckabush
307,153,April,2017,4/15/2017 13:19,6,0,0,47.701444,-122.582722,Kiana Lodge
308,153,April,2018,4/21/2018 15:10,6,0,0,47.701444,-122.582722,Kiana Lodge
309,153,April,2019,4/11/2019 15:20,6,0,0,47.701444,-122.582722,Kiana Lodge
310,153,April,2020,4/29/2020 15:10,6,0,0,47.701444,-122.582722,Kiana Lodge
311,153,April,2021,4/15/2021 13:08,6,0,0,47.701444,-122.582722,Kiana Lodge
312,153,April,2022,4/21/2022 13:39,6,0,0,47.701444,-122.582722,Kiana Lodge
313,153,April,2023,4/13/2023 15:14,6,0,0,47.701444,-122.582722,Kiana Lodge
314,153,August,2017,8/6/2017 10:39,6,0,0,47.701444,-122.582722,Kiana Lodge
315,153,August,2018,8/26/2018 11:56,6,0,0,47.701444,-122.582722,Kiana Lodge
316,153,August,2019,8/29/2019 10:05,6,0,0,47.701444,-122.582722,Kiana Lodge
317,153,August,2020,8/20/2020 12:15,6,0,0,47.701444,-122.582722,Kiana Lodge
318,153,August,2021,8/5/2021 7:14,6,0,0,47.701444,-122.582722,Kiana Lodge
319,153,August,2022,8/11/2022 9:10,6,0,0,47.701444,-122.582722,Kiana Lodge
320,153,August,2023,8/11/2023 9:08,6,0,0,47.701444,-122.582722,Kiana Lodge
321,153,July,2017,7/9/2017 11:41,6,0,0,47.701444,-122.582722,Kiana Lodge
322,153,July,2018,7/29/2018 12:53,6,0,0,47.701444,-122.582722,Kiana Lodge
323,153,July,2019,7/16/2019 11:19,6,0,0,47.701444,-122.582722,Kiana Lodge
324,153,July,2020,7/21/2020 10:45,6,0,0,47.701444,-122.582722,Kiana Lodge
325,153,July,2021,7/8/2021 8:50,5,0,0,47.701444,-122.582722,Kiana Lodge
326,153,July,2022,7/14/2022 10:15,6,0,0,47.701444,-122.582722,Kiana Lodge
327,153,July,2023,7/14/2023 9:10,6,0,0,47.701444,-122.582722,Kiana Lodge
328,153,June,2017,6/11/2017 12:31,6,0,0,47.701444,-122.582722,Kiana Lodge
329,153,June,2018,6/24/2018 8:55,6,0,0,47.701444,-122.582722,Kiana Lodge
330,153,June,2019,6/19/2019 12:05,6,0,0,47.701444,-122.582722,Kiana Lodge
331,153,June,2020,6/23/2020 12:10,6,0,0,47.701444,-122.582722,Kiana Lodge
332,153,June,2021,6/10/2021 11:10,6,0,0,47.701444,-122.582722,Kiana Lodge
333,153,June,2022,6/2/2022 13:38,6,0,0,47.701444,-122.582722,Kiana Lodge
334,153,June,2023,6/15/2023 9:08,6,0,0,47.701444,-122.582722,Kiana Lodge
335,153,May,2017,5/14/2017 12:35,6,0,0,47.701444,-122.582722,Kiana Lodge
336,153,May,2018,5/20/2018 15:00,6,0,0,47.701444,-122.582722,Kiana Lodge
337,153,May,2019,5/22/2019 13:14,6,0,0,47.701444,-122.582722,Kiana Lodge
338,153,May,2020,5/26/2020 13:05,6,0,0,47.701444,-122.582722,Kiana Lodge
339,153,May,2021,5/13/2021 12:13,6,0,0,47.701444,-122.582722,Kiana Lodge
340,153,May,2022,5/5/2022 13:25,6,0,0,47.701444,-122.582722,Kiana Lodge
341,153,May,2023,5/11/2023 15:15,6,0,0,47.701444,-122.582722,Kiana Lodge
342,153,September,2017,9/3/2017 9:37,6,0,0,47.701444,-122.582722,Kiana Lodge
343,153,September,2018,10/2/2018 6:51,6,0,0,47.701444,-122.582722,Kiana Lodge
344,153,September,2019,9/26/2019 8:12,6,0,0,47.701444,-122.582722,Kiana Lodge
345,153,September,2020,9/28/2020 8:34,6,0,0,47.701444,-122.582722,Kiana Lodge
346,153,September,2021,9/16/2021 7:00,6,0,0,47.701444,-122.582722,Kiana Lodge
347,153,September,2022,9/8/2022 9:15,6,0,0,47.701444,-122.582722,Kiana Lodge
348,153,September,2023,9/12/2023 9:15,6,0,0,47.701444,-122.582722,Kiana Lodge
349,161,April,2016,4/26/2016 12:05,6,0,0,47.7113514,-122.8199679,Zelatched Point
350,161,April,2017,4/12/2017 11:50,6,0,0,47.7113514,-122.8199679,Zelatched Point
351,161,April,2018,4/17/2018 12:10,6,0,0,47.7113514,-122.8199679,Zelatched Point
352,161,April,2019,4/10/2019 15:19,6,0,0,47.7113514,-122.8199679,Zelatched Point
353,161,April,2020,4/29/2020 15:08,5,0,0,47.7113514,-122.8199679,Zelatched Point
354,161,April,2021,4/30/2021 11:14,6,0,0,47.7113514,-122.8199679,Zelatched Point
355,161,April,2022,4/22/2022 15:20,6,0,0,47.7113514,-122.8199679,Zelatched Point
356,161,April,2023,4/26/2023 15:15,6,0,0,47.7113514,-122.8199679,Zelatched Point
357,161,August,2016,8/19/2016 10:40,6,0,0,47.7113514,-122.8199679,Zelatched Point
358,161,August,2017,8/9/2017 12:10,6,0,0,47.7113514,-122.8199679,Zelatched Point
359,161,August,2018,8/9/2018 9:11,6,0,0,47.7113514,-122.8199679,Zelatched Point
360,161,August,2019,8/16/2019 12:08,6,0,0,47.7113514,-122.8199679,Zelatched Point
361,161,August,2020,8/20/2020 11:15,6,0,0,47.7113514,-122.8199679,Zelatched Point
362,161,August,2021,8/10/2021 11:20,6,0,0,47.7113514,-122.8199679,Zelatched Point
363,161,August,2022,8/16/2022 14:18,6,0,0,47.7113514,-122.8199679,Zelatched Point
364,161,August,2023,8/31/2023 10:12,6,0,0,47.7113514,-122.8199679,Zelatched Point
365,161,July,2016,7/22/2016 13:42,5,0,0,47.7113514,-122.8199679,Zelatched Point
366,161,July,2017,7/27/2017 14:42,6,0,0,47.7113514,-122.8199679,Zelatched Point
367,161,July,2018,7/24/2018 9:15,6,0,0,47.7113514,-122.8199679,Zelatched Point
368,161,July,2019,7/2/2019 10:16,6,0,0,47.7113514,-122.8199679,Zelatched Point
369,161,July,2020,7/23/2020 12:10,6,0,0,47.7113514,-122.8199679,Zelatched Point
370,161,July,2021,7/13/2021 13:22,6,0,0,47.7113514,-122.8199679,Zelatched Point
371,161,July,2023,7/18/2023 10:55,6,0,0,47.7113514,-122.8199679,Zelatched Point
372,161,June,2016,6/10/2016 14:10,6,0,0,47.7113514,-122.8199679,Zelatched Point
373,161,June,2017,6/15/2017 14:10,5,0,0,47.7113514,-122.8199679,Zelatched Point
374,161,June,2018,6/28/2018 10:50,6,0,0,47.7113514,-122.8199679,Zelatched Point
375,161,June,2019,6/4/2019 11:12,6,0,0,47.7113514,-122.8199679,Zelatched Point
376,161,June,2020,6/24/2020 12:14,6,0,0,47.7113514,-122.8199679,Zelatched Point
377,161,June,2022,6/17/2022 12:44,6,0,0,47.7113514,-122.8199679,Zelatched Point
378,161,June,2023,6/22/2023 13:29,6,0,0,47.7113514,-122.8199679,Zelatched Point
379,161,May,2016,5/12/2016 14:48,5,0,0,47.7113514,-122.8199679,Zelatched Point
380,161,May,2017,5/25/2017 10:06,6,0,0,47.7113514,-122.8199679,Zelatched Point
381,161,May,2018,5/1/2018 12:15,6,0,0,47.7113514,-122.8199679,Zelatched Point
382,161,May,2019,5/9/2019 14:30,6,0,0,47.7113514,-122.8199679,Zelatched Point
383,161,May,2020,5/27/2020 14:05,6,0,0,47.7113514,-122.8199679,Zelatched Point
384,161,May,2021,5/28/2021 12:30,6,0,0,47.7113514,-122.8199679,Zelatched Point
385,161,May,2022,5/19/2022 13:17,6,0,0,47.7113514,-122.8199679,Zelatched Point
386,161,May,2023,5/25/2023 15:16,6,0,0,47.7113514,-122.8199679,Zelatched Point
387,161,September,2016,9/2/2016 11:15,5,0,0,47.7113514,-122.8199679,Zelatched Point
388,161,September,2017,9/19/2017 10:08,6,0,0,47.7113514,-122.8199679,Zelatched Point
389,161,September,2018,9/11/2018 12:13,6,0,0,47.7113514,-122.8199679,Zelatched Point
390,161,September,2019,9/25/2019 8:42,6,0,0,47.7113514,-122.8199679,Zelatched Point
391,161,September,2020,9/29/2020 9:55,6,0,0,47.7113514,-122.8199679,Zelatched Point
392,161,September,2021,9/21/2021 12:48,6,0,0,47.7113514,-122.8199679,Zelatched Point
393,161,September,2022,9/11/2022 11:14,6,0,0,47.7113514,-122.8199679,Zelatched Point
394,161,September,2023,9/28/2023 10:17,6,0,0,47.7113514,-122.8199679,Zelatched Point
395,172,April,2019,4/23/2019 13:10,6,0,0,47.8554133,-122.5748384,Point Julia
396,172,April,2021,4/28/2021 12:30,6,0,0,47.8554133,-122.5748384,Point Julia
397,172,April,2022,4/5/2022 11:00,5,0,0,47.8554133,-122.5748384,Point Julia
398,172,April,2023,4/26/2023 14:15,6,0,0,47.8554133,-122.5748384,Point Julia
399,172,August,2019,8/30/2019 9:15,6,0,0,47.8554133,-122.5748384,Point Julia
400,172,August,2020,8/30/2020 9:20,6,0,0,47.8554133,-122.5748384,Point Julia
401,172,August,2021,8/20/2021 9:20,6,0,0,47.8554133,-122.5748384,Point Julia
402,172,August,2022,8/23/2022 8:30,6,0,0,47.8554133,-122.5748384,Point Julia
403,172,August,2023,8/30/2023 9:00,6,0,0,47.8554133,-122.5748384,Point Julia
404,172,July,2019,7/31/2019 7:10,6,0,0,47.8554133,-122.5748384,Point Julia
405,172,July,2020,7/22/2020 11:15,6,0,0,47.8554133,-122.5748384,Point Julia
406,172,July,2021,7/23/2021 8:40,6,0,0,47.8554133,-122.5748384,Point Julia
407,172,July,2022,7/28/2022 8:13,6,0,0,47.8554133,-122.5748384,Point Julia
408,172,July,2023,7/19/2023 11:00,6,0,0,47.8554133,-122.5748384,Point Julia
409,172,June,2019,6/18/2019 11:43,6,0,0,47.8554133,-122.5748384,Point Julia
410,172,June,2020,6/25/2020 12:20,6,0,0,47.8554133,-122.5748384,Point Julia
411,172,June,2021,6/24/2021 9:30,6,0,0,47.8554133,-122.5748384,Point Julia
412,172,June,2022,6/30/2022 9:10,6,0,0,47.8554133,-122.5748384,Point Julia
413,172,June,2023,6/7/2023 14:45,6,0,0,47.8554133,-122.5748384,Point Julia
414,172,May,2019,5/21/2019 11:15,6,0,0,47.8554133,-122.5748384,Point Julia
415,172,May,2020,5/13/2020 10:36,6,0,0,47.8554133,-122.5748384,Point Julia
416,172,May,2021,5/25/2021 9:20,6,0,0,47.8554133,-122.5748384,Point Julia
417,172,May,2022,5/19/2022 10:10,6,0,0,47.8554133,-122.5748384,Point Julia
418,172,May,2023,5/23/2023 13:30,6,0,0,47.8554133,-122.5748384,Point Julia
419,172,September,2019,9/11/2019 9:13,6,0,0,47.8554133,-122.5748384,Point Julia
420,172,September,2020,9/29/2020 9:05,6,0,0,47.8554133,-122.5748384,Point Julia
421,172,September,2021,9/9/2021 10:05,6,0,0,47.8554133,-122.5748384,Point Julia
422,172,September,2022,9/8/2022 8:20,6,0,0,47.8554133,-122.5748384,Point Julia
423,172,September,2023,9/12/2023 8:45,6,0,0,47.8554133,-122.5748384,Point Julia
424,173,April,2016,4/15/2016 15:25,6,0,0,47.7453912,-122.4946491,Doe Kag Wats
425,173,April,2017,4/30/2017 13:13,6,0,0,47.7453912,-122.4946491,Doe Kag Wats
426,173,April,2019,4/23/2019 14:44,6,0,0,47.7453912,-122.4946491,Doe Kag Wats
427,173,April,2020,4/25/2020 13:18,6,0,0,47.7453912,-122.4946491,Doe Kag Wats
428,173,April,2021,4/28/2021 12:40,6,0,0,47.7453912,-122.4946491,Doe Kag Wats
429,173,April,2022,4/20/2022 11:25,6,0,0,47.7453912,-122.4946491,Doe Kag Wats
430,173,April,2023,4/25/2023 12:00,6,0,0,47.7453912,-122.4946491,Doe Kag Wats
431,173,August,2016,8/30/2016 8:20,6,0,0,47.7453912,-122.4946491,Doe Kag Wats
432,173,August,2017,8/18/2017 9:13,6,0,0,47.7453912,-122.4946491,Doe Kag Wats
433,173,August,2018,8/23/2018 8:16,6,0,0,47.7453912,-122.4946491,Doe Kag Wats
434,173,August,2019,8/15/2019 11:18,6,0,0,47.7453912,-122.4946491,Doe Kag Wats
435,173,August,2020,8/20/2020 12:45,6,0,0,47.7453912,-122.4946491,Doe Kag Wats
436,173,August,2021,8/10/2021 12:05,6,0,0,47.7453912,-122.4946491,Doe Kag Wats
437,173,August,2022,8/25/2022 7:55,6,0,0,47.7453912,-122.4946491,Doe Kag Wats
438,173,August,2023,8/17/2023 9:15,6,0,0,47.7453912,-122.4946491,Doe Kag Wats
439,173,July,2016,7/17/2016 7:40,5,0,0,47.7453912,-122.4946491,Doe Kag Wats
440,173,July,2017,7/25/2017 10:39,6,0,0,47.7453912,-122.4946491,Doe Kag Wats
441,173,July,2018,7/24/2018 8:20,6,0,0,47.7453912,-122.4946491,Doe Kag Wats
442,173,July,2019,7/2/2019 11:24,6,0,0,47.7453912,-122.4946491,Doe Kag Wats
443,173,July,2020,7/21/2020 12:00,6,0,0,47.7453912,-122.4946491,Doe Kag Wats
444,173,July,2021,7/21/2021 9:04,6,0,0,47.7453912,-122.4946491,Doe Kag Wats
445,173,July,2022,7/26/2022 7:15,6,0,0,47.7453912,-122.4946491,Doe Kag Wats
446,173,July,2023,7/21/2023 10:45,6,0,0,47.7453912,-122.4946491,Doe Kag Wats
447,173,June,2016,6/23/2016 11:45,6,0,0,47.7453912,-122.4946491,Doe Kag Wats
448,173,June,2017,6/28/2017 12:10,6,0,0,47.7453912,-122.4946491,Doe Kag Wats
449,173,June,2018,6/12/2018 8:15,6,0,0,47.7453912,-122.4946491,Doe Kag Wats
450,173,June,2019,6/4/2019 12:33,6,0,0,47.7453912,-122.4946491,Doe Kag Wats
451,173,June,2020,6/24/2020 13:05,6,0,0,47.7453912,-122.4946491,Doe Kag Wats
452,173,June,2021,6/23/2021 9:55,6,0,0,47.7453912,-122.4946491,Doe Kag Wats
453,173,June,2022,6/28/2022 8:15,6,0,0,47.7453912,-122.4946491,Doe Kag Wats
454,173,June,2023,6/9/2023 12:12,6,0,0,47.7453912,-122.4946491,Doe Kag Wats
455,173,May,2016,5/12/2016 13:45,6,0,0,47.7453912,-122.4946491,Doe Kag Wats
456,173,May,2017,5/25/2017 8:39,6,0,0,47.7453912,-122.4946491,Doe Kag Wats
457,173,May,2018,5/15/2018 9:17,6,0,0,47.7453912,-122.4946491,Doe Kag Wats
458,173,May,2019,5/23/2019 14:51,6,0,0,47.7453912,-122.4946491,Doe Kag Wats
459,173,May,2020,5/26/2020 14:16,6,0,0,47.7453912,-122.4946491,Doe Kag Wats
460,173,May,2022,5/19/2022 10:55,6,0,0,47.7453912,-122.4946491,Doe Kag Wats
461,173,May,2023,5/26/2023 13:12,6,0,0,47.7453912,-122.4946491,Doe Kag Wats
462,173,September,2016,9/13/2016 8:04,6,0,0,47.7453912,-122.4946491,Doe Kag Wats
463,173,September,2017,9/16/2017 7:11,6,0,0,47.7453912,-122.4946491,Doe Kag Wats
464,173,September,2018,9/6/2018 7:07,6,0,0,47.7453912,-122.4946491,Doe Kag Wats
465,173,September,2019,9/26/2019 9:15,6,0,0,47.7453912,-122.4946491,Doe Kag Wats
466,173,September,2020,9/16/2020 10:40,6,0,0,47.7453912,-122.4946491,Doe Kag Wats
467,173,September,2021,9/8/2021 12:20,6,0,0,47.7453912,-122.4946491,Doe Kag Wats
468,173,September,2022,9/9/2022 8:10,6,0,0,47.7453912,-122.4946491,Doe Kag Wats
469,173,September,2023,9/12/2023 7:09,6,0,0,47.7453912,-122.4946491,Doe Kag Wats
470,177,April,2016,4/27/2016 9:50,6,0,0,47.7943452,-122.5066661,Carpenter Creek
471,177,April,2017,4/19/2017 12:47,6,0,0,47.7943452,-122.5066661,Carpenter Creek
472,177,April,2018,4/20/2018 10:41,6,0,0,47.7943452,-122.5066661,Carpenter Creek
473,177,April,2019,4/24/2019 13:01,6,0,0,47.7943452,-122.5066661,Carpenter Creek
474,177,April,2020,4/28/2020 10:10,6,0,0,47.7943452,-122.5066661,Carpenter Creek
475,177,April,2021,4/17/2021 10:05,6,0,0,47.7943452,-122.5066661,Carpenter Creek
476,177,April,2022,4/21/2022 11:00,6,0,0,47.7943452,-122.5066661,Carpenter Creek
477,177,April,2023,4/24/2023 9:30,6,0,0,47.7943452,-122.5066661,Carpenter Creek
478,177,August,2016,8/16/2016 6:00,6,0,0,47.7943452,-122.5066661,Carpenter Creek
479,177,August,2017,8/5/2017 6:05,6,0,0,47.7943452,-122.5066661,Carpenter Creek
480,177,August,2018,8/10/2018 6:40,6,0,0,47.7943452,-122.5066661,Carpenter Creek
481,177,August,2019,8/13/2019 6:04,6,0,0,47.7943452,-122.5066661,Carpenter Creek
482,177,August,2020,8/18/2020 6:50,6,0,0,47.7943452,-122.5066661,Carpenter Creek
483,177,August,2021,8/7/2021 6:25,6,0,0,47.7943452,-122.5066661,Carpenter Creek
484,177,August,2022,8/25/2022 6:15,6,0,0,47.7943452,-122.5066661,Carpenter Creek
485,177,August,2023,8/2/2023 7:55,6,0,0,47.7943452,-122.5066661,Carpenter Creek
486,177,July,2016,7/19/2016 6:45,6,0,0,47.7943452,-122.5066661,Carpenter Creek
487,177,July,2017,7/11/2017 8:35,6,0,0,47.7943452,-122.5066661,Carpenter Creek
488,177,July,2018,7/13/2018 7:25,6,0,0,47.7943452,-122.5066661,Carpenter Creek
489,177,July,2019,7/17/2019 7:36,6,0,0,47.7943452,-122.5066661,Carpenter Creek
490,177,July,2020,7/22/2020 8:42,6,0,0,47.7943452,-122.5066661,Carpenter Creek
491,177,July,2021,7/11/2021 7:43,6,0,0,47.7943452,-122.5066661,Carpenter Creek
492,177,July,2022,7/15/2022 8:35,6,0,0,47.7943452,-122.5066661,Carpenter Creek
493,177,July,2023,7/18/2023 7:40,6,0,0,47.7943452,-122.5066661,Carpenter Creek
494,177,June,2016,6/21/2016 7:20,6,0,0,47.7943452,-122.5066661,Carpenter Creek
495,177,June,2017,6/13/2017 9:16,6,0,0,47.7943452,-122.5066661,Carpenter Creek
496,177,June,2018,6/15/2018 8:41,6,0,0,47.7943452,-122.5066661,Carpenter Creek
497,177,June,2019,6/20/2019 8:51,6,0,0,47.7943452,-122.5066661,Carpenter Creek
498,177,June,2020,6/23/2020 8:25,6,0,0,47.7943452,-122.5066661,Carpenter Creek
499,177,June,2021,6/12/2021 7:55,6,0,0,47.7943452,-122.5066661,Carpenter Creek
500,177,June,2022,6/18/2022 9:50,6,0,0,47.7943452,-122.5066661,Carpenter Creek
501,177,June,2023,6/8/2023 10:21,6,0,0,47.7943452,-122.5066661,Carpenter Creek
502,177,May,2016,5/25/2016 9:30,6,0,0,47.7943452,-122.5066661,Carpenter Creek
503,177,May,2017,5/16/2017 10:50,6,0,0,47.7943452,-122.5066661,Carpenter Creek
504,177,May,2018,5/18/2018 9:51,6,0,0,47.7943452,-122.5066661,Carpenter Creek
505,177,May,2019,5/23/2019 9:52,6,0,0,47.7943452,-122.5066661,Carpenter Creek
506,177,May,2020,5/27/2020 9:45,6,0,0,47.7943452,-122.5066661,Carpenter Creek
507,177,May,2021,5/15/2021 8:45,6,0,0,47.7943452,-122.5066661,Carpenter Creek
508,177,May,2022,5/21/2022 10:45,6,0,0,47.7943452,-122.5066661,Carpenter Creek
509,177,May,2023,5/21/2023 8:30,6,0,0,47.7943452,-122.5066661,Carpenter Creek
510,177,September,2018,9/7/2018 6:11,6,0,0,47.7943452,-122.5066661,Carpenter Creek
511,198,April,2016,4/16/2016 14:10,6,0,0,47.9977512,-122.8825095,Discovery Bay
512,198,April,2018,4/8/2018 15:00,6,0,0,47.9977512,-122.8825095,Discovery Bay
513,198,April,2019,4/27/2019 13:00,6,0,0,47.9977512,-122.8825095,Discovery Bay
514,198,April,2020,4/28/2020 12:18,6,0,0,47.9977512,-122.8825095,Discovery Bay
515,198,April,2021,4/17/2021 11:40,6,0,0,47.9977512,-122.8825095,Discovery Bay
516,198,April,2022,4/20/2022 10:10,6,0,0,47.9977512,-122.8825095,Discovery Bay
517,198,April,2023,4/18/2023 10:00,6,0,0,47.9977512,-122.8825095,Discovery Bay
518,198,August,2016,8/30/2016 7:00,6,0,0,47.9977512,-122.8825095,Discovery Bay
519,198,August,2017,8/7/2017 10:05,6,0,0,47.9977512,-122.8825095,Discovery Bay
520,198,August,2018,8/12/2018 7:45,6,0,0,47.9977512,-122.8825095,Discovery Bay
521,198,August,2019,8/29/2019 7:35,6,0,0,47.9977512,-122.8825095,Discovery Bay
522,198,August,2020,8/20/2020 12:00,6,0,0,47.9977512,-122.8825095,Discovery Bay
523,198,August,2021,8/17/2021 9:15,6,0,0,47.9977512,-122.8825095,Discovery Bay
524,198,August,2022,8/12/2022 9:20,6,0,0,47.9977512,-122.8825095,Discovery Bay
525,198,August,2023,8/18/2023 9:50,6,0,0,47.9977512,-122.8825095,Discovery Bay
526,198,July,2016,7/21/2016 8:45,6,0,0,47.9977512,-122.8825095,Discovery Bay
527,198,July,2017,7/10/2017 10:38,6,0,0,47.9977512,-122.8825095,Discovery Bay
528,198,July,2018,7/21/2018 7:40,6,0,0,47.9977512,-122.8825095,Discovery Bay
529,198,July,2019,7/19/2019 8:00,6,0,0,47.9977512,-122.8825095,Discovery Bay
530,198,July,2020,7/24/2020 12:50,6,0,0,47.9977512,-122.8825095,Discovery Bay
531,198,July,2021,7/20/2021 10:40,6,0,0,47.9977512,-122.8825095,Discovery Bay
532,198,July,2022,7/23/2022 7:55,6,0,0,47.9977512,-122.8825095,Discovery Bay
533,198,June,2016,6/22/2016 8:30,6,0,0,47.9977512,-122.8825095,Discovery Bay
534,198,June,2017,6/12/2017 11:00,6,0,0,47.9977512,-122.8825095,Discovery Bay
535,198,June,2018,6/10/2018 10:30,6,0,0,47.9977512,-122.8825095,Discovery Bay
536,198,June,2019,6/20/2019 9:00,6,0,0,47.9977512,-122.8825095,Discovery Bay
537,198,June,2020,6/23/2020 9:45,6,0,0,47.9977512,-122.8825095,Discovery Bay
538,198,June,2021,6/25/2021 8:00,6,0,0,47.9977512,-122.8825095,Discovery Bay
539,198,June,2022,6/28/2022 10:00,6,0,0,47.9977512,-122.8825095,Discovery Bay
540,198,June,2023,6/16/2023 8:10,6,0,0,47.9977512,-122.8825095,Discovery Bay
541,198,May,2016,5/9/2016 10:03,6,0,0,47.9977512,-122.8825095,Discovery Bay
542,198,May,2017,5/15/2017 12:08,6,0,0,47.9977512,-122.8825095,Discovery Bay
543,198,May,2018,5/20/2018 10:30,6,0,0,47.9977512,-122.8825095,Discovery Bay
544,198,May,2019,5/24/2019 13:15,6,0,0,47.9977512,-122.8825095,Discovery Bay
545,198,May,2020,5/22/2020 10:50,6,0,0,47.9977512,-122.8825095,Discovery Bay
546,198,May,2021,5/14/2021 9:30,6,0,0,47.9977512,-122.8825095,Discovery Bay
547,198,May,2022,5/20/2022 10:30,5,0,0,47.9977512,-122.8825095,Discovery Bay
548,198,May,2023,5/22/2023 11:35,6,1,16.66666667,47.9977512,-122.8825095,Discovery Bay
549,198,September,2016,10/2/2016 11:00,5,0,0,47.9977512,-122.8825095,Discovery Bay
550,198,September,2017,10/1/2017 7:00,5,0,0,47.9977512,-122.8825095,Discovery Bay
551,198,September,2018,9/23/2018 7:35,6,0,0,47.9977512,-122.8825095,Discovery Bay
552,198,September,2019,9/9/2019 7:39,6,0,0,47.9977512,-122.8825095,Discovery Bay
553,198,September,2020,9/28/2020 8:10,6,0,0,47.9977512,-122.8825095,Discovery Bay
554,198,September,2021,9/6/2021 9:45,6,0,0,47.9977512,-122.8825095,Discovery Bay
555,198,September,2022,9/7/2022 11:00,6,0,0,47.9977512,-122.8825095,Discovery Bay
556,198,September,2023,9/13/2023 9:05,6,0,0,47.9977512,-122.8825095,Discovery Bay
557,199,April,2018,4/21/2018 13:37,6,0,0,48.0230835,-123.0061444,Jimmycomelately Creek
558,199,April,2019,4/12/2019 14:20,6,0,0,48.0230835,-123.0061444,Jimmycomelately Creek
559,199,April,2020,4/23/2020 8:01,6,0,0,48.0230835,-123.0061444,Jimmycomelately Creek
560,199,April,2021,4/18/2021 13:23,6,0,0,48.0230835,-123.0061444,Jimmycomelately Creek
561,199,April,2022,4/21/2022 9:25,6,0,0,48.0230835,-123.0061444,Jimmycomelately Creek
562,199,April,2023,4/11/2023 9:55,6,0,0,48.0230835,-123.0061444,Jimmycomelately Creek
563,199,August,2018,8/7/2018 10:00,6,0,0,48.0230835,-123.0061444,Jimmycomelately Creek
564,199,August,2019,8/2/2019 11:27,6,0,0,48.0230835,-123.0061444,Jimmycomelately Creek
565,199,August,2020,8/16/2020 7:40,6,0,0,48.0230835,-123.0061444,Jimmycomelately Creek
566,199,August,2021,8/3/2021 6:23,6,0,0,48.0230835,-123.0061444,Jimmycomelately Creek
567,199,August,2022,8/27/2022 9:50,6,0,0,48.0230835,-123.0061444,Jimmycomelately Creek
568,199,August,2023,8/15/2023 10:16,6,0,0,48.0230835,-123.0061444,Jimmycomelately Creek
569,199,July,2018,7/12/2018 7:22,6,0,0,48.0230835,-123.0061444,Jimmycomelately Creek
570,199,July,2019,7/12/2019 7:14,6,0,0,48.0230835,-123.0061444,Jimmycomelately Creek
571,199,July,2020,7/23/2020 13:40,6,0,0,48.0230835,-123.0061444,Jimmycomelately Creek
572,199,July,2021,7/8/2021 8:11,6,0,0,48.0230835,-123.0061444,Jimmycomelately Creek
573,199,July,2022,7/12/2022 6:26,5,0,0,48.0230835,-123.0061444,Jimmycomelately Creek
574,199,July,2023,7/18/2023 8:50,6,0,0,48.0230835,-123.0061444,Jimmycomelately Creek
575,199,June,2018,6/14/2018 7:26,6,0,0,48.0230835,-123.0061444,Jimmycomelately Creek
576,199,June,2019,6/4/2019 11:13,6,0,0,48.0230835,-123.0061444,Jimmycomelately Creek
577,199,June,2020,6/27/2020 17:07,6,0,0,48.0230835,-123.0061444,Jimmycomelately Creek
578,199,June,2021,6/23/2021 8:15,6,0,0,48.0230835,-123.0061444,Jimmycomelately Creek
579,199,June,2022,6/14/2022 7:13,6,0,0,48.0230835,-123.0061444,Jimmycomelately Creek
580,199,June,2023,6/9/2023 12:48,6,0,0,48.0230835,-123.0061444,Jimmycomelately Creek
581,199,May,2018,5/20/2018 12:45,6,0,0,48.0230835,-123.0061444,Jimmycomelately Creek
582,199,May,2019,5/7/2019 14:25,6,0,0,48.0230835,-123.0061444,Jimmycomelately Creek
583,199,May,2020,5/29/2020 15:15,6,0,0,48.0230835,-123.0061444,Jimmycomelately Creek
584,199,May,2021,5/28/2021 10:37,6,0,0,48.0230835,-123.0061444,Jimmycomelately Creek
585,199,May,2022,5/31/2022 9:50,6,0,0,48.0230835,-123.0061444,Jimmycomelately Creek
586,199,May,2023,5/21/2023 8:10,6,0,0,48.0230835,-123.0061444,Jimmycomelately Creek
587,199,September,2018,9/20/2018 8:37,6,0,0,48.0230835,-123.0061444,Jimmycomelately Creek
588,199,September,2019,9/11/2019 11:30,6,0,0,48.0230835,-123.0061444,Jimmycomelately Creek
589,199,September,2020,9/17/2020 12:56,6,0,0,48.0230835,-123.0061444,Jimmycomelately Creek
590,199,September,2021,9/6/2021 8:23,6,0,0,48.0230835,-123.0061444,Jimmycomelately Creek
591,199,September,2022,9/9/2022 11:16,6,0,0,48.0230835,-123.0061444,Jimmycomelately Creek
592,199,September,2023,9/26/2023 9:18,6,0,0,48.0230835,-123.0061444,Jimmycomelately Creek
593,201,April,2017,4/4/2017 16:00,6,0,0,48.0253804,-122.7165043,Indian Island Lagoon
594,201,April,2018,4/17/2018 11:20,6,0,0,48.0253804,-122.7165043,Indian Island Lagoon
595,201,April,2019,4/22/2019 13:05,6,0,0,48.0253804,-122.7165043,Indian Island Lagoon
596,201,April,2020,4/28/2020 14:45,6,0,0,48.0253804,-122.7165043,Indian Island Lagoon
597,201,April,2021,4/30/2021 13:05,6,0,0,48.0253804,-122.7165043,Indian Island Lagoon
598,201,April,2022,4/21/2022 14:15,6,0,0,48.0253804,-122.7165043,Indian Island Lagoon
599,201,April,2023,4/12/2023 15:45,6,0,0,48.0253804,-122.7165043,Indian Island Lagoon
600,201,August,2017,8/8/2017 11:14,5,0,0,48.0253804,-122.7165043,Indian Island Lagoon
601,201,August,2018,8/23/2018 9:30,6,0,0,48.0253804,-122.7165043,Indian Island Lagoon
602,201,August,2019,8/13/2019 9:35,6,0,0,48.0253804,-122.7165043,Indian Island Lagoon
603,201,August,2020,8/20/2020 11:34,6,0,0,48.0253804,-122.7165043,Indian Island Lagoon
604,201,August,2021,8/20/2021 7:45,6,0,0,48.0253804,-122.7165043,Indian Island Lagoon
605,201,August,2022,8/10/2022 9:15,6,0,0,48.0253804,-122.7165043,Indian Island Lagoon
606,201,August,2023,8/16/2023 11:20,6,0,0,48.0253804,-122.7165043,Indian Island Lagoon
607,201,July,2017,7/21/2017 9:10,6,0,0,48.0253804,-122.7165043,Indian Island Lagoon
608,201,July,2018,7/10/2018 8:47,6,0,0,48.0253804,-122.7165043,Indian Island Lagoon
609,201,July,2019,7/16/2019 11:35,6,0,0,48.0253804,-122.7165043,Indian Island Lagoon
610,201,July,2020,7/24/2020 11:38,6,0,0,48.0253804,-122.7165043,Indian Island Lagoon
611,201,July,2021,7/22/2021 9:45,6,0,0,48.0253804,-122.7165043,Indian Island Lagoon
612,201,July,2022,7/15/2022 11:45,6,0,0,48.0253804,-122.7165043,Indian Island Lagoon
613,201,July,2023,7/19/2023 12:15,6,0,0,48.0253804,-122.7165043,Indian Island Lagoon
614,201,June,2017,6/9/2017 10:15,6,0,0,48.0253804,-122.7165043,Indian Island Lagoon
615,201,June,2018,6/15/2018 12:10,6,0,0,48.0253804,-122.7165043,Indian Island Lagoon
616,201,June,2019,6/18/2019 11:10,6,0,0,48.0253804,-122.7165043,Indian Island Lagoon
617,201,June,2020,6/25/2020 13:35,6,0,0,48.0253804,-122.7165043,Indian Island Lagoon
618,201,June,2021,6/23/2021 7:45,6,0,0,48.0253804,-122.7165043,Indian Island Lagoon
619,201,June,2022,6/17/2022 12:45,6,0,0,48.0253804,-122.7165043,Indian Island Lagoon
620,201,June,2023,6/7/2023 13:20,6,0,0,48.0253804,-122.7165043,Indian Island Lagoon
621,201,May,2017,5/16/2017 14:20,6,0,0,48.0253804,-122.7165043,Indian Island Lagoon
622,201,May,2018,5/2/2018 12:40,6,0,0,48.0253804,-122.7165043,Indian Island Lagoon
623,201,May,2019,5/21/2019 12:10,6,0,0,48.0253804,-122.7165043,Indian Island Lagoon
624,201,May,2020,5/26/2020 13:01,6,0,0,48.0253804,-122.7165043,Indian Island Lagoon
625,201,May,2021,5/28/2021 9:30,6,0,0,48.0253804,-122.7165043,Indian Island Lagoon
626,201,May,2022,5/17/2022 11:45,6,0,0,48.0253804,-122.7165043,Indian Island Lagoon
627,201,May,2023,5/10/2023 14:57,6,0,0,48.0253804,-122.7165043,Indian Island Lagoon
628,201,September,2017,9/5/2017 10:10,6,0,0,48.0253804,-122.7165043,Indian Island Lagoon
629,201,September,2018,9/22/2018 9:10,6,0,0,48.0253804,-122.7165043,Indian Island Lagoon
630,201,September,2019,9/10/2019 8:25,6,0,0,48.0253804,-122.7165043,Indian Island Lagoon
631,201,September,2020,9/16/2020 9:45,6,0,0,48.0253804,-122.7165043,Indian Island Lagoon
632,201,September,2021,9/16/2021 7:45,6,0,0,48.0253804,-122.7165043,Indian Island Lagoon
633,201,September,2022,9/9/2022 9:45,6,0,0,48.0253804,-122.7165043,Indian Island Lagoon
634,201,September,2023,9/27/2023 9:10,6,0,0,48.0253804,-122.7165043,Indian Island Lagoon
635,204,April,2016,4/14/2016 14:54,6,0,0,48.05785,-122.7698,Kala Lagoon
636,204,April,2017,4/12/2017 11:00,6,0,0,48.05785,-122.7698,Kala Lagoon
637,204,April,2018,4/18/2018 11:15,6,0,0,48.05785,-122.7698,Kala Lagoon
638,204,April,2019,4/23/2019 13:45,6,0,0,48.05785,-122.7698,Kala Lagoon
639,204,April,2020,4/29/2020 11:40,6,0,0,48.05785,-122.7698,Kala Lagoon
640,204,April,2021,4/14/2021 11:45,6,0,0,48.05785,-122.7698,Kala Lagoon
641,204,April,2022,4/20/2022 11:20,6,0,0,48.05785,-122.7698,Kala Lagoon
642,204,April,2023,4/13/2023 14:30,6,0,0,48.05785,-122.7698,Kala Lagoon
643,204,August,2015,8/29/2015 10:30,6,0,0,48.05785,-122.7698,Kala Lagoon
644,204,August,2016,8/17/2016 10:15,6,0,0,48.05785,-122.7698,Kala Lagoon
645,204,August,2017,8/10/2017 11:40,6,0,0,48.05785,-122.7698,Kala Lagoon
646,204,August,2018,8/8/2018 9:15,6,0,0,48.05785,-122.7698,Kala Lagoon
647,204,August,2019,8/14/2019 10:30,6,0,0,48.05785,-122.7698,Kala Lagoon
648,204,August,2020,8/19/2020 10:45,6,0,0,48.05785,-122.7698,Kala Lagoon
649,204,August,2021,8/22/2021 8:40,4,0,0,48.05785,-122.7698,Kala Lagoon
650,204,August,2022,8/24/2022 8:25,6,0,0,48.05785,-122.7698,Kala Lagoon
651,204,August,2023,8/15/2023 9:40,6,0,0,48.05785,-122.7698,Kala Lagoon
652,204,July,2016,7/7/2016 14:00,6,0,0,48.05785,-122.7698,Kala Lagoon
653,204,July,2017,7/13/2017 14:20,6,0,0,48.05785,-122.7698,Kala Lagoon
654,204,July,2018,7/11/2018 10:25,6,0,0,48.05785,-122.7698,Kala Lagoon
655,204,July,2019,7/3/2019 10:45,6,0,0,48.05785,-122.7698,Kala Lagoon
656,204,July,2020,7/22/2020 11:45,6,0,0,48.05785,-122.7698,Kala Lagoon
657,204,July,2021,7/7/2021 8:15,6,0,0,48.05785,-122.7698,Kala Lagoon
658,204,July,2022,7/27/2022 9:15,6,0,0,48.05785,-122.7698,Kala Lagoon
659,204,July,2023,7/7/2023 11:15,6,0,0,48.05785,-122.7698,Kala Lagoon
660,204,June,2016,6/23/2016 14:12,6,0,0,48.05785,-122.7698,Kala Lagoon
661,204,June,2017,6/15/2017 13:50,6,0,0,48.05785,-122.7698,Kala Lagoon
662,204,June,2018,6/27/2018 10:40,6,0,0,48.05785,-122.7698,Kala Lagoon
663,204,June,2019,6/19/2019 12:15,6,0,0,48.05785,-122.7698,Kala Lagoon
664,204,June,2020,6/24/2020 12:10,6,0,0,48.05785,-122.7698,Kala Lagoon
665,204,June,2021,6/9/2021 8:15,6,0,0,48.05785,-122.7698,Kala Lagoon
666,204,June,2022,6/29/2022 10:15,6,0,0,48.05785,-122.7698,Kala Lagoon
667,204,June,2023,6/23/2023 12:15,6,0,0,48.05785,-122.7698,Kala Lagoon
668,204,May,2016,5/12/2016 14:50,6,0,0,48.05785,-122.7698,Kala Lagoon
669,204,May,2017,5/25/2017 9:45,6,0,0,48.05785,-122.7698,Kala Lagoon
670,204,May,2018,5/16/2018 11:20,6,0,0,48.05785,-122.7698,Kala Lagoon
671,204,May,2019,5/21/2019 13:20,6,0,0,48.05785,-122.7698,Kala Lagoon
672,204,May,2020,5/27/2020 13:45,6,0,0,48.05785,-122.7698,Kala Lagoon
673,204,May,2021,5/12/2021 8:45,6,0,0,48.05785,-122.7698,Kala Lagoon
674,204,May,2022,5/18/2022 11:10,6,0,0,48.05785,-122.7698,Kala Lagoon
675,204,May,2023,5/19/2023 9:47,6,0,0,48.05785,-122.7698,Kala Lagoon
676,204,September,2015,9/26/2015 11:05,6,0,0,48.05785,-122.7698,Kala Lagoon
677,204,September,2016,9/15/2016 9:00,6,0,0,48.05785,-122.7698,Kala Lagoon
678,204,September,2017,9/7/2017 11:30,6,0,0,48.05785,-122.7698,Kala Lagoon
679,204,September,2018,9/8/2018 9:15,6,1,16.66666667,48.05785,-122.7698,Kala Lagoon
680,204,September,2019,9/11/2019 9:30,6,0,0,48.05785,-122.7698,Kala Lagoon
681,204,September,2020,9/29/2020 9:15,6,0,0,48.05785,-122.7698,Kala Lagoon
682,204,September,2021,9/6/2021 8:15,5,0,0,48.05785,-122.7698,Kala Lagoon
683,204,September,2022,9/9/2022 8:15,6,0,0,48.05785,-122.7698,Kala Lagoon
684,204,September,2023,9/12/2023 9:00,6,0,0,48.05785,-122.7698,Kala Lagoon
685,207,April,2018,4/8/2018 14:15,6,0,0,48.0886291,-123.0432305,Washington Harbor
686,207,April,2019,4/11/2019 13:20,6,0,0,48.0886291,-123.0432305,Washington Harbor
687,207,April,2020,4/25/2020 9:45,6,0,0,48.0886291,-123.0432305,Washington Harbor
688,207,April,2021,4/2/2021 11:45,6,0,0,48.0886291,-123.0432305,Washington Harbor
689,207,April,2022,4/8/2022 13:15,6,0,0,48.0886291,-123.0432305,Washington Harbor
690,207,April,2023,4/9/2023 9:35,6,0,0,48.0886291,-123.0432305,Washington Harbor
691,207,August,2017,8/5/2017 8:10,6,0,0,48.0886291,-123.0432305,Washington Harbor
692,207,August,2018,8/25/2018 8:20,6,0,0,48.0886291,-123.0432305,Washington Harbor
693,207,August,2019,8/4/2019 9:15,6,0,0,48.0886291,-123.0432305,Washington Harbor
694,207,August,2020,8/6/2020 9:10,6,0,0,48.0886291,-123.0432305,Washington Harbor
695,207,August,2021,8/9/2021 8:10,6,0,0,48.0886291,-123.0432305,Washington Harbor
696,207,August,2022,8/13/2022 8:10,6,0,0,48.0886291,-123.0432305,Washington Harbor
697,207,August,2023,8/18/2023 8:45,6,0,0,48.0886291,-123.0432305,Washington Harbor
698,207,July,2017,7/9/2017 9:00,6,0,0,48.0886291,-123.0432305,Washington Harbor
699,207,July,2018,7/15/2018 9:20,6,0,0,48.0886291,-123.0432305,Washington Harbor
700,207,July,2019,7/7/2019 9:40,6,0,0,48.0886291,-123.0432305,Washington Harbor
701,207,July,2020,7/6/2020 8:15,6,0,0,48.0886291,-123.0432305,Washington Harbor
702,207,July,2021,7/11/2021 8:15,6,0,0,48.0886291,-123.0432305,Washington Harbor
703,207,July,2022,7/2/2022 9:00,6,0,0,48.0886291,-123.0432305,Washington Harbor
704,207,July,2023,7/21/2023 9:15,6,0,0,48.0886291,-123.0432305,Washington Harbor
705,207,June,2018,6/3/2018 11:20,6,0,0,48.0886291,-123.0432305,Washington Harbor
706,207,June,2019,6/9/2019 13:15,6,0,0,48.0886291,-123.0432305,Washington Harbor
707,207,June,2020,6/7/2020 7:10,6,0,0,48.0886291,-123.0432305,Washington Harbor
708,207,June,2021,6/13/2021 9:15,6,0,0,48.0886291,-123.0432305,Washington Harbor
709,207,June,2022,6/5/2022 8:10,6,0,0,48.0886291,-123.0432305,Washington Harbor
710,207,June,2023,6/8/2023 9:18,6,0,0,48.0886291,-123.0432305,Washington Harbor
711,207,May,2017,5/27/2017 9:20,6,0,0,48.0886291,-123.0432305,Washington Harbor
712,207,May,2018,5/5/2018 12:15,6,0,0,48.0886291,-123.0432305,Washington Harbor
713,207,May,2019,5/12/2019 14:40,6,0,0,48.0886291,-123.0432305,Washington Harbor
714,207,May,2020,5/10/2020 9:00,6,0,0,48.0886291,-123.0432305,Washington Harbor
715,207,May,2021,5/15/2021 9:40,6,0,0,48.0886291,-123.0432305,Washington Harbor
716,207,May,2022,5/5/2022 9:35,6,0,0,48.0886291,-123.0432305,Washington Harbor
717,207,May,2023,5/9/2023 8:40,6,0,0,48.0886291,-123.0432305,Washington Harbor
718,207,September,2017,9/2/2017 8:39,6,0,0,48.0886291,-123.0432305,Washington Harbor
719,207,September,2018,9/22/2018 8:15,6,0,0,48.0886291,-123.0432305,Washington Harbor
720,207,September,2019,9/13/2019 7:45,6,0,0,48.0886291,-123.0432305,Washington Harbor
721,207,September,2020,9/2/2020 7:30,5,0,0,48.0886291,-123.0432305,Washington Harbor
722,207,September,2021,9/6/2021 7:30,6,0,0,48.0886291,-123.0432305,Washington Harbor
723,207,September,2022,9/10/2022 7:45,6,0,0,48.0886291,-123.0432305,Washington Harbor
724,207,September,2023,9/14/2023 7:45,6,0,0,48.0886291,-123.0432305,Washington Harbor
725,214,April,2017,4/19/2017 14:28,6,0,0,48.1499418,-123.1383572,Dungeness Landing
726,214,April,2018,4/20/2018 9:10,6,0,0,48.1499418,-123.1383572,Dungeness Landing
727,214,April,2019,4/24/2019 10:36,6,0,0,48.1499418,-123.1383572,Dungeness Landing
728,214,April,2020,4/28/2020 11:10,6,0,0,48.1499418,-123.1383572,Dungeness Landing
729,214,April,2021,4/2/2021 10:00,6,0,0,48.1499418,-123.1383572,Dungeness Landing
730,214,April,2022,4/20/2022 8:20,6,0,0,48.1499418,-123.1383572,Dungeness Landing
731,214,April,2023,4/11/2023 9:00,6,0,0,48.1499418,-123.1383572,Dungeness Landing
732,214,August,2016,8/29/2016 10:26,6,0,0,48.1499418,-123.1383572,Dungeness Landing
733,214,August,2017,8/22/2017 7:10,6,0,0,48.1499418,-123.1383572,Dungeness Landing
734,214,August,2018,8/11/2018 6:37,6,0,0,48.1499418,-123.1383572,Dungeness Landing
735,214,August,2019,8/2/2019 7:20,6,0,0,48.1499418,-123.1383572,Dungeness Landing
736,214,August,2020,8/6/2020 9:10,6,0,0,48.1499418,-123.1383572,Dungeness Landing
737,214,August,2021,8/10/2021 8:05,6,0,0,48.1499418,-123.1383572,Dungeness Landing
738,214,August,2022,8/26/2022 8:07,6,0,0,48.1499418,-123.1383572,Dungeness Landing
739,214,August,2023,8/2/2023 8:00,6,0,0,48.1499418,-123.1383572,Dungeness Landing
740,214,July,2016,7/29/2016 9:11,6,0,0,48.1499418,-123.1383572,Dungeness Landing
741,214,July,2017,7/25/2017 8:05,6,0,0,48.1499418,-123.1383572,Dungeness Landing
742,214,July,2018,7/3/2018 9:35,6,0,0,48.1499418,-123.1383572,Dungeness Landing
743,214,July,2019,7/18/2019 7:36,6,0,0,48.1499418,-123.1383572,Dungeness Landing
744,214,July,2020,7/8/2020 8:42,6,0,0,48.1499418,-123.1383572,Dungeness Landing
745,214,July,2021,7/13/2021 8:08,6,0,0,48.1499418,-123.1383572,Dungeness Landing
746,214,July,2022,7/29/2022 8:04,6,0,0,48.1499418,-123.1383572,Dungeness Landing
747,214,July,2023,7/18/2023 8:00,5,0,0,48.1499418,-123.1383572,Dungeness Landing
748,214,June,2017,6/27/2017 9:19,6,0,0,48.1499418,-123.1383572,Dungeness Landing
749,214,June,2018,6/15/2018 7:35,5,1,20,48.1499418,-123.1383572,Dungeness Landing
750,214,June,2019,6/18/2019 7:02,6,0,0,48.1499418,-123.1383572,Dungeness Landing
751,214,June,2020,6/23/2020 8:32,6,0,0,48.1499418,-123.1383572,Dungeness Landing
752,214,June,2021,6/17/2021 9:49,6,0,0,48.1499418,-123.1383572,Dungeness Landing
753,214,June,2022,6/16/2022 8:02,6,0,0,48.1499418,-123.1383572,Dungeness Landing
754,214,June,2023,6/7/2023 7:58,6,0,0,48.1499418,-123.1383572,Dungeness Landing
755,214,May,2017,5/16/2017 10:09,6,0,0,48.1499418,-123.1383572,Dungeness Landing
756,214,May,2018,5/18/2018 8:40,6,0,0,48.1499418,-123.1383572,Dungeness Landing
757,214,May,2019,5/20/2019 8:10,6,0,0,48.1499418,-123.1383572,Dungeness Landing
758,214,May,2020,5/26/2020 10:35,6,0,0,48.1499418,-123.1383572,Dungeness Landing
759,214,May,2021,5/13/2021 7:58,6,0,0,48.1499418,-123.1383572,Dungeness Landing
760,214,May,2022,5/19/2022 8:05,6,0,0,48.1499418,-123.1383572,Dungeness Landing
761,214,May,2023,5/10/2023 8:58,6,0,0,48.1499418,-123.1383572,Dungeness Landing
762,214,September,2016,9/25/2016 8:10,4,0,0,48.1499418,-123.1383572,Dungeness Landing
763,214,September,2017,9/18/2017 7:10,6,0,0,48.1499418,-123.1383572,Dungeness Landing
764,214,September,2018,9/23/2018 6:40,6,0,0,48.1499418,-123.1383572,Dungeness Landing
765,214,September,2019,9/13/2019 7:15,6,0,0,48.1499418,-123.1383572,Dungeness Landing
766,214,September,2020,9/3/2020 8:10,6,0,0,48.1499418,-123.1383572,Dungeness Landing
767,214,September,2021,9/3/2021 7:36,6,0,0,48.1499418,-123.1383572,Dungeness Landing
768,214,September,2022,9/23/2022 8:03,6,0,0,48.1499418,-123.1383572,Dungeness Landing
769,214,September,2023,9/27/2023 7:54,6,0,0,48.1499418,-123.1383572,Dungeness Landing
770,219,April,2018,4/25/2018 14:41,6,0,0,48.2056323,-124.1129729,Pysht
771,219,April,2019,4/23/2019 10:01,6,0,0,48.2056323,-124.1129729,Pysht
772,219,April,2020,4/30/2020 10:20,6,0,0,48.2056323,-124.1129729,Pysht
773,219,April,2021,4/21/2021 10:40,6,0,0,48.2056323,-124.1129729,Pysht
774,219,April,2022,4/20/2022 10:30,6,0,0,48.2056323,-124.1129729,Pysht
775,219,April,2023,4/19/2023 9:30,6,0,0,48.2056323,-124.1129729,Pysht
776,219,August,2017,8/29/2017 10:30,6,0,0,48.2056323,-124.1129729,Pysht
777,219,August,2018,8/29/2018 10:15,6,0,0,48.2056323,-124.1129729,Pysht
778,219,August,2019,8/20/2019 10:05,6,0,0,48.2056323,-124.1129729,Pysht
779,219,August,2021,8/24/2021 9:30,6,0,0,48.2056323,-124.1129729,Pysht
780,219,August,2022,8/17/2022 10:00,6,0,0,48.2056323,-124.1129729,Pysht
781,219,August,2023,8/16/2023 10:05,6,0,0,48.2056323,-124.1129729,Pysht
782,219,July,2017,7/25/2017 10:25,6,0,0,48.2056323,-124.1129729,Pysht
783,219,July,2018,7/17/2018 9:52,6,0,0,48.2056323,-124.1129729,Pysht
784,219,July,2019,7/17/2019 9:30,6,0,0,48.2056323,-124.1129729,Pysht
785,219,July,2020,7/22/2020 9:30,6,0,0,48.2056323,-124.1129729,Pysht
786,219,July,2021,7/13/2021 12:30,6,0,0,48.2056323,-124.1129729,Pysht
787,219,July,2022,7/13/2022 9:30,6,0,0,48.2056323,-124.1129729,Pysht
788,219,July,2023,7/18/2023 10:40,6,0,0,48.2056323,-124.1129729,Pysht
789,219,June,2018,6/19/2018 9:55,6,0,0,48.2056323,-124.1129729,Pysht
790,219,June,2019,6/25/2019 10:00,6,0,0,48.2056323,-124.1129729,Pysht
791,219,June,2020,6/24/2020 9:00,6,0,0,48.2056323,-124.1129729,Pysht
792,219,June,2021,6/15/2021 10:15,6,0,0,48.2056323,-124.1129729,Pysht
793,219,June,2022,6/15/2022 9:30,6,0,0,48.2056323,-124.1129729,Pysht
794,219,June,2023,6/22/2023 10:00,6,0,0,48.2056323,-124.1129729,Pysht
795,219,May,2018,5/22/2018 13:10,6,0,0,48.2056323,-124.1129729,Pysht
796,219,May,2019,5/21/2019 9:52,6,0,0,48.2056323,-124.1129729,Pysht
797,219,May,2020,5/28/2020 10:45,6,0,0,48.2056323,-124.1129729,Pysht
798,219,May,2021,5/19/2021 9:40,6,0,0,48.2056323,-124.1129729,Pysht
799,219,May,2022,5/19/2022 10:48,6,0,0,48.2056323,-124.1129729,Pysht
800,219,May,2023,5/24/2023 9:30,6,0,0,48.2056323,-124.1129729,Pysht
801,219,September,2017,9/26/2017 9:45,6,0,0,48.2056323,-124.1129729,Pysht
802,219,September,2018,9/27/2018 9:30,6,0,0,48.2056323,-124.1129729,Pysht
803,219,September,2019,9/17/2019 10:00,6,0,0,48.2056323,-124.1129729,Pysht
804,219,September,2020,9/29/2020 10:01,6,0,0,48.2056323,-124.1129729,Pysht
805,219,September,2021,9/21/2021 10:00,6,0,0,48.2056323,-124.1129729,Pysht
806,219,September,2022,9/7/2022 9:30,6,0,0,48.2056323,-124.1129729,Pysht
807,219,September,2023,9/20/2023 12:38,6,0,0,48.2056323,-124.1129729,Pysht
808,250,April,2016,4/29/2016 18:00,6,0,0,47.1181638,-122.7619788,Butterball Cove
809,250,April,2017,4/3/2017 17:20,6,0,0,47.1181638,-122.7619788,Butterball Cove
810,250,April,2018,4/30/2018 12:15,6,0,0,47.1181638,-122.7619788,Butterball Cove
811,250,April,2019,4/22/2019 14:15,6,0,0,47.1181638,-122.7619788,Butterball Cove
812,250,April,2020,4/30/2020 17:00,6,0,0,47.1181638,-122.7619788,Butterball Cove
813,250,April,2021,4/19/2021 16:49,6,0,0,47.1181638,-122.7619788,Butterball Cove
814,250,April,2022,4/3/2022 9:40,6,0,0,47.1181638,-122.7619788,Butterball Cove
815,250,April,2023,4/9/2023 14:20,6,0,0,47.1181638,-122.7619788,Butterball Cove
816,250,August,2015,8/25/2015 8:45,6,0,0,47.1181638,-122.7619788,Butterball Cove
817,250,August,2016,8/28/2016 8:05,6,0,0,47.1181638,-122.7619788,Butterball Cove
818,250,August,2017,8/18/2017 10:00,6,0,0,47.1181638,-122.7619788,Butterball Cove
819,250,August,2018,8/26/2018 12:20,6,0,0,47.1181638,-122.7619788,Butterball Cove
820,250,August,2019,8/18/2019 13:10,6,0,0,47.1181638,-122.7619788,Butterball Cove
821,250,August,2020,8/6/2020 12:13,6,0,0,47.1181638,-122.7619788,Butterball Cove
822,250,August,2021,8/9/2021 12:08,6,0,0,47.1181638,-122.7619788,Butterball Cove
823,250,August,2022,8/28/2022 12:15,6,0,0,47.1181638,-122.7619788,Butterball Cove
824,250,August,2023,8/13/2023 10:00,6,0,0,47.1181638,-122.7619788,Butterball Cove
825,250,July,2016,7/10/2016 16:50,6,0,0,47.1181638,-122.7619788,Butterball Cove
826,250,July,2017,7/10/2017 12:30,6,0,0,47.1181638,-122.7619788,Butterball Cove
827,250,July,2018,7/29/2018 13:15,6,0,0,47.1181638,-122.7619788,Butterball Cove
828,250,July,2019,7/21/2019 14:17,6,0,0,47.1181638,-122.7619788,Butterball Cove
829,250,July,2020,7/9/2020 14:20,6,0,0,47.1181638,-122.7619788,Butterball Cove
830,250,July,2021,7/26/2021 13:11,6,0,0,47.1181638,-122.7619788,Butterball Cove
831,250,July,2022,7/31/2022 13:00,6,0,0,47.1181638,-122.7619788,Butterball Cove
832,250,July,2023,7/30/2023 9:48,6,0,0,47.1181638,-122.7619788,Butterball Cove
833,250,June,2016,6/26/2016 17:15,6,0,0,47.1181638,-122.7619788,Butterball Cove
834,250,June,2017,6/23/2017 11:10,6,0,0,47.1181638,-122.7619788,Butterball Cove
835,250,June,2018,6/3/2018 16:10,6,0,0,47.1181638,-122.7619788,Butterball Cove
836,250,June,2019,6/30/2019 10:20,6,0,0,47.1181638,-122.7619788,Butterball Cove
837,250,June,2020,6/5/2020 11:10,6,0,0,47.1181638,-122.7619788,Butterball Cove
838,250,June,2021,6/28/2021 13:53,6,0,0,47.1181638,-122.7619788,Butterball Cove
839,250,June,2022,6/5/2022 15:18,6,0,0,47.1181638,-122.7619788,Butterball Cove
840,250,June,2023,6/30/2023 9:24,6,0,0,47.1181638,-122.7619788,Butterball Cove
841,250,May,2016,5/27/2016 17:30,6,0,0,47.1181638,-122.7619788,Butterball Cove
842,250,May,2017,5/26/2017 13:15,6,0,0,47.1181638,-122.7619788,Butterball Cove
843,250,May,2018,5/20/2018 15:25,6,0,0,47.1181638,-122.7619788,Butterball Cove
844,250,May,2019,5/5/2019 12:05,6,0,0,47.1181638,-122.7619788,Butterball Cove
845,250,May,2020,5/8/2020 12:15,6,0,0,47.1181638,-122.7619788,Butterball Cove
846,250,May,2021,5/17/2021 15:56,6,0,0,47.1181638,-122.7619788,Butterball Cove
847,250,May,2022,5/29/2022 12:00,6,0,0,47.1181638,-122.7619788,Butterball Cove
848,250,May,2023,5/7/2023 13:15,6,0,0,47.1181638,-122.7619788,Butterball Cove
849,250,September,2015,9/11/2015 11:15,6,0,0,47.1181638,-122.7619788,Butterball Cove
850,250,September,2016,9/25/2016 8:45,6,0,0,47.1181638,-122.7619788,Butterball Cove
851,250,September,2017,9/17/2017 9:10,6,0,0,47.1181638,-122.7619788,Butterball Cove
852,250,September,2018,9/6/2018 8:45,6,0,0,47.1181638,-122.7619788,Butterball Cove
853,250,September,2019,9/8/2019 7:20,6,0,0,47.1181638,-122.7619788,Butterball Cove
854,250,September,2020,9/3/2020 12:11,6,0,0,47.1181638,-122.7619788,Butterball Cove
855,250,September,2021,9/19/2021 10:05,6,0,0,47.1181638,-122.7619788,Butterball Cove
856,250,September,2022,9/11/2022 11:12,6,0,0,47.1181638,-122.7619788,Butterball Cove
857,250,September,2023,9/10/2023 8:21,6,0,0,47.1181638,-122.7619788,Butterball Cove
858,277,April,2018,4/22/2018 16:15,6,0,0,47.2488254,-122.5515108,Titlow Lagoon
859,277,April,2019,4/11/2019 16:15,6,0,0,47.2488254,-122.5515108,Titlow Lagoon
860,277,April,2020,4/28/2020 17:00,6,0,0,47.2488254,-122.5515108,Titlow Lagoon
861,277,April,2021,4/14/2021 13:55,6,0,0,47.2488254,-122.5515108,Titlow Lagoon
862,277,April,2022,4/19/2022 15:50,6,0,0,47.2488254,-122.5515108,Titlow Lagoon
863,277,April,2023,4/19/2023 12:20,5,0,0,47.2488254,-122.5515108,Titlow Lagoon
864,277,August,2017,8/6/2017 10:15,6,0,0,47.2488254,-122.5515108,Titlow Lagoon
865,277,August,2018,8/12/2018 14:45,6,0,0,47.2488254,-122.5515108,Titlow Lagoon
866,277,August,2019,8/3/2019 14:05,6,0,0,47.2488254,-122.5515108,Titlow Lagoon
867,277,August,2020,8/6/2020 13:45,6,0,0,47.2488254,-122.5515108,Titlow Lagoon
868,277,August,2021,8/23/2021 14:15,6,0,0,47.2488254,-122.5515108,Titlow Lagoon
869,277,August,2022,8/8/2022 10:50,6,0,0,47.2488254,-122.5515108,Titlow Lagoon
870,277,August,2023,8/28/2023 11:30,6,0,0,47.2488254,-122.5515108,Titlow Lagoon
871,277,July,2017,7/23/2017 9:30,6,0,0,47.2488254,-122.5515108,Titlow Lagoon
872,277,July,2018,7/15/2018 13:45,6,0,0,47.2488254,-122.5515108,Titlow Lagoon
873,277,July,2019,7/7/2019 16:10,6,0,0,47.2488254,-122.5515108,Titlow Lagoon
874,277,July,2020,7/9/2020 16:45,6,0,0,47.2488254,-122.5515108,Titlow Lagoon
875,277,July,2021,7/10/2021 13:15,6,0,0,47.2488254,-122.5515108,Titlow Lagoon
876,277,July,2022,7/2/2022 14:40,6,0,0,47.2488254,-122.5515108,Titlow Lagoon
877,277,July,2023,7/18/2023 14:35,6,0,0,47.2488254,-122.5515108,Titlow Lagoon
878,277,June,2018,6/17/2018 13:00,6,0,0,47.2488254,-122.5515108,Titlow Lagoon
879,277,June,2019,6/2/2019 12:20,5,0,0,47.2488254,-122.5515108,Titlow Lagoon
880,277,June,2020,6/23/2020 14:15,6,0,0,47.2488254,-122.5515108,Titlow Lagoon
881,277,June,2021,6/22/2021 12:30,6,0,0,47.2488254,-122.5515108,Titlow Lagoon
882,277,June,2022,6/4/2022 16:45,6,0,0,47.2488254,-122.5515108,Titlow Lagoon
883,277,June,2023,6/16/2023 13:24,6,0,0,47.2488254,-122.5515108,Titlow Lagoon
884,277,May,2018,5/20/2018 14:00,6,0,0,47.2488254,-122.5515108,Titlow Lagoon
885,277,May,2019,5/5/2019 13:00,6,0,0,47.2488254,-122.5515108,Titlow Lagoon
886,277,May,2020,5/26/2020 15:45,6,0,0,47.2488254,-122.5515108,Titlow Lagoon
887,277,May,2021,5/12/2021 14:15,6,0,0,47.2488254,-122.5515108,Titlow Lagoon
888,277,May,2022,5/7/2022 18:00,6,0,0,47.2488254,-122.5515108,Titlow Lagoon
889,277,May,2023,5/19/2023 13:20,6,0,0,47.2488254,-122.5515108,Titlow Lagoon
890,277,September,2017,9/3/2017 10:45,6,0,0,47.2488254,-122.5515108,Titlow Lagoon
891,277,September,2018,9/9/2018 10:30,6,0,0,47.2488254,-122.5515108,Titlow Lagoon
892,277,September,2019,9/8/2019 9:20,6,0,0,47.2488254,-122.5515108,Titlow Lagoon
893,277,September,2020,9/17/2020 12:50,6,0,0,47.2488254,-122.5515108,Titlow Lagoon
894,277,September,2021,9/16/2021 10:20,6,0,0,47.2488254,-122.5515108,Titlow Lagoon
895,277,September,2022,9/10/2022 14:40,6,0,0,47.2488254,-122.5515108,Titlow Lagoon
896,277,September,2023,9/27/2023 11:15,6,0,0,47.2488254,-122.5515108,Titlow Lagoon
897,299,May,2017,5/11/2017 13:52,5,0,0,48.2071864,-122.3706794,Port Susan Bay
898,306,April,2016,4/9/2016 11:50,6,0,0,47.99458,-122.49186,Deer Lagoon
899,306,April,2017,4/27/2017 11:10,6,0,0,47.99458,-122.49186,Deer Lagoon
900,306,April,2018,4/20/2018 13:45,6,0,0,47.99458,-122.49186,Deer Lagoon
901,306,April,2019,4/23/2019 13:40,6,0,0,47.99458,-122.49186,Deer Lagoon
902,306,April,2020,4/25/2020 12:40,6,0,0,47.99458,-122.49186,Deer Lagoon
903,306,April,2021,4/15/2021 14:00,6,0,0,47.99458,-122.49186,Deer Lagoon
904,306,April,2022,4/19/2022 12:40,6,0,0,47.99458,-122.49186,Deer Lagoon
905,306,April,2023,4/20/2023 12:26,6,0,0,47.99458,-122.49186,Deer Lagoon
906,306,August,2015,8/29/2015 12:45,6,0,0,47.99458,-122.49186,Deer Lagoon
907,306,August,2016,8/17/2016 9:25,6,0,0,47.99458,-122.49186,Deer Lagoon
908,306,August,2017,8/19/2017 9:30,6,0,0,47.99458,-122.49186,Deer Lagoon
909,306,August,2018,8/10/2018 8:45,6,0,0,47.99458,-122.49186,Deer Lagoon
910,306,August,2019,8/15/2019 11:15,6,0,0,47.99458,-122.49186,Deer Lagoon
911,306,August,2020,8/4/2020 12:05,6,0,0,47.99458,-122.49186,Deer Lagoon
912,306,August,2021,8/10/2021 11:55,6,0,0,47.99458,-122.49186,Deer Lagoon
913,306,August,2022,8/12/2022 11:05,6,0,0,47.99458,-122.49186,Deer Lagoon
914,306,August,2023,8/30/2023 11:00,6,0,0,47.99458,-122.49186,Deer Lagoon
915,306,July,2016,7/21/2016 10:57,6,0,0,47.99458,-122.49186,Deer Lagoon
916,306,July,2017,7/21/2017 9:45,6,0,0,47.99458,-122.49186,Deer Lagoon
917,306,July,2018,7/26/2018 9:45,6,0,0,47.99458,-122.49186,Deer Lagoon
918,306,July,2019,7/16/2019 10:30,6,0,0,47.99458,-122.49186,Deer Lagoon
919,306,July,2020,7/9/2020 13:40,6,0,0,47.99458,-122.49186,Deer Lagoon
920,306,July,2021,7/9/2021 11:00,6,0,0,47.99458,-122.49186,Deer Lagoon
921,306,July,2022,7/26/2022 9:28,6,0,0,47.99458,-122.49186,Deer Lagoon
922,306,July,2023,7/19/2023 13:40,6,0,0,47.99458,-122.49186,Deer Lagoon
923,306,June,2016,6/9/2016 12:45,6,0,0,47.99458,-122.49186,Deer Lagoon
924,306,June,2017,6/28/2017 14:30,6,0,0,47.99458,-122.49186,Deer Lagoon
925,306,June,2018,6/28/2018 10:15,6,0,0,47.99458,-122.49186,Deer Lagoon
926,306,June,2019,6/18/2019 12:22,6,0,0,47.99458,-122.49186,Deer Lagoon
927,306,June,2020,6/19/2020 10:08,6,0,0,47.99458,-122.49186,Deer Lagoon
928,306,June,2021,6/10/2021 11:30,6,0,0,47.99458,-122.49186,Deer Lagoon
929,306,June,2022,6/17/2022 13:15,6,0,0,47.99458,-122.49186,Deer Lagoon
930,306,June,2023,6/21/2023 12:50,6,0,0,47.99458,-122.49186,Deer Lagoon
931,306,May,2016,5/11/2016 13:45,6,0,0,47.99458,-122.49186,Deer Lagoon
932,306,May,2017,5/16/2017 14:40,6,0,0,47.99458,-122.49186,Deer Lagoon
933,306,May,2018,5/18/2018 11:45,6,0,0,47.99458,-122.49186,Deer Lagoon
934,306,May,2019,5/18/2019 11:00,6,0,0,47.99458,-122.49186,Deer Lagoon
935,306,May,2020,5/23/2020 11:55,6,0,0,47.99458,-122.49186,Deer Lagoon
936,306,May,2021,5/12/2021 12:10,6,0,0,47.99458,-122.49186,Deer Lagoon
937,306,May,2022,5/17/2022 12:00,6,0,0,47.99458,-122.49186,Deer Lagoon
938,306,May,2023,5/24/2023 14:25,6,0,0,47.99458,-122.49186,Deer Lagoon
939,306,September,2015,9/11/2015 11:10,6,0,0,47.99458,-122.49186,Deer Lagoon
940,306,September,2016,9/15/2016 9:00,6,0,0,47.99458,-122.49186,Deer Lagoon
941,306,September,2017,9/17/2017 8:55,6,0,0,47.99458,-122.49186,Deer Lagoon
942,306,September,2018,9/11/2018 12:05,6,0,0,47.99458,-122.49186,Deer Lagoon
943,306,September,2019,9/12/2019 10:22,6,0,0,47.99458,-122.49186,Deer Lagoon
944,306,September,2020,9/2/2020 11:15,6,0,0,47.99458,-122.49186,Deer Lagoon
945,306,September,2021,9/7/2021 11:15,6,0,0,47.99458,-122.49186,Deer Lagoon
946,306,September,2022,9/10/2022 10:35,6,0,0,47.99458,-122.49186,Deer Lagoon
947,306,September,2023,9/28/2023 10:30,6,0,0,47.99458,-122.49186,Deer Lagoon
948,308,April,2019,4/26/2019 17:02,6,0,0,48.1136673,-122.5964456,Hancock Lake
949,308,April,2020,4/30/2020 14:55,6,0,0,48.1136673,-122.5964456,Hancock Lake
950,308,April,2021,4/20/2021 16:21,6,0,0,48.1136673,-122.5964456,Hancock Lake
951,308,April,2023,4/11/2023 11:21,6,0,0,48.1136673,-122.5964456,Hancock Lake
952,308,August,2018,8/15/2018 13:13,6,0,0,48.1136673,-122.5964456,Hancock Lake
953,308,August,2019,8/31/2019 11:02,6,0,0,48.1136673,-122.5964456,Hancock Lake
954,308,August,2022,8/24/2022 7:16,6,0,0,48.1136673,-122.5964456,Hancock Lake
955,308,August,2023,8/4/2023 10:38,6,0,0,48.1136673,-122.5964456,Hancock Lake
956,308,July,2018,7/26/2018 11:36,6,0,0,48.1136673,-122.5964456,Hancock Lake
957,308,July,2019,7/20/2019 12:15,6,0,0,48.1136673,-122.5964456,Hancock Lake
958,308,July,2020,7/23/2020 16:51,6,0,0,48.1136673,-122.5964456,Hancock Lake
959,308,July,2022,7/15/2022 8:28,6,0,0,48.1136673,-122.5964456,Hancock Lake
960,308,July,2023,7/7/2023 11:00,6,0,0,48.1136673,-122.5964456,Hancock Lake
961,308,June,2018,6/19/2018 15:20,6,0,0,48.1136673,-122.5964456,Hancock Lake
962,308,June,2019,6/21/2019 16:14,6,0,0,48.1136673,-122.5964456,Hancock Lake
963,308,June,2020,6/25/2020 16:59,6,0,0,48.1136673,-122.5964456,Hancock Lake
964,308,June,2021,6/30/2021 17:13,6,0,0,48.1136673,-122.5964456,Hancock Lake
965,308,June,2023,6/6/2023 9:30,6,0,0,48.1136673,-122.5964456,Hancock Lake
966,308,May,2018,5/31/2018 8:12,6,0,0,48.1136673,-122.5964456,Hancock Lake
967,308,May,2019,5/23/2019 16:17,6,0,0,48.1136673,-122.5964456,Hancock Lake
968,308,May,2020,5/22/2020 10:57,6,0,0,48.1136673,-122.5964456,Hancock Lake
969,308,May,2021,5/18/2021 16:11,6,0,0,48.1136673,-122.5964456,Hancock Lake
970,308,May,2022,5/19/2022 10:02,6,0,0,48.1136673,-122.5964456,Hancock Lake
971,308,May,2023,5/9/2023 10:20,6,0,0,48.1136673,-122.5964456,Hancock Lake
972,308,September,2018,9/21/2018 7:19,6,0,0,48.1136673,-122.5964456,Hancock Lake
973,308,September,2019,9/29/2019 10:29,6,0,0,48.1136673,-122.5964456,Hancock Lake
974,308,September,2020,9/29/2020 10:10,6,0,0,48.1136673,-122.5964456,Hancock Lake
975,308,September,2022,9/23/2022 8:17,6,0,0,48.1136673,-122.5964456,Hancock Lake
976,308,September,2023,9/14/2023 8:58,6,0,0,48.1136673,-122.5964456,Hancock Lake
977,311,April,2016,4/10/2016 12:55,6,0,0,48.23373,-122.7299722,Penn Cove
978,311,April,2017,4/27/2017 9:30,6,0,0,48.23373,-122.7299722,Penn Cove
979,311,April,2018,4/25/2018 9:05,6,0,0,48.23373,-122.7299722,Penn Cove
980,311,April,2019,4/23/2019 9:35,6,0,0,48.23373,-122.7299722,Penn Cove
981,311,April,2020,4/24/2020 9:30,6,0,0,48.23373,-122.7299722,Penn Cove
982,311,April,2021,4/27/2021 9:00,6,0,0,48.23373,-122.7299722,Penn Cove
983,311,April,2022,4/20/2022 10:05,6,0,0,48.23373,-122.7299722,Penn Cove
984,311,April,2023,4/21/2023 9:00,6,0,0,48.23373,-122.7299722,Penn Cove
985,311,August,2015,8/15/2015 12:45,6,0,0,48.23373,-122.7299722,Penn Cove
986,311,August,2016,8/15/2016 9:10,6,0,0,48.23373,-122.7299722,Penn Cove
987,311,August,2017,8/18/2017 9:15,6,0,0,48.23373,-122.7299722,Penn Cove
988,311,August,2018,8/22/2018 8:55,6,0,0,48.23373,-122.7299722,Penn Cove
989,311,August,2019,8/24/2019 9:00,6,0,0,48.23373,-122.7299722,Penn Cove
990,311,August,2020,8/24/2020 13:15,6,0,0,48.23373,-122.7299722,Penn Cove
991,311,August,2021,8/24/2021 9:10,6,0,0,48.23373,-122.7299722,Penn Cove
992,311,August,2022,8/24/2022 9:00,6,0,0,48.23373,-122.7299722,Penn Cove
993,311,August,2023,8/18/2023 9:00,6,0,0,48.23373,-122.7299722,Penn Cove
994,311,July,2016,7/16/2016 8:45,6,0,0,48.23373,-122.7299722,Penn Cove
995,311,July,2017,7/20/2017 9:05,6,0,0,48.23373,-122.7299722,Penn Cove
996,311,July,2018,7/25/2018 9:09,6,0,0,48.23373,-122.7299722,Penn Cove
997,311,July,2019,7/23/2019 9:10,6,0,0,48.23373,-122.7299722,Penn Cove
998,311,July,2020,7/28/2020 9:00,6,0,0,48.23373,-122.7299722,Penn Cove
999,311,July,2021,7/21/2021 9:00,6,0,0,48.23373,-122.7299722,Penn Cove
1000,311,July,2022,7/20/2022 8:55,6,0,0,48.23373,-122.7299722,Penn Cove
1001,311,July,2023,7/18/2023 8:55,6,0,0,48.23373,-122.7299722,Penn Cove
1002,311,June,2016,6/15/2016 8:25,6,0,0,48.23373,-122.7299722,Penn Cove
1003,311,June,2017,6/20/2017 9:30,6,0,0,48.23373,-122.7299722,Penn Cove
1004,311,June,2018,6/26/2018 9:10,6,0,0,48.23373,-122.7299722,Penn Cove
1005,311,June,2019,6/25/2019 9:05,6,0,0,48.23373,-122.7299722,Penn Cove
1006,311,June,2020,6/23/2020 8:55,6,0,0,48.23373,-122.7299722,Penn Cove
1007,311,June,2021,6/22/2021 9:10,6,0,0,48.23373,-122.7299722,Penn Cove
1008,311,June,2022,6/15/2022 9:00,6,0,0,48.23373,-122.7299722,Penn Cove
1009,311,June,2023,6/13/2023 9:05,6,0,0,48.23373,-122.7299722,Penn Cove
1010,311,May,2016,5/13/2016 16:10,6,0,0,48.23373,-122.7299722,Penn Cove
1011,311,May,2017,5/24/2017 9:10,6,0,0,48.23373,-122.7299722,Penn Cove
1012,311,May,2018,5/22/2018 12:58,5,0,0,48.23373,-122.7299722,Penn Cove
1013,311,May,2019,5/29/2019 9:10,6,0,0,48.23373,-122.7299722,Penn Cove
1014,311,May,2020,5/23/2020 9:05,6,0,0,48.23373,-122.7299722,Penn Cove
1015,311,May,2021,5/25/2021 9:00,6,0,0,48.23373,-122.7299722,Penn Cove
1016,311,May,2022,5/18/2022 9:05,6,0,0,48.23373,-122.7299722,Penn Cove
1017,311,May,2023,5/16/2023 9:00,6,0,0,48.23373,-122.7299722,Penn Cove
1018,311,September,2015,9/12/2015 12:00,6,0,0,48.23373,-122.7299722,Penn Cove
1019,311,September,2016,9/17/2016 9:40,6,0,0,48.23373,-122.7299722,Penn Cove
1020,311,September,2017,9/19/2017 9:05,6,0,0,48.23373,-122.7299722,Penn Cove
1021,311,September,2018,9/25/2018 9:10,6,0,0,48.23373,-122.7299722,Penn Cove
1022,311,September,2019,9/24/2019 9:00,6,0,0,48.23373,-122.7299722,Penn Cove
1023,311,September,2020,9/29/2020 9:00,6,0,0,48.23373,-122.7299722,Penn Cove
1024,311,September,2021,9/21/2021 9:00,6,0,0,48.23373,-122.7299722,Penn Cove
1025,311,September,2022,9/21/2022 9:00,6,0,0,48.23373,-122.7299722,Penn Cove
1026,311,September,2023,9/12/2023 9:05,6,0,0,48.23373,-122.7299722,Penn Cove
1027,322,April,2017,4/18/2017 15:10,6,0,0,48.4070743,-122.5550184,Lone Tree Lagoon
1028,322,April,2018,4/18/2018 15:13,6,0,0,48.4070743,-122.5550184,Lone Tree Lagoon
1029,322,April,2019,4/24/2019 15:10,6,0,0,48.4070743,-122.5550184,Lone Tree Lagoon
1030,322,April,2020,4/28/2020 14:45,6,0,0,48.4070743,-122.5550184,Lone Tree Lagoon
1031,322,April,2021,4/16/2021 15:14,6,0,0,48.4070743,-122.5550184,Lone Tree Lagoon
1032,322,April,2022,4/22/2022 15:25,6,0,0,48.4070743,-122.5550184,Lone Tree Lagoon
1033,322,April,2023,4/11/2023 14:50,6,0,0,48.4070743,-122.5550184,Lone Tree Lagoon
1034,322,August,2017,8/9/2017 13:16,6,0,0,48.4070743,-122.5550184,Lone Tree Lagoon
1035,322,August,2018,8/24/2018 9:15,6,0,0,48.4070743,-122.5550184,Lone Tree Lagoon
1036,322,August,2019,8/15/2019 12:08,6,0,0,48.4070743,-122.5550184,Lone Tree Lagoon
1037,322,August,2020,8/19/2020 12:07,6,0,0,48.4070743,-122.5550184,Lone Tree Lagoon
1038,322,August,2021,8/10/2021 12:40,6,0,0,48.4070743,-122.5550184,Lone Tree Lagoon
1039,322,August,2022,8/12/2022 11:39,6,0,0,48.4070743,-122.5550184,Lone Tree Lagoon
1040,322,August,2023,8/3/2023 13:08,6,0,0,48.4070743,-122.5550184,Lone Tree Lagoon
1041,322,July,2017,7/11/2017 14:19,6,0,0,48.4070743,-122.5550184,Lone Tree Lagoon
1042,322,July,2018,7/26/2018 14:54,6,0,0,48.4070743,-122.5550184,Lone Tree Lagoon
1043,322,July,2019,7/17/2019 12:15,6,0,0,48.4070743,-122.5550184,Lone Tree Lagoon
1044,322,July,2020,7/22/2020 13:00,6,0,0,48.4070743,-122.5550184,Lone Tree Lagoon
1045,322,July,2021,7/9/2021 11:11,6,0,0,48.4070743,-122.5550184,Lone Tree Lagoon
1046,322,July,2022,7/15/2022 12:34,6,0,0,48.4070743,-122.5550184,Lone Tree Lagoon
1047,322,July,2023,7/20/2023 13:35,6,0,0,48.4070743,-122.5550184,Lone Tree Lagoon
1048,322,June,2017,6/14/2017 15:09,6,0,0,48.4070743,-122.5550184,Lone Tree Lagoon
1049,322,June,2018,6/28/2018 15:05,6,0,0,48.4070743,-122.5550184,Lone Tree Lagoon
1050,322,June,2019,6/19/2019 13:05,6,0,0,48.4070743,-122.5550184,Lone Tree Lagoon
1051,322,June,2020,6/24/2020 13:40,6,0,0,48.4070743,-122.5550184,Lone Tree Lagoon
1052,322,June,2021,6/11/2021 13:10,6,0,0,48.4070743,-122.5550184,Lone Tree Lagoon
1053,322,June,2022,6/17/2022 13:40,6,0,0,48.4070743,-122.5550184,Lone Tree Lagoon
1054,322,June,2023,6/8/2023 15:08,6,0,0,48.4070743,-122.5550184,Lone Tree Lagoon
1055,322,May,2017,5/17/2017 16:20,6,0,0,48.4070743,-122.5550184,Lone Tree Lagoon
1056,322,May,2018,5/17/2018 15:05,6,0,0,48.4070743,-122.5550184,Lone Tree Lagoon
1057,322,May,2019,5/22/2019 14:20,6,0,0,48.4070743,-122.5550184,Lone Tree Lagoon
1058,322,May,2020,5/26/2020 14:50,6,0,0,48.4070743,-122.5550184,Lone Tree Lagoon
1059,322,May,2021,5/14/2021 14:10,6,0,0,48.4070743,-122.5550184,Lone Tree Lagoon
1060,322,May,2022,5/20/2022 14:45,6,0,0,48.4070743,-122.5550184,Lone Tree Lagoon
1061,322,May,2023,5/5/2023 12:07,6,0,0,48.4070743,-122.5550184,Lone Tree Lagoon
1062,322,September,2017,9/7/2017 13:10,6,0,0,48.4070743,-122.5550184,Lone Tree Lagoon
1063,322,September,2018,9/19/2018 10:15,6,0,0,48.4070743,-122.5550184,Lone Tree Lagoon
1064,322,September,2019,9/12/2019 11:13,6,0,0,48.4070743,-122.5550184,Lone Tree Lagoon
1065,322,September,2020,9/19/2020 14:02,6,0,0,48.4070743,-122.5550184,Lone Tree Lagoon
1066,322,September,2021,9/6/2021 12:32,6,0,0,48.4070743,-122.5550184,Lone Tree Lagoon
1067,322,September,2022,9/9/2022 11:12,6,0,0,48.4070743,-122.5550184,Lone Tree Lagoon
1068,322,September,2023,9/13/2023 11:02,6,0,0,48.4070743,-122.5550184,Lone Tree Lagoon
1069,323,April,2016,4/9/2016 12:45,6,0,0,48.42112,-122.55775,Kiket Lagoon
1070,323,April,2017,4/29/2017 12:30,6,0,0,48.42112,-122.55775,Kiket Lagoon
1071,323,April,2018,4/22/2018 15:45,6,0,0,48.42112,-122.55775,Kiket Lagoon
1072,323,April,2019,4/21/2019 12:15,6,0,0,48.42112,-122.55775,Kiket Lagoon
1073,323,April,2021,4/16/2021 16:02,6,0,0,48.42112,-122.55775,Kiket Lagoon
1074,323,April,2022,4/5/2022 14:08,6,0,0,48.42112,-122.55775,Kiket Lagoon
1075,323,April,2023,4/23/2023 11:05,6,0,0,48.42112,-122.55775,Kiket Lagoon
1076,323,August,2016,8/14/2016 8:00,6,0,0,48.42112,-122.55775,Kiket Lagoon
1077,323,August,2017,8/20/2017 10:00,6,0,0,48.42112,-122.55775,Kiket Lagoon
1078,323,August,2018,8/26/2018 10:47,6,0,0,48.42112,-122.55775,Kiket Lagoon
1079,323,August,2019,8/11/2019 8:40,6,0,0,48.42112,-122.55775,Kiket Lagoon
1080,323,August,2020,8/20/2020 15:05,6,0,0,48.42112,-122.55775,Kiket Lagoon
1081,323,August,2021,8/13/2021 16:01,6,0,0,48.42112,-122.55775,Kiket Lagoon
1082,323,August,2022,8/10/2022 8:30,6,0,0,48.42112,-122.55775,Kiket Lagoon
1083,323,August,2023,8/2/2023 9:49,6,0,0,48.42112,-122.55775,Kiket Lagoon
1084,323,July,2016,7/16/2016 9:15,6,0,0,48.42112,-122.55775,Kiket Lagoon
1085,323,July,2017,7/23/2017 11:00,6,0,0,48.42112,-122.55775,Kiket Lagoon
1086,323,July,2018,7/29/2018 12:20,6,0,0,48.42112,-122.55775,Kiket Lagoon
1087,323,July,2019,7/28/2019 8:30,6,0,0,48.42112,-122.55775,Kiket Lagoon
1088,323,July,2020,7/24/2020 15:50,6,0,0,48.42112,-122.55775,Kiket Lagoon
1089,323,July,2021,7/9/2021 15:28,6,0,0,48.42112,-122.55775,Kiket Lagoon
1090,323,July,2022,7/11/2022 8:54,6,0,0,48.42112,-122.55775,Kiket Lagoon
1091,323,July,2023,7/6/2023 10:40,6,0,0,48.42112,-122.55775,Kiket Lagoon
1092,323,June,2016,6/25/2016 14:30,6,0,0,48.42112,-122.55775,Kiket Lagoon
1093,323,June,2017,6/25/2017 11:30,6,0,0,48.42112,-122.55775,Kiket Lagoon
1094,323,June,2018,6/24/2018 8:15,6,0,0,48.42112,-122.55775,Kiket Lagoon
1095,323,June,2019,6/8/2019 14:45,6,0,0,48.42112,-122.55775,Kiket Lagoon
1096,323,June,2020,6/26/2020 15:25,6,0,0,48.42112,-122.55775,Kiket Lagoon
1097,323,June,2021,6/25/2021 15:35,6,0,0,48.42112,-122.55775,Kiket Lagoon
1098,323,June,2022,6/3/2022 11:04,6,0,0,48.42112,-122.55775,Kiket Lagoon
1099,323,June,2023,6/5/2023 10:00,6,0,0,48.42112,-122.55775,Kiket Lagoon
1100,323,May,2016,5/21/2016 10:30,6,0,0,48.42112,-122.55775,Kiket Lagoon
1101,323,May,2017,5/28/2017 12:30,6,0,0,48.42112,-122.55775,Kiket Lagoon
1102,323,May,2018,5/20/2018 14:45,6,0,0,48.42112,-122.55775,Kiket Lagoon
1103,323,May,2019,5/12/2019 16:10,6,0,0,48.42112,-122.55775,Kiket Lagoon
1104,323,May,2020,5/23/2020 10:08,6,0,0,48.42112,-122.55775,Kiket Lagoon
1105,323,May,2021,5/14/2021 15:40,6,0,0,48.42112,-122.55775,Kiket Lagoon
1106,323,May,2022,5/5/2022 13:02,6,0,0,48.42112,-122.55775,Kiket Lagoon
1107,323,May,2023,5/8/2023 10:55,6,0,0,48.42112,-122.55775,Kiket Lagoon
1108,323,September,2016,9/26/2016 7:30,6,0,0,48.42112,-122.55775,Kiket Lagoon
1109,323,September,2017,9/2/2017 8:15,6,0,0,48.42112,-122.55775,Kiket Lagoon
1110,323,September,2018,9/23/2018 9:20,6,0,0,48.42112,-122.55775,Kiket Lagoon
1111,323,September,2019,9/10/2019 9:00,6,0,0,48.42112,-122.55775,Kiket Lagoon
1112,323,September,2020,9/18/2020 14:33,6,0,0,48.42112,-122.55775,Kiket Lagoon
1113,323,September,2021,9/10/2021 15:32,6,0,0,48.42112,-122.55775,Kiket Lagoon
1114,323,September,2022,9/11/2022 10:15,6,0,0,48.42112,-122.55775,Kiket Lagoon
1115,323,September,2023,9/11/2023 9:00,6,0,0,48.42112,-122.55775,Kiket Lagoon
1116,330,April,2016,4/14/2016 13:30,6,0,0,48.4604493,-122.8205968,Mud Bay
1117,330,April,2017,4/17/2017 14:15,6,0,0,48.4604493,-122.8205968,Mud Bay
1118,330,April,2018,4/7/2018 15:04,6,0,0,48.4604493,-122.8205968,Mud Bay
1119,330,April,2019,4/7/2019 13:57,6,0,0,48.4604493,-122.8205968,Mud Bay
1120,330,April,2020,4/26/2020 13:20,6,0,0,48.4604493,-122.8205968,Mud Bay
1121,330,April,2021,4/27/2021 13:40,6,0,0,48.4604493,-122.8205968,Mud Bay
1122,330,April,2022,4/7/2022 9:37,6,0,0,48.4604493,-122.8205968,Mud Bay
1123,330,April,2023,4/8/2023 12:15,6,0,0,48.4604493,-122.8205968,Mud Bay
1124,330,August,2016,8/16/2016 11:45,6,0,0,48.4604493,-122.8205968,Mud Bay
1125,330,August,2017,8/20/2017 10:05,6,0,0,48.4604493,-122.8205968,Mud Bay
1126,330,August,2018,8/12/2018 12:10,6,0,0,48.4604493,-122.8205968,Mud Bay
1127,330,August,2019,8/3/2019 12:00,6,0,0,48.4604493,-122.8205968,Mud Bay
1128,330,August,2020,8/2/2020 10:14,6,0,0,48.4604493,-122.8205968,Mud Bay
1129,330,August,2021,8/22/2021 8:25,6,0,0,48.4604493,-122.8205968,Mud Bay
1130,330,August,2022,8/10/2022 10:07,6,0,0,48.4604493,-122.8205968,Mud Bay
1131,330,August,2023,8/11/2023 8:26,6,0,0,48.4604493,-122.8205968,Mud Bay
1132,330,July,2016,7/7/2016 10:45,6,0,0,48.4604493,-122.8205968,Mud Bay
1133,330,July,2017,7/23/2017 10:08,6,0,0,48.4604493,-122.8205968,Mud Bay
1134,330,July,2018,7/24/2018 10:13,6,0,0,48.4604493,-122.8205968,Mud Bay
1135,330,July,2019,7/2/2019 11:23,6,0,0,48.4604493,-122.8205968,Mud Bay
1136,330,July,2020,7/21/2020 12:10,6,0,0,48.4604493,-122.8205968,Mud Bay
1137,330,July,2021,7/25/2021 9:12,5,0,0,48.4604493,-122.8205968,Mud Bay
1138,330,July,2022,7/24/2022 8:45,6,0,0,48.4604493,-122.8205968,Mud Bay
1139,330,July,2023,7/15/2023 10:10,6,0,0,48.4604493,-122.8205968,Mud Bay
1140,330,June,2016,6/9/2016 12:30,6,0,0,48.4604493,-122.8205968,Mud Bay
1141,330,June,2017,6/10/2017 10:07,6,0,0,48.4604493,-122.8205968,Mud Bay
1142,330,June,2018,6/17/2018 14:45,6,0,0,48.4604493,-122.8205968,Mud Bay
1143,330,June,2019,6/4/2019 11:09,6,0,0,48.4604493,-122.8205968,Mud Bay
1144,330,June,2020,6/7/2020 11:55,6,0,0,48.4604493,-122.8205968,Mud Bay
1145,330,June,2021,6/25/2021 8:16,6,0,0,48.4604493,-122.8205968,Mud Bay
1146,330,June,2022,6/7/2022 9:50,6,0,0,48.4604493,-122.8205968,Mud Bay
1147,330,June,2023,6/7/2023 9:06,6,0,0,48.4604493,-122.8205968,Mud Bay
1148,330,May,2016,5/13/2016 13:18,6,0,0,48.4604493,-122.8205968,Mud Bay
1149,330,May,2017,5/15/2017 14:30,6,0,0,48.4604493,-122.8205968,Mud Bay
1150,330,May,2018,5/5/2018 16:30,5,0,0,48.4604493,-122.8205968,Mud Bay
1151,330,May,2019,5/6/2019 12:03,6,0,0,48.4604493,-122.8205968,Mud Bay
1152,330,May,2020,5/10/2020 12:33,6,0,0,48.4604493,-122.8205968,Mud Bay
1153,330,May,2021,5/11/2021 11:41,6,0,0,48.4604493,-122.8205968,Mud Bay
1154,330,May,2022,5/19/2022 10:31,6,0,0,48.4604493,-122.8205968,Mud Bay
1155,330,May,2023,5/7/2023 9:10,6,0,0,48.4604493,-122.8205968,Mud Bay
1156,330,September,2016,9/13/2016 9:45,6,0,0,48.4604493,-122.8205968,Mud Bay
1157,330,September,2017,9/3/2017 9:40,6,0,0,48.4604493,-122.8205968,Mud Bay
1158,330,September,2018,9/18/2018 11:25,6,0,0,48.4604493,-122.8205968,Mud Bay
1159,330,September,2019,9/7/2019 9:14,6,0,0,48.4604493,-122.8205968,Mud Bay
1160,330,September,2020,9/13/2020 9:18,6,0,0,48.4604493,-122.8205968,Mud Bay
1161,330,September,2021,9/29/2021 8:10,6,0,0,48.4604493,-122.8205968,Mud Bay
1162,330,September,2022,9/6/2022 9:30,6,0,0,48.4604493,-122.8205968,Mud Bay
1163,330,September,2023,9/11/2023 9:13,6,0,0,48.4604493,-122.8205968,Mud Bay
1164,341,April,2017,4/29/2017 11:37,6,0,0,48.4930814,-122.5780734,Crandall Spit
1165,341,April,2018,4/20/2018 13:15,6,0,0,48.4930814,-122.5780734,Crandall Spit
1166,341,April,2019,4/9/2019 13:30,6,0,0,48.4930814,-122.5780734,Crandall Spit
1167,341,April,2021,4/27/2021 11:58,6,0,0,48.4930814,-122.5780734,Crandall Spit
1168,341,April,2022,4/19/2022 12:11,6,0,0,48.4930814,-122.5780734,Crandall Spit
1169,341,April,2023,4/13/2023 16:39,6,0,0,48.4930814,-122.5780734,Crandall Spit
1170,341,August,2017,8/8/2017 9:40,6,0,0,48.4930814,-122.5780734,Crandall Spit
1171,341,August,2018,8/23/2018 9:45,6,0,0,48.4930814,-122.5780734,Crandall Spit
1172,341,August,2019,8/15/2019 10:30,6,0,0,48.4930814,-122.5780734,Crandall Spit
1173,341,August,2020,8/19/2020 10:50,6,0,0,48.4930814,-122.5780734,Crandall Spit
1174,341,August,2021,8/11/2021 13:28,6,0,0,48.4930814,-122.5780734,Crandall Spit
1175,341,August,2022,8/11/2022 9:37,6,0,0,48.4930814,-122.5780734,Crandall Spit
1176,341,August,2023,8/12/2023 8:22,6,0,0,48.4930814,-122.5780734,Crandall Spit
1177,341,July,2016,7/19/2016 10:58,6,0,0,48.4930814,-122.5780734,Crandall Spit
1178,341,July,2017,7/25/2017 9:45,6,0,0,48.4930814,-122.5780734,Crandall Spit
1179,341,July,2018,7/12/2018 8:45,6,0,0,48.4930814,-122.5780734,Crandall Spit
1180,341,July,2019,7/19/2019 11:35,6,0,0,48.4930814,-122.5780734,Crandall Spit
1181,341,July,2020,7/21/2020 11:05,6,0,0,48.4930814,-122.5780734,Crandall Spit
1182,341,July,2021,7/13/2021 13:21,6,0,0,48.4930814,-122.5780734,Crandall Spit
1183,341,July,2022,7/17/2022 13:40,5,0,0,48.4930814,-122.5780734,Crandall Spit
1184,341,July,2023,7/17/2023 10:47,6,0,0,48.4930814,-122.5780734,Crandall Spit
1185,341,June,2017,6/6/2017 7:20,6,0,0,48.4930814,-122.5780734,Crandall Spit
1186,341,June,2018,6/14/2018 9:40,6,0,0,48.4930814,-122.5780734,Crandall Spit
1187,341,June,2019,6/6/2019 11:25,6,0,0,48.4930814,-122.5780734,Crandall Spit
1188,341,June,2021,6/15/2021 14:25,6,0,0,48.4930814,-122.5780734,Crandall Spit
1189,341,June,2022,6/29/2022 11:45,6,0,0,48.4930814,-122.5780734,Crandall Spit
1190,341,June,2023,6/16/2023 9:40,6,0,0,48.4930814,-122.5780734,Crandall Spit
1191,341,May,2018,5/18/2018 11:40,6,0,0,48.4930814,-122.5780734,Crandall Spit
1192,341,May,2019,5/9/2019 13:00,6,0,0,48.4930814,-122.5780734,Crandall Spit
1193,341,May,2021,5/26/2021 11:06,6,0,0,48.4930814,-122.5780734,Crandall Spit
1194,341,May,2022,5/17/2022 11:04,6,0,0,48.4930814,-122.5780734,Crandall Spit
1195,341,May,2023,5/19/2023 10:45,6,0,0,48.4930814,-122.5780734,Crandall Spit
1196,341,September,2016,9/13/2016 8:15,6,0,0,48.4930814,-122.5780734,Crandall Spit
1197,341,September,2017,9/6/2017 9:45,6,0,0,48.4930814,-122.5780734,Crandall Spit
1198,341,September,2018,9/20/2018 9:15,6,0,0,48.4930814,-122.5780734,Crandall Spit
1199,341,September,2019,9/12/2019 10:27,6,0,0,48.4930814,-122.5780734,Crandall Spit
1200,341,September,2020,9/29/2020 10:10,6,0,0,48.4930814,-122.5780734,Crandall Spit
1201,341,September,2021,9/21/2021 11:08,6,0,0,48.4930814,-122.5780734,Crandall Spit
1202,341,September,2022,9/10/2022 10:40,6,0,0,48.4930814,-122.5780734,Crandall Spit
1203,341,September,2023,9/10/2023 7:55,6,0,0,48.4930814,-122.5780734,Crandall Spit
1204,349,April,2017,4/14/2017 10:05,6,0,0,48.5607255,-122.9502154,Shaw Island
1205,349,April,2019,4/14/2019 14:15,6,0,0,48.5607255,-122.9502154,Shaw Island
1206,349,April,2021,4/21/2021 14:00,6,0,0,48.5607255,-122.9502154,Shaw Island
1207,349,April,2022,4/21/2022 10:30,6,0,0,48.5607255,-122.9502154,Shaw Island
1208,349,April,2023,4/9/2023 10:15,6,0,0,48.5607255,-122.9502154,Shaw Island
1209,349,August,2017,8/20/2017 6:15,6,0,0,48.5607255,-122.9502154,Shaw Island
1210,349,August,2018,8/23/2018 7:00,6,0,0,48.5607255,-122.9502154,Shaw Island
1211,349,August,2019,8/29/2019 7:00,6,0,0,48.5607255,-122.9502154,Shaw Island
1212,349,August,2020,8/31/2020 7:30,6,0,0,48.5607255,-122.9502154,Shaw Island
1213,349,August,2021,8/31/2021 2:00,6,0,0,48.5607255,-122.9502154,Shaw Island
1214,349,August,2022,8/13/2022 9:00,6,0,0,48.5607255,-122.9502154,Shaw Island
1215,349,August,2023,8/17/2023 9:00,6,0,0,48.5607255,-122.9502154,Shaw Island
1216,349,July,2017,7/23/2017 7:30,6,0,0,48.5607255,-122.9502154,Shaw Island
1217,349,July,2018,7/28/2018 8:15,6,0,0,48.5607255,-122.9502154,Shaw Island
1218,349,July,2019,7/17/2019 7:30,6,0,0,48.5607255,-122.9502154,Shaw Island
1219,349,July,2020,7/22/2020 8:30,6,0,0,48.5607255,-122.9502154,Shaw Island
1220,349,July,2021,7/27/2021 10:00,6,0,0,48.5607255,-122.9502154,Shaw Island
1221,349,July,2022,7/30/2022 7:30,6,0,0,48.5607255,-122.9502154,Shaw Island
1222,349,July,2023,7/19/2023 9:00,6,0,0,48.5607255,-122.9502154,Shaw Island
1223,349,June,2017,6/11/2017 8:45,6,0,0,48.5607255,-122.9502154,Shaw Island
1224,349,June,2018,6/25/2018 7:00,4,0,0,48.5607255,-122.9502154,Shaw Island
1225,349,June,2019,6/30/2019 7:00,6,0,0,48.5607255,-122.9502154,Shaw Island
1226,349,June,2020,6/26/2020 10:30,6,0,0,48.5607255,-122.9502154,Shaw Island
1227,349,June,2021,6/29/2021 9:30,6,0,0,48.5607255,-122.9502154,Shaw Island
1228,349,June,2022,6/18/2022 10:00,6,0,0,48.5607255,-122.9502154,Shaw Island
1229,349,June,2023,6/29/2023 7:30,6,0,0,48.5607255,-122.9502154,Shaw Island
1230,349,May,2017,5/14/2017 9:45,6,0,0,48.5607255,-122.9502154,Shaw Island
1231,349,May,2018,5/3/2018 10:00,6,0,0,48.5607255,-122.9502154,Shaw Island
1232,349,May,2019,6/2/2019 7:00,6,0,0,48.5607255,-122.9502154,Shaw Island
1233,349,May,2020,5/23/2020 8:15,6,0,0,48.5607255,-122.9502154,Shaw Island
1234,349,May,2021,5/30/2021 10:00,6,0,0,48.5607255,-122.9502154,Shaw Island
1235,349,May,2022,5/22/2022 9:30,6,0,0,48.5607255,-122.9502154,Shaw Island
1236,349,May,2023,5/7/2023 9:30,6,0,0,48.5607255,-122.9502154,Shaw Island
1237,349,September,2017,10/1/2017 5:15,6,0,0,48.5607255,-122.9502154,Shaw Island
1238,349,September,2018,9/17/2018 12:30,6,0,0,48.5607255,-122.9502154,Shaw Island
1239,349,September,2019,9/22/2019 0:30,6,0,0,48.5607255,-122.9502154,Shaw Island
1240,349,September,2020,9/27/2020 5:00,6,0,0,48.5607255,-122.9502154,Shaw Island
1241,349,September,2021,9/26/2021 23:00,6,0,0,48.5607255,-122.9502154,Shaw Island
1242,349,September,2023,9/10/2023 6:30,6,0,0,48.5607255,-122.9502154,Shaw Island
1243,361,April,2017,4/29/2017 13:00,6,0,0,48.6978858,-122.5064085,Chuckanut Bay
1244,361,April,2018,4/21/2018 14:30,6,0,0,48.6978858,-122.5064085,Chuckanut Bay
1245,361,April,2019,4/21/2019 13:00,6,0,0,48.6978858,-122.5064085,Chuckanut Bay
1246,361,April,2020,4/27/2020 14:00,6,0,0,48.6978858,-122.5064085,Chuckanut Bay
1247,361,April,2021,4/17/2021 15:20,6,0,0,48.6978858,-122.5064085,Chuckanut Bay
1248,361,April,2022,4/5/2022 13:15,6,0,0,48.6978858,-122.5064085,Chuckanut Bay
1249,361,April,2023,4/12/2023 15:40,6,0,0,48.6978858,-122.5064085,Chuckanut Bay
1250,361,August,2017,8/19/2017 10:00,6,0,0,48.6978858,-122.5064085,Chuckanut Bay
1251,361,August,2018,8/11/2018 10:30,6,0,0,48.6978858,-122.5064085,Chuckanut Bay
1252,361,August,2019,8/3/2019 12:30,6,0,0,48.6978858,-122.5064085,Chuckanut Bay
1253,361,August,2020,8/17/2020 10:57,6,0,0,48.6978858,-122.5064085,Chuckanut Bay
1254,361,August,2021,8/21/2021 10:00,6,0,0,48.6978858,-122.5064085,Chuckanut Bay
1255,361,August,2022,8/13/2022 12:00,6,0,0,48.6978858,-122.5064085,Chuckanut Bay
1256,361,August,2023,8/4/2023 12:45,6,0,0,48.6978858,-122.5064085,Chuckanut Bay
1257,361,July,2017,7/22/2017 11:00,6,0,0,48.6978858,-122.5064085,Chuckanut Bay
1258,361,July,2018,7/16/2018 13:00,6,0,0,48.6978858,-122.5064085,Chuckanut Bay
1259,361,July,2019,7/15/2019 10:00,6,0,0,48.6978858,-122.5064085,Chuckanut Bay
1260,361,July,2020,7/20/2020 10:30,6,0,0,48.6978858,-122.5064085,Chuckanut Bay
1261,361,July,2021,7/24/2021 11:05,6,0,0,48.6978858,-122.5064085,Chuckanut Bay
1262,361,July,2022,7/14/2022 10:15,6,1,16.66666667,48.6978858,-122.5064085,Chuckanut Bay
1263,361,July,2023,7/20/2023 12:53,6,0,0,48.6978858,-122.5064085,Chuckanut Bay
1264,361,June,2017,6/24/2017 10:30,6,0,0,48.6978858,-122.5064085,Chuckanut Bay
1265,361,June,2018,6/16/2018 12:00,6,0,0,48.6978858,-122.5064085,Chuckanut Bay
1266,361,June,2019,6/17/2019 11:15,6,0,0,48.6978858,-122.5064085,Chuckanut Bay
1267,361,June,2020,6/21/2020 11:00,6,0,0,48.6978858,-122.5064085,Chuckanut Bay
1268,361,June,2021,6/12/2021 12:30,6,0,0,48.6978858,-122.5064085,Chuckanut Bay
1269,361,June,2022,6/27/2022 9:15,6,0,0,48.6978858,-122.5064085,Chuckanut Bay
1270,361,June,2023,6/8/2023 13:34,6,0,0,48.6978858,-122.5064085,Chuckanut Bay
1271,361,May,2017,5/26/2017 11:30,6,0,0,48.6978858,-122.5064085,Chuckanut Bay
1272,361,May,2018,5/19/2018 14:00,6,0,0,48.6978858,-122.5064085,Chuckanut Bay
1273,361,May,2019,5/20/2019 11:45,6,0,0,48.6978858,-122.5064085,Chuckanut Bay
1274,361,May,2020,5/23/2020 11:30,6,0,0,48.6978858,-122.5064085,Chuckanut Bay
1275,361,May,2021,5/15/2021 13:30,6,0,0,48.6978858,-122.5064085,Chuckanut Bay
1276,361,May,2022,5/21/2022 15:40,6,0,0,48.6978858,-122.5064085,Chuckanut Bay
1277,361,May,2023,5/11/2023 15:10,6,0,0,48.6978858,-122.5064085,Chuckanut Bay
1278,361,September,2017,9/16/2017 8:30,3,0,0,48.6978858,-122.5064085,Chuckanut Bay
1279,361,September,2018,9/8/2018 9:30,6,0,0,48.6978858,-122.5064085,Chuckanut Bay
1280,361,September,2019,9/26/2019 8:45,6,0,0,48.6978858,-122.5064085,Chuckanut Bay
1281,361,September,2020,9/14/2020 9:13,6,0,0,48.6978858,-122.5064085,Chuckanut Bay
1282,361,September,2021,9/6/2021 11:15,6,0,0,48.6978858,-122.5064085,Chuckanut Bay
1283,361,September,2022,9/9/2022 10:30,6,0,0,48.6978858,-122.5064085,Chuckanut Bay
1284,361,September,2023,9/28/2023 10:07,6,0,0,48.6978858,-122.5064085,Chuckanut Bay
1285,362,April,2017,4/19/2017 10:00,6,0,0,48.7187437,-122.5155645,Post Point Lagoon
1286,362,April,2018,4/5/2018 9:30,6,0,0,48.7187437,-122.5155645,Post Point Lagoon
1287,362,April,2019,4/24/2019 9:45,6,0,0,48.7187437,-122.5155645,Post Point Lagoon
1288,362,April,2020,4/28/2020 9:30,6,0,0,48.7187437,-122.5155645,Post Point Lagoon
1289,362,April,2021,4/28/2021 9:35,6,0,0,48.7187437,-122.5155645,Post Point Lagoon
1290,362,April,2022,4/6/2022 9:35,6,0,0,48.7187437,-122.5155645,Post Point Lagoon
1291,362,April,2023,4/18/2023 9:30,6,0,0,48.7187437,-122.5155645,Post Point Lagoon
1292,362,August,2016,8/12/2016 10:00,6,0,0,48.7187437,-122.5155645,Post Point Lagoon
1293,362,August,2017,8/16/2017 9:05,6,0,0,48.7187437,-122.5155645,Post Point Lagoon
1294,362,August,2018,8/7/2018 9:15,6,0,0,48.7187437,-122.5155645,Post Point Lagoon
1295,362,August,2019,8/15/2019 9:10,6,0,0,48.7187437,-122.5155645,Post Point Lagoon
1296,362,August,2020,8/26/2020 9:35,6,0,0,48.7187437,-122.5155645,Post Point Lagoon
1297,362,August,2021,8/19/2021 9:35,6,0,0,48.7187437,-122.5155645,Post Point Lagoon
1298,362,August,2022,8/10/2022 9:35,6,0,0,48.7187437,-122.5155645,Post Point Lagoon
1299,362,August,2023,8/15/2023 9:10,6,0,0,48.7187437,-122.5155645,Post Point Lagoon
1300,362,July,2016,7/14/2016 9:30,6,0,0,48.7187437,-122.5155645,Post Point Lagoon
1301,362,July,2017,7/19/2017 9:00,6,0,0,48.7187437,-122.5155645,Post Point Lagoon
1302,362,July,2018,7/10/2018 9:00,6,0,0,48.7187437,-122.5155645,Post Point Lagoon
1303,362,July,2019,7/11/2019 9:15,6,0,0,48.7187437,-122.5155645,Post Point Lagoon
1304,362,July,2020,7/22/2020 9:05,6,0,0,48.7187437,-122.5155645,Post Point Lagoon
1305,362,July,2021,7/21/2021 9:40,6,0,0,48.7187437,-122.5155645,Post Point Lagoon
1306,362,July,2022,7/7/2022 9:35,6,0,0,48.7187437,-122.5155645,Post Point Lagoon
1307,362,July,2023,7/12/2023 8:35,6,0,0,48.7187437,-122.5155645,Post Point Lagoon
1308,362,June,2016,6/16/2016 15:45,6,0,0,48.7187437,-122.5155645,Post Point Lagoon
1309,362,June,2017,6/22/2017 10:00,6,0,0,48.7187437,-122.5155645,Post Point Lagoon
1310,362,June,2018,6/5/2018 9:30,6,0,0,48.7187437,-122.5155645,Post Point Lagoon
1311,362,June,2019,6/13/2019 9:10,6,0,0,48.7187437,-122.5155645,Post Point Lagoon
1312,362,June,2020,6/24/2020 10:15,5,0,0,48.7187437,-122.5155645,Post Point Lagoon
1313,362,June,2021,6/23/2021 9:40,6,0,0,48.7187437,-122.5155645,Post Point Lagoon
1314,362,June,2022,6/9/2022 9:00,6,0,0,48.7187437,-122.5155645,Post Point Lagoon
1315,362,June,2023,6/13/2023 9:35,6,0,0,48.7187437,-122.5155645,Post Point Lagoon
1316,362,May,2017,5/17/2017 10:15,6,0,0,48.7187437,-122.5155645,Post Point Lagoon
1317,362,May,2018,5/2/2018 9:40,6,0,0,48.7187437,-122.5155645,Post Point Lagoon
1318,362,May,2019,5/23/2019 9:15,6,0,0,48.7187437,-122.5155645,Post Point Lagoon
1319,362,May,2020,5/27/2020 9:35,6,0,0,48.7187437,-122.5155645,Post Point Lagoon
1320,362,May,2021,5/19/2021 9:45,6,0,0,48.7187437,-122.5155645,Post Point Lagoon
1321,362,May,2022,5/12/2022 9:30,6,0,0,48.7187437,-122.5155645,Post Point Lagoon
1322,362,May,2023,5/17/2023 9:35,6,0,0,48.7187437,-122.5155645,Post Point Lagoon
1323,362,September,2016,9/14/2016 9:00,6,0,0,48.7187437,-122.5155645,Post Point Lagoon
1324,362,September,2017,9/22/2017 9:10,6,0,0,48.7187437,-122.5155645,Post Point Lagoon
1325,362,September,2018,9/6/2018 9:10,6,0,0,48.7187437,-122.5155645,Post Point Lagoon
1326,362,September,2019,9/12/2019 9:00,6,0,0,48.7187437,-122.5155645,Post Point Lagoon
1327,362,September,2020,9/16/2020 9:35,6,0,0,48.7187437,-122.5155645,Post Point Lagoon
1328,362,September,2021,9/16/2021 9:45,6,0,0,48.7187437,-122.5155645,Post Point Lagoon
1329,362,September,2022,9/14/2022 9:10,6,0,0,48.7187437,-122.5155645,Post Point Lagoon
1330,362,September,2023,9/12/2023 9:05,6,0,0,48.7187437,-122.5155645,Post Point Lagoon
1331,367,April,2017,4/2/2017 11:30,6,0,0,48.9618018,-122.7342225,Drayton Harbor
1332,367,April,2018,4/22/2018 14:15,6,0,0,48.9618018,-122.7342225,Drayton Harbor
1333,367,April,2019,4/25/2019 13:00,6,0,0,48.9618018,-122.7342225,Drayton Harbor
1334,367,April,2020,4/24/2020 10:51,6,0,0,48.9618018,-122.7342225,Drayton Harbor
1335,367,April,2021,4/19/2021 14:30,6,0,0,48.9618018,-122.7342225,Drayton Harbor
1336,367,April,2022,4/17/2022 11:00,6,0,0,48.9618018,-122.7342225,Drayton Harbor
1337,367,April,2023,4/20/2023 10:20,6,0,0,48.9618018,-122.7342225,Drayton Harbor
1338,367,August,2017,8/20/2017 7:45,6,0,0,48.9618018,-122.7342225,Drayton Harbor
1339,367,August,2018,8/12/2018 10:10,6,0,0,48.9618018,-122.7342225,Drayton Harbor
1340,367,August,2019,8/11/2019 9:00,6,0,0,48.9618018,-122.7342225,Drayton Harbor
1341,367,August,2020,8/22/2020 14:00,6,0,0,48.9618018,-122.7342225,Drayton Harbor
1342,367,August,2021,8/9/2021 10:50,6,0,0,48.9618018,-122.7342225,Drayton Harbor
1343,367,August,2022,8/2/2022 13:30,6,0,0,48.9618018,-122.7342225,Drayton Harbor
1344,367,August,2023,8/17/2023 10:45,6,0,0,48.9618018,-122.7342225,Drayton Harbor
1345,367,July,2018,7/17/2018 13:00,6,0,0,48.9618018,-122.7342225,Drayton Harbor
1346,367,July,2019,7/9/2019 17:20,6,0,0,48.9618018,-122.7342225,Drayton Harbor
1347,367,July,2020,7/22/2020 10:45,6,0,0,48.9618018,-122.7342225,Drayton Harbor
1348,367,July,2021,7/15/2021 14:15,6,0,0,48.9618018,-122.7342225,Drayton Harbor
1349,367,July,2022,7/18/2022 13:45,6,0,0,48.9618018,-122.7342225,Drayton Harbor
1350,367,July,2023,7/20/2023 11:00,6,0,0,48.9618018,-122.7342225,Drayton Harbor
1351,367,June,2017,6/25/2017 8:45,6,0,0,48.9618018,-122.7342225,Drayton Harbor
1352,367,June,2018,6/29/2018 10:00,6,0,0,48.9618018,-122.7342225,Drayton Harbor
1353,367,June,2019,6/11/2019 17:30,6,0,0,48.9618018,-122.7342225,Drayton Harbor
1354,367,June,2020,6/7/2020 10:30,6,1,16.66666667,48.9618018,-122.7342225,Drayton Harbor
1355,367,June,2021,6/28/2021 12:00,6,0,0,48.9618018,-122.7342225,Drayton Harbor
1356,367,June,2022,6/30/2022 10:20,6,0,0,48.9618018,-122.7342225,Drayton Harbor
1357,367,June,2023,6/23/2023 13:00,6,0,0,48.9618018,-122.7342225,Drayton Harbor
1358,367,May,2017,5/14/2017 9:55,6,0,0,48.9618018,-122.7342225,Drayton Harbor
1359,367,May,2018,5/20/2018 13:10,6,0,0,48.9618018,-122.7342225,Drayton Harbor
1360,367,May,2019,5/15/2019 18:45,6,0,0,48.9618018,-122.7342225,Drayton Harbor
1361,367,May,2020,5/9/2020 11:15,6,0,0,48.9618018,-122.7342225,Drayton Harbor
1362,367,May,2021,5/15/2021 11:50,6,0,0,48.9618018,-122.7342225,Drayton Harbor
1363,367,May,2022,5/27/2022 9:00,6,0,0,48.9618018,-122.7342225,Drayton Harbor
1364,367,May,2023,5/23/2023 12:00,6,0,0,48.9618018,-122.7342225,Drayton Harbor
1365,367,September,2017,10/1/2017 6:15,6,0,0,48.9618018,-122.7342225,Drayton Harbor
1366,367,September,2018,9/9/2018 9:20,6,0,0,48.9618018,-122.7342225,Drayton Harbor
1367,367,September,2019,9/15/2019 12:05,6,0,0,48.9618018,-122.7342225,Drayton Harbor
1368,367,September,2020,9/18/2020 11:30,6,1,16.66666667,48.9618018,-122.7342225,Drayton Harbor
1369,367,September,2021,9/21/2021 11:20,6,0,0,48.9618018,-122.7342225,Drayton Harbor
1370,367,September,2022,9/9/2022 8:41,6,0,0,48.9618018,-122.7342225,Drayton Harbor
1371,367,September,2023,9/15/2023 11:30,6,0,0,48.9618018,-122.7342225,Drayton Harbor
1372,371,April,2017,4/29/2017 11:10,6,0,0,48.5924385,-122.9283147,Double Cove
1373,371,April,2018,4/23/2018 14:35,6,0,0,48.5924385,-122.9283147,Double Cove
1374,371,April,2019,4/22/2019 12:45,6,0,0,48.5924385,-122.9283147,Double Cove
1375,371,April,2022,4/8/2022 12:10,6,0,0,48.5924385,-122.9283147,Double Cove
1376,371,April,2023,4/14/2023 7:15,6,0,0,48.5924385,-122.9283147,Double Cove
1377,371,August,2017,8/23/2017 11:30,6,0,0,48.5924385,-122.9283147,Double Cove
1378,371,August,2018,8/28/2018 12:15,6,0,0,48.5924385,-122.9283147,Double Cove
1379,371,August,2019,8/30/2019 11:15,6,0,0,48.5924385,-122.9283147,Double Cove
1380,371,August,2022,8/31/2022 8:45,6,0,0,48.5924385,-122.9283147,Double Cove
1381,371,August,2023,8/18/2023 7:15,6,0,0,48.5924385,-122.9283147,Double Cove
1382,371,July,2017,7/16/2017 15:20,6,0,0,48.5924385,-122.9283147,Double Cove
1383,371,July,2018,7/30/2018 12:31,6,0,0,48.5924385,-122.9283147,Double Cove
1384,371,July,2019,7/19/2019 12:00,6,0,0,48.5924385,-122.9283147,Double Cove
1385,371,July,2022,7/26/2022 7:45,6,0,0,48.5924385,-122.9283147,Double Cove
1386,371,July,2023,7/24/2023 8:45,6,0,0,48.5924385,-122.9283147,Double Cove
1387,371,June,2017,6/26/2017 11:45,6,0,0,48.5924385,-122.9283147,Double Cove
1388,371,June,2018,6/30/2018 12:40,6,0,0,48.5924385,-122.9283147,Double Cove
1389,371,June,2019,6/20/2019 13:00,6,0,0,48.5924385,-122.9283147,Double Cove
1390,371,May,2017,5/27/2017 12:30,6,0,0,48.5924385,-122.9283147,Double Cove
1391,371,May,2018,5/31/2018 11:50,6,0,0,48.5924385,-122.9283147,Double Cove
1392,371,May,2019,5/19/2019 12:10,6,0,0,48.5924385,-122.9283147,Double Cove
1393,371,May,2022,5/31/2022 9:20,6,0,0,48.5924385,-122.9283147,Double Cove
1394,371,May,2023,5/26/2023 9:00,6,0,0,48.5924385,-122.9283147,Double Cove
1395,371,September,2017,9/22/2017 12:10,6,0,0,48.5924385,-122.9283147,Double Cove
1396,371,September,2018,9/25/2018 11:25,6,0,0,48.5924385,-122.9283147,Double Cove
1397,371,September,2019,9/29/2019 11:00,6,0,0,48.5924385,-122.9283147,Double Cove
1398,371,September,2022,9/30/2022 7:15,6,0,0,48.5924385,-122.9283147,Double Cove
1399,371,September,2023,9/11/2023 8:30,6,0,0,48.5924385,-122.9283147,Double Cove
1400,378,April,2017,4/19/2017 12:45,6,0,0,48.4527805,-122.4735085,Big Indian Slough
1401,378,April,2018,4/19/2018 10:17,6,0,0,48.4527805,-122.4735085,Big Indian Slough
1402,378,April,2019,4/25/2019 11:30,6,0,0,48.4527805,-122.4735085,Big Indian Slough
1403,378,April,2021,4/16/2021 9:30,6,0,0,48.4527805,-122.4735085,Big Indian Slough
1404,378,April,2022,4/6/2022 11:30,6,0,0,48.4527805,-122.4735085,Big Indian Slough
1405,378,April,2023,4/21/2023 9:00,6,0,0,48.4527805,-122.4735085,Big Indian Slough
1406,378,August,2017,8/8/2017 8:02,6,0,0,48.4527805,-122.4735085,Big Indian Slough
1407,378,August,2018,8/24/2018 6:15,6,0,0,48.4527805,-122.4735085,Big Indian Slough
1408,378,August,2019,8/30/2019 6:58,6,0,0,48.4527805,-122.4735085,Big Indian Slough
1409,378,August,2020,8/20/2020 8:00,6,0,0,48.4527805,-122.4735085,Big Indian Slough
1410,378,August,2021,8/11/2021 11:00,6,0,0,48.4527805,-122.4735085,Big Indian Slough
1411,378,August,2022,8/23/2022 6:20,6,0,0,48.4527805,-122.4735085,Big Indian Slough
1412,378,August,2023,8/10/2023 9:05,6,0,0,48.4527805,-122.4735085,Big Indian Slough
1413,378,July,2017,7/13/2017 9:33,6,0,0,48.4527805,-122.4735085,Big Indian Slough
1414,378,July,2018,7/27/2018 7:00,6,0,0,48.4527805,-122.4735085,Big Indian Slough
1415,378,July,2019,7/19/2019 8:05,6,0,0,48.4527805,-122.4735085,Big Indian Slough
1416,378,July,2020,7/23/2020 8:45,6,0,0,48.4527805,-122.4735085,Big Indian Slough
1417,378,July,2021,7/13/2021 8:30,6,0,0,48.4527805,-122.4735085,Big Indian Slough
1418,378,July,2022,7/26/2022 6:30,6,0,0,48.4527805,-122.4735085,Big Indian Slough
1419,378,July,2023,7/14/2023 7:40,6,0,0,48.4527805,-122.4735085,Big Indian Slough
1420,378,June,2017,6/8/2017 7:14,6,0,0,48.4527805,-122.4735085,Big Indian Slough
1421,378,June,2018,6/29/2018 7:37,6,0,0,48.4527805,-122.4735085,Big Indian Slough
1422,378,June,2019,6/22/2019 10:00,6,0,0,48.4527805,-122.4735085,Big Indian Slough
1423,378,June,2020,6/26/2020 9:55,6,0,0,48.4527805,-122.4735085,Big Indian Slough
1424,378,June,2021,6/9/2021 6:15,6,0,0,48.4527805,-122.4735085,Big Indian Slough
1425,378,June,2022,6/16/2022 8:30,6,0,0,48.4527805,-122.4735085,Big Indian Slough
1426,378,June,2023,6/15/2023 7:48,6,0,0,48.4527805,-122.4735085,Big Indian Slough
1427,378,May,2017,5/18/2017 11:40,6,0,0,48.4527805,-122.4735085,Big Indian Slough
1428,378,May,2018,5/17/2018 8:45,6,0,0,48.4527805,-122.4735085,Big Indian Slough
1429,378,May,2019,5/23/2019 9:10,6,0,0,48.4527805,-122.4735085,Big Indian Slough
1430,378,May,2020,5/28/2020 9:50,6,0,0,48.4527805,-122.4735085,Big Indian Slough
1431,378,May,2021,5/13/2021 7:45,6,0,0,48.4527805,-122.4735085,Big Indian Slough
1432,378,May,2022,5/3/2022 8:20,6,0,0,48.4527805,-122.4735085,Big Indian Slough
1433,378,May,2023,5/23/2023 9:55,6,0,0,48.4527805,-122.4735085,Big Indian Slough
1434,378,September,2017,9/4/2017 6:37,6,0,0,48.4527805,-122.4735085,Big Indian Slough
1435,378,September,2018,9/20/2018 4:00,6,0,0,48.4527805,-122.4735085,Big Indian Slough
1436,378,September,2019,9/27/2019 8:10,6,0,0,48.4527805,-122.4735085,Big Indian Slough
1437,378,September,2020,9/28/2020 5:15,5,0,0,48.4527805,-122.4735085,Big Indian Slough
1438,378,September,2021,9/2/2021 2:15,6,0,0,48.4527805,-122.4735085,Big Indian Slough
1439,378,September,2022,9/21/2022 10:04,6,0,0,48.4527805,-122.4735085,Big Indian Slough
1440,378,September,2023,9/14/2023 8:45,6,0,0,48.4527805,-122.4735085,Big Indian Slough
1441,379,April,2017,4/29/2017 9:45,6,1,16.66666667,48.5485785,-122.4991599,Biomonitoring
1442,379,April,2018,4/20/2018 10:10,6,0,0,48.5485785,-122.4991599,Biomonitoring
1443,379,April,2019,4/23/2019 10:20,6,0,0,48.5485785,-122.4991599,Biomonitoring
1444,379,April,2021,4/15/2021 9:45,6,0,0,48.5485785,-122.4991599,Biomonitoring
1445,379,April,2022,4/6/2022 10:45,6,0,0,48.5485785,-122.4991599,Biomonitoring
1446,379,April,2023,4/20/2023 10:20,6,0,0,48.5485785,-122.4991599,Biomonitoring
1447,379,August,2017,8/9/2017 8:45,6,0,0,48.5485785,-122.4991599,Biomonitoring
1448,379,August,2018,8/23/2018 5:30,6,0,0,48.5485785,-122.4991599,Biomonitoring
1449,379,August,2019,8/28/2019 6:20,6,0,0,48.5485785,-122.4991599,Biomonitoring
1450,379,August,2020,8/19/2020 7:55,6,0,0,48.5485785,-122.4991599,Biomonitoring
1451,379,August,2021,8/11/2021 9:50,6,0,0,48.5485785,-122.4991599,Biomonitoring
1452,379,August,2022,8/23/2022 6:25,6,0,0,48.5485785,-122.4991599,Biomonitoring
1453,379,August,2023,8/10/2023 6:31,6,0,0,48.5485785,-122.4991599,Biomonitoring
1454,379,July,2017,7/12/2017 9:22,6,0,0,48.5485785,-122.4991599,Biomonitoring
1455,379,July,2018,7/27/2018 6:15,6,0,0,48.5485785,-122.4991599,Biomonitoring
1456,379,July,2019,7/17/2019 7:45,6,0,0,48.5485785,-122.4991599,Biomonitoring
1457,379,July,2020,7/23/2020 8:45,6,0,0,48.5485785,-122.4991599,Biomonitoring
1458,379,July,2021,7/13/2021 9:12,6,0,0,48.5485785,-122.4991599,Biomonitoring
1459,379,July,2022,7/27/2022 6:40,6,0,0,48.5485785,-122.4991599,Biomonitoring
1460,379,July,2023,7/13/2023 6:30,6,0,0,48.5485785,-122.4991599,Biomonitoring
1461,379,June,2017,6/27/2017 10:26,6,0,0,48.5485785,-122.4991599,Biomonitoring
1462,379,June,2018,6/28/2018 7:15,6,0,0,48.5485785,-122.4991599,Biomonitoring
1463,379,June,2019,6/20/2019 9:05,5,0,0,48.5485785,-122.4991599,Biomonitoring
1464,379,June,2020,6/26/2020 10:25,6,0,0,48.5485785,-122.4991599,Biomonitoring
1465,379,June,2021,6/8/2021 6:30,6,0,0,48.5485785,-122.4991599,Biomonitoring
1466,379,June,2022,6/15/2022 8:07,6,0,0,48.5485785,-122.4991599,Biomonitoring
1467,379,June,2023,6/15/2023 6:32,6,0,0,48.5485785,-122.4991599,Biomonitoring
1468,379,May,2017,5/12/2017 8:47,6,0,0,48.5485785,-122.4991599,Biomonitoring
1469,379,May,2018,5/15/2018 7:45,6,0,0,48.5485785,-122.4991599,Biomonitoring
1470,379,May,2019,5/21/2019 8:50,6,0,0,48.5485785,-122.4991599,Biomonitoring
1471,379,May,2020,5/21/2020 10:00,6,0,0,48.5485785,-122.4991599,Biomonitoring
1472,379,May,2021,5/14/2021 8:45,6,0,0,48.5485785,-122.4991599,Biomonitoring
1473,379,May,2022,5/3/2022 8:30,6,0,0,48.5485785,-122.4991599,Biomonitoring
1474,379,May,2023,5/23/2023 9:51,6,0,0,48.5485785,-122.4991599,Biomonitoring
1475,379,September,2017,9/3/2017 6:30,6,0,0,48.5485785,-122.4991599,Biomonitoring
1476,379,September,2018,9/21/2018 5:15,6,0,0,48.5485785,-122.4991599,Biomonitoring
1477,379,September,2019,9/25/2019 3:40,6,0,0,48.5485785,-122.4991599,Biomonitoring
1478,379,September,2020,9/29/2020 6:50,6,0,0,48.5485785,-122.4991599,Biomonitoring
1479,379,September,2021,9/2/2021 3:15,6,0,0,48.5485785,-122.4991599,Biomonitoring
1480,379,September,2022,9/20/2022 6:35,6,0,0,48.5485785,-122.4991599,Biomonitoring
1481,379,September,2023,9/14/2023 7:49,6,0,0,48.5485785,-122.4991599,Biomonitoring
1482,380,April,2017,4/15/2017 13:15,6,0,0,48.4778014,-122.5733726,Fidalgo Trestle
1483,380,April,2018,4/22/2018 16:15,6,0,0,48.4778014,-122.5733726,Fidalgo Trestle
1484,380,April,2019,4/21/2019 11:40,6,0,0,48.4778014,-122.5733726,Fidalgo Trestle
1485,380,April,2020,4/25/2020 12:15,6,0,0,48.4778014,-122.5733726,Fidalgo Trestle
1486,380,April,2021,4/17/2021 14:15,6,0,0,48.4778014,-122.5733726,Fidalgo Trestle
1487,380,April,2022,4/18/2022 11:15,6,0,0,48.4778014,-122.5733726,Fidalgo Trestle
1488,380,April,2023,4/24/2023 12:30,6,0,0,48.4778014,-122.5733726,Fidalgo Trestle
1489,380,August,2017,8/9/2017 12:15,6,0,0,48.4778014,-122.5733726,Fidalgo Trestle
1490,380,August,2018,8/21/2018 8:10,6,0,0,48.4778014,-122.5733726,Fidalgo Trestle
1491,380,August,2019,8/17/2019 11:20,6,0,0,48.4778014,-122.5733726,Fidalgo Trestle
1492,380,August,2020,8/21/2020 11:30,6,0,0,48.4778014,-122.5733726,Fidalgo Trestle
1493,380,August,2021,8/20/2021 7:45,6,0,0,48.4778014,-122.5733726,Fidalgo Trestle
1494,380,August,2022,8/12/2022 9:45,6,0,0,48.4778014,-122.5733726,Fidalgo Trestle
1495,380,August,2023,8/12/2023 7:45,6,0,0,48.4778014,-122.5733726,Fidalgo Trestle
1496,380,July,2017,7/8/2017 10:30,6,0,0,48.4778014,-122.5733726,Fidalgo Trestle
1497,380,July,2018,7/24/2018 8:00,6,0,0,48.4778014,-122.5733726,Fidalgo Trestle
1498,380,July,2019,7/16/2019 9:15,6,0,0,48.4778014,-122.5733726,Fidalgo Trestle
1499,380,July,2020,7/19/2020 8:30,6,0,0,48.4778014,-122.5733726,Fidalgo Trestle
1500,380,July,2021,7/14/2021 12:45,6,0,0,48.4778014,-122.5733726,Fidalgo Trestle
1501,380,July,2022,7/15/2022 10:00,6,0,0,48.4778014,-122.5733726,Fidalgo Trestle
1502,380,July,2023,7/18/2023 9:30,6,0,0,48.4778014,-122.5733726,Fidalgo Trestle
1503,380,June,2017,6/11/2017 11:45,6,0,0,48.4778014,-122.5733726,Fidalgo Trestle
1504,380,June,2018,6/24/2018 9:15,6,0,0,48.4778014,-122.5733726,Fidalgo Trestle
1505,380,June,2019,6/21/2019 11:50,6,0,0,48.4778014,-122.5733726,Fidalgo Trestle
1506,380,June,2020,6/23/2020 10:45,6,0,0,48.4778014,-122.5733726,Fidalgo Trestle
1507,380,June,2021,6/16/2021 14:15,6,0,0,48.4778014,-122.5733726,Fidalgo Trestle
1508,380,June,2022,6/19/2022 14:00,5,0,0,48.4778014,-122.5733726,Fidalgo Trestle
1509,380,June,2023,6/18/2023 9:45,6,0,0,48.4778014,-122.5733726,Fidalgo Trestle
1510,380,May,2017,5/11/2017 11:45,5,0,0,48.4778014,-122.5733726,Fidalgo Trestle
1511,380,May,2018,5/27/2018 10:00,6,0,0,48.4778014,-122.5733726,Fidalgo Trestle
1512,380,May,2019,5/23/2019 13:25,6,0,0,48.4778014,-122.5733726,Fidalgo Trestle
1513,380,May,2020,5/24/2020 10:30,6,0,0,48.4778014,-122.5733726,Fidalgo Trestle
1514,380,May,2021,5/16/2021 12:45,6,0,0,48.4778014,-122.5733726,Fidalgo Trestle
1515,380,May,2022,5/21/2022 16:45,6,0,0,48.4778014,-122.5733726,Fidalgo Trestle
1516,380,May,2023,5/21/2023 10:30,6,0,0,48.4778014,-122.5733726,Fidalgo Trestle
1517,380,September,2017,9/16/2017 7:45,6,0,0,48.4778014,-122.5733726,Fidalgo Trestle
1518,380,September,2018,9/10/2018 11:15,6,0,0,48.4778014,-122.5733726,Fidalgo Trestle
1519,380,September,2019,9/28/2019 10:10,6,0,0,48.4778014,-122.5733726,Fidalgo Trestle
1520,380,September,2020,9/16/2020 9:30,6,0,0,48.4778014,-122.5733726,Fidalgo Trestle
1521,380,September,2021,9/19/2021 10:15,6,0,0,48.4778014,-122.5733726,Fidalgo Trestle
1522,380,September,2022,9/10/2022 10:30,6,0,0,48.4778014,-122.5733726,Fidalgo Trestle
1523,380,September,2023,9/26/2023 8:30,6,0,0,48.4778014,-122.5733726,Fidalgo Trestle
1524,381,April,2017,4/13/2017 11:52,6,0,0,48.48124,-122.5868,Weavering Spit
1525,381,April,2018,4/19/2018 11:30,6,0,0,48.48124,-122.5868,Weavering Spit
1526,381,August,2017,8/23/2017 11:00,6,0,0,48.48124,-122.5868,Weavering Spit
1527,381,August,2018,8/23/2018 8:00,6,0,0,48.48124,-122.5868,Weavering Spit
1528,381,July,2017,7/27/2017 12:40,6,0,0,48.48124,-122.5868,Weavering Spit
1529,381,July,2018,7/26/2018 8:33,6,0,0,48.48124,-122.5868,Weavering Spit
1530,381,June,2017,6/7/2017 8:26,6,0,0,48.48124,-122.5868,Weavering Spit
1531,381,June,2018,6/28/2018 9:30,6,0,0,48.48124,-122.5868,Weavering Spit
1532,381,May,2017,5/11/2017 10:20,6,0,0,48.48124,-122.5868,Weavering Spit
1533,381,May,2018,5/31/2018 15:30,6,0,0,48.48124,-122.5868,Weavering Spit
1534,381,September,2017,9/6/2017 10:20,5,0,0,48.48124,-122.5868,Weavering Spit
1535,381,September,2018,9/11/2018 11:32,6,0,0,48.48124,-122.5868,Weavering Spit
1536,382,April,2017,4/20/2017 13:37,6,0,0,48.5017454,-122.4834569,Sullivan Minor
1537,382,April,2018,4/20/2018 11:35,6,0,0,48.5017454,-122.4834569,Sullivan Minor
1538,382,April,2019,4/23/2019 11:25,6,0,0,48.5017454,-122.4834569,Sullivan Minor
1539,382,April,2021,4/15/2021 9:45,5,0,0,48.5017454,-122.4834569,Sullivan Minor
1540,382,April,2022,4/7/2022 10:30,6,0,0,48.5017454,-122.4834569,Sullivan Minor
1541,382,April,2023,4/21/2023 9:45,6,0,0,48.5017454,-122.4834569,Sullivan Minor
1542,382,August,2017,8/7/2017 6:30,6,0,0,48.5017454,-122.4834569,Sullivan Minor
1543,382,August,2018,8/23/2018 5:30,6,0,0,48.5017454,-122.4834569,Sullivan Minor
1544,382,August,2019,8/29/2019 6:20,6,0,0,48.5017454,-122.4834569,Sullivan Minor
1545,382,August,2020,8/19/2020 7:20,6,0,0,48.5017454,-122.4834569,Sullivan Minor
1546,382,August,2021,8/10/2021 8:40,6,0,0,48.5017454,-122.4834569,Sullivan Minor
1547,382,August,2022,8/24/2022 7:10,6,0,0,48.5017454,-122.4834569,Sullivan Minor
1548,382,August,2023,8/11/2023 6:20,6,0,0,48.5017454,-122.4834569,Sullivan Minor
1549,382,July,2017,7/11/2017 8:16,6,0,0,48.5017454,-122.4834569,Sullivan Minor
1550,382,July,2018,7/26/2018 6:15,6,0,0,48.5017454,-122.4834569,Sullivan Minor
1551,382,July,2019,7/18/2019 8:45,6,0,0,48.5017454,-122.4834569,Sullivan Minor
1552,382,July,2020,7/23/2020 9:15,6,0,0,48.5017454,-122.4834569,Sullivan Minor
1553,382,July,2021,7/13/2021 9:20,6,0,0,48.5017454,-122.4834569,Sullivan Minor
1554,382,July,2022,7/27/2022 6:30,6,0,0,48.5017454,-122.4834569,Sullivan Minor
1555,382,July,2023,7/14/2023 8:00,6,0,0,48.5017454,-122.4834569,Sullivan Minor
1556,382,June,2017,6/9/2017 7:57,6,0,0,48.5017454,-122.4834569,Sullivan Minor
1557,382,June,2018,6/29/2018 7:45,6,0,0,48.5017454,-122.4834569,Sullivan Minor
1558,382,June,2019,6/21/2019 9:08,6,0,0,48.5017454,-122.4834569,Sullivan Minor
1559,382,June,2020,6/19/2020 6:15,6,0,0,48.5017454,-122.4834569,Sullivan Minor
1560,382,June,2021,6/8/2021 6:30,6,0,0,48.5017454,-122.4834569,Sullivan Minor
1561,382,June,2022,6/15/2022 9:15,6,0,0,48.5017454,-122.4834569,Sullivan Minor
1562,382,June,2023,6/16/2023 6:26,6,0,0,48.5017454,-122.4834569,Sullivan Minor
1563,382,May,2017,5/11/2017 8:02,6,0,0,48.5017454,-122.4834569,Sullivan Minor
1564,382,May,2018,5/17/2018 8:07,6,0,0,48.5017454,-122.4834569,Sullivan Minor
1565,382,May,2019,5/22/2019 8:45,6,0,0,48.5017454,-122.4834569,Sullivan Minor
1566,382,May,2020,5/27/2020 10:00,2,0,0,48.5017454,-122.4834569,Sullivan Minor
1567,382,May,2020,5/27/2020 11:35,5,0,0,48.5017454,-122.4834569,Sullivan Minor
1568,382,May,2021,5/13/2021 8:45,6,0,0,48.5017454,-122.4834569,Sullivan Minor
1569,382,May,2022,5/4/2022 9:15,6,0,0,48.5017454,-122.4834569,Sullivan Minor
1570,382,May,2023,5/24/2023 9:36,6,0,0,48.5017454,-122.4834569,Sullivan Minor
1571,382,September,2017,9/2/2017 4:30,6,0,0,48.5017454,-122.4834569,Sullivan Minor
1572,382,September,2018,9/21/2018 5:15,6,0,0,48.5017454,-122.4834569,Sullivan Minor
1573,382,September,2019,9/26/2019 5:00,6,0,0,48.5017454,-122.4834569,Sullivan Minor
1574,382,September,2020,9/29/2020 6:50,6,0,0,48.5017454,-122.4834569,Sullivan Minor
1575,382,September,2021,9/3/2021 3:30,6,0,0,48.5017454,-122.4834569,Sullivan Minor
1576,382,September,2022,9/21/2022 8:24,6,0,0,48.5017454,-122.4834569,Sullivan Minor
1577,382,September,2023,9/15/2023 9:51,6,0,0,48.5017454,-122.4834569,Sullivan Minor
1578,383,April,2017,4/13/2017 10:58,6,0,0,48.1765981,-123.1277865,Graveyard Spit East (Lagoon)
1579,383,April,2018,4/24/2018 15:20,6,0,0,48.1765981,-123.1277865,Graveyard Spit East (Lagoon)
1580,383,April,2019,4/18/2019 8:35,6,0,0,48.1765981,-123.1277865,Graveyard Spit East (Lagoon)
1581,383,April,2020,4/8/2020 10:03,6,0,0,48.1765981,-123.1277865,Graveyard Spit East (Lagoon)
1582,383,April,2021,4/29/2021 14:23,6,0,0,48.1765981,-123.1277865,Graveyard Spit East (Lagoon)
1583,383,April,2022,4/6/2022 12:13,6,0,0,48.1765981,-123.1277865,Graveyard Spit East (Lagoon)
1584,383,April,2023,4/25/2023 13:02,6,0,0,48.1765981,-123.1277865,Graveyard Spit East (Lagoon)
1585,383,August,2017,8/22/2017 9:40,6,0,0,48.1765981,-123.1277865,Graveyard Spit East (Lagoon)
1586,383,August,2018,8/14/2018 10:45,6,0,0,48.1765981,-123.1277865,Graveyard Spit East (Lagoon)
1587,383,August,2019,8/2/2019 10:02,6,0,0,48.1765981,-123.1277865,Graveyard Spit East (Lagoon)
1588,383,August,2020,8/21/2020 10:57,6,0,0,48.1765981,-123.1277865,Graveyard Spit East (Lagoon)
1589,383,August,2021,8/12/2021 12:20,6,0,0,48.1765981,-123.1277865,Graveyard Spit East (Lagoon)
1590,383,August,2022,8/24/2022 7:40,6,0,0,48.1765981,-123.1277865,Graveyard Spit East (Lagoon)
1591,383,August,2023,8/16/2023 9:21,6,0,0,48.1765981,-123.1277865,Graveyard Spit East (Lagoon)
1592,383,July,2017,7/25/2017 10:10,6,0,0,48.1765981,-123.1277865,Graveyard Spit East (Lagoon)
1593,383,July,2018,7/25/2018 8:30,6,0,0,48.1765981,-123.1277865,Graveyard Spit East (Lagoon)
1594,383,July,2019,7/3/2019 11:25,6,0,0,48.1765981,-123.1277865,Graveyard Spit East (Lagoon)
1595,383,July,2020,7/22/2020 10:19,6,0,0,48.1765981,-123.1277865,Graveyard Spit East (Lagoon)
1596,383,July,2021,7/7/2021 9:05,6,0,0,48.1765981,-123.1277865,Graveyard Spit East (Lagoon)
1597,383,July,2022,7/27/2022 8:55,6,0,0,48.1765981,-123.1277865,Graveyard Spit East (Lagoon)
1598,383,July,2023,7/6/2023 11:30,6,0,0,48.1765981,-123.1277865,Graveyard Spit East (Lagoon)
1599,383,June,2017,6/15/2017 13:47,6,0,0,48.1765981,-123.1277865,Graveyard Spit East (Lagoon)
1600,383,June,2018,6/26/2018 8:20,6,0,0,48.1765981,-123.1277865,Graveyard Spit East (Lagoon)
1601,383,June,2019,6/6/2019 11:20,6,0,0,48.1765981,-123.1277865,Graveyard Spit East (Lagoon)
1602,383,June,2020,6/25/2020 13:22,6,0,0,48.1765981,-123.1277865,Graveyard Spit East (Lagoon)
1603,383,June,2021,6/10/2021 8:50,6,0,0,48.1765981,-123.1277865,Graveyard Spit East (Lagoon)
1604,383,June,2022,6/30/2022 10:50,6,0,0,48.1765981,-123.1277865,Graveyard Spit East (Lagoon)
1605,383,June,2023,6/16/2023 8:00,6,0,0,48.1765981,-123.1277865,Graveyard Spit East (Lagoon)
1606,383,May,2017,5/24/2017 10:40,6,0,0,48.1765981,-123.1277865,Graveyard Spit East (Lagoon)
1607,383,May,2018,5/30/2018 10:30,6,0,0,48.1765981,-123.1277865,Graveyard Spit East (Lagoon)
1608,383,May,2019,5/9/2019 12:40,6,0,0,48.1765981,-123.1277865,Graveyard Spit East (Lagoon)
1609,383,May,2020,5/28/2020 12:08,6,0,0,48.1765981,-123.1277865,Graveyard Spit East (Lagoon)
1610,383,May,2021,5/18/2021 15:00,6,0,0,48.1765981,-123.1277865,Graveyard Spit East (Lagoon)
1611,383,May,2022,5/6/2022 11:55,6,0,0,48.1765981,-123.1277865,Graveyard Spit East (Lagoon)
1612,383,May,2023,5/19/2023 9:10,6,0,0,48.1765981,-123.1277865,Graveyard Spit East (Lagoon)
1613,383,September,2017,9/21/2017 9:40,6,0,0,48.1765981,-123.1277865,Graveyard Spit East (Lagoon)
1614,383,September,2018,9/11/2018 10:15,6,0,0,48.1765981,-123.1277865,Graveyard Spit East (Lagoon)
1615,383,September,2019,9/12/2019 8:00,6,0,0,48.1765981,-123.1277865,Graveyard Spit East (Lagoon)
1616,383,September,2020,9/29/2020 7:44,6,0,0,48.1765981,-123.1277865,Graveyard Spit East (Lagoon)
1617,383,September,2021,9/10/2021 10:55,6,0,0,48.1765981,-123.1277865,Graveyard Spit East (Lagoon)
1618,383,September,2022,9/23/2022 7:42,6,0,0,48.1765981,-123.1277865,Graveyard Spit East (Lagoon)
1619,383,September,2023,9/12/2023 7:51,6,0,0,48.1765981,-123.1277865,Graveyard Spit East (Lagoon)
1620,384,April,2017,4/13/2017 12:51,6,4,66.66666667,48.1735046,-123.1366566,Graveyard Spit West (Channel)
1621,384,April,2018,4/17/2018 10:00,6,1,16.66666667,48.1735046,-123.1366566,Graveyard Spit West (Channel)
1622,384,April,2019,4/18/2019 9:45,6,0,0,48.1735046,-123.1366566,Graveyard Spit West (Channel)
1623,384,April,2020,4/8/2020 11:12,6,0,0,48.1735046,-123.1366566,Graveyard Spit West (Channel)
1624,384,April,2021,4/29/2021 12:21,6,2,33.33333333,48.1735046,-123.1366566,Graveyard Spit West (Channel)
1625,384,April,2022,4/22/2022 14:46,6,0,0,48.1735046,-123.1366566,Graveyard Spit West (Channel)
1626,384,April,2023,4/11/2023 13:57,6,0,0,48.1735046,-123.1366566,Graveyard Spit West (Channel)
1627,384,August,2017,8/22/2017 11:38,6,0,0,48.1735046,-123.1366566,Graveyard Spit West (Channel)
1628,384,August,2018,8/14/2018 10:45,6,0,0,48.1735046,-123.1366566,Graveyard Spit West (Channel)
1629,384,August,2019,8/13/2019 9:05,6,0,0,48.1735046,-123.1366566,Graveyard Spit West (Channel)
1630,384,August,2020,8/4/2020 11:00,6,0,0,48.1735046,-123.1366566,Graveyard Spit West (Channel)
1631,384,August,2021,8/18/2021 10:30,6,0,0,48.1735046,-123.1366566,Graveyard Spit West (Channel)
1632,384,August,2022,8/11/2022 8:48,6,0,0,48.1735046,-123.1366566,Graveyard Spit West (Channel)
1633,384,August,2023,8/16/2023 10:32,6,0,0,48.1735046,-123.1366566,Graveyard Spit West (Channel)
1634,384,July,2017,7/14/2017 13:12,6,0,0,48.1735046,-123.1366566,Graveyard Spit West (Channel)
1635,384,July,2018,7/11/2018 7:45,6,0,0,48.1735046,-123.1366566,Graveyard Spit West (Channel)
1636,384,July,2019,7/2/2019 9:25,6,0,0,48.1735046,-123.1366566,Graveyard Spit West (Channel)
1637,384,July,2020,7/7/2020 12:15,6,0,0,48.1735046,-123.1366566,Graveyard Spit West (Channel)
1638,384,July,2021,7/8/2021 10:15,6,0,0,48.1735046,-123.1366566,Graveyard Spit West (Channel)
1639,384,July,2022,7/15/2022 10:07,6,0,0,48.1735046,-123.1366566,Graveyard Spit West (Channel)
1640,384,July,2023,7/18/2023 10:23,6,0,0,48.1735046,-123.1366566,Graveyard Spit West (Channel)
1641,384,June,2017,6/21/2017 8:58,6,0,0,48.1735046,-123.1366566,Graveyard Spit West (Channel)
1642,384,June,2018,6/19/2018 13:38,6,1,16.66666667,48.1735046,-123.1366566,Graveyard Spit West (Channel)
1643,384,June,2019,6/4/2019 10:15,6,0,0,48.1735046,-123.1366566,Graveyard Spit West (Channel)
1644,384,June,2020,6/19/2020 8:58,6,0,0,48.1735046,-123.1366566,Graveyard Spit West (Channel)
1645,384,June,2021,6/15/2021 10:15,6,1,16.66666667,48.1735046,-123.1366566,Graveyard Spit West (Channel)
1646,384,June,2022,6/14/2022 10:00,6,0,0,48.1735046,-123.1366566,Graveyard Spit West (Channel)
1647,384,June,2023,6/21/2023 11:15,6,0,0,48.1735046,-123.1366566,Graveyard Spit West (Channel)
1648,384,May,2017,5/17/2017 13:30,6,0,0,48.1735046,-123.1366566,Graveyard Spit West (Channel)
1649,384,May,2018,5/15/2018 9:50,6,0,0,48.1735046,-123.1366566,Graveyard Spit West (Channel)
1650,384,May,2019,5/7/2019 11:12,6,2,33.33333333,48.1735046,-123.1366566,Graveyard Spit West (Channel)
1651,384,May,2020,5/28/2020 13:15,6,0,0,48.1735046,-123.1366566,Graveyard Spit West (Channel)
1652,384,May,2021,5/25/2021 10:30,6,1,16.66666667,48.1735046,-123.1366566,Graveyard Spit West (Channel)
1653,384,May,2022,5/17/2022 11:30,6,0,0,48.1735046,-123.1366566,Graveyard Spit West (Channel)
1654,384,May,2023,5/9/2023 11:44,6,2,33.33333333,48.1735046,-123.1366566,Graveyard Spit West (Channel)
1655,384,September,2017,9/21/2017 11:20,6,0,0,48.1735046,-123.1366566,Graveyard Spit West (Channel)
1656,384,September,2018,9/7/2018 8:00,6,0,0,48.1735046,-123.1366566,Graveyard Spit West (Channel)
1657,384,September,2019,9/10/2019 7:42,6,0,0,48.1735046,-123.1366566,Graveyard Spit West (Channel)
1658,384,September,2020,9/17/2020 9:28,6,0,0,48.1735046,-123.1366566,Graveyard Spit West (Channel)
1659,384,September,2021,9/9/2021 13:00,6,0,0,48.1735046,-123.1366566,Graveyard Spit West (Channel)
1660,384,September,2022,9/8/2022 8:25,6,0,0,48.1735046,-123.1366566,Graveyard Spit West (Channel)
1661,384,September,2023,9/12/2023 9:10,6,0,0,48.1735046,-123.1366566,Graveyard Spit West (Channel)
1662,385,April,2018,5/1/2018 11:20,6,0,0,48.1467109,-123.1838608,Dungeness Spit Base
1663,385,April,2019,4/18/2019 11:15,6,0,0,48.1467109,-123.1838608,Dungeness Spit Base
1664,385,April,2020,4/9/2020 12:50,6,0,0,48.1467109,-123.1838608,Dungeness Spit Base
1665,385,April,2021,4/13/2021 9:30,6,0,0,48.1467109,-123.1838608,Dungeness Spit Base
1666,385,April,2022,4/5/2022 11:52,6,1,16.66666667,48.1467109,-123.1838608,Dungeness Spit Base
1667,385,April,2023,4/11/2023 15:56,6,0,0,48.1467109,-123.1838608,Dungeness Spit Base
1668,385,August,2018,8/9/2018 8:12,6,0,0,48.1467109,-123.1838608,Dungeness Spit Base
1669,385,August,2019,8/15/2019 8:40,6,0,0,48.1467109,-123.1838608,Dungeness Spit Base
1670,385,August,2020,8/4/2020 9:13,6,0,0,48.1467109,-123.1838608,Dungeness Spit Base
1671,385,August,2021,8/5/2021 9:00,6,0,0,48.1467109,-123.1838608,Dungeness Spit Base
1672,385,August,2022,8/12/2022 11:10,6,0,0,48.1467109,-123.1838608,Dungeness Spit Base
1673,385,August,2023,8/11/2023 7:40,6,0,0,48.1467109,-123.1838608,Dungeness Spit Base
1674,385,July,2018,7/11/2018 10:08,6,0,0,48.1467109,-123.1838608,Dungeness Spit Base
1675,385,July,2019,7/2/2019 8:17,6,0,0,48.1467109,-123.1838608,Dungeness Spit Base
1676,385,July,2020,7/7/2020 10:46,6,0,0,48.1467109,-123.1838608,Dungeness Spit Base
1677,385,July,2021,7/7/2021 13:00,6,0,0,48.1467109,-123.1838608,Dungeness Spit Base
1678,385,July,2022,7/13/2022 10:35,6,0,0,48.1467109,-123.1838608,Dungeness Spit Base
1679,385,July,2023,7/6/2023 13:10,6,2,33.33333333,48.1467109,-123.1838608,Dungeness Spit Base
1680,385,June,2018,6/19/2018 15:40,6,0,0,48.1467109,-123.1838608,Dungeness Spit Base
1681,385,June,2019,6/4/2019 9:25,6,0,0,48.1467109,-123.1838608,Dungeness Spit Base
1682,385,June,2020,6/9/2020 13:56,6,0,0,48.1467109,-123.1838608,Dungeness Spit Base
1683,385,June,2021,6/11/2021 13:55,6,0,0,48.1467109,-123.1838608,Dungeness Spit Base
1684,385,June,2022,6/15/2022 10:00,6,0,0,48.1467109,-123.1838608,Dungeness Spit Base
1685,385,June,2023,6/16/2023 9:24,6,0,0,48.1467109,-123.1838608,Dungeness Spit Base
1686,385,May,2018,5/30/2018 12:15,6,0,0,48.1467109,-123.1838608,Dungeness Spit Base
1687,385,May,2019,5/7/2019 12:55,6,2,33.33333333,48.1467109,-123.1838608,Dungeness Spit Base
1688,385,May,2020,5/28/2020 14:45,6,0,0,48.1467109,-123.1838608,Dungeness Spit Base
1689,385,May,2021,5/7/2021 9:40,6,0,0,48.1467109,-123.1838608,Dungeness Spit Base
1690,385,May,2022,5/6/2022 14:20,6,0,0,48.1467109,-123.1838608,Dungeness Spit Base
1691,385,May,2023,5/19/2023 10:10,6,0,0,48.1467109,-123.1838608,Dungeness Spit Base
1692,385,September,2018,9/11/2018 12:13,6,0,0,48.1467109,-123.1838608,Dungeness Spit Base
1693,385,September,2019,9/10/2019 9:41,6,0,0,48.1467109,-123.1838608,Dungeness Spit Base
1694,385,September,2020,9/2/2020 9:18,6,0,0,48.1467109,-123.1838608,Dungeness Spit Base
1695,385,September,2021,9/16/2021 9:30,6,0,0,48.1467109,-123.1838608,Dungeness Spit Base
1696,385,September,2022,9/9/2022 10:00,6,0,0,48.1467109,-123.1838608,Dungeness Spit Base
1697,385,September,2023,9/12/2023 11:38,6,0,0,48.1467109,-123.1838608,Dungeness Spit Base
1698,386,April,2019,4/24/2019 11:28,6,0,0,48.465854,-122.5851703,Sharpes Corner
1699,386,April,2021,4/30/2021 10:20,6,0,0,48.465854,-122.5851703,Sharpes Corner
1700,386,April,2022,4/19/2022 10:01,6,0,0,48.465854,-122.5851703,Sharpes Corner
1701,386,April,2023,4/13/2023 14:15,6,0,0,48.465854,-122.5851703,Sharpes Corner
1702,386,August,2019,8/13/2019 7:26,6,0,0,48.465854,-122.5851703,Sharpes Corner
1703,386,August,2020,8/19/2020 7:31,6,0,0,48.465854,-122.5851703,Sharpes Corner
1704,386,August,2021,8/6/2021 6:45,6,0,0,48.465854,-122.5851703,Sharpes Corner
1705,386,August,2022,8/26/2022 8:21,6,0,0,48.465854,-122.5851703,Sharpes Corner
1706,386,August,2023,8/3/2023 9:00,6,0,0,48.465854,-122.5851703,Sharpes Corner
1707,386,July,2019,7/18/2019 9:17,6,0,0,48.465854,-122.5851703,Sharpes Corner
1708,386,July,2020,7/23/2020 9:17,6,0,0,48.465854,-122.5851703,Sharpes Corner
1709,386,July,2021,7/9/2021 7:30,6,0,0,48.465854,-122.5851703,Sharpes Corner
1710,386,July,2022,7/15/2022 8:08,6,0,0,48.465854,-122.5851703,Sharpes Corner
1711,386,July,2023,7/6/2023 10:05,6,0,0,48.465854,-122.5851703,Sharpes Corner
1712,386,June,2019,6/7/2019 11:45,6,0,0,48.465854,-122.5851703,Sharpes Corner
1713,386,June,2020,6/25/2020 10:40,6,0,0,48.465854,-122.5851703,Sharpes Corner
1714,386,June,2021,6/11/2021 8:30,6,0,0,48.465854,-122.5851703,Sharpes Corner
1715,386,June,2022,6/2/2022 9:00,6,0,0,48.465854,-122.5851703,Sharpes Corner
1716,386,June,2023,6/22/2023 9:45,6,0,0,48.465854,-122.5851703,Sharpes Corner
1717,386,May,2019,5/7/2019 10:00,6,0,0,48.465854,-122.5851703,Sharpes Corner
1718,386,May,2021,5/14/2021 9:20,6,0,0,48.465854,-122.5851703,Sharpes Corner
1719,386,May,2022,5/3/2022 8:37,6,0,0,48.465854,-122.5851703,Sharpes Corner
1720,386,May,2023,5/16/2023 7:18,6,0,0,48.465854,-122.5851703,Sharpes Corner
1721,386,September,2019,9/13/2019 9:15,6,0,0,48.465854,-122.5851703,Sharpes Corner
1722,386,September,2020,9/2/2020 7:30,6,0,0,48.465854,-122.5851703,Sharpes Corner
1723,386,September,2021,9/8/2021 9:33,6,0,0,48.465854,-122.5851703,Sharpes Corner
1724,386,September,2022,9/9/2022 7:01,6,0,0,48.465854,-122.5851703,Sharpes Corner
1725,386,September,2023,9/29/2023 9:40,6,0,0,48.465854,-122.5851703,Sharpes Corner
1726,503,August,2017,8/23/2017 11:05,6,0,0,48.162159,-122.670856,Crockett Lake
1727,503,July,2017,8/1/2017 11:15,6,0,0,48.162159,-122.670856,Crockett Lake
1728,503,June,2017,6/27/2017 12:40,6,0,0,48.162159,-122.670856,Crockett Lake
1729,503,May,2017,5/26/2017 11:00,6,0,0,48.162159,-122.670856,Crockett Lake
1730,508,April,2016,4/13/2016 13:12,6,0,0,48.191825,-122.6006242,Race Lagoon
1731,508,April,2017,4/11/2017 9:35,6,0,0,48.191825,-122.6006242,Race Lagoon
1732,508,April,2018,4/3/2018 12:20,6,0,0,48.191825,-122.6006242,Race Lagoon
1733,508,April,2019,4/12/2019 15:10,6,0,0,48.191825,-122.6006242,Race Lagoon
1734,508,April,2020,4/24/2020 13:45,6,0,0,48.191825,-122.6006242,Race Lagoon
1735,508,April,2021,4/10/2021 12:15,6,0,0,48.191825,-122.6006242,Race Lagoon
1736,508,April,2022,4/17/2022 13:10,6,0,0,48.191825,-122.6006242,Race Lagoon
1737,508,April,2023,4/23/2023 12:05,6,0,0,48.191825,-122.6006242,Race Lagoon
1738,508,August,2015,8/30/2015 12:15,6,0,0,48.191825,-122.6006242,Race Lagoon
1739,508,August,2016,8/16/2016 11:22,6,0,0,48.191825,-122.6006242,Race Lagoon
1740,508,August,2017,8/11/2017 11:30,6,0,0,48.191825,-122.6006242,Race Lagoon
1741,508,August,2018,8/16/2018 15:05,6,0,0,48.191825,-122.6006242,Race Lagoon
1742,508,August,2019,8/2/2019 12:25,6,0,0,48.191825,-122.6006242,Race Lagoon
1743,508,August,2020,8/5/2020 12:13,6,0,0,48.191825,-122.6006242,Race Lagoon
1744,508,August,2021,8/8/2021 11:09,6,0,0,48.191825,-122.6006242,Race Lagoon
1745,508,August,2022,8/14/2022 13:15,6,0,0,48.191825,-122.6006242,Race Lagoon
1746,508,August,2023,8/6/2023 14:06,6,0,0,48.191825,-122.6006242,Race Lagoon
1747,508,July,2016,7/2/2016 12:20,6,0,0,48.191825,-122.6006242,Race Lagoon
1748,508,July,2017,7/6/2017 11:17,6,0,0,48.191825,-122.6006242,Race Lagoon
1749,508,July,2018,7/11/2018 12:14,5,0,0,48.191825,-122.6006242,Race Lagoon
1750,508,July,2019,7/16/2019 12:28,6,0,0,48.191825,-122.6006242,Race Lagoon
1751,508,July,2020,7/6/2020 13:18,6,0,0,48.191825,-122.6006242,Race Lagoon
1752,508,July,2021,7/25/2021 11:15,6,0,0,48.191825,-122.6006242,Race Lagoon
1753,508,July,2022,7/17/2022 11:57,6,0,0,48.191825,-122.6006242,Race Lagoon
1754,508,July,2023,7/2/2023 11:02,6,0,0,48.191825,-122.6006242,Race Lagoon
1755,508,June,2016,6/22/2016 13:15,6,0,0,48.191825,-122.6006242,Race Lagoon
1756,508,June,2017,6/7/2017 11:00,6,0,0,48.191825,-122.6006242,Race Lagoon
1757,508,June,2018,6/3/2018 12:06,6,0,0,48.191825,-122.6006242,Race Lagoon
1758,508,June,2019,6/4/2019 12:22,6,0,0,48.191825,-122.6006242,Race Lagoon
1759,508,June,2020,6/23/2020 13:30,6,0,0,48.191825,-122.6006242,Race Lagoon
1760,508,June,2021,6/26/2021 12:15,6,0,0,48.191825,-122.6006242,Race Lagoon
1761,508,June,2022,6/5/2022 13:50,6,0,0,48.191825,-122.6006242,Race Lagoon
1762,508,June,2023,6/4/2023 12:05,6,0,0,48.191825,-122.6006242,Race Lagoon
1763,508,May,2016,5/11/2016 13:08,6,0,0,48.191825,-122.6006242,Race Lagoon
1764,508,May,2017,5/24/2017 10:20,6,0,0,48.191825,-122.6006242,Race Lagoon
1765,508,May,2018,5/29/2018 12:20,6,0,0,48.191825,-122.6006242,Race Lagoon
1766,508,May,2019,5/8/2019 13:40,6,0,0,48.191825,-122.6006242,Race Lagoon
1767,508,May,2020,5/22/2020 12:25,6,0,0,48.191825,-122.6006242,Race Lagoon
1768,508,May,2021,5/2/2021 13:15,6,0,0,48.191825,-122.6006242,Race Lagoon
1769,508,May,2022,5/15/2022 13:25,6,0,0,48.191825,-122.6006242,Race Lagoon
1770,508,May,2023,5/7/2023 12:05,6,0,0,48.191825,-122.6006242,Race Lagoon
1771,508,September,2015,9/12/2015 11:50,6,0,0,48.191825,-122.6006242,Race Lagoon
1772,508,September,2016,9/16/2016 11:11,6,0,0,48.191825,-122.6006242,Race Lagoon
1773,508,September,2017,9/11/2017 16:00,6,0,0,48.191825,-122.6006242,Race Lagoon
1774,508,September,2018,9/9/2018 11:05,6,0,0,48.191825,-122.6006242,Race Lagoon
1775,508,September,2019,9/2/2019 14:10,6,0,0,48.191825,-122.6006242,Race Lagoon
1776,508,September,2020,9/3/2020 12:15,6,0,0,48.191825,-122.6006242,Race Lagoon
1777,508,September,2021,9/5/2021 11:18,6,0,0,48.191825,-122.6006242,Race Lagoon
1778,508,September,2022,9/11/2022 13:04,6,0,0,48.191825,-122.6006242,Race Lagoon
1779,508,September,2023,9/3/2023 14:10,6,0,0,48.191825,-122.6006242,Race Lagoon
1780,515,April,2022,4/19/2022 13:00,4,0,0,48.19538,-122.47595,Triangle Cove
1781,516,April,2016,4/13/2016 14:45,6,0,0,48.21409,-122.446426,Iverson Spit
1782,516,April,2017,4/28/2017 12:45,6,0,0,48.21409,-122.446426,Iverson Spit
1783,516,April,2018,4/18/2018 12:50,6,0,0,48.21409,-122.446426,Iverson Spit
1784,516,April,2019,4/4/2019 14:15,6,0,0,48.21409,-122.446426,Iverson Spit
1785,516,April,2020,4/21/2020 13:09,6,0,0,48.21409,-122.446426,Iverson Spit
1786,516,April,2021,4/27/2021 11:30,6,0,0,48.21409,-122.446426,Iverson Spit
1787,516,April,2022,4/29/2022 10:30,6,0,0,48.21409,-122.446426,Iverson Spit
1788,516,April,2023,4/19/2023 11:45,6,0,0,48.21409,-122.446426,Iverson Spit
1789,516,August,2015,8/15/2015 12:00,6,0,0,48.21409,-122.446426,Iverson Spit
1790,516,August,2016,8/16/2016 10:15,6,0,0,48.21409,-122.446426,Iverson Spit
1791,516,August,2017,8/18/2017 9:20,6,0,0,48.21409,-122.446426,Iverson Spit
1792,516,August,2018,8/23/2018 10:20,6,0,0,48.21409,-122.446426,Iverson Spit
1793,516,August,2019,8/27/2019 11:45,6,0,0,48.21409,-122.446426,Iverson Spit
1794,516,August,2020,8/28/2020 10:50,6,0,0,48.21409,-122.446426,Iverson Spit
1795,516,August,2021,8/24/2021 11:10,6,0,0,48.21409,-122.446426,Iverson Spit
1796,516,August,2022,8/24/2022 11:01,6,0,0,48.21409,-122.446426,Iverson Spit
1797,516,August,2023,8/2/2023 12:50,6,0,0,48.21409,-122.446426,Iverson Spit
1798,516,July,2016,7/19/2016 11:30,6,0,0,48.21409,-122.446426,Iverson Spit
1799,516,July,2017,7/20/2017 9:07,6,0,0,48.21409,-122.446426,Iverson Spit
1800,516,July,2018,7/27/2018 12:00,6,0,0,48.21409,-122.446426,Iverson Spit
1801,516,July,2019,7/12/2019 11:55,6,0,0,48.21409,-122.446426,Iverson Spit
1802,516,July,2020,7/17/2020 11:20,6,0,0,48.21409,-122.446426,Iverson Spit
1803,516,July,2021,7/23/2021 10:50,6,0,0,48.21409,-122.446426,Iverson Spit
1804,516,July,2022,7/26/2022 11:04,6,0,0,48.21409,-122.446426,Iverson Spit
1805,516,July,2023,7/13/2023 9:47,6,0,0,48.21409,-122.446426,Iverson Spit
1806,516,June,2016,6/17/2016 9:45,5,0,0,48.21409,-122.446426,Iverson Spit
1807,516,June,2017,6/29/2017 15:25,6,0,0,48.21409,-122.446426,Iverson Spit
1808,516,June,2018,6/27/2018 12:05,6,0,0,48.21409,-122.446426,Iverson Spit
1809,516,June,2019,6/19/2019 15:50,6,0,0,48.21409,-122.446426,Iverson Spit
1810,516,June,2020,6/17/2020 12:50,6,0,0,48.21409,-122.446426,Iverson Spit
1811,516,June,2021,6/22/2021 11:00,6,0,0,48.21409,-122.446426,Iverson Spit
1812,516,June,2022,6/24/2022 10:30,6,0,0,48.21409,-122.446426,Iverson Spit
1813,516,June,2023,6/2/2023 11:45,6,0,0,48.21409,-122.446426,Iverson Spit
1814,516,May,2016,5/26/2016 14:15,6,0,0,48.21409,-122.446426,Iverson Spit
1815,516,May,2017,5/17/2017 15:45,6,0,0,48.21409,-122.446426,Iverson Spit
1816,516,May,2018,5/30/2018 10:00,6,0,0,48.21409,-122.446426,Iverson Spit
1817,516,May,2019,5/16/2019 14:00,6,0,0,48.21409,-122.446426,Iverson Spit
1818,516,May,2020,5/21/2020 13:55,6,0,0,48.21409,-122.446426,Iverson Spit
1819,516,May,2021,5/25/2021 11:15,6,0,0,48.21409,-122.446426,Iverson Spit
1820,516,May,2022,5/27/2022 10:59,6,0,0,48.21409,-122.446426,Iverson Spit
1821,516,May,2023,5/3/2023 12:34,6,0,0,48.21409,-122.446426,Iverson Spit
1822,516,September,2015,9/11/2015 9:35,6,0,0,48.21409,-122.446426,Iverson Spit
1823,516,September,2016,9/14/2016 9:45,6,0,0,48.21409,-122.446426,Iverson Spit
1824,516,September,2017,9/19/2017 10:15,6,0,0,48.21409,-122.446426,Iverson Spit
1825,516,September,2018,9/26/2018 12:00,6,0,0,48.21409,-122.446426,Iverson Spit
1826,516,September,2019,9/27/2019 12:45,6,0,0,48.21409,-122.446426,Iverson Spit
1827,516,September,2020,9/18/2020 14:50,6,0,0,48.21409,-122.446426,Iverson Spit
1828,516,September,2021,9/21/2021 11:30,6,0,0,48.21409,-122.446426,Iverson Spit
1829,516,September,2022,9/23/2022 10:52,6,0,0,48.21409,-122.446426,Iverson Spit
1830,516,September,2023,9/14/2023 13:15,6,0,0,48.21409,-122.446426,Iverson Spit
1831,526,April,2022,4/5/2022 11:55,6,0,0,48.4398491,-122.4995902,Swinomish Channel
1832,526,April,2023,4/11/2023 12:30,6,0,0,48.4398491,-122.4995902,Swinomish Channel
1833,526,August,2022,8/24/2022 7:40,6,0,0,48.4398491,-122.4995902,Swinomish Channel
1834,526,August,2023,8/17/2023 10:45,6,0,0,48.4398491,-122.4995902,Swinomish Channel
1835,526,July,2022,7/12/2022 7:30,6,0,0,48.4398491,-122.4995902,Swinomish Channel
1836,526,July,2023,7/20/2023 10:10,6,0,0,48.4398491,-122.4995902,Swinomish Channel
1837,526,June,2022,6/2/2022 10:00,6,0,0,48.4398491,-122.4995902,Swinomish Channel
1838,526,June,2023,6/21/2023 10:50,6,0,0,48.4398491,-122.4995902,Swinomish Channel
1839,526,May,2022,5/3/2022 10:55,6,0,0,48.4398491,-122.4995902,Swinomish Channel
1840,526,May,2023,5/9/2023 11:00,6,0,0,48.4398491,-122.4995902,Swinomish Channel
1841,526,September,2022,9/21/2022 6:05,6,0,0,48.4398491,-122.4995902,Swinomish Channel
1842,526,September,2023,9/12/2023 8:45,6,0,0,48.4398491,-122.4995902,Swinomish Channel
1843,527,April,2017,4/20/2017 15:40,6,0,0,48.4611739,-122.5225262,Swinomish Casino
1844,527,April,2018,4/7/2018 13:20,6,0,0,48.4611739,-122.5225262,Swinomish Casino
1845,527,April,2019,4/8/2019 10:15,6,0,0,48.4611739,-122.5225262,Swinomish Casino
1846,527,April,2020,4/26/2020 9:45,6,0,0,48.4611739,-122.5225262,Swinomish Casino
1847,527,April,2021,4/15/2021 9:51,6,0,0,48.4611739,-122.5225262,Swinomish Casino
1848,527,April,2022,4/20/2022 10:05,6,0,0,48.4611739,-122.5225262,Swinomish Casino
1849,527,April,2023,4/9/2023 9:55,6,0,0,48.4611739,-122.5225262,Swinomish Casino
1850,527,August,2017,8/11/2017 9:30,6,0,0,48.4611739,-122.5225262,Swinomish Casino
1851,527,August,2018,8/26/2018 7:26,6,0,0,48.4611739,-122.5225262,Swinomish Casino
1852,527,August,2019,8/15/2019 7:14,6,0,0,48.4611739,-122.5225262,Swinomish Casino
1853,527,August,2020,8/20/2020 8:25,6,0,0,48.4611739,-122.5225262,Swinomish Casino
1854,527,August,2021,8/9/2021 7:42,6,0,0,48.4611739,-122.5225262,Swinomish Casino
1855,527,August,2022,8/28/2022 9:00,6,0,0,48.4611739,-122.5225262,Swinomish Casino
1856,527,August,2023,8/2/2023 7:55,6,0,0,48.4611739,-122.5225262,Swinomish Casino
1857,527,July,2017,7/27/2017 10:00,6,0,0,48.4611739,-122.5225262,Swinomish Casino
1858,527,July,2018,7/28/2018 7:30,6,0,0,48.4611739,-122.5225262,Swinomish Casino
1859,527,July,2019,7/19/2019 8:30,6,0,0,48.4611739,-122.5225262,Swinomish Casino
1860,527,July,2020,7/24/2020 10:12,6,0,0,48.4611739,-122.5225262,Swinomish Casino
1861,527,July,2021,7/14/2021 9:35,6,2,33.33333333,48.4611739,-122.5225262,Swinomish Casino
1862,527,July,2022,7/2/2022 8:25,6,0,0,48.4611739,-122.5225262,Swinomish Casino
1863,527,July,2023,7/7/2023 10:05,6,0,0,48.4611739,-122.5225262,Swinomish Casino
1864,527,June,2017,6/14/2017 9:22,6,0,0,48.4611739,-122.5225262,Swinomish Casino
1865,527,June,2018,6/28/2018 7:00,6,0,0,48.4611739,-122.5225262,Swinomish Casino
1866,527,June,2019,6/20/2019 8:45,6,0,0,48.4611739,-122.5225262,Swinomish Casino
1867,527,June,2020,6/11/2020 10:22,6,0,0,48.4611739,-122.5225262,Swinomish Casino
1868,527,June,2021,6/12/2021 7:45,6,0,0,48.4611739,-122.5225262,Swinomish Casino
1869,527,June,2022,6/2/2022 8:08,6,0,0,48.4611739,-122.5225262,Swinomish Casino
1870,527,June,2023,6/20/2023 7:51,6,0,0,48.4611739,-122.5225262,Swinomish Casino
1871,527,May,2017,5/10/2017 8:15,6,0,0,48.4611739,-122.5225262,Swinomish Casino
1872,527,May,2018,5/8/2018 15:15,6,0,0,48.4611739,-122.5225262,Swinomish Casino
1873,527,May,2019,5/23/2019 9:42,6,0,0,48.4611739,-122.5225262,Swinomish Casino
1874,527,May,2020,5/13/2020 12:20,6,0,0,48.4611739,-122.5225262,Swinomish Casino
1875,527,May,2021,5/15/2021 8:40,6,0,0,48.4611739,-122.5225262,Swinomish Casino
1876,527,May,2022,5/2/2022 8:29,6,0,0,48.4611739,-122.5225262,Swinomish Casino
1877,527,May,2023,5/9/2023 9:15,6,0,0,48.4611739,-122.5225262,Swinomish Casino
1878,527,September,2017,9/21/2017 9:40,6,0,0,48.4611739,-122.5225262,Swinomish Casino
1879,527,September,2018,9/23/2018 7:20,6,0,0,48.4611739,-122.5225262,Swinomish Casino
1880,527,September,2019,9/13/2019 7:35,6,0,0,48.4611739,-122.5225262,Swinomish Casino
1881,527,September,2020,9/3/2020 8:40,6,0,0,48.4611739,-122.5225262,Swinomish Casino
1882,527,September,2021,9/6/2021 7:00,6,0,0,48.4611739,-122.5225262,Swinomish Casino
1883,527,September,2022,9/9/2022 6:35,6,0,0,48.4611739,-122.5225262,Swinomish Casino
1884,527,September,2023,9/13/2023 7:08,6,0,0,48.4611739,-122.5225262,Swinomish Casino
1885,528,April,2018,4/19/2018 8:52,6,0,0,48.4718416,-122.4702043,Shore Trail
1886,528,April,2019,4/25/2019 10:08,6,0,0,48.4718416,-122.4702043,Shore Trail
1887,528,April,2021,4/16/2021 9:45,6,0,0,48.4718416,-122.4702043,Shore Trail
1888,528,April,2022,4/6/2022 10:32,6,0,0,48.4718416,-122.4702043,Shore Trail
1889,528,April,2023,4/20/2023 8:14,6,1,16.66666667,48.4718416,-122.4702043,Shore Trail
1890,528,August,2017,8/4/2017 5:18,6,0,0,48.4718416,-122.4702043,Shore Trail
1891,528,August,2018,8/24/2018 6:15,6,0,0,48.4718416,-122.4702043,Shore Trail
1892,528,August,2019,8/29/2019 6:00,6,0,0,48.4718416,-122.4702043,Shore Trail
1893,528,August,2020,8/19/2020 7:21,6,0,0,48.4718416,-122.4702043,Shore Trail
1894,528,August,2021,8/10/2021 10:15,6,0,0,48.4718416,-122.4702043,Shore Trail
1895,528,August,2022,8/24/2022 6:30,6,0,0,48.4718416,-122.4702043,Shore Trail
1896,528,August,2023,8/10/2023 6:20,6,0,0,48.4718416,-122.4702043,Shore Trail
1897,528,July,2017,7/20/2017 4:50,6,0,0,48.4718416,-122.4702043,Shore Trail
1898,528,July,2018,7/27/2018 7:00,6,0,0,48.4718416,-122.4702043,Shore Trail
1899,528,July,2019,7/18/2019 8:00,6,0,0,48.4718416,-122.4702043,Shore Trail
1900,528,July,2020,7/23/2020 18:30,6,0,0,48.4718416,-122.4702043,Shore Trail
1901,528,July,2021,7/14/2021 9:30,6,0,0,48.4718416,-122.4702043,Shore Trail
1902,528,July,2022,7/26/2022 7:25,6,0,0,48.4718416,-122.4702043,Shore Trail
1903,528,July,2023,7/13/2023 6:30,6,0,0,48.4718416,-122.4702043,Shore Trail
1904,528,June,2017,6/15/2017 10:30,6,0,0,48.4718416,-122.4702043,Shore Trail
1905,528,June,2018,6/28/2018 7:15,6,0,0,48.4718416,-122.4702043,Shore Trail
1906,528,June,2019,6/21/2019 9:30,6,0,0,48.4718416,-122.4702043,Shore Trail
1907,528,June,2020,6/19/2020 6:00,6,0,0,48.4718416,-122.4702043,Shore Trail
1908,528,June,2021,6/8/2021 6:15,6,0,0,48.4718416,-122.4702043,Shore Trail
1909,528,June,2022,6/15/2022 8:10,6,0,0,48.4718416,-122.4702043,Shore Trail
1910,528,June,2023,6/15/2023 6:30,6,1,16.66666667,48.4718416,-122.4702043,Shore Trail
1911,528,May,2017,5/16/2017 10:14,6,0,0,48.4718416,-122.4702043,Shore Trail
1912,528,May,2018,5/15/2018 7:45,6,0,0,48.4718416,-122.4702043,Shore Trail
1913,528,May,2019,5/22/2019 9:20,6,0,0,48.4718416,-122.4702043,Shore Trail
1914,528,May,2020,5/27/2020 9:45,6,0,0,48.4718416,-122.4702043,Shore Trail
1915,528,May,2021,5/13/2021 8:00,6,0,0,48.4718416,-122.4702043,Shore Trail
1916,528,May,2022,5/3/2022 9:08,6,0,0,48.4718416,-122.4702043,Shore Trail
1917,528,May,2023,5/23/2023 8:50,6,0,0,48.4718416,-122.4702043,Shore Trail
1918,528,September,2017,9/16/2017 3:48,6,0,0,48.4718416,-122.4702043,Shore Trail
1919,528,September,2018,9/20/2018 4:00,6,0,0,48.4718416,-122.4702043,Shore Trail
1920,528,September,2019,9/27/2019 6:15,6,0,0,48.4718416,-122.4702043,Shore Trail
1921,528,September,2020,9/28/2020 5:15,6,0,0,48.4718416,-122.4702043,Shore Trail
1922,528,September,2021,9/3/2021 4:00,6,0,0,48.4718416,-122.4702043,Shore Trail
1923,528,September,2022,9/21/2022 9:20,6,0,0,48.4718416,-122.4702043,Shore Trail
1924,528,September,2023,9/14/2023 7:50,6,0,0,48.4718416,-122.4702043,Shore Trail
1925,529,April,2019,4/24/2019 11:04,6,0,0,48.5569462,-122.4858987,Alice Bay
1926,529,April,2021,4/15/2021 9:30,6,0,0,48.5569462,-122.4858987,Alice Bay
1927,529,April,2022,4/6/2022 11:45,6,0,0,48.5569462,-122.4858987,Alice Bay
1928,529,April,2023,4/20/2023 11:05,6,0,0,48.5569462,-122.4858987,Alice Bay
1929,529,August,2019,8/28/2019 7:18,6,0,0,48.5569462,-122.4858987,Alice Bay
1930,529,August,2020,8/19/2020 8:30,6,0,0,48.5569462,-122.4858987,Alice Bay
1931,529,August,2021,8/10/2021 8:50,6,0,0,48.5569462,-122.4858987,Alice Bay
1932,529,August,2022,8/23/2022 7:50,6,0,0,48.5569462,-122.4858987,Alice Bay
1933,529,August,2023,8/10/2023 7:38,6,0,0,48.5569462,-122.4858987,Alice Bay
1934,529,July,2019,7/17/2019 7:45,6,0,0,48.5569462,-122.4858987,Alice Bay
1935,529,July,2020,7/23/2020 9:00,6,0,0,48.5569462,-122.4858987,Alice Bay
1936,529,July,2021,7/13/2021 9:00,6,0,0,48.5569462,-122.4858987,Alice Bay
1937,529,July,2022,7/26/2022 6:17,6,0,0,48.5569462,-122.4858987,Alice Bay
1938,529,July,2023,7/13/2023 9:30,6,0,0,48.5569462,-122.4858987,Alice Bay
1939,529,June,2019,6/20/2019 9:20,6,0,0,48.5569462,-122.4858987,Alice Bay
1940,529,June,2020,6/26/2020 11:40,6,0,0,48.5569462,-122.4858987,Alice Bay
1941,529,June,2021,6/8/2021 6:15,6,0,0,48.5569462,-122.4858987,Alice Bay
1942,529,June,2022,6/15/2022 9:35,6,0,0,48.5569462,-122.4858987,Alice Bay
1943,529,June,2023,6/15/2023 7:20,6,0,0,48.5569462,-122.4858987,Alice Bay
1944,529,May,2019,5/21/2019 8:50,6,0,0,48.5569462,-122.4858987,Alice Bay
1945,529,May,2020,5/27/2020 9:45,6,0,0,48.5569462,-122.4858987,Alice Bay
1946,529,May,2021,5/14/2021 8:30,6,0,0,48.5569462,-122.4858987,Alice Bay
1947,529,May,2022,5/3/2022 9:05,6,0,0,48.5569462,-122.4858987,Alice Bay
1948,529,May,2023,5/23/2023 10:30,6,0,0,48.5569462,-122.4858987,Alice Bay
1949,529,September,2019,9/25/2019 3:40,6,0,0,48.5569462,-122.4858987,Alice Bay
1950,529,September,2020,9/30/2020 7:50,6,0,0,48.5569462,-122.4858987,Alice Bay
1951,529,September,2021,9/2/2021 3:15,6,0,0,48.5569462,-122.4858987,Alice Bay
1952,529,September,2022,9/20/2022 8:45,6,0,0,48.5569462,-122.4858987,Alice Bay
1953,529,September,2023,9/14/2023 10:46,6,0,0,48.5569462,-122.4858987,Alice Bay
1954,533,April,2016,4/27/2016 11:55,5,0,0,48.6083411,-123.1435999,Westcott Bay
1955,533,April,2017,4/30/2017 12:41,6,0,0,48.6083411,-123.1435999,Westcott Bay
1956,533,April,2018,4/15/2018 11:00,6,0,0,48.6083411,-123.1435999,Westcott Bay
1957,533,April,2019,4/7/2019 10:30,6,0,0,48.6083411,-123.1435999,Westcott Bay
1958,533,April,2020,4/24/2020 13:30,6,0,0,48.6083411,-123.1435999,Westcott Bay
1959,533,April,2021,4/11/2021 12:30,6,0,0,48.6083411,-123.1435999,Westcott Bay
1960,533,April,2022,4/22/2022 12:00,6,0,0,48.6083411,-123.1435999,Westcott Bay
1961,533,April,2023,4/11/2023 10:20,6,0,0,48.6083411,-123.1435999,Westcott Bay
1962,533,August,2016,8/30/2016 8:00,6,1,16.66666667,48.6083411,-123.1435999,Westcott Bay
1963,533,August,2017,8/6/2017 9:15,6,0,0,48.6083411,-123.1435999,Westcott Bay
1964,533,August,2018,8/11/2018 11:00,6,0,0,48.6083411,-123.1435999,Westcott Bay
1965,533,August,2019,8/4/2019 12:30,6,0,0,48.6083411,-123.1435999,Westcott Bay
1966,533,August,2020,8/16/2020 8:00,6,0,0,48.6083411,-123.1435999,Westcott Bay
1967,533,August,2021,8/29/2021 10:00,6,0,0,48.6083411,-123.1435999,Westcott Bay
1968,533,August,2022,8/28/2022 9:45,6,0,0,48.6083411,-123.1435999,Westcott Bay
1969,533,August,2023,8/3/2023 8:55,6,0,0,48.6083411,-123.1435999,Westcott Bay
1970,533,July,2016,7/21/2016 9:25,6,0,0,48.6083411,-123.1435999,Westcott Bay
1971,533,July,2017,7/9/2017 10:30,6,0,0,48.6083411,-123.1435999,Westcott Bay
1972,533,July,2018,7/3/2018 15:30,6,1,16.66666667,48.6083411,-123.1435999,Westcott Bay
1973,533,July,2019,7/14/2019 12:00,6,0,0,48.6083411,-123.1435999,Westcott Bay
1974,533,July,2020,8/18/2020 10:30,6,0,0,48.6083411,-123.1435999,Westcott Bay
1975,533,July,2021,7/25/2021 10:00,6,0,0,48.6083411,-123.1435999,Westcott Bay
1976,533,July,2022,7/28/2022 7:20,6,0,0,48.6083411,-123.1435999,Westcott Bay
1977,533,July,2023,7/7/2023 9:40,6,0,0,48.6083411,-123.1435999,Westcott Bay
1978,533,June,2016,6/11/2016 12:10,6,0,0,48.6083411,-123.1435999,Westcott Bay
1979,533,June,2017,6/11/2017 8:20,6,0,0,48.6083411,-123.1435999,Westcott Bay
1980,533,June,2018,6/17/2018 13:00,6,0,0,48.6083411,-123.1435999,Westcott Bay
1981,533,June,2019,6/9/2019 13:00,6,0,0,48.6083411,-123.1435999,Westcott Bay
1982,533,June,2020,6/28/2020 12:30,6,0,0,48.6083411,-123.1435999,Westcott Bay
1983,533,June,2021,6/30/2021 12:00,6,0,0,48.6083411,-123.1435999,Westcott Bay
1984,533,June,2022,6/17/2022 9:00,6,0,0,48.6083411,-123.1435999,Westcott Bay
1985,533,June,2023,6/24/2023 11:00,6,0,0,48.6083411,-123.1435999,Westcott Bay
1986,533,May,2016,5/27/2016 11:00,6,0,0,48.6083411,-123.1435999,Westcott Bay
1987,533,May,2017,5/25/2017 10:20,6,0,0,48.6083411,-123.1435999,Westcott Bay
1988,533,May,2018,5/27/2018 11:15,6,0,0,48.6083411,-123.1435999,Westcott Bay
1989,533,May,2019,5/19/2019 12:15,6,0,0,48.6083411,-123.1435999,Westcott Bay
1990,533,May,2020,5/31/2020 14:00,6,0,0,48.6083411,-123.1435999,Westcott Bay
1991,533,May,2021,5/16/2021 14:10,6,0,0,48.6083411,-123.1435999,Westcott Bay
1992,533,May,2022,5/18/2022 8:00,5,0,0,48.6083411,-123.1435999,Westcott Bay
1993,533,May,2023,5/12/2023 13:15,6,0,0,48.6083411,-123.1435999,Westcott Bay
1994,533,September,2016,9/27/2016 9:30,6,0,0,48.6083411,-123.1435999,Westcott Bay
1995,533,September,2017,9/17/2017 10:30,6,0,0,48.6083411,-123.1435999,Westcott Bay
1996,533,September,2018,9/25/2018 13:00,5,0,0,48.6083411,-123.1435999,Westcott Bay
1997,533,September,2019,9/29/2019 11:00,6,0,0,48.6083411,-123.1435999,Westcott Bay
1998,533,September,2020,9/27/2020 10:30,6,0,0,48.6083411,-123.1435999,Westcott Bay
1999,533,September,2021,9/24/2021 13:00,5,0,0,48.6083411,-123.1435999,Westcott Bay
2000,533,September,2022,9/24/2022 7:10,6,0,0,48.6083411,-123.1435999,Westcott Bay
2001,533,September,2023,9/14/2023 7:15,6,0,0,48.6083411,-123.1435999,Westcott Bay
2002,536,April,2016,4/26/2016 11:00,6,0,0,48.46161,-122.9751923,Third Lagoon
2003,536,April,2017,4/3/2017 12:00,6,0,0,48.46161,-122.9751923,Third Lagoon
2004,536,April,2018,4/17/2018 10:15,6,0,0,48.46161,-122.9751923,Third Lagoon
2005,536,April,2019,4/25/2019 14:30,6,0,0,48.46161,-122.9751923,Third Lagoon
2006,536,April,2020,4/29/2020 16:33,6,0,0,48.46161,-122.9751923,Third Lagoon
2007,536,April,2021,4/28/2021 16:26,6,0,0,48.46161,-122.9751923,Third Lagoon
2008,536,April,2022,4/28/2022 13:16,6,0,0,48.46161,-122.9751923,Third Lagoon
2009,536,April,2023,4/11/2023 9:25,6,0,0,48.46161,-122.9751923,Third Lagoon
2010,536,August,2016,8/19/2016 10:10,6,0,0,48.46161,-122.9751923,Third Lagoon
2011,536,August,2017,8/31/2017 12:15,6,0,0,48.46161,-122.9751923,Third Lagoon
2012,536,August,2018,8/14/2018 12:10,6,0,0,48.46161,-122.9751923,Third Lagoon
2013,536,August,2019,8/27/2019 12:13,6,0,0,48.46161,-122.9751923,Third Lagoon
2014,536,August,2020,8/27/2020 14:25,5,0,0,48.46161,-122.9751923,Third Lagoon
2015,536,August,2021,8/25/2021 13:52,6,0,0,48.46161,-122.9751923,Third Lagoon
2016,536,August,2022,8/31/2022 14:48,6,0,0,48.46161,-122.9751923,Third Lagoon
2017,536,August,2023,8/25/2023 12:45,6,0,0,48.46161,-122.9751923,Third Lagoon
2018,536,July,2016,7/20/2016 8:30,6,0,0,48.46161,-122.9751923,Third Lagoon
2019,536,July,2017,7/17/2017 12:40,6,0,0,48.46161,-122.9751923,Third Lagoon
2020,536,July,2018,7/26/2018 9:30,6,0,0,48.46161,-122.9751923,Third Lagoon
2021,536,July,2019,7/25/2019 13:10,6,0,0,48.46161,-122.9751923,Third Lagoon
2022,536,July,2020,7/29/2020 17:50,6,0,0,48.46161,-122.9751923,Third Lagoon
2023,536,July,2021,7/29/2021 12:03,6,0,0,48.46161,-122.9751923,Third Lagoon
2024,536,July,2022,7/23/2022 13:28,6,0,0,48.46161,-122.9751923,Third Lagoon
2025,536,July,2023,7/27/2023 11:02,6,0,0,48.46161,-122.9751923,Third Lagoon
2026,536,June,2016,6/30/2016 11:10,6,0,0,48.46161,-122.9751923,Third Lagoon
2027,536,June,2017,6/5/2017 13:50,6,0,0,48.46161,-122.9751923,Third Lagoon
2028,536,June,2018,6/16/2018 10:15,6,0,0,48.46161,-122.9751923,Third Lagoon
2029,536,June,2019,6/18/2019 13:13,6,0,0,48.46161,-122.9751923,Third Lagoon
2030,536,June,2020,6/24/2020 16:28,6,0,0,48.46161,-122.9751923,Third Lagoon
2031,536,June,2021,6/30/2021 12:10,6,0,0,48.46161,-122.9751923,Third Lagoon
2032,536,June,2022,6/29/2022 13:15,6,0,0,48.46161,-122.9751923,Third Lagoon
2033,536,June,2023,6/25/2023 15:20,6,0,0,48.46161,-122.9751923,Third Lagoon
2034,536,May,2016,5/20/2016 9:10,6,0,0,48.46161,-122.9751923,Third Lagoon
2035,536,May,2017,5/16/2017 12:00,6,0,0,48.46161,-122.9751923,Third Lagoon
2036,536,May,2018,5/17/2018 12:15,6,0,0,48.46161,-122.9751923,Third Lagoon
2037,536,May,2019,5/29/2019 16:00,6,0,0,48.46161,-122.9751923,Third Lagoon
2038,536,May,2020,5/29/2020 14:45,6,0,0,48.46161,-122.9751923,Third Lagoon
2039,536,May,2021,5/26/2021 15:16,6,0,0,48.46161,-122.9751923,Third Lagoon
2040,536,May,2022,5/25/2022 14:18,6,0,0,48.46161,-122.9751923,Third Lagoon
2041,536,May,2023,5/21/2023 14:48,6,0,0,48.46161,-122.9751923,Third Lagoon
2042,536,September,2016,9/29/2016 11:15,6,0,0,48.46161,-122.9751923,Third Lagoon
2043,536,September,2017,9/27/2017 10:08,6,0,0,48.46161,-122.9751923,Third Lagoon
2044,536,September,2018,9/14/2018 13:50,6,0,0,48.46161,-122.9751923,Third Lagoon
2045,536,September,2019,9/19/2019 12:15,6,0,0,48.46161,-122.9751923,Third Lagoon
2046,536,September,2020,9/17/2020 15:48,6,0,0,48.46161,-122.9751923,Third Lagoon
2047,536,September,2021,9/29/2021 11:21,6,0,0,48.46161,-122.9751923,Third Lagoon
2048,536,September,2022,9/30/2022 13:19,6,0,0,48.46161,-122.9751923,Third Lagoon
2049,536,September,2023,9/10/2023 8:40,6,0,0,48.46161,-122.9751923,Third Lagoon
2050,540,April,2018,4/4/2018 10:10,6,0,0,48.5358345,-122.8552321,Spencer Spit
2051,540,April,2019,4/10/2019 10:05,6,0,0,48.5358345,-122.8552321,Spencer Spit
2052,540,April,2021,4/14/2021 10:05,6,0,0,48.5358345,-122.8552321,Spencer Spit
2053,540,April,2022,4/6/2022 10:40,6,0,0,48.5358345,-122.8552321,Spencer Spit
2054,540,April,2023,4/5/2023 10:15,6,0,0,48.5358345,-122.8552321,Spencer Spit
2055,540,August,2017,8/30/2017 15:00,6,0,0,48.5358345,-122.8552321,Spencer Spit
2056,540,August,2018,8/8/2018 10:05,6,0,0,48.5358345,-122.8552321,Spencer Spit
2057,540,August,2019,8/14/2019 9:45,6,0,0,48.5358345,-122.8552321,Spencer Spit
2058,540,August,2020,8/5/2020 10:00,6,0,0,48.5358345,-122.8552321,Spencer Spit
2059,540,August,2021,8/4/2021 10:00,6,0,0,48.5358345,-122.8552321,Spencer Spit
2060,540,August,2022,8/10/2022 10:30,6,0,0,48.5358345,-122.8552321,Spencer Spit
2061,540,August,2023,8/2/2023 10:00,6,0,0,48.5358345,-122.8552321,Spencer Spit
2062,540,July,2017,7/26/2017 12:40,6,0,0,48.5358345,-122.8552321,Spencer Spit
2063,540,July,2018,7/11/2018 10:00,6,0,0,48.5358345,-122.8552321,Spencer Spit
2064,540,July,2019,7/3/2019 10:05,6,0,0,48.5358345,-122.8552321,Spencer Spit
2065,540,July,2020,7/8/2020 10:00,6,0,0,48.5358345,-122.8552321,Spencer Spit
2066,540,July,2021,7/7/2021 10:00,6,0,0,48.5358345,-122.8552321,Spencer Spit
2067,540,July,2022,7/13/2022 10:00,6,0,0,48.5358345,-122.8552321,Spencer Spit
2068,540,July,2023,7/12/2023 10:00,6,0,0,48.5358345,-122.8552321,Spencer Spit
2069,540,June,2017,6/27/2017 11:15,6,0,0,48.5358345,-122.8552321,Spencer Spit
2070,540,June,2018,6/13/2018 10:00,6,0,0,48.5358345,-122.8552321,Spencer Spit
2071,540,June,2019,6/5/2019 10:05,6,0,0,48.5358345,-122.8552321,Spencer Spit
2072,540,June,2020,6/10/2020 10:00,6,0,0,48.5358345,-122.8552321,Spencer Spit
2073,540,June,2021,6/9/2021 10:00,6,0,0,48.5358345,-122.8552321,Spencer Spit
2074,540,June,2022,6/15/2022 10:00,6,0,0,48.5358345,-122.8552321,Spencer Spit
2075,540,June,2023,6/7/2023 10:10,6,0,0,48.5358345,-122.8552321,Spencer Spit
2076,540,May,2017,6/1/2017 13:05,6,0,0,48.5358345,-122.8552321,Spencer Spit
2077,540,May,2018,5/2/2018 10:10,6,0,0,48.5358345,-122.8552321,Spencer Spit
2078,540,May,2019,5/8/2019 10:00,6,0,0,48.5358345,-122.8552321,Spencer Spit
2079,540,May,2020,5/13/2020 10:00,6,0,0,48.5358345,-122.8552321,Spencer Spit
2080,540,May,2021,5/12/2021 10:00,6,0,0,48.5358345,-122.8552321,Spencer Spit
2081,540,May,2022,5/4/2022 10:00,6,0,0,48.5358345,-122.8552321,Spencer Spit
2082,540,May,2023,5/3/2023 10:03,6,0,0,48.5358345,-122.8552321,Spencer Spit
2083,540,September,2017,9/15/2017 10:10,6,0,0,48.5358345,-122.8552321,Spencer Spit
2084,540,September,2018,9/6/2018 10:15,6,0,0,48.5358345,-122.8552321,Spencer Spit
2085,540,September,2019,9/11/2019 10:00,6,0,0,48.5358345,-122.8552321,Spencer Spit
2086,540,September,2020,9/2/2020 10:00,6,0,0,48.5358345,-122.8552321,Spencer Spit
2087,540,September,2021,9/8/2021 10:05,6,0,0,48.5358345,-122.8552321,Spencer Spit
2088,540,September,2022,9/7/2022 10:00,6,0,0,48.5358345,-122.8552321,Spencer Spit
2089,540,September,2023,9/13/2023 10:00,6,0,0,48.5358345,-122.8552321,Spencer Spit
2090,541,April,2017,4/27/2017 10:00,6,0,0,48.5512078,-122.6964201,Cypress Island
2091,541,April,2019,4/24/2019 12:37,6,0,0,48.5512078,-122.6964201,Cypress Island
2092,541,April,2021,4/29/2021 9:15,6,0,0,48.5512078,-122.6964201,Cypress Island
2093,541,April,2022,4/20/2022 9:41,6,0,0,48.5512078,-122.6964201,Cypress Island
2094,541,April,2023,4/13/2023 10:59,6,0,0,48.5512078,-122.6964201,Cypress Island
2095,541,August,2017,8/23/2017 11:15,6,0,0,48.5512078,-122.6964201,Cypress Island
2096,541,August,2020,8/19/2020 9:26,6,0,0,48.5512078,-122.6964201,Cypress Island
2097,541,August,2021,8/19/2021 5:00,6,0,0,48.5512078,-122.6964201,Cypress Island
2098,541,August,2022,8/24/2022 5:10,6,0,0,48.5512078,-122.6964201,Cypress Island
2099,541,August,2023,8/2/2023 7:21,6,0,0,48.5512078,-122.6964201,Cypress Island
2100,541,July,2017,7/20/2017 7:32,6,0,0,48.5512078,-122.6964201,Cypress Island
2101,541,July,2018,7/25/2018 9:18,6,0,0,48.5512078,-122.6964201,Cypress Island
2102,541,July,2021,7/23/2021 5:10,6,0,0,48.5512078,-122.6964201,Cypress Island
2103,541,July,2022,7/15/2022 7:07,6,0,0,48.5512078,-122.6964201,Cypress Island
2104,541,July,2023,7/19/2023 6:45,6,0,0,48.5512078,-122.6964201,Cypress Island
2105,541,June,2017,6/21/2017 10:30,6,0,0,48.5512078,-122.6964201,Cypress Island
2106,541,June,2019,6/18/2019 9:30,6,0,0,48.5512078,-122.6964201,Cypress Island
2107,541,June,2021,6/23/2021 5:47,6,0,0,48.5512078,-122.6964201,Cypress Island
2108,541,June,2022,6/28/2022 6:05,6,0,0,48.5512078,-122.6964201,Cypress Island
2109,541,June,2023,6/22/2023 7:06,6,0,0,48.5512078,-122.6964201,Cypress Island
2110,541,May,2017,5/25/2017 8:47,6,0,0,48.5512078,-122.6964201,Cypress Island
2111,541,May,2018,5/2/2018 10:30,6,0,0,48.5512078,-122.6964201,Cypress Island
2112,541,May,2021,5/13/2021 8:20,6,0,0,48.5512078,-122.6964201,Cypress Island
2113,541,May,2022,5/3/2022 8:27,6,0,0,48.5512078,-122.6964201,Cypress Island
2114,541,May,2023,5/9/2023 9:54,6,0,0,48.5512078,-122.6964201,Cypress Island
2115,541,September,2019,9/11/2019 8:15,6,0,0,48.5512078,-122.6964201,Cypress Island
2116,541,September,2020,9/16/2020 8:40,6,0,0,48.5512078,-122.6964201,Cypress Island
2117,541,September,2021,9/2/2021 5:10,6,0,0,48.5512078,-122.6964201,Cypress Island
2118,541,September,2022,9/7/2022 5:05,6,0,0,48.5512078,-122.6964201,Cypress Island
2119,541,September,2023,9/12/2023 6:00,6,0,0,48.5512078,-122.6964201,Cypress Island
2120,552,April,2016,4/13/2016 14:10,6,0,0,48.1312959,-122.470491,Elger Bay
2121,552,April,2017,4/4/2017 17:00,6,0,0,48.1312959,-122.470491,Elger Bay
2122,552,April,2018,4/20/2018 14:45,6,0,0,48.1312959,-122.470491,Elger Bay
2123,552,April,2019,4/9/2019 14:45,6,0,0,48.1312959,-122.470491,Elger Bay
2124,552,April,2021,4/2/2021 14:31,6,0,0,48.1312959,-122.470491,Elger Bay
2125,552,April,2021,4/14/2021 10:05,1,0,0,48.1312959,-122.470491,Elger Bay
2126,552,April,2022,4/6/2022 14:35,6,0,0,48.1312959,-122.470491,Elger Bay
2127,552,April,2023,4/21/2023 13:13,6,0,0,48.1312959,-122.470491,Elger Bay
2128,552,August,2016,8/16/2016 10:30,6,0,0,48.1312959,-122.470491,Elger Bay
2129,552,August,2017,8/8/2017 12:00,6,0,0,48.1312959,-122.470491,Elger Bay
2130,552,August,2018,8/24/2018 10:00,6,0,0,48.1312959,-122.470491,Elger Bay
2131,552,August,2019,8/16/2019 10:15,6,0,0,48.1312959,-122.470491,Elger Bay
2132,552,August,2020,8/4/2020 11:36,6,0,0,48.1312959,-122.470491,Elger Bay
2133,552,August,2021,8/6/2021 9:38,6,0,0,48.1312959,-122.470491,Elger Bay
2134,552,August,2022,8/9/2022 9:00,6,0,0,48.1312959,-122.470491,Elger Bay
2135,552,August,2023,8/17/2023 11:50,6,0,0,48.1312959,-122.470491,Elger Bay
2136,552,July,2016,7/19/2016 11:00,6,0,0,48.1312959,-122.470491,Elger Bay
2137,552,July,2017,7/11/2017 13:15,6,0,0,48.1312959,-122.470491,Elger Bay
2138,552,July,2018,7/26/2018 10:30,6,0,0,48.1312959,-122.470491,Elger Bay
2139,552,July,2019,7/12/2019 8:45,6,0,0,48.1312959,-122.470491,Elger Bay
2140,552,July,2020,7/9/2020 14:05,6,0,0,48.1312959,-122.470491,Elger Bay
2141,552,July,2021,7/14/2021 14:03,6,0,0,48.1312959,-122.470491,Elger Bay
2142,552,July,2022,7/14/2022 9:55,6,0,0,48.1312959,-122.470491,Elger Bay
2143,552,July,2023,7/14/2023 8:30,6,0,0,48.1312959,-122.470491,Elger Bay
2144,552,June,2016,6/17/2016 9:20,6,0,0,48.1312959,-122.470491,Elger Bay
2145,552,June,2017,6/13/2017 14:30,6,0,0,48.1312959,-122.470491,Elger Bay
2146,552,June,2018,6/28/2018 11:10,6,0,0,48.1312959,-122.470491,Elger Bay
2147,552,June,2019,6/4/2019 9:40,6,0,0,48.1312959,-122.470491,Elger Bay
2148,552,June,2020,6/9/2020 13:26,6,0,0,48.1312959,-122.470491,Elger Bay
2149,552,June,2021,6/9/2021 10:55,6,0,0,48.1312959,-122.470491,Elger Bay
2150,552,June,2022,6/2/2022 12:51,6,0,0,48.1312959,-122.470491,Elger Bay
2151,552,June,2023,6/16/2023 10:24,6,0,0,48.1312959,-122.470491,Elger Bay
2152,552,May,2016,5/26/2016 13:30,6,0,0,48.1312959,-122.470491,Elger Bay
2153,552,May,2017,5/16/2017 15:15,6,0,0,48.1312959,-122.470491,Elger Bay
2154,552,May,2018,5/31/2018 12:05,6,0,0,48.1312959,-122.470491,Elger Bay
2155,552,May,2019,5/7/2019 12:40,6,0,0,48.1312959,-122.470491,Elger Bay
2156,552,May,2020,5/12/2020 14:32,6,0,0,48.1312959,-122.470491,Elger Bay
2157,552,May,2021,5/12/2021 11:04,6,0,0,48.1312959,-122.470491,Elger Bay
2158,552,May,2022,5/6/2022 14:33,6,0,0,48.1312959,-122.470491,Elger Bay
2159,552,May,2023,5/19/2023 11:29,6,0,0,48.1312959,-122.470491,Elger Bay
2160,552,September,2016,9/14/2016 9:00,6,0,0,48.1312959,-122.470491,Elger Bay
2161,552,September,2017,9/16/2017 8:40,6,0,0,48.1312959,-122.470491,Elger Bay
2162,552,September,2018,9/21/2018 9:00,6,0,0,48.1312959,-122.470491,Elger Bay
2163,552,September,2019,9/26/2019 9:15,6,0,0,48.1312959,-122.470491,Elger Bay
2164,552,September,2020,9/2/2020 11:36,6,0,0,48.1312959,-122.470491,Elger Bay
2165,552,September,2021,9/8/2021 12:04,6,0,0,48.1312959,-122.470491,Elger Bay
2166,552,September,2022,9/6/2022 8:34,6,0,0,48.1312959,-122.470491,Elger Bay
2167,552,September,2023,9/28/2023 10:01,5,0,0,48.1312959,-122.470491,Elger Bay
2168,553,April,2017,4/28/2017 13:05,6,0,0,47.595538,-122.516886,Blakely Harbor
2169,553,April,2018,4/20/2018 14:35,6,0,0,47.595538,-122.516886,Blakely Harbor
2170,553,April,2019,4/23/2019 14:08,6,0,0,47.595538,-122.516886,Blakely Harbor
2171,553,April,2020,4/28/2020 14:30,6,0,0,47.595538,-122.516886,Blakely Harbor
2172,553,April,2021,4/15/2021 12:10,6,0,0,47.595538,-122.516886,Blakely Harbor
2173,553,April,2022,4/7/2022 14:35,6,0,0,47.595538,-122.516886,Blakely Harbor
2174,553,April,2023,4/11/2023 14:00,6,0,0,47.595538,-122.516886,Blakely Harbor
2175,553,August,2016,8/18/2016 11:30,6,0,0,47.595538,-122.516886,Blakely Harbor
2176,553,August,2017,8/9/2017 12:10,6,0,0,47.595538,-122.516886,Blakely Harbor
2177,553,August,2018,8/24/2018 10:10,6,0,0,47.595538,-122.516886,Blakely Harbor
2178,553,August,2019,8/14/2019 10:38,6,0,0,47.595538,-122.516886,Blakely Harbor
2179,553,August,2020,8/6/2020 12:25,6,0,0,47.595538,-122.516886,Blakely Harbor
2180,553,August,2021,8/24/2021 11:45,6,0,0,47.595538,-122.516886,Blakely Harbor
2181,553,August,2022,8/25/2022 9:40,6,0,0,47.595538,-122.516886,Blakely Harbor
2182,553,August,2023,8/29/2023 9:38,6,0,0,47.595538,-122.516886,Blakely Harbor
2183,553,July,2016,7/20/2016 11:30,6,0,0,47.595538,-122.516886,Blakely Harbor
2184,553,July,2017,7/11/2017 12:45,5,0,0,47.595538,-122.516886,Blakely Harbor
2185,553,July,2018,7/26/2018 10:45,6,0,0,47.595538,-122.516886,Blakely Harbor
2186,553,July,2019,7/16/2019 10:52,6,0,0,47.595538,-122.516886,Blakely Harbor
2187,553,July,2020,7/22/2020 10:30,6,0,0,47.595538,-122.516886,Blakely Harbor
2188,553,July,2021,7/6/2021 8:45,6,0,0,47.595538,-122.516886,Blakely Harbor
2189,553,July,2022,7/14/2022 10:05,6,0,0,47.595538,-122.516886,Blakely Harbor
2190,553,July,2023,7/7/2023 13:00,6,0,0,47.595538,-122.516886,Blakely Harbor
2191,553,June,2016,6/18/2016 10:00,6,0,0,47.595538,-122.516886,Blakely Harbor
2192,553,June,2017,6/13/2017 13:30,6,0,0,47.595538,-122.516886,Blakely Harbor
2193,553,June,2018,6/13/2018 10:07,6,0,0,47.595538,-122.516886,Blakely Harbor
2194,553,June,2019,6/19/2019 12:35,6,0,0,47.595538,-122.516886,Blakely Harbor
2195,553,June,2020,6/23/2020 10:50,6,0,0,47.595538,-122.516886,Blakely Harbor
2196,553,June,2021,6/22/2021 8:00,6,0,0,47.595538,-122.516886,Blakely Harbor
2197,553,June,2022,6/17/2022 11:40,6,0,0,47.595538,-122.516886,Blakely Harbor
2198,553,June,2023,6/16/2023 9:02,6,0,0,47.595538,-122.516886,Blakely Harbor
2199,553,May,2016,5/22/2016 11:15,6,0,0,47.595538,-122.516886,Blakely Harbor
2200,553,May,2017,5/11/2017 11:40,6,0,0,47.595538,-122.516886,Blakely Harbor
2201,553,May,2018,5/15/2018 10:55,6,0,0,47.595538,-122.516886,Blakely Harbor
2202,553,May,2019,5/22/2019 13:45,6,0,0,47.595538,-122.516886,Blakely Harbor
2203,553,May,2021,5/19/2021 16:10,6,0,0,47.595538,-122.516886,Blakely Harbor
2204,553,May,2022,5/17/2022 10:35,6,0,0,47.595538,-122.516886,Blakely Harbor
2205,553,May,2023,5/9/2023 12:40,6,0,0,47.595538,-122.516886,Blakely Harbor
2206,553,September,2016,9/15/2016 10:20,6,0,0,47.595538,-122.516886,Blakely Harbor
2207,553,September,2017,9/7/2017 11:55,6,0,0,47.595538,-122.516886,Blakely Harbor
2208,553,September,2018,9/11/2018 12:25,6,0,0,47.595538,-122.516886,Blakely Harbor
2209,553,September,2019,9/11/2019 9:40,6,0,0,47.595538,-122.516886,Blakely Harbor
2210,553,September,2020,9/15/2020 9:00,6,0,0,47.595538,-122.516886,Blakely Harbor
2211,553,September,2021,9/18/2021 8:45,6,0,0,47.595538,-122.516886,Blakely Harbor
2212,553,September,2022,9/23/2022 9:25,6,0,0,47.595538,-122.516886,Blakely Harbor
2213,553,September,2023,9/27/2023 9:20,6,0,0,47.595538,-122.516886,Blakely Harbor
2214,566,August,2015,8/30/2015 10:30,6,0,0,47.0975592,-123.0855003,Kennedy Creek
2215,566,September,2015,9/27/2015 10:25,6,0,0,47.0975592,-123.0855003,Kennedy Creek
2216,579,April,2018,4/16/2018 9:50,6,0,0,47.4227576,-122.4306703,Point Heyer
2217,579,April,2019,4/23/2019 10:45,6,0,0,47.4227576,-122.4306703,Point Heyer
2218,579,April,2020,4/27/2020 11:45,6,0,0,47.4227576,-122.4306703,Point Heyer
2219,579,April,2021,4/30/2021 10:05,6,0,0,47.4227576,-122.4306703,Point Heyer
2220,579,April,2022,4/22/2022 12:25,6,0,0,47.4227576,-122.4306703,Point Heyer
2221,579,April,2023,4/27/2023 8:30,6,0,0,47.4227576,-122.4306703,Point Heyer
2222,579,August,2016,8/2/2016 11:30,6,0,0,47.4227576,-122.4306703,Point Heyer
2223,579,August,2017,8/11/2017 10:00,4,0,0,47.4227576,-122.4306703,Point Heyer
2224,579,August,2018,8/11/2018 8:20,4,0,0,47.4227576,-122.4306703,Point Heyer
2225,579,August,2019,8/13/2019 8:15,6,0,0,47.4227576,-122.4306703,Point Heyer
2226,579,August,2021,8/24/2021 9:55,6,0,0,47.4227576,-122.4306703,Point Heyer
2227,579,August,2022,8/29/2022 11:20,6,0,0,47.4227576,-122.4306703,Point Heyer
2228,579,August,2023,8/16/2023 9:35,6,0,0,47.4227576,-122.4306703,Point Heyer
2229,579,July,2017,7/11/2017 9:15,6,0,0,47.4227576,-122.4306703,Point Heyer
2230,579,July,2018,7/24/2018 7:30,6,0,0,47.4227576,-122.4306703,Point Heyer
2231,579,July,2019,7/17/2019 8:50,6,0,0,47.4227576,-122.4306703,Point Heyer
2232,579,July,2020,7/31/2020 6:00,6,0,0,47.4227576,-122.4306703,Point Heyer
2233,579,July,2021,7/28/2021 12:00,6,0,0,47.4227576,-122.4306703,Point Heyer
2234,579,July,2022,7/29/2022 10:30,6,0,0,47.4227576,-122.4306703,Point Heyer
2235,579,July,2023,7/18/2023 9:25,6,0,0,47.4227576,-122.4306703,Point Heyer
2236,579,June,2017,6/12/2017 9:50,6,0,0,47.4227576,-122.4306703,Point Heyer
2237,579,June,2018,6/13/2018 9:55,6,0,0,47.4227576,-122.4306703,Point Heyer
2238,579,June,2019,6/20/2019 10:30,6,0,0,47.4227576,-122.4306703,Point Heyer
2239,579,June,2020,6/27/2020 6:55,5,0,0,47.4227576,-122.4306703,Point Heyer
2240,579,June,2022,6/17/2022 11:00,6,0,0,47.4227576,-122.4306703,Point Heyer
2241,579,June,2023,6/20/2023 11:05,6,0,0,47.4227576,-122.4306703,Point Heyer
2242,579,May,2017,5/17/2017 8:15,6,0,0,47.4227576,-122.4306703,Point Heyer
2243,579,May,2018,5/21/2018 10:20,6,0,0,47.4227576,-122.4306703,Point Heyer
2244,579,May,2019,5/21/2019 9:50,6,0,0,47.4227576,-122.4306703,Point Heyer
2245,579,May,2020,5/28/2020 5:30,6,0,0,47.4227576,-122.4306703,Point Heyer
2246,579,May,2021,5/28/2021 9:50,6,0,0,47.4227576,-122.4306703,Point Heyer
2247,579,May,2022,5/19/2022 9:50,6,0,0,47.4227576,-122.4306703,Point Heyer
2248,579,May,2023,5/22/2023 9:40,6,0,0,47.4227576,-122.4306703,Point Heyer
2249,579,September,2018,9/7/2018 9:30,6,0,0,47.4227576,-122.4306703,Point Heyer
2250,579,September,2019,9/10/2019 8:55,6,0,0,47.4227576,-122.4306703,Point Heyer
2251,579,September,2020,9/30/2020 7:30,6,0,0,47.4227576,-122.4306703,Point Heyer
2252,579,September,2021,9/23/2021 9:45,6,0,0,47.4227576,-122.4306703,Point Heyer
2253,579,September,2022,9/28/2022 11:50,6,0,0,47.4227576,-122.4306703,Point Heyer
2254,579,September,2023,9/28/2023 10:35,6,0,0,47.4227576,-122.4306703,Point Heyer
2255,581,April,2018,4/16/2018 11:25,6,0,0,47.392326,-122.433954,Rabb's Lagoon
2256,581,April,2019,4/24/2019 13:42,6,0,0,47.392326,-122.433954,Rabb's Lagoon
2257,581,April,2020,4/30/2020 14:40,6,0,0,47.392326,-122.433954,Rabb's Lagoon
2258,581,April,2021,4/30/2021 13:40,6,0,0,47.392326,-122.433954,Rabb's Lagoon
2259,581,April,2022,4/30/2022 10:13,6,0,0,47.392326,-122.433954,Rabb's Lagoon
2260,581,April,2023,4/28/2023 15:40,6,0,0,47.392326,-122.433954,Rabb's Lagoon
2261,581,August,2016,8/2/2016 10:00,6,0,0,47.392326,-122.433954,Rabb's Lagoon
2262,581,August,2017,8/11/2017 14:15,6,0,0,47.392326,-122.433954,Rabb's Lagoon
2263,581,August,2018,8/11/2018 10:15,6,0,0,47.392326,-122.433954,Rabb's Lagoon
2264,581,August,2019,8/13/2019 9:52,6,0,0,47.392326,-122.433954,Rabb's Lagoon
2265,581,August,2021,8/24/2021 12:55,6,0,0,47.392326,-122.433954,Rabb's Lagoon
2266,581,August,2022,8/5/2022 10:07,6,0,0,47.392326,-122.433954,Rabb's Lagoon
2267,581,August,2023,8/29/2023 9:13,6,0,0,47.392326,-122.433954,Rabb's Lagoon
2268,581,July,2016,7/7/2016 10:17,6,0,0,47.392326,-122.433954,Rabb's Lagoon
2269,581,July,2017,7/12/2017 11:45,6,0,0,47.392326,-122.433954,Rabb's Lagoon
2270,581,July,2018,7/24/2018 10:30,6,0,0,47.392326,-122.433954,Rabb's Lagoon
2271,581,July,2019,7/3/2019 11:20,6,0,0,47.392326,-122.433954,Rabb's Lagoon
2272,581,July,2020,7/31/2020 8:05,6,0,0,47.392326,-122.433954,Rabb's Lagoon
2273,581,July,2021,7/29/2021 14:00,6,0,0,47.392326,-122.433954,Rabb's Lagoon
2274,581,July,2022,7/9/2022 10:55,6,0,0,47.392326,-122.433954,Rabb's Lagoon
2275,581,July,2023,7/28/2023 9:40,6,0,0,47.392326,-122.433954,Rabb's Lagoon
2276,581,June,2016,6/10/2016 14:45,6,0,0,47.392326,-122.433954,Rabb's Lagoon
2277,581,June,2017,6/12/2017 12:30,6,0,0,47.392326,-122.433954,Rabb's Lagoon
2278,581,June,2018,6/13/2018 13:45,6,0,0,47.392326,-122.433954,Rabb's Lagoon
2279,581,June,2019,6/20/2019 12:15,6,0,0,47.392326,-122.433954,Rabb's Lagoon
2280,581,June,2020,6/30/2020 12:10,6,0,0,47.392326,-122.433954,Rabb's Lagoon
2281,581,June,2022,6/24/2022 10:48,6,0,0,47.392326,-122.433954,Rabb's Lagoon
2282,581,June,2023,6/30/2023 9:05,6,0,0,47.392326,-122.433954,Rabb's Lagoon
2283,581,May,2017,5/2/2017 14:30,6,0,0,47.392326,-122.433954,Rabb's Lagoon
2284,581,May,2018,5/21/2018 14:35,6,0,0,47.392326,-122.433954,Rabb's Lagoon
2285,581,May,2019,5/24/2019 12:05,6,0,0,47.392326,-122.433954,Rabb's Lagoon
2286,581,May,2020,5/13/2020 13:25,6,0,0,47.392326,-122.433954,Rabb's Lagoon
2287,581,May,2021,5/28/2021 12:55,6,0,0,47.392326,-122.433954,Rabb's Lagoon
2288,581,May,2022,5/20/2022 13:12,6,0,0,47.392326,-122.433954,Rabb's Lagoon
2289,581,May,2023,5/31/2023 10:00,6,0,0,47.392326,-122.433954,Rabb's Lagoon
2290,581,September,2016,9/6/2016 12:15,6,0,0,47.392326,-122.433954,Rabb's Lagoon
2291,581,September,2018,9/7/2018 11:55,6,0,0,47.392326,-122.433954,Rabb's Lagoon
2292,581,September,2019,9/11/2019 9:50,6,0,0,47.392326,-122.433954,Rabb's Lagoon
2293,581,September,2020,9/26/2020 8:40,6,0,0,47.392326,-122.433954,Rabb's Lagoon
2294,581,September,2021,9/30/2021 9:10,6,0,0,47.392326,-122.433954,Rabb's Lagoon
2295,581,September,2022,9/9/2022 10:26,6,0,0,47.392326,-122.433954,Rabb's Lagoon
2296,581,September,2023,9/27/2023 9:15,6,0,0,47.392326,-122.433954,Rabb's Lagoon
2297,590,April,2016,4/12/2016 13:05,6,0,0,48.07932,-122.61137,Lagoon Point Community
2298,590,April,2017,4/27/2017 13:55,6,0,0,48.07932,-122.61137,Lagoon Point Community
2299,590,April,2018,4/18/2018 14:45,6,0,0,48.07932,-122.61137,Lagoon Point Community
2300,590,April,2019,4/10/2019 16:35,6,0,0,48.07932,-122.61137,Lagoon Point Community
2301,590,April,2021,4/2/2021 17:40,6,0,0,48.07932,-122.61137,Lagoon Point Community
2302,590,April,2022,4/19/2022 15:55,6,0,0,48.07932,-122.61137,Lagoon Point Community
2303,590,April,2023,4/22/2023 15:57,6,0,0,48.07932,-122.61137,Lagoon Point Community
2304,590,August,2016,8/18/2016 13:15,6,0,0,48.07932,-122.61137,Lagoon Point Community
2305,590,August,2017,8/23/2017 13:00,6,0,0,48.07932,-122.61137,Lagoon Point Community
2306,590,August,2018,8/14/2018 14:35,6,0,0,48.07932,-122.61137,Lagoon Point Community
2307,590,August,2019,8/11/2019 9:30,6,0,0,48.07932,-122.61137,Lagoon Point Community
2308,590,August,2020,8/18/2020 13:09,6,0,0,48.07932,-122.61137,Lagoon Point Community
2309,590,August,2021,8/20/2021 12:45,6,0,0,48.07932,-122.61137,Lagoon Point Community
2310,590,August,2022,8/12/2022 14:16,6,0,0,48.07932,-122.61137,Lagoon Point Community
2311,590,August,2023,8/17/2023 14:50,6,0,0,48.07932,-122.61137,Lagoon Point Community
2312,590,July,2016,7/22/2016 15:05,6,0,0,48.07932,-122.61137,Lagoon Point Community
2313,590,July,2017,7/10/2017 15:00,6,0,0,48.07932,-122.61137,Lagoon Point Community
2314,590,July,2018,7/24/2018 11:20,6,0,0,48.07932,-122.61137,Lagoon Point Community
2315,590,July,2019,7/19/2019 15:00,6,0,0,48.07932,-122.61137,Lagoon Point Community
2316,590,July,2020,7/21/2020 14:22,6,0,0,48.07932,-122.61137,Lagoon Point Community
2317,590,July,2021,7/14/2021 16:25,6,0,0,48.07932,-122.61137,Lagoon Point Community
2318,590,July,2022,7/15/2022 15:40,6,0,0,48.07932,-122.61137,Lagoon Point Community
2319,590,July,2023,7/18/2023 15:06,6,0,0,48.07932,-122.61137,Lagoon Point Community
2320,590,June,2016,6/4/2016 12:40,6,0,0,48.07932,-122.61137,Lagoon Point Community
2321,590,June,2017,6/13/2017 15:45,6,0,0,48.07932,-122.61137,Lagoon Point Community
2322,590,June,2018,6/12/2018 12:35,6,0,0,48.07932,-122.61137,Lagoon Point Community
2323,590,June,2019,6/7/2019 17:25,6,0,0,48.07932,-122.61137,Lagoon Point Community
2324,590,June,2020,6/23/2020 15:30,6,0,0,48.07932,-122.61137,Lagoon Point Community
2325,590,June,2021,6/15/2021 17:05,6,0,0,48.07932,-122.61137,Lagoon Point Community
2326,590,June,2022,6/14/2022 15:10,6,0,0,48.07932,-122.61137,Lagoon Point Community
2327,590,June,2023,6/20/2023 16:08,6,0,0,48.07932,-122.61137,Lagoon Point Community
2328,590,May,2016,5/7/2016 9:55,6,0,0,48.07932,-122.61137,Lagoon Point Community
2329,590,May,2017,5/31/2017 17:05,6,0,0,48.07932,-122.61137,Lagoon Point Community
2330,590,May,2018,5/16/2018 14:30,6,0,0,48.07932,-122.61137,Lagoon Point Community
2331,590,May,2019,5/10/2019 17:40,6,0,0,48.07932,-122.61137,Lagoon Point Community
2332,590,May,2020,5/26/2020 16:00,6,0,0,48.07932,-122.61137,Lagoon Point Community
2333,590,May,2021,5/14/2021 15:20,6,0,0,48.07932,-122.61137,Lagoon Point Community
2334,590,May,2022,5/17/2022 15:10,6,0,0,48.07932,-122.61137,Lagoon Point Community
2335,590,May,2023,5/20/2023 15:10,6,0,0,48.07932,-122.61137,Lagoon Point Community
2336,590,September,2016,9/14/2016 10:55,6,0,0,48.07932,-122.61137,Lagoon Point Community
2337,590,September,2017,9/16/2017 9:40,6,1,16.66666667,48.07932,-122.61137,Lagoon Point Community
2338,590,September,2018,9/5/2018 9:25,6,0,0,48.07932,-122.61137,Lagoon Point Community
2339,590,September,2019,9/27/2019 11:15,6,0,0,48.07932,-122.61137,Lagoon Point Community
2340,590,September,2020,9/16/2020 12:00,6,0,0,48.07932,-122.61137,Lagoon Point Community
2341,590,September,2021,9/16/2021 10:00,6,0,0,48.07932,-122.61137,Lagoon Point Community
2342,590,September,2022,9/8/2022 12:10,6,0,0,48.07932,-122.61137,Lagoon Point Community
2343,590,September,2023,9/27/2023 12:08,6,0,0,48.07932,-122.61137,Lagoon Point Community
2344,599,April,2018,4/17/2018 14:00,6,0,0,48.2401754,-122.3949708,Davis Slough
2345,599,April,2019,4/4/2019 13:00,6,0,0,48.2401754,-122.3949708,Davis Slough
2346,599,April,2020,4/21/2020 14:38,6,0,0,48.2401754,-122.3949708,Davis Slough
2347,599,April,2021,4/27/2021 12:53,6,0,0,48.2401754,-122.3949708,Davis Slough
2348,599,April,2022,4/29/2022 12:00,6,0,0,48.2401754,-122.3949708,Davis Slough
2349,599,April,2023,4/19/2023 13:00,6,0,0,48.2401754,-122.3949708,Davis Slough
2350,599,August,2017,8/18/2017 11:00,6,0,0,48.2401754,-122.3949708,Davis Slough
2351,599,August,2018,8/23/2018 11:35,6,0,0,48.2401754,-122.3949708,Davis Slough
2352,599,August,2019,8/27/2019 10:45,6,0,0,48.2401754,-122.3949708,Davis Slough
2353,599,August,2020,8/28/2020 9:45,6,0,0,48.2401754,-122.3949708,Davis Slough
2354,599,August,2021,8/24/2021 12:30,6,0,0,48.2401754,-122.3949708,Davis Slough
2355,599,August,2022,8/24/2022 12:05,6,0,0,48.2401754,-122.3949708,Davis Slough
2356,599,August,2023,8/2/2023 14:15,5,0,0,48.2401754,-122.3949708,Davis Slough
2357,599,July,2017,7/7/2017 13:30,6,0,0,48.2401754,-122.3949708,Davis Slough
2358,599,July,2018,7/14/2018 14:00,6,0,0,48.2401754,-122.3949708,Davis Slough
2359,599,July,2019,7/12/2019 10:45,6,0,0,48.2401754,-122.3949708,Davis Slough
2360,599,July,2020,7/17/2020 12:25,6,0,0,48.2401754,-122.3949708,Davis Slough
2361,599,July,2021,7/23/2021 12:15,6,0,0,48.2401754,-122.3949708,Davis Slough
2362,599,July,2022,7/26/2022 12:30,6,0,0,48.2401754,-122.3949708,Davis Slough
2363,599,July,2023,7/13/2023 10:45,6,0,0,48.2401754,-122.3949708,Davis Slough
2364,599,June,2017,6/23/2017 13:15,6,0,0,48.2401754,-122.3949708,Davis Slough
2365,599,June,2018,6/12/2018 13:00,6,0,0,48.2401754,-122.3949708,Davis Slough
2366,599,June,2019,6/19/2019 14:43,6,0,0,48.2401754,-122.3949708,Davis Slough
2367,599,June,2020,6/17/2020 11:35,6,0,0,48.2401754,-122.3949708,Davis Slough
2368,599,June,2021,6/22/2021 12:15,6,0,0,48.2401754,-122.3949708,Davis Slough
2369,599,June,2022,6/24/2022 11:40,6,0,0,48.2401754,-122.3949708,Davis Slough
2370,599,June,2023,6/2/2023 13:30,6,0,0,48.2401754,-122.3949708,Davis Slough
2371,599,May,2018,5/15/2018 13:15,6,0,0,48.2401754,-122.3949708,Davis Slough
2372,599,May,2019,5/16/2019 12:00,6,0,0,48.2401754,-122.3949708,Davis Slough
2373,599,May,2020,5/21/2020 13:06,6,0,0,48.2401754,-122.3949708,Davis Slough
2374,599,May,2021,5/25/2021 13:00,6,0,0,48.2401754,-122.3949708,Davis Slough
2375,599,May,2022,5/27/2022 12:00,6,0,0,48.2401754,-122.3949708,Davis Slough
2376,599,May,2023,5/3/2023 13:42,6,0,0,48.2401754,-122.3949708,Davis Slough
2377,599,September,2017,9/7/2017 14:00,6,0,0,48.2401754,-122.3949708,Davis Slough
2378,599,September,2018,9/19/2018 8:45,6,0,0,48.2401754,-122.3949708,Davis Slough
2379,599,September,2019,9/27/2019 11:45,6,0,0,48.2401754,-122.3949708,Davis Slough
2380,599,September,2020,9/18/2020 13:40,6,0,0,48.2401754,-122.3949708,Davis Slough
2381,599,September,2021,9/21/2021 13:00,6,0,0,48.2401754,-122.3949708,Davis Slough
2382,599,September,2022,9/23/2022 12:00,6,0,0,48.2401754,-122.3949708,Davis Slough
2383,599,September,2023,9/14/2023 11:25,6,0,0,48.2401754,-122.3949708,Davis Slough
2384,600,April,2021,4/15/2021 8:00,6,0,0,46.59708,-124.03786,Stackpole
2385,600,April,2022,4/8/2022 13:00,6,1,16.66666667,46.59708,-124.03786,Stackpole
2386,600,April,2023,4/14/2023 13:00,6,0,0,46.59708,-124.03786,Stackpole
2387,600,August,2020,8/4/2020 8:56,6,14,233.3333333,46.59708,-124.03786,Stackpole
2388,600,August,2022,8/24/2022 8:00,6,4,66.66666667,46.59708,-124.03786,Stackpole
2389,600,August,2023,8/18/2023 9:11,6,0,0,46.59708,-124.03786,Stackpole
2390,600,July,2021,7/27/2021 11:00,6,7,116.6666667,46.59708,-124.03786,Stackpole
2391,600,July,2022,7/27/2022 9:55,6,23,383.3333333,46.59708,-124.03786,Stackpole
2392,600,July,2023,7/18/2023 8:00,6,0,0,46.59708,-124.03786,Stackpole
2393,600,June,2021,6/15/2021 10:00,6,13,216.6666667,46.59708,-124.03786,Stackpole
2394,600,June,2022,6/7/2022 12:30,6,3,50,46.59708,-124.03786,Stackpole
2395,600,June,2023,6/21/2023 7:10,6,3,50,46.59708,-124.03786,Stackpole
2396,600,May,2021,5/19/2021 12:00,6,1,16.66666667,46.59708,-124.03786,Stackpole
2397,600,May,2022,5/5/2022 11:00,6,4,66.66666667,46.59708,-124.03786,Stackpole
2398,600,May,2023,5/23/2023 10:45,6,0,0,46.59708,-124.03786,Stackpole
2399,600,September,2020,9/29/2020 7:29,6,0,0,46.59708,-124.03786,Stackpole
2400,600,September,2021,9/15/2021 13:30,6,2,33.33333333,46.59708,-124.03786,Stackpole
2401,600,September,2022,9/13/2022 8:40,6,1,16.66666667,46.59708,-124.03786,Stackpole
2402,600,September,2023,9/14/2023 7:37,6,2,33.33333333,46.59708,-124.03786,Stackpole
2403,601,April,2021,4/20/2021 13:30,6,9,150,46.49229,-124.0315,Nahcotta
2404,601,April,2022,4/19/2022 9:30,6,17,283.3333333,46.49229,-124.0315,Nahcotta
2405,601,April,2023,4/13/2023 11:45,6,28,466.6666667,46.49229,-124.0315,Nahcotta
2406,601,August,2020,8/5/2020 8:05,6,3,50,46.49229,-124.0315,Nahcotta
2407,601,August,2021,8/26/2021 9:45,6,22,366.6666667,46.49229,-124.0315,Nahcotta
2408,601,August,2022,8/26/2022 9:00,6,44,733.3333333,46.49229,-124.0315,Nahcotta
2409,601,August,2023,8/18/2023 9:00,6,18,300,46.49229,-124.0315,Nahcotta
2410,601,July,2021,7/15/2021 9:00,6,9,150,46.49229,-124.0315,Nahcotta
2411,601,July,2022,7/21/2022 13:30,6,45,750,46.49229,-124.0315,Nahcotta
2412,601,July,2023,7/18/2023 10:15,6,14,233.3333333,46.49229,-124.0315,Nahcotta
2413,601,June,2021,6/11/2021 9:45,6,4,66.66666667,46.49229,-124.0315,Nahcotta
2414,601,June,2022,6/28/2022 9:30,6,29,483.3333333,46.49229,-124.0315,Nahcotta
2415,601,June,2023,6/21/2023 9:53,6,9,150,46.49229,-124.0315,Nahcotta
2416,601,May,2021,5/13/2021 9:30,6,3,50,46.49229,-124.0315,Nahcotta
2417,601,May,2021,5/14/2021 9:30,2,0,0,46.49229,-124.0315,Nahcotta
2418,601,May,2021,5/15/2021 9:30,2,0,0,46.49229,-124.0315,Nahcotta
2419,601,May,2022,5/31/2022 9:00,6,39,650,46.49229,-124.0315,Nahcotta
2420,601,May,2023,5/10/2023 10:03,6,10,166.6666667,46.49229,-124.0315,Nahcotta
2421,601,September,2020,9/4/2020 9:00,6,3,50,46.49229,-124.0315,Nahcotta
2422,601,September,2021,9/23/2021 9:08,6,25,416.6666667,46.49229,-124.0315,Nahcotta
2423,601,September,2022,9/24/2022 9:00,6,7,116.6666667,46.49229,-124.0315,Nahcotta
2424,601,September,2023,9/12/2023 9:00,6,27,450,46.49229,-124.0315,Nahcotta
2425,602,April,2021,4/28/2021 8:40,6,3,50,46.70978,-123.98164,Tokeland
2426,602,April,2022,4/20/2022 10:24,6,2,33.33333333,46.70978,-123.98164,Tokeland
2427,602,April,2023,4/10/2023 9:15,6,1,16.66666667,46.70978,-123.98164,Tokeland
2428,602,August,2020,8/6/2020 8:45,6,2,33.33333333,46.70978,-123.98164,Tokeland
2429,602,August,2021,8/11/2021 9:45,6,21,350,46.70978,-123.98164,Tokeland
2430,602,August,2022,8/12/2022 10:10,6,7,116.6666667,46.70978,-123.98164,Tokeland
2431,602,August,2023,8/15/2023 7:01,6,3,50,46.70978,-123.98164,Tokeland
2432,602,July,2021,7/16/2021 11:45,6,0,0,46.70978,-123.98164,Tokeland
2433,602,July,2022,7/20/2022 11:15,6,0,0,46.70978,-123.98164,Tokeland
2434,602,July,2023,7/18/2023 7:32,6,8,133.3333333,46.70978,-123.98164,Tokeland
2435,602,June,2021,6/16/2021 12:06,6,2,33.33333333,46.70978,-123.98164,Tokeland
2436,602,June,2022,6/15/2022 9:25,6,4,66.66666667,46.70978,-123.98164,Tokeland
2437,602,June,2023,6/6/2023 8:15,6,5,83.33333333,46.70978,-123.98164,Tokeland
2438,602,May,2021,5/19/2021 12:00,6,2,33.33333333,46.70978,-123.98164,Tokeland
2439,602,May,2022,5/18/2022 9:28,6,1,16.66666667,46.70978,-123.98164,Tokeland
2440,602,May,2023,5/9/2023 9:17,6,4,66.66666667,46.70978,-123.98164,Tokeland
2441,602,September,2020,9/29/2020 8:00,6,0,0,46.70978,-123.98164,Tokeland
2442,602,September,2021,9/9/2021 9:15,6,19,316.6666667,46.70978,-123.98164,Tokeland
2443,602,September,2022,9/23/2022 9:30,6,3,50,46.70978,-123.98164,Tokeland
2444,602,September,2023,9/29/2023 9:45,6,5,83.33333333,46.70978,-123.98164,Tokeland
2445,603,April,2021,4/16/2021 9:40,6,8,133.3333333,46.99858,-124.13961,Ocean Shores
2446,603,April,2022,4/21/2022 8:15,6,2,33.33333333,46.99858,-124.13961,Ocean Shores
2447,603,April,2023,4/12/2023 11:20,6,1,16.66666667,46.99858,-124.13961,Ocean Shores
2448,603,August,2020,8/7/2020 8:18,6,9,150,46.99858,-124.13961,Ocean Shores
2449,603,August,2021,8/6/2021 6:42,6,12,200,46.99858,-124.13961,Ocean Shores
2450,603,August,2022,8/10/2022 8:09,6,11,183.3333333,46.99858,-124.13961,Ocean Shores
2451,603,August,2023,8/16/2023 7:20,6,8,133.3333333,46.99858,-124.13961,Ocean Shores
2452,603,July,2021,7/9/2021 7:10,6,20,333.3333333,46.99858,-124.13961,Ocean Shores
2453,603,July,2022,7/12/2022 5:07,6,6,100,46.99858,-124.13961,Ocean Shores
2454,603,July,2023,7/20/2023 12:08,6,2,33.33333333,46.99858,-124.13961,Ocean Shores
2455,603,June,2021,6/15/2021 10:25,6,4,66.66666667,46.99858,-124.13961,Ocean Shores
2456,603,June,2022,6/15/2022 7:15,6,8,133.3333333,46.99858,-124.13961,Ocean Shores
2457,603,June,2023,6/7/2023 12:27,6,4,66.66666667,46.99858,-124.13961,Ocean Shores
2458,603,May,2021,5/18/2021 11:40,6,4,66.66666667,46.99858,-124.13961,Ocean Shores
2459,603,May,2022,5/19/2022 8:21,6,13,216.6666667,46.99858,-124.13961,Ocean Shores
2460,603,May,2023,5/10/2023 10:20,6,2,33.33333333,46.99858,-124.13961,Ocean Shores
2461,603,September,2020,9/4/2020 8:20,6,3,50,46.99858,-124.13961,Ocean Shores
2462,603,September,2021,9/8/2021 8:32,6,8,133.3333333,46.99858,-124.13961,Ocean Shores
2463,603,September,2022,9/9/2022 9:16,6,6,100,46.99858,-124.13961,Ocean Shores
2464,603,September,2023,9/14/2023 10:20,5,5,100,46.99858,-124.13961,Ocean Shores
2465,604,April,2021,4/21/2021 14:45,6,4,66.66666667,48.345,-124.67149,Wa'atch
2466,604,April,2022,4/26/2022 13:45,6,2,33.33333333,48.345,-124.67149,Wa'atch
2467,604,April,2023,4/7/2023 8:30,6,1,16.66666667,48.345,-124.67149,Wa'atch
2468,604,August,2020,8/27/2020 14:20,6,0,0,48.345,-124.67149,Wa'atch
2469,604,August,2022,8/24/2022 9:50,6,7,116.6666667,48.345,-124.67149,Wa'atch
2470,604,August,2023,8/30/2023 8:25,6,1,16.66666667,48.345,-124.67149,Wa'atch
2471,604,July,2022,7/27/2022 8:30,6,2,33.33333333,48.345,-124.67149,Wa'atch
2472,604,July,2023,7/11/2023 12:05,5,0,0,48.345,-124.67149,Wa'atch
2473,604,June,2022,6/28/2022 9:30,6,4,66.66666667,48.345,-124.67149,Wa'atch
2474,604,June,2023,6/13/2023 12:00,6,0,0,48.345,-124.67149,Wa'atch
2475,604,May,2022,5/25/2022 13:20,6,0,0,48.345,-124.67149,Wa'atch
2476,604,May,2023,5/5/2023 8:30,5,0,0,48.345,-124.67149,Wa'atch
2477,604,September,2020,9/17/2020 9:14,6,3,50,48.345,-124.67149,Wa'atch
2478,604,September,2022,9/23/2022 8:20,6,1,16.66666667,48.345,-124.67149,Wa'atch
2479,604,September,2023,9/28/2023 7:30,6,1,16.66666667,48.345,-124.67149,Wa'atch
2480,605,April,2021,4/3/2021 9:45,6,0,0,46.86228,-124.0729,Brady's Oyster
2481,605,April,2022,4/22/2022 9:00,6,2,33.33333333,46.86228,-124.0729,Brady's Oyster
2482,605,April,2023,4/11/2023 9:15,6,2,33.33333333,46.86228,-124.0729,Brady's Oyster
2483,605,August,2021,8/26/2021 7:00,6,3,50,46.86228,-124.0729,Brady's Oyster
2484,605,August,2022,8/18/2022 8:45,6,9,150,46.86228,-124.0729,Brady's Oyster
2485,605,August,2023,8/10/2023 13:15,6,4,66.66666667,46.86228,-124.0729,Brady's Oyster
2486,605,July,2021,7/20/2021 14:30,6,11,183.3333333,46.86228,-124.0729,Brady's Oyster
2487,605,July,2022,7/7/2022 9:30,5,4,80,46.86228,-124.0729,Brady's Oyster
2488,605,July,2023,7/10/2023 10:00,6,8,133.3333333,46.86228,-124.0729,Brady's Oyster
2489,605,June,2021,6/15/2021 7:30,6,9,150,46.86228,-124.0729,Brady's Oyster
2490,605,June,2022,6/21/2022 9:45,6,7,116.6666667,46.86228,-124.0729,Brady's Oyster
2491,605,June,2023,6/23/2023 8:00,6,11,183.3333333,46.86228,-124.0729,Brady's Oyster
2492,605,May,2021,5/5/2021 11:30,6,16,266.6666667,46.86228,-124.0729,Brady's Oyster
2493,605,May,2022,5/20/2022 7:50,6,12,200,46.86228,-124.0729,Brady's Oyster
2494,605,May,2023,5/11/2023 8:45,6,8,133.3333333,46.86228,-124.0729,Brady's Oyster
2495,605,September,2021,9/24/2021 7:30,6,2,33.33333333,46.86228,-124.0729,Brady's Oyster
2496,605,September,2022,9/15/2022 8:00,6,8,133.3333333,46.86228,-124.0729,Brady's Oyster
2497,605,September,2023,9/7/2023 11:55,6,3,50,46.86228,-124.0729,Brady's Oyster
2498,606,April,2021,4/16/2021 8:00,6,0,0,46.98215,-123.92809,Grays Harbor NWR
2499,606,April,2022,4/22/2022 9:30,6,0,0,46.98215,-123.92809,Grays Harbor NWR
2500,606,April,2023,4/28/2023 10:15,6,0,0,46.98215,-123.92809,Grays Harbor NWR
2501,606,August,2021,8/6/2021 6:15,6,1,16.66666667,46.98215,-123.92809,Grays Harbor NWR
2502,606,August,2022,8/26/2022 8:08,4,3,75,46.98215,-123.92809,Grays Harbor NWR
2503,606,August,2023,8/2/2023 7:10,6,4,66.66666667,46.98215,-123.92809,Grays Harbor NWR
2504,606,July,2021,7/9/2021 5:45,6,0,0,46.98215,-123.92809,Grays Harbor NWR
2505,606,July,2022,7/29/2022 6:20,6,0,0,46.98215,-123.92809,Grays Harbor NWR
2506,606,July,2023,7/20/2023 7:02,6,0,0,46.98215,-123.92809,Grays Harbor NWR
2507,606,June,2021,6/11/2021 6:30,6,0,0,46.98215,-123.92809,Grays Harbor NWR
2508,606,June,2022,6/3/2022 7:30,6,0,0,46.98215,-123.92809,Grays Harbor NWR
2509,606,June,2023,6/6/2023 7:15,6,0,0,46.98215,-123.92809,Grays Harbor NWR
2510,606,May,2021,5/17/2021 8:15,6,0,0,46.98215,-123.92809,Grays Harbor NWR
2511,606,May,2022,5/6/2022 8:30,6,0,0,46.98215,-123.92809,Grays Harbor NWR
2512,606,May,2023,5/11/2023 10:00,6,0,0,46.98215,-123.92809,Grays Harbor NWR
2513,606,September,2021,9/8/2021 7:33,6,2,33.33333333,46.98215,-123.92809,Grays Harbor NWR
2514,606,September,2022,9/9/2022 6:44,6,2,33.33333333,46.98215,-123.92809,Grays Harbor NWR
2515,606,September,2023,9/14/2023 7:15,6,1,16.66666667,46.98215,-123.92809,Grays Harbor NWR
2516,607,April,2021,4/17/2021 8:00,6,0,0,46.96685,-123.81329,Aberdeen
2517,607,April,2022,4/6/2022 9:15,6,0,0,46.96685,-123.81329,Aberdeen
2518,607,April,2023,4/27/2023 10:30,6,0,0,46.96685,-123.81329,Aberdeen
2519,607,August,2021,8/21/2021 7:00,6,10,166.6666667,46.96685,-123.81329,Aberdeen
2520,607,August,2022,8/26/2022 5:46,6,0,0,46.96685,-123.81329,Aberdeen
2521,607,August,2023,8/17/2023 5:45,6,8,133.3333333,46.96685,-123.81329,Aberdeen
2522,607,July,2021,7/7/2021 7:02,6,5,83.33333333,46.96685,-123.81329,Aberdeen
2523,607,July,2022,7/30/2022 6:42,6,4,66.66666667,46.96685,-123.81329,Aberdeen
2524,607,July,2023,7/20/2023 6:30,6,5,83.33333333,46.96685,-123.81329,Aberdeen
2525,607,June,2021,6/15/2021 8:00,6,3,50,46.96685,-123.81329,Aberdeen
2526,607,June,2022,6/8/2022 12:16,6,0,0,46.96685,-123.81329,Aberdeen
2527,607,June,2023,6/22/2023 7:30,6,0,0,46.96685,-123.81329,Aberdeen
2528,607,May,2021,4/18/2021 8:00,2,0,0,46.96685,-123.81329,Aberdeen
2529,607,May,2021,5/19/2021 9:59,6,5,83.33333333,46.96685,-123.81329,Aberdeen
2530,607,May,2022,5/5/2022 8:22,6,0,0,46.96685,-123.81329,Aberdeen
2531,607,May,2023,5/25/2023 8:30,6,0,0,46.96685,-123.81329,Aberdeen
2532,607,September,2021,9/20/2021 7:10,6,5,83.33333333,46.96685,-123.81329,Aberdeen
2533,607,September,2022,9/23/2022 4:54,6,6,100,46.96685,-123.81329,Aberdeen
2534,607,September,2023,9/27/2023 2:00,6,0,0,46.96685,-123.81329,Aberdeen
2535,608,April,2021,4/20/2021 11:00,6,3,50,46.63249,-123.92324,Bay Center
2536,608,August,2021,8/6/2021 5:00,6,3,50,46.63249,-123.92324,Bay Center
2537,608,July,2021,7/8/2021 6:30,6,1,16.66666667,46.63249,-123.92324,Bay Center
2538,608,June,2021,6/15/2021 9:00,6,1,16.66666667,46.63249,-123.92324,Bay Center
2539,608,May,2021,5/18/2021 10:45,6,0,0,46.63249,-123.92324,Bay Center
2540,608,September,2021,9/5/2021 6:00,6,5,83.33333333,46.63249,-123.92324,Bay Center
2541,609,April,2021,4/21/2021 13:50,6,0,0,46.41425,-123.93459,Cutthroat Creek (Willapa NWR)
2542,609,April,2022,4/21/2022 10:21,6,0,0,46.41425,-123.93459,Cutthroat Creek (Willapa NWR)
2543,609,April,2023,4/13/2023 12:20,6,0,0,46.41425,-123.93459,Cutthroat Creek (Willapa NWR)
2544,609,August,2021,8/6/2021 5:30,6,0,0,46.41425,-123.93459,Cutthroat Creek (Willapa NWR)
2545,609,August,2022,8/25/2022 5:32,6,0,0,46.41425,-123.93459,Cutthroat Creek (Willapa NWR)
2546,609,August,2023,8/29/2023 5:20,6,0,0,46.41425,-123.93459,Cutthroat Creek (Willapa NWR)
2547,609,July,2021,7/7/2021 5:35,6,0,0,46.41425,-123.93459,Cutthroat Creek (Willapa NWR)
2548,609,July,2022,7/14/2022 6:50,6,1,16.66666667,46.41425,-123.93459,Cutthroat Creek (Willapa NWR)
2549,609,July,2023,7/3/2023 5:30,6,0,0,46.41425,-123.93459,Cutthroat Creek (Willapa NWR)
2550,609,June,2021,6/16/2021 10:10,6,2,33.33333333,46.41425,-123.93459,Cutthroat Creek (Willapa NWR)
2551,609,June,2022,6/16/2022 7:50,6,0,0,46.41425,-123.93459,Cutthroat Creek (Willapa NWR)
2552,609,June,2023,6/6/2023 7:30,6,0,0,46.41425,-123.93459,Cutthroat Creek (Willapa NWR)
2553,609,May,2021,5/18/2021 10:48,6,2,33.33333333,46.41425,-123.93459,Cutthroat Creek (Willapa NWR)
2554,609,May,2022,5/19/2022 8:29,6,0,0,46.41425,-123.93459,Cutthroat Creek (Willapa NWR)
2555,609,May,2023,5/9/2023 8:49,6,1,16.66666667,46.41425,-123.93459,Cutthroat Creek (Willapa NWR)
2556,609,September,2021,9/4/2021 5:25,6,0,0,46.41425,-123.93459,Cutthroat Creek (Willapa NWR)
2557,609,September,2022,9/7/2022 4:04,6,1,16.66666667,46.41425,-123.93459,Cutthroat Creek (Willapa NWR)
2558,609,September,2023,9/12/2023 5:05,6,0,0,46.41425,-123.93459,Cutthroat Creek (Willapa NWR)
2559,610,April,2022,4/21/2022 9:58,6,0,0,46.37158,-124.00029,Dohman Creek (Willapa NWR)
2560,610,April,2023,4/13/2023 12:22,6,0,0,46.37158,-124.00029,Dohman Creek (Willapa NWR)
2561,610,August,2022,8/25/2022 5:50,6,0,0,46.37158,-124.00029,Dohman Creek (Willapa NWR)
2562,610,August,2023,8/29/2023 5:19,6,0,0,46.37158,-124.00029,Dohman Creek (Willapa NWR)
2563,610,July,2022,7/14/2022 11:50,6,0,0,46.37158,-124.00029,Dohman Creek (Willapa NWR)
2564,610,July,2023,7/4/2023 7:00,6,0,0,46.37158,-124.00029,Dohman Creek (Willapa NWR)
2565,610,June,2022,6/16/2022 7:15,6,0,0,46.37158,-124.00029,Dohman Creek (Willapa NWR)
2566,610,June,2023,6/8/2023 9:35,6,0,0,46.37158,-124.00029,Dohman Creek (Willapa NWR)
2567,610,May,2022,5/18/2022 7:40,6,0,0,46.37158,-124.00029,Dohman Creek (Willapa NWR)
2568,610,May,2023,5/9/2023 8:40,6,0,0,46.37158,-124.00029,Dohman Creek (Willapa NWR)
2569,610,September,2022,9/8/2022 5:17,6,0,0,46.37158,-124.00029,Dohman Creek (Willapa NWR)
2570,610,September,2023,9/12/2023 5:08,6,0,0,46.37158,-124.00029,Dohman Creek (Willapa NWR)
2571,611,April,2023,4/7/2023 9:10,6,0,0,48.319992,-124.658572,Tsoo Yess
2572,611,August,2023,8/30/2023 9:30,6,2,33.33333333,48.319992,-124.658572,Tsoo Yess
2573,611,July,2023,7/11/2023 12:55,6,1,16.66666667,48.319992,-124.658572,Tsoo Yess
2574,611,June,2023,6/13/2023 12:50,6,1,16.66666667,48.319992,-124.658572,Tsoo Yess
2575,611,May,2023,5/5/2023 9:30,4,0,0,48.319992,-124.658572,Tsoo Yess
2576,611,September,2023,9/28/2023 9:05,5,0,0,48.319992,-124.658572,Tsoo Yess
